mode,seed,episode_idx,success,final_distance,length,return,tau_effort,tau_sum_total,energy,target_radius,torque_sat1_count,torque_sat2_count,torque_sat_any_count,torque_sat1_rate,torque_sat2_rate,torque_sat_any_rate,step,theta1,theta2,target_x,target_y,action0,action1,distance,tau1,tau2,tau_sum,omega1,omega2,power,cumulative_energy,tip_x,tip_y,sat1,sat2,sat_any,reward,done
pure,2,14,0,0.24977559582751094,200,-107.33059876082423,0.42541219574149314,85.08243914829863,0.5098359525633966,0.31442554803354283,1,0,1,0.005,0.0,0.005,0,0.0,0.0,0.27624496817588806,-0.15017370879650116,0.0,0.0,0.7391708117237974,0.0,0.0,0.0,0.0,0.0,0.0,0.0,1.0,0.0,False,False,False,0.0,False
pure,2,14,0,0.24977559582751094,200,-107.33059876082423,0.42541219574149314,85.08243914829863,0.5098359525633966,0.31442554803354283,1,0,1,0.005,0.0,0.005,1,0.0,0.0,0.27624496817588806,-0.15017370879650116,-0.10000000149011612,-0.10000000149011612,0.7367388401463547,20.0,3.1105159320256677,23.110515932025667,-1.6857737576570138,-2.400000035762787,41.18071350124259,0.17158630625517746,0.9999152421951294,-0.012023617513477802,True,False,True,-0.7409814810290852,False
pure,2,14,0,0.24977559582751094,200,-107.33059876082423,0.42541219574149314,85.08243914829863,0.5098359525633966,0.31442554803354283,1,0,1,0.005,0.0,0.005,2,-0.00702405720949173,-0.009999999776482582,0.27624496817588806,-0.15017370879650116,-0.10000000149011612,-0.10000000149011612,0.733749132460629,7.70733011086543,0.5461881733495724,8.253518284215003,-2.400000035762787,-2.399748214650084,19.808306635571267,0.2541209172367244,0.9995849132537842,-0.027018895372748375,False,False,False,-0.7379917733433595,False
pure,2,14,0,0.24977559582751094,200,-107.33059876082423,0.42541219574149314,85.08243914829863,0.5098359525633966,0.31442554803354283,1,0,1,0.005,0.0,0.005,3,-0.017024056985974312,-0.019998950883746147,0.27624496817588806,-0.15017370879650116,-0.10000000149011612,-0.10000000149011612,0.7308090473179403,0.012964453801222048,0.003658842271611695,0.01662329607283374,-2.4000000357627864,-2.39991467952911,0.039895598864300455,0.254287148898659,0.9990047216415405,-0.04200625792145729,False,False,False,-0.7350516882006708,False
pure,2,14,0,0.24977559582751094,200,-107.33059876082423,0.42541219574149314,85.08243914829863,0.5098359525633966,0.31442554803354283,1,0,1,0.005,0.0,0.005,4,-0.027024056762456894,-0.029998594895005226,0.27624496817588806,-0.15017370879650116,-0.10000000149011612,-0.10000000149011612,0.7279202061846772,0.012838578235293366,0.003532966705674115,0.01637154494096748,-2.400000035762787,-2.3999155082770383,0.03929140981102116,0.2544508631062049,0.9981749653816223,-0.05698089301586151,False,False,False,-0.7321628470674078,False
pure,2,14,0,0.24977559582751094,200,-107.33059876082423,0.42541219574149314,85.08243914829863,0.5098359525633966,0.31442554803354283,1,0,1,0.005,0.0,0.005,5,-0.037024058401584625,-0.03999824449419975,0.27624496817588806,-0.15017370879650116,-0.10000000149011612,-0.10000000149011612,0.7250839565066802,0.012837951561884416,0.0035323400322740633,0.016370291594158478,-2.4000000357627864,-2.399915512402972,0.03928840184618006,0.254614564780564,0.9970958232879639,-0.07193826884031296,False,False,False,-0.7293265973894107,False
pure,2,14,0,0.24977559582751094,200,-107.33059876082423,0.42541219574149314,85.08243914829863,0.5098359525633966,0.31442554803354283,1,0,1,0.005,0.0,0.005,6,-0.04702405631542206,-0.04999789223074913,0.27624496817588806,-0.15017370879650116,-0.10000000149011612,-0.10000000149011612,0.7223017691206878,0.012837948441991012,0.0035323369123717585,0.01637028535436277,-2.400000035762787,-2.3999155124235125,0.0392883868710064,0.25477826639252654,0.9957677125930786,-0.08687393367290497,False,False,False,-0.7265444100034183,False
pure,2,14,0,0.24977559582751094,200,-107.33059876082423,0.42541219574149314,85.08243914829863,0.5098359525633966,0.31442554803354283,1,0,1,0.005,0.0,0.005,7,-0.05702405795454979,-0.05999753996729851,0.27624496817588806,-0.15017370879650116,-0.10000000149011612,-0.10000000149011612,0.7195750171553265,0.012837948426449189,0.003532336896838834,0.016370285323288023,-2.4000000357627864,-2.3999155124236147,0.03928838679642867,0.25494196800417834,0.99419105052948,-0.1017833799123764,False,False,False,-0.723817658038057,False
pure,2,14,0,0.24977559582751094,200,-107.33059876082423,0.42541219574149314,85.08243914829863,0.5098359525633966,0.31442554803354283,1,0,1,0.005,0.0,0.005,8,-0.06702405959367752,-0.06999718397855759,0.27624496817588806,-0.15017370879650116,-0.10000000149011612,-0.10000000149011612,0.7169050200755527,0.012837948426382013,0.0035323368967627635,0.016370285323144777,-2.400000035762787,-2.3999155124236156,0.039288386796084894,0.2551056696158287,0.9923663139343262,-0.11666218936443329,False,False,False,-0.7211476609582832,False
pure,2,14,0,0.24977559582751094,200,-107.33059876082423,0.42541219574149314,85.08243914829863,0.5098359525633966,0.31442554803354283,1,0,1,0.005,0.0,0.005,9,-0.07702405750751495,-0.07999683171510696,0.27624496817588806,-0.15017370879650116,-0.10000000149011612,-0.10000000149011612,0.7142932932096008,0.012837948426371815,0.0035323368967614625,0.016370285323133275,-2.4000000357627864,-2.399915512423616,0.0392883867960573,0.25526937122747895,0.9902942776679993,-0.13150586187839508,False,False,False,-0.7185359340923313,False
pure,2,14,0,0.24977559582751094,200,-107.33059876082423,0.42541219574149314,85.08243914829863,0.5098359525633966,0.31442554803354283,1,0,1,0.005,0.0,0.005,10,-0.08702405542135239,-0.08999648690223694,0.27624496817588806,-0.15017370879650116,-0.10000000149011612,-0.10000000149011612,0.7117410594361143,0.01283794842638067,0.0035323368967614182,0.016370285323142088,-2.400000035762787,-2.399915512423615,0.03928838679607844,0.25543307283912925,0.987975537776947,-0.1463099867105484,False,False,False,-0.7159837003188448,False
pure,2,14,0,0.24977559582751094,200,-107.33059876082423,0.42541219574149314,85.08243914829863,0.5098359525633966,0.31442554803354283,1,0,1,0.005,0.0,0.005,11,-0.09702406078577042,-0.09999613463878632,0.27624496817588806,-0.15017370879650116,-0.10000000149011612,-0.10000000149011612,0.7092496698916428,0.01283794842637249,0.003532336896762135,0.016370285323134625,-2.4000000357627864,-2.3999155124236164,0.03928838679606053,0.2555967744507795,0.9854109287261963,-0.1610700935125351,False,False,False,-0.7134923107743734,False
pure,2,14,0,0.24977559582751094,200,-107.33059876082423,0.42541219574149314,85.08243914829863,0.5098359525633966,0.31442554803354283,1,0,1,0.005,0.0,0.005,12,-0.10702405869960785,-0.1099957823753357,0.27624496817588806,-0.15017370879650116,-0.10000000149011612,-0.10000000149011612,0.7068203629367853,0.01283794842638067,0.0035323368967614182,0.016370285323142088,-2.400000035762787,-2.3999155124236156,0.03928838679607845,0.2557604760624298,0.9826012849807739,-0.17578183114528656,False,False,False,-0.7110630038195158,False
pure,2,14,0,0.24977559582751094,200,-107.33059876082423,0.42541219574149314,85.08243914829863,0.5098359525633966,0.31442554803354283,1,0,1,0.005,0.0,0.005,13,-0.11702405661344528,-0.11999543011188507,0.27624496817588806,-0.15017370879650116,-0.10000000149011612,-0.10000000149011612,0.7044544392583241,0.012837948426371818,0.0035323368967614625,0.016370285323133282,-2.4000000357627864,-2.399915512423616,0.0392883867960573,0.25592417767408004,0.9795476198196411,-0.19044074416160583,False,False,False,-0.7086970801410546,False
pure,2,14,0,0.24977559582751094,200,-107.33059876082423,0.42541219574149314,85.08243914829863,0.5098359525633966,0.31442554803354283,1,0,1,0.005,0.0,0.005,14,-0.12702405452728271,-0.12999507784843445,0.27624496817588806,-0.15017370879650116,-0.10000000149011612,-0.10000000149011612,0.7021531444232849,0.01283794842638067,0.0035323368967614182,0.016370285323142088,-2.400000035762787,-2.399915512423615,0.03928838679607844,0.25608787928573035,0.9762510061264038,-0.20504248142242432,False,False,False,-0.7063957853060154,False
pure,2,14,0,0.24977559582751094,200,-107.33059876082423,0.42541219574149314,85.08243914829863,0.5098359525633966,0.31442554803354283,1,0,1,0.005,0.0,0.005,15,-0.13702405989170074,-0.13999472558498383,0.27624496817588806,-0.15017370879650116,-0.10000000149011612,-0.10000000149011612,0.6999174893168536,0.012837948426372491,0.0035323368967621355,0.01637028532313463,-2.4000000357627864,-2.3999155124236164,0.03928838679606053,0.2562515808973806,0.9727123975753784,-0.2195827066898346,False,False,False,-0.7041601301995841,False
pure,2,14,0,0.24977559582751094,200,-107.33059876082423,0.42541219574149314,85.08243914829863,0.5098359525633966,0.31442554803354283,1,0,1,0.005,0.0,0.005,16,-0.14702406525611877,-0.1499943733215332,0.27624496817588806,-0.15017370879650116,-0.10000000149011612,-0.10000000149011612,0.697748723457027,0.01283794842638067,0.0035323368967614182,0.016370285323142088,-2.400000035762787,-2.3999155124236156,0.03928838679607845,0.2564152825090309,0.96893310546875,-0.23405709862709045,False,False,False,-0.7019913643397575,False
pure,2,14,0,0.24977559582751094,200,-107.33059876082423,0.42541219574149314,85.08243914829863,0.5098359525633966,0.31442554803354283,1,0,1,0.005,0.0,0.005,17,-0.1570240557193756,-0.15999402105808258,0.27624496817588806,-0.15017370879650116,-0.10000000149011612,-0.10000000149011612,0.6956479712561625,0.012837948426371815,0.0035323368967614625,0.016370285323133275,-2.4000000357627864,-2.399915512423616,0.0392883867960573,0.25657898412068114,0.9649144411087036,-0.24846132099628448,False,False,False,-0.699890612138893,False
pure,2,14,0,0.24977559582751094,200,-107.33059876082423,0.42541219574149314,85.08243914829863,0.5098359525633966,0.31442554803354283,1,0,1,0.005,0.0,0.005,18,-0.16702406108379364,-0.16999366879463196,0.27624496817588806,-0.15017370879650116,-0.10000000149011612,-0.10000000149011612,0.6936162392287144,0.012837948426382011,0.0035323368967627635,0.016370285323144773,-2.400000035762787,-2.399915512423617,0.0392883867960849,0.2567426857323315,0.9606577157974243,-0.26279109716415405,False,False,False,-0.6978588801114449,False
pure,2,14,0,0.24977559582751094,200,-107.33059876082423,0.42541219574149314,85.08243914829863,0.5098359525633966,0.31442554803354283,1,0,1,0.005,0.0,0.005,19,-0.17702406644821167,-0.17999331653118134,0.27624496817588806,-0.15017370879650116,-0.10000000149011612,-0.10000000149011612,0.6916546482612292,0.012837948426370469,0.0035323368967601168,0.016370285323130587,-2.4000000357627864,-2.3999155124236156,0.03928838679605083,0.2569063873439817,0.9561644792556763,-0.2770421802997589,False,False,False,-0.6958972891439598,False
pure,2,14,0,0.24977559582751094,200,-107.33059876082423,0.42541219574149314,85.08243914829863,0.5098359525633966,0.31442554803354283,1,0,1,0.005,0.0,0.005,20,-0.1870240569114685,-0.1899929642677307,0.27624496817588806,-0.15017370879650116,-0.10000000149011612,-0.10000000149011612,0.68976396252616,0.012837948426391545,0.0035323368967633915,0.01637028532315494,-2.4000000357627878,-2.3999155124236164,0.0392883867961093,0.25707008895563216,0.9514360427856445,-0.2912103533744812,False,False,False,-0.6940066034088905,False
pure,2,14,0,0.24977559582751094,200,-107.33059876082423,0.42541219574149314,85.08243914829863,0.5098359525633966,0.31442554803354283,1,0,1,0.005,0.0,0.005,21,-0.19702406227588654,-0.1999926120042801,0.27624496817588806,-0.15017370879650116,-0.10000000149011612,-0.10000000149011612,0.6879452749786978,0.012837948426370467,0.0035323368967601168,0.016370285323130583,-2.4000000357627873,-2.399915512423615,0.03928838679605084,0.25723379056728235,0.9464741945266724,-0.3052913546562195,False,False,False,-0.6921879158614284,False
pure,2,14,0,0.24977559582751094,200,-107.33059876082423,0.42541219574149314,85.08243914829863,0.5098359525633966,0.31442554803354283,1,0,1,0.005,0.0,0.005,22,-0.20702406764030457,-0.20999225974082947,0.27624496817588806,-0.15017370879650116,-0.10000000149011612,-0.10000000149011612,0.6861994663057339,0.01283794842636296,0.0035323368967615063,0.016370285323124466,-2.400000035762786,-2.3999155124236164,0.03928838679603615,0.2573974921789325,0.9412806034088135,-0.31928110122680664,False,False,False,-0.6904421071884644,False
pure,2,14,0,0.24977559582751094,200,-107.33059876082423,0.42541219574149314,85.08243914829863,0.5098359525633966,0.31442554803354283,1,0,1,0.005,0.0,0.005,23,-0.2170240581035614,-0.21999190747737885,0.27624496817588806,-0.15017370879650116,-0.10000000149011612,-0.10000000149011612,0.6845273241304773,0.012837948426389523,0.003532336896761373,0.016370285323150897,-2.4000000357627873,-2.3999155124236147,0.039288386796099584,0.2575611937905829,0.9358569979667664,-0.3331754207611084,False,False,False,-0.6887699650132079,False
pure,2,14,0,0.24977559582751094,200,-107.33059876082423,0.42541219574149314,85.08243914829863,0.5098359525633966,0.31442554803354283,1,0,1,0.005,0.0,0.005,24,-0.22702406346797943,-0.22999155521392822,0.27624496817588806,-0.15017370879650116,-0.10000000149011612,-0.10000000149011612,0.6829295895328721,0.012837948426382686,0.0035323368967634366,0.016370285323146123,-2.4000000357627878,-2.3999155124236164,0.03928838679608814,0.25772489540223326,0.9302051663398743,-0.34697026014328003,False,False,False,-0.6871722304156026,False
pure,2,14,0,0.24977559582751094,200,-107.33059876082423,0.42541219574149314,85.08243914829863,0.5098359525633966,0.31442554803354283,1,0,1,0.005,0.0,0.005,25,-0.23702405393123627,-0.2399912029504776,0.27624496817588806,-0.15017370879650116,-0.10000000149011612,-0.10000000149011612,0.6814070509978699,0.012837948426370469,0.0035323368967601168,0.016370285323130587,-2.4000000357627873,-2.399915512423615,0.039288386796050845,0.25788859701388345,0.9243270754814148,-0.3606615960597992,False,False,False,-0.6856496918806004,False
pure,2,14,0,0.24977559582751094,200,-107.33059876082423,0.42541219574149314,85.08243914829863,0.5098359525633966,0.31442554803354283,1,0,1,0.005,0.0,0.005,26,-0.2470240592956543,-0.24999085068702698,0.27624496817588806,-0.15017370879650116,-0.09932529926300049,-0.10000000149011612,0.6799637629117262,0.1616019281844319,0.00867406139009696,0.17027598957452886,-2.383807182312011,-2.4000748256764437,0.40604623346026225,0.2595804563199679,0.9182498455047607,-0.37418365478515625,False,False,False,-0.6841921152199996,False
pure,2,14,0,0.24977559582751094,200,-107.33059876082423,0.42541219574149314,85.08243914829863,0.5098359525633966,0.31442554803354283,1,0,1,0.005,0.0,0.005,27,-0.2569565773010254,-0.2599911689758301,0.27624496817588806,-0.15017370879650116,-0.08068069815635681,-0.10000000149011612,0.6786787895746647,4.811011196364257,0.33708748898505003,5.148098685349307,-1.9363367557525635,-2.400157225629481,10.124800784213992,0.3017671262541929,0.9126731157302856,-0.38589411973953247,False,False,False,-0.682533454287809,False
pure,2,14,0,0.24977559582751094,200,-107.33059876082423,0.42541219574149314,85.08243914829863,0.5098359525633966,0.31442554803354283,1,0,1,0.005,0.0,0.005,28,-0.26502466201782227,-0.26999181509017944,0.27624496817588806,-0.15017370879650116,-0.064189612865448,-0.10000000149011612,0.6775111624826398,4.257022861752378,0.2983909725359698,4.5554138342883475,-1.540550708770752,-2.4001391252034137,7.274339434717,0.33207687389884705,0.9075789451599121,-0.3960167169570923,False,False,False,-0.6810760294873919,False
pure,2,14,0,0.24977559582751094,200,-107.33059876082423,0.42541219574149314,85.08243914829863,0.5098359525633966,0.31442554803354283,1,0,1,0.005,0.0,0.005,29,-0.271443635225296,-0.27999240159988403,0.27624496817588806,-0.15017370879650116,-0.04955444857478142,-0.10000000149011612,0.6764288337391646,3.779243571624317,0.2649449063793728,4.04418847800369,-1.189306765794754,-2.4001235147506708,5.130580449233679,0.3534542924373207,0.9029433727264404,-0.40474212169647217,False,False,False,-0.6797769793731006,False
pure,2,14,0,0.24977559582751094,200,-107.33059876082423,0.42541219574149314,85.08243914829863,0.5098359525633966,0.31442554803354283,1,0,1,0.005,0.0,0.005,30,-0.27639907598495483,-0.28999289870262146,0.27624496817588806,-0.15017370879650116,-0.03652900084853172,-0.10000000149011612,0.6754071609392774,3.3646195183571987,0.235911908396494,3.600531426753693,-0.8766960203647616,-2.400109967765017,3.51596306464225,0.36810413853999674,0.8987394571304321,-0.41223371028900146,False,False,False,-0.6786010507211101,False
pure,2,14,0,0.24977559582751094,200,-107.33059876082423,0.42541219574149314,85.08243914829863,0.5098359525633966,0.31442554803354283,1,0,1,0.005,0.0,0.005,31,-0.28005197644233704,-0.2999933660030365,0.27624496817588806,-0.15017370879650116,-0.024908866733312607,-0.10000000149011612,0.6744267993386318,3.0024589787744134,0.21054573260717985,3.2130047113815934,-0.5978128015995026,-2.4000981349164503,2.3002388339338236,0.37768846701472103,0.8949381113052368,-0.418632835149765,False,False,False,-0.6775184667821457,False
pure,2,14,0,0.24977559582751094,200,-107.33059876082423,0.42541219574149314,85.08243914829863,0.5098359525633966,0.31442554803354283,1,0,1,0.005,0.0,0.005,32,-0.2825428545475006,-0.30999377369880676,0.27624496817588806,-0.15017370879650116,-0.014522936195135117,-0.10000000149011612,0.6734729824345942,2.6842420596767096,0.1882515733995135,2.872493633076223,-0.3485504686832428,-2.4000877378350354,1.3874141209039146,0.383469359185154,0.8915101289749146,-0.42406171560287476,False,False,False,-0.6765044548493262,False
pure,2,14,0,0.24977559582751094,200,-107.33059876082423,0.42541219574149314,85.08243914829863,0.5098359525633966,0.31442554803354283,1,0,1,0.005,0.0,0.005,33,-0.2839951515197754,-0.31999415159225464,0.27624496817588806,-0.15017370879650116,-0.005227025598287582,-0.10000000149011612,0.6725340203740734,2.403074200724808,0.16854795956212934,2.5716221602869376,-0.12544861435890195,-2.4000785512552376,0.7059906712854547,0.38641098698217674,0.8884259462356567,-0.4286274015903473,False,False,False,-0.6755381159284252,False
pure,2,14,0,0.24977559582751094,200,-107.33059876082423,0.42541219574149314,85.08243914829863,0.5098359525633966,0.31442554803354283,1,0,1,0.005,0.0,0.005,34,-0.2845178544521332,-0.32999446988105774,0.27624496817588806,-0.15017370879650116,0.0031009353697299957,-0.10000000149011612,0.6716009864449004,2.15328975560436,0.15103910148057684,2.3043288570849367,0.0744224488735199,-2.4000703900637483,0.5227575719517057,0.3885891435319755,0.8856568336486816,-0.4324237108230591,False,False,False,-0.6746024286239842,False
pure,2,14,0,0.24977559582751094,200,-107.33059876082423,0.42541219574149314,85.08243914829863,0.5098359525633966,0.31442554803354283,1,0,1,0.005,0.0,0.005,35,-0.2842077612876892,-0.33999475836753845,0.27624496817588806,-0.15017370879650116,0.010564986616373062,-0.10000000149011612,0.6706669269942728,1.9302772567824917,0.13540207974853163,2.0656793365310233,0.2535596787929535,-2.4000631035903788,0.8144140169649647,0.3919825352693295,0.8831748962402344,-0.43553346395492554,False,False,False,-0.6736836235665765,False
pure,2,14,0,0.24977559582751094,200,-107.33059876082423,0.42541219574149314,85.08243914829863,0.5098359525633966,0.31442554803354283,1,0,1,0.005,0.0,0.005,36,-0.2831512689590454,-0.3499950170516968,0.27624496817588806,-0.15017370879650116,0.017255011945962906,-0.10000000149011612,0.669726541397608,1.730495718748051,0.12138343039089947,1.8518791491389504,0.41412028670310974,-2.4000565761407326,1.007960483530646,0.3961823706173739,0.8809534311294556,-0.4380301237106323,False,False,False,-0.6727708743340142,False
pure,2,14,0,0.24977559582751094,200,-107.33059876082423,0.42541219574149314,85.08243914829863,0.5098359525633966,0.31442554803354283,1,0,1,0.005,0.0,0.005,37,-0.28142574429512024,-0.3599952757358551,0.27624496817588806,-0.15017370879650116,0.023248616605997086,-0.10000000149011612,0.668775706317102,1.5507862669121217,0.10876298817010449,1.6595492550822262,0.55796679854393,-2.4000507045050985,1.1263239349565881,0.40087538701302633,0.8789669275283813,-0.4399791359901428,False,False,False,-0.6718557141980281,False
pure,2,14,0,0.24977559582751094,200,-107.33059876082423,0.42541219574149314,85.08243914829863,0.5098359525633966,0.31442554803354283,1,0,1,0.005,0.0,0.005,38,-0.2791008949279785,-0.36999547481536865,0.27624496817588806,-0.15017370879650116,0.028613541275262833,-0.10000000149011612,0.6678113953908361,1.3885886291273626,0.0973638781344243,1.485952507261787,0.6867249906063079,-2.400045405031865,1.1872562416261214,0.40582228801980186,0.8771913647651672,-0.44143903255462646,False,False,False,-0.6709317899634517,False
pure,2,14,0,0.24977559582751094,200,-107.33059876082423,0.42541219574149314,85.08243914829863,0.5098359525633966,0.31442554803354283,1,0,1,0.005,0.0,0.005,39,-0.2762395441532135,-0.3799956738948822,0.27624496817588806,-0.15017370879650116,0.03340936079621315,-0.10000000149011612,0.6668312283919576,1.241784344050531,0.0870396329360733,1.3288239769866041,0.8018246591091155,-2.4000406085046775,1.2045919619512706,0.4108414211945988,0.875603973865509,-0.44246238470077515,False,False,False,-0.6699942280666354,False
pure,2,14,0,0.24977559582751094,200,-107.33059876082423,0.42541219574149314,85.08243914829863,0.5098359525633966,0.31442554803354283,1,0,1,0.005,0.0,0.005,40,-0.2728986144065857,-0.38999584317207336,0.27624496817588806,-0.15017370879650116,0.03768876567482948,-0.10000000149011612,0.6658334858952154,1.108588279063063,0.07766669927632504,1.186254978339388,0.9045303761959077,-2.400036256598011,1.189154667300761,0.415796232308352,0.8741834759712219,-0.4430965185165405,False,False,False,-0.6690394802628149,False
pure,2,14,0,0.24977559582751094,200,-107.33059876082423,0.42541219574149314,85.08243914829863,0.5098359525633966,0.31442554803354283,1,0,1,0.005,0.0,0.005,41,-0.2691297233104706,-0.39999598264694214,0.27624496817588806,-0.15017370879650116,0.04149872437119484,-0.10000000149011612,0.6648168445484054,0.9875173760360814,0.06914235798665995,1.0566597340227413,0.9959693849086761,-2.4000323008559996,1.1494809661226184,0.4205857363338629,0.8729099035263062,-0.44338420033454895,False,False,False,-0.6680649102584731,False
pure,2,14,0,0.24977559582751094,200,-107.33059876082423,0.42541219574149314,85.08243914829863,0.5098359525633966,0.31442554803354283,1,0,1,0.005,0.0,0.005,42,-0.26497986912727356,-0.4099961221218109,0.27624496817588806,-0.15017370879650116,0.044881466776132584,-0.10000000149011612,0.6637802826226645,0.8773440858810804,0.06138153692971133,0.9387256228107917,1.077155202627182,-2.400028701171009,1.0923531969542903,0.42513720798783916,0.8717646598815918,-0.4433640241622925,False,False,False,-0.6670685819149905,False
pure,2,14,0,0.24977559582751094,200,-107.33059876082423,0.42541219574149314,85.08243914829863,0.5098359525633966,0.31442554803354283,1,0,1,0.005,0.0,0.005,43,-0.2604916989803314,-0.4199962317943573,0.27624496817588806,-0.15017370879650116,0.047874752432107925,-0.10000000149011612,0.6627231190251094,0.7769110912618846,0.05430380865881607,0.8312148999207007,1.1489940583705902,-2.400025419730083,1.022996748911434,0.4293996944416368,0.8707305192947388,-0.44307106733322144,False,False,False,-0.6660491967843752,False
pure,2,14,0,0.24977559582751094,200,-107.33059876082423,0.42541219574149314,85.08243914829863,0.5098359525633966,0.31442554803354283,1,0,1,0.005,0.0,0.005,44,-0.25570422410964966,-0.4299963414669037,0.27624496817588806,-0.15017370879650116,0.05051339045166969,-0.10000000149011612,0.6616449499283583,0.6854549081203147,0.04785629177844958,0.7333111998987643,1.2123213708400726,-2.4000224315879546,0.9458478076223732,0.43334072697339665,0.8697916269302368,-0.44253718852996826,False,False,False,-0.665005968153909,False
pure,2,14,0,0.24977559582751094,200,-107.33059876082423,0.42541219574149314,85.08243914829863,0.5098359525633966,0.31442554803354283,1,0,1,0.005,0.0,0.005,45,-0.25065290927886963,-0.4399964511394501,0.27624496817588806,-0.15017370879650116,0.0528285838663578,-0.10000000149011612,0.6605451462134476,0.6018459089219611,0.041776896292685065,0.6436228052146462,1.2678860127925873,-2.4002785720653446,0.8633481987573239,0.4369380111348855,0.868932843208313,-0.4417915642261505,False,False,False,-0.6639380467399713,False
pure,2,14,0,0.24977559582751094,200,-107.33059876082423,0.42541219574149314,85.08243914829863,0.5098359525633966,0.31442554803354283,1,0,1,0.005,0.0,0.005,46,-0.2453700304031372,-0.44999760389328003,0.27624496817588806,-0.15017370879650116,0.054849687963724136,-0.10000000149011612,0.6594236392768451,0.526222648080296,0.03664844837719524,0.5628710964574912,1.3163925111293795,-2.400243573366926,0.780680755810805,0.44019084761743055,0.8681411743164062,-0.4408598244190216,False,False,False,-0.6628452821316548,False
pure,2,14,0,0.24977559582751094,200,-107.33059876082423,0.42541219574149314,85.08243914829863,0.5098359525633966,0.31442554803354283,1,0,1,0.005,0.0,0.005,47,-0.23988506197929382,-0.45999860763549805,0.27624496817588806,-0.15017370879650116,0.05660263076424599,-0.10000000149011612,0.6582803802133261,0.4570569141284511,0.03176632803233995,0.4888232421607911,1.358463138341904,-2.4002115632335776,0.6971408778324951,0.4430956012750659,0.8674043416976929,-0.43976593017578125,False,False,False,-0.6617276214004217,False
pure,2,14,0,0.24977559582751094,200,-107.33059876082423,0.42541219574149314,85.08243914829863,0.5098359525633966,0.31442554803354283,1,0,1,0.005,0.0,0.005,48,-0.2342248111963272,-0.4699994921684265,0.27624496817588806,-0.15017370879650116,0.05811140313744545,-0.10000000149011612,0.6571149583584664,0.39407262176510055,0.027319537372157792,0.42139215913725836,1.3946736752986908,-2.4001824138921024,0.6151745848880448,0.44565882871209944,0.8667107820510864,-0.43853145837783813,False,False,False,-0.6605847195959685,False
pure,2,14,0,0.24977559582751094,200,-107.33059876082423,0.42541219574149314,85.08243914829863,0.5098359525633966,0.31442554803354283,1,0,1,0.005,0.0,0.005,49,-0.2284136712551117,-0.48000025749206543,0.27624496817588806,-0.15017370879650116,0.05939868465065956,-0.10000000149011612,0.6559273965910528,0.33693189893828196,0.02328456542796287,0.3602164643662448,1.4255684316158295,-2.400155968974184,0.5362060674276847,0.4478930206597148,0.8660504817962646,-0.43717581033706665,False,False,False,-0.6594167209670398,False
pure,2,14,0,0.24977559582751094,200,-107.33059876082423,0.42541219574149314,85.08243914829863,0.5098359525633966,0.31442554803354283,1,0,1,0.005,0.0,0.005,50,-0.22247380018234253,-0.4900009036064148,0.27624496817588806,-0.15017370879650116,0.06048518791794777,-0.10000000149011612,0.6547177240886837,0.28512743929313106,0.019625898645564733,0.3047533379386958,1.4516445100307462,-2.4001319936967396,0.461008429153268,0.4498138891145201,0.8654142022132874,-0.4357168972492218,False,False,False,-0.6582238062360435,False
pure,2,14,0,0.24977559582751094,200,-107.33059876082423,0.42541219574149314,85.08243914829863,0.5098359525633966,0.31442554803354283,1,0,1,0.005,0.0,0.005,51,-0.21642526984214783,-0.5000014305114746,0.27624496817588806,-0.15017370879650116,0.061390433460474014,-0.10000000149011612,0.6534856401537383,0.23835230908312202,0.016321993386758164,0.2546743024698802,1.4733704030513763,-2.4001103460098014,0.3903558228970876,0.4514403717099246,0.8647934198379517,-0.43417054414749146,False,False,False,-0.6570058544133628,False
pure,2,14,0,0.24977559582751094,200,-107.33059876082423,0.42541219574149314,85.08243914829863,0.5098359525633966,0.31442554803354283,1,0,1,0.005,0.0,0.005,52,-0.2102862298488617,-0.5100018978118896,0.27624496817588806,-0.15017370879650116,0.062131915241479874,-0.10000000149011612,0.6522312422530538,0.1960838905704161,0.013336163303382238,0.20942005387379833,1.491165965795517,-2.400090784044134,0.3244016266983323,0.452792045154501,0.8641807436943054,-0.4325513243675232,False,False,False,-0.6557631451325304,False
pure,2,14,0,0.24977559582751094,200,-107.33059876082423,0.42541219574149314,85.08243914829863,0.5098359525633966,0.31442554803354283,1,0,1,0.005,0.0,0.005,53,-0.20407304167747498,-0.5200023055076599,0.27624496817588806,-0.15017370879650116,0.06272637844085693,-0.10000000149011612,0.6509543582512,0.15812989303539374,0.010654833053977327,0.16878472608937106,1.5054330825805662,-2.4000732188069462,0.26362635178411803,0.45389048828693485,0.863569438457489,-0.43087202310562134,False,False,False,-0.6544957054121353,False
pure,2,14,0,0.24977559582751094,200,-107.33059876082423,0.42541219574149314,85.08243914829863,0.5098359525633966,0.31442554803354283,1,0,1,0.005,0.0,0.005,54,-0.1978003978729248,-0.5300025939941406,0.27624496817588806,-0.15017370879650116,0.06318914890289307,-0.10000000149011612,0.6496549127660625,0.12412475590816124,0.00825232620564495,0.1323770821138062,1.5165395736694334,-2.4000574811155824,0.20804616165324968,0.4547573472938234,0.8629535436630249,-0.4291442334651947,False,False,False,-0.6532036565653913,False
pure,2,14,0,0.24977559582751094,200,-107.33059876082423,0.42541219574149314,85.08243914829863,0.5098359525633966,0.31442554803354283,1,0,1,0.005,0.0,0.005,55,-0.19148148596286774,-0.5400028228759766,0.27624496817588806,-0.15017370879650116,0.06353425979614258,-0.10000000149011612,0.64833284790153,0.09373555241686655,0.006105180008482202,0.09984073242534876,1.5248222351074219,-2.400043416890416,0.15758275163360402,0.45541394209229674,0.8623277544975281,-0.42737841606140137,False,False,False,-0.6518871331446836,False
pure,2,14,0,0.24977559582751094,200,-107.33059876082423,0.42541219574149314,85.08243914829863,0.5098359525633966,0.31442554803354283,1,0,1,0.005,0.0,0.005,56,-0.18512806296348572,-0.5500029921531677,0.27624496817588806,-0.15017370879650116,0.06377503275871277,-0.10000000149011612,0.6469880273950266,0.0667795978188057,0.004200485327101519,0.07098008314590722,1.5306007862091064,-2.4000309415843386,0.1122941996789066,0.4558818345909589,0.861687421798706,-0.4255836606025696,False,False,False,-0.6505461911124157,False
pure,2,14,0,0.24977559582751094,200,-107.33059876082423,0.42541219574149314,85.08243914829863,0.5098359525633966,0.31442554803354283,1,0,1,0.005,0.0,0.005,57,-0.17875055968761444,-0.5600031614303589,0.27624496817588806,-0.15017370879650116,0.06392338871955872,-0.10000000149011612,0.6456202931755594,0.042697094839173194,0.002313943226252942,0.04501103806542613,1.5341613292694092,-2.4002811477371346,0.07105834607731695,0.4561779110329477,0.861028254032135,-0.42376843094825745,False,False,False,-0.6491808521055987,False
pure,2,14,0,0.24977559582751094,200,-107.33059876082423,0.42541219574149314,85.08243914829863,0.5098359525633966,0.31442554803354283,1,0,1,0.005,0.0,0.005,58,-0.1723582148551941,-0.5700043439865112,0.27624496817588806,-0.15017370879650116,0.06399103999137878,-0.10000000149011612,0.6442296732466612,0.022127629581320123,0.0011340967422271925,0.023261726323547317,1.5357849597930908,-2.4001457211229424,0.0367052781500602,0.4563308496919063,0.8603471517562866,-0.42193925380706787,False,False,False,-0.6477913256239091,False
pure,2,14,0,0.24977559582751094,200,-107.33059876082423,0.42541219574149314,85.08243914829863,0.5098359525633966,0.31442554803354283,1,0,1,0.005,0.0,0.005,59,-0.16595911979675293,-0.5800049304962158,0.27624496817588806,-0.15017370879650116,0.06398731470108032,-0.10000000149011612,0.6428161977305378,0.0036582315508348387,0.00017996233604460545,0.003838193886879444,1.535695552825928,-2.4000241210711146,0.006049843871215918,0.45635605737470303,0.8596411943435669,-0.42010241746902466,False,False,False,-0.6463777899816001,False
pure,2,14,0,0.24977559582751094,200,-107.33059876082423,0.42541219574149314,85.08243914829863,0.5098359525633966,0.31442554803354283,1,0,1,0.005,0.0,0.005,60,-0.15956038236618042,-0.5900050401687622,0.27624496817588806,-0.15017370879650116,0.063921719789505,-0.10000000149011612,0.6413796105104558,0.012361547826042802,0.0013226676359012438,0.013684215461944047,1.5341212749481201,-2.399918648981591,0.02213840823702473,0.4564483007423573,0.8589075803756714,-0.41826340556144714,False,False,False,-0.644940142618405,False
pure,2,14,0,0.24977559582751094,200,-107.33059876082423,0.42541219574149314,85.08243914829863,0.5098359525633966,0.31442554803354283,1,0,1,0.005,0.0,0.005,61,-0.1531682163476944,-0.6000046730041504,0.27624496817588806,-0.15017370879650116,0.06380283832550049,-0.10000000149011612,0.6399198901620795,0.0261667017477921,0.002307891236309379,0.028474592984101477,1.5312681198120117,-2.399827757690515,0.04560677763764921,0.45663832898251416,0.8581441640853882,-0.41642695665359497,False,False,False,-0.6434785027024438,False
pure,2,14,0,0.24977559582751094,200,-107.33059876082423,0.42541219574149314,85.08243914829863,0.5098359525633966,0.31442554803354283,1,0,1,0.005,0.0,0.005,62,-0.14678792655467987,-0.6100039482116699,0.27624496817588806,-0.15017370879650116,0.0636385977268219,-0.10000000149011612,0.6384370607051497,0.037926185899035826,0.0031478733286014787,0.04107405922763731,1.5273263454437254,-2.3997503348162073,0.06547977298006415,0.4569111613699311,0.8573492765426636,-0.4145969748497009,False,False,False,-0.6419930254581815,False
pure,2,14,0,0.24977559582751094,200,-107.33059876082423,0.42541219574149314,85.08243914829863,0.5098359525633966,0.31442554803354283,1,0,1,0.005,0.0,0.005,63,-0.14042407274246216,-0.6200029253959656,0.27624496817588806,-0.15017370879650116,0.06343626976013184,-0.10000000149011612,0.6369308365004852,0.04780869746841571,0.0038545308690544912,0.0516632283374702,1.5224704742431643,-2.399685269678889,0.08203699125567945,0.45725298216682975,0.8565211892127991,-0.4127768278121948,False,False,False,-0.6404835459458426,False
pure,2,14,0,0.24977559582751094,200,-107.33059876082423,0.42541219574149314,85.08243914829863,0.5098359525633966,0.31442554803354283,1,0,1,0.005,0.0,0.005,64,-0.1340804398059845,-0.6300016045570374,0.27624496817588806,-0.15017370879650116,0.06320223212242126,-0.10000000149011612,0.6354010831730863,0.05630545733820754,0.00470490779418252,0.06101036513239006,1.5168535709381104,-2.399973977408534,0.09669879029890818,0.4576558937930752,0.8556584119796753,-0.4109697937965393,False,False,False,-0.6389500366317531,False
pure,2,14,0,0.24977559582751094,200,-107.33059876082423,0.42541219574149314,85.08243914829863,0.5098359525633966,0.31442554803354283,1,0,1,0.005,0.0,0.005,65,-0.12776021659374237,-0.6400015354156494,0.27624496817588806,-0.15017370879650116,0.06294324994087219,-0.10000000149011612,0.6338478043022557,0.06256434164025403,0.0049407457660005935,0.06750508740625462,1.5106379985809324,-2.399971080775914,0.1063697187938345,0.4580991009547162,0.8547602891921997,-0.4091776907444,False,False,False,-0.6373926128539249,False
pure,2,14,0,0.24977559582751094,200,-107.33059876082423,0.42541219574149314,85.08243914829863,0.5098359525633966,0.31442554803354283,1,0,1,0.005,0.0,0.005,66,-0.12146589159965515,-0.6500014066696167,0.27624496817588806,-0.15017370879650116,0.06266370415687561,-0.10000000149011612,0.6322709603998128,0.06791481686103017,0.005318974991534179,0.07323379185256434,1.5039288997650146,-2.3999686045580604,0.11490442878766308,0.4585778694079981,0.8538262248039246,-0.4074021279811859,False,False,False,-0.635811308884925,False
pure,2,14,0,0.24977559582751094,200,-107.33059876082423,0.42541219574149314,85.08243914829863,0.5098359525633966,0.31442554803354283,1,0,1,0.005,0.0,0.005,67,-0.11519952118396759,-0.660001277923584,0.27624496817588806,-0.15017370879650116,0.06236857548356056,-0.10000000149011612,0.6306705802904983,0.07197910224214217,0.005606517992684317,0.07758562023482649,1.4968458116054537,-2.3999667235931725,0.12119707433193999,0.4590828572177145,0.8528556823730469,-0.4056447744369507,False,False,False,-0.6342062351333518,False
pure,2,14,0,0.24977559582751094,200,-107.33059876082423,0.42541219574149314,85.08243914829863,0.5098359525633966,0.31442554803354283,1,0,1,0.005,0.0,0.005,68,-0.10896266996860504,-0.6700011491775513,0.27624496817588806,-0.15017370879650116,0.06206196919083595,-0.10000000149011612,0.6290465524331875,0.07498289568099327,0.0058191176447708335,0.0808020133257641,1.4894872605800626,-2.3999653334275077,0.12565174849682959,0.45960640616978465,0.8518483638763428,-0.4039064347743988,False,False,False,-0.6325773484544106,False
pure,2,14,0,0.24977559582751094,200,-107.33059876082423,0.42541219574149314,85.08243914829863,0.5098359525633966,0.31442554803354283,1,0,1,0.005,0.0,0.005,69,-0.10275647044181824,-0.6800009608268738,0.27624496817588806,-0.15017370879650116,0.06174776330590248,-0.10000000149011612,0.6273988971172693,0.0769845667223876,0.005960951636802395,0.08294551835918999,1.4819463193416598,-2.399964407047445,0.1283930670608117,0.460141377282538,0.8508042097091675,-0.402187705039978,False,False,False,-0.6309247314988496,False
pure,2,14,0,0.24977559582751094,200,-107.33059876082423,0.42541219574149314,85.08243914829863,0.5098359525633966,0.31442554803354283,1,0,1,0.005,0.0,0.005,70,-0.09658169001340866,-0.6900008320808411,0.27624496817588806,-0.15017370879650116,0.06142938509583473,-0.10000000149011612,0.62572750816202,0.07810026485544684,0.006040203625464401,0.08414046848091124,1.4743052423000336,-2.3999638906986114,0.12963990049498775,0.46068154353460045,0.8497231006622314,-0.4004890024662018,False,False,False,-0.6292483337417825,False
pure,2,14,0,0.24977559582751094,200,-107.33059876082423,0.42541219574149314,85.08243914829863,0.5098359525633966,0.31442554803354283,1,0,1,0.005,0.0,0.005,71,-0.09043875336647034,-0.7000007033348083,0.27624496817588806,-0.15017370879650116,0.0611097551882267,-0.10000000149011612,0.6240325133056347,0.07846066763299779,0.006066096722719873,0.08452676435571767,1.4666341245174408,-2.399963723902999,0.12963150466319018,0.4612216748040304,0.8486052751541138,-0.3988105058670044,False,False,False,-0.627548329413027,False
pure,2,14,0,0.24977559582751094,200,-107.33059876082423,0.42541219574149314,85.08243914829863,0.5098359525633966,0.31442554803354283,1,0,1,0.005,0.0,0.005,72,-0.08432777971029282,-0.7100005149841309,0.27624496817588806,-0.15017370879650116,0.060791585594415665,-0.10000000149011612,0.6223138545805494,0.07811944075186067,0.006042444818176281,0.08416188557003695,1.4589980542659757,-2.3999638818239424,0.1284777613788482,0.4617569988097756,0.8474509716033936,-0.397151917219162,False,False,False,-0.6258247030133287,False
pure,2,14,0,0.24977559582751094,200,-107.33059876082423,0.42541219574149314,85.08243914829863,0.5098359525633966,0.31442554803354283,1,0,1,0.005,0.0,0.005,73,-0.07824862003326416,-0.7200003862380981,0.27624496817588806,-0.15017370879650116,0.060476962476968765,-0.10000000149011612,0.6205714063314208,0.0772381595465392,0.0059806213266886165,0.08321878087322782,1.4514470994472501,-2.3999642896838367,0.1264603802546425,0.4622839170608366,0.8462603092193604,-0.39551302790641785,False,False,False,-0.624077360850335,False
pure,2,14,0,0.24977559582751094,200,-107.33059876082423,0.42541219574149314,85.08243914829863,0.5098359525633966,0.31442554803354283,1,0,1,0.005,0.0,0.005,74,-0.07220092415809631,-0.7300001978874207,0.27624496817588806,-0.15017370879650116,0.060168150812387466,-0.10000000149011612,0.6188054240682538,0.07577039953317931,0.005877413737357284,0.08164781327053659,1.444035619497299,-2.3999649689680873,0.12352074290724172,0.4627985868229501,0.8450339436531067,-0.3938933312892914,False,False,False,-0.622306593302768,False
pure,2,14,0,0.24977559582751094,200,-107.33059876082423,0.42541219574149314,85.08243914829863,0.5098359525633966,0.31442554803354283,1,0,1,0.005,0.0,0.005,75,-0.06618411093950272,-0.7400000691413879,0.27624496817588806,-0.15017370879650116,0.05986678972840309,-0.10000000149011612,0.6170156629595022,0.07387775686736765,0.0057441632611561315,0.07962192012852379,1.4368029534816744,-2.399965844889452,0.11993357489787843,0.46329831005169125,0.8437720537185669,-0.3922921419143677,False,False,False,-0.6205121796789627,False
pure,2,14,0,0.24977559582751094,200,-107.33059876082423,0.42541219574149314,85.08243914829863,0.5098359525633966,0.31442554803354283,1,0,1,0.005,0.0,0.005,76,-0.06019743159413338,-0.7499999403953552,0.27624496817588806,-0.15017370879650116,0.059574294835329056,-0.10000000149011612,0.6152023682291301,0.07161791793414778,0.00558497504171341,0.07720289297586119,1.4297830760478973,-2.39996689075048,0.11580184218981164,0.46378081772748214,0.8424753546714783,-0.3907087445259094,False,False,False,-0.6186943857664855,False
pure,2,14,0,0.24977559582751094,200,-107.33059876082423,0.42541219574149314,85.08243914829863,0.5098359525633966,0.31442554803354283,1,0,1,0.005,0.0,0.005,77,-0.05423999950289726,-0.7599998116493225,0.27624496817588806,-0.15017370879650116,0.05929212644696236,-0.10000000149011612,0.6133654352973815,0.06897918872410523,0.005399043064328644,0.07437823178843388,1.4230110347270963,-2.399968111963197,0.11111567791042945,0.4642437997187756,0.841144323348999,-0.38914206624031067,False,False,False,-0.6168531282197353,False
pure,2,14,0,0.24977559582751094,200,-107.33059876082423,0.42541219574149314,85.08243914829863,0.5098359525633966,0.31442554803354283,1,0,1,0.005,0.0,0.005,78,-0.048310790210962296,-0.7699996829032898,0.27624496817588806,-0.15017370879650116,0.059021297842264175,-0.10000000149011612,0.6115050502009365,0.06607702645421662,0.005194476164550099,0.07127150261876672,1.4165111482143402,-2.399969455093616,0.10606542874338379,0.4646857390052064,0.8397796154022217,-0.38759133219718933,False,False,False,-0.6149886062629196,False
pure,2,14,0,0.24977559582751094,200,-107.33059876082423,0.42541219574149314,85.08243914829863,0.5098359525633966,0.31442554803354283,1,0,1,0.005,0.0,0.005,79,-0.04240866005420685,-0.7799995541572571,0.27624496817588806,-0.15017370879650116,0.05876264348626137,-0.10000000149011612,0.6096212229830124,0.06295761369017891,0.004974555460385735,0.06793216915056464,1.4103034436702728,-2.399970898768292,0.10072812773175668,0.465105439537422,0.8383818864822388,-0.3860552906990051,False,False,False,-0.6131008413386442,False
pure,2,14,0,0.24977559582751094,200,-107.33059876082423,0.42541219574149314,85.08243914829863,0.5098359525633966,0.31442554803354283,1,0,1,0.005,0.0,0.005,80,-0.03653239458799362,-0.7899994254112244,0.27624496817588806,-0.15017370879650116,0.05851692333817482,-0.10000000149011612,0.6077138807504631,0.05964015176123697,0.004740642850478954,0.06438079461171592,1.4044061601161957,-2.399972434100785,0.09513640868481243,0.4655018412402754,0.8369515538215637,-0.38453301787376404,False,False,False,-0.611189770165012,False
pure,2,14,0,0.24977559582751094,200,-107.33059876082423,0.42541219574149314,85.08243914829863,0.5098359525633966,0.31442554803354283,1,0,1,0.005,0.0,0.005,81,-0.03068070113658905,-0.7999992966651917,0.27624496817588806,-0.15017370879650116,0.058284882456064224,-0.10000000149011612,0.6057832727925166,0.0561284255029331,0.004493007723813989,0.06062143322674709,1.3988371789455412,-2.399974059339459,0.08929763037474331,0.46587391470017014,0.8354895114898682,-0.3830232620239258,False,False,False,-0.6092556516424998,False
pure,2,14,0,0.24977559582751094,200,-107.33059876082423,0.42541219574149314,85.08243914829863,0.5098359525633966,0.31442554803354283,1,0,1,0.005,0.0,0.005,82,-0.024852214381098747,-0.8099991679191589,0.27624496817588806,-0.15017370879650116,0.05806675925850868,-0.10000000149011612,0.6038292846858073,0.052553395551288205,0.004240854025865998,0.056794249577154204,1.3936022222042084,-2.399975713875296,0.08341647549282066,0.4662214833480569,0.8339962363243103,-0.38152480125427246,False,False,False,-0.6072983731358815,False
pure,2,14,0,0.24977559582751094,200,-107.33059876082423,0.42541219574149314,85.08243914829863,0.5098359525633966,0.31442554803354283,1,0,1,0.005,0.0,0.005,83,-0.01904553733766079,-0.819999098777771,0.27624496817588806,-0.15017370879650116,0.05786319449543953,-0.10000000149011612,0.6018521527376471,0.048811034483414194,0.003976909833235331,0.05278794431664952,1.3887166678905485,-2.3999774458525334,0.07732919106805157,0.4665436883108405,0.832472562789917,-0.38003644347190857,False,False,False,-0.6053181785520612,False
pure,2,14,0,0.24977559582751094,200,-107.33059876082423,0.42541219574149314,85.08243914829863,0.5098359525633966,0.31442554803354283,1,0,1,0.005,0.0,0.005,84,-0.013259218074381351,-0.8299990296363831,0.27624496817588806,-0.15017370879650116,0.05767423287034035,-0.10000000149011612,0.5998520833926981,0.04484648934406358,0.003503056963242932,0.048349546307306514,1.3841815888881683,-2.3997047724618636,0.07048198738922207,0.46683736325829556,0.8309195041656494,-0.3785564601421356,False,False,False,-0.6033152736651486,False
pure,2,14,0,0.24977559582751094,200,-107.33059876082423,0.42541219574149314,85.08243914829863,0.5098359525633966,0.31442554803354283,1,0,1,0.005,0.0,0.005,85,-0.007491794880479574,-0.8399977684020996,0.27624496817588806,-0.15017370879650116,0.05749965086579323,-0.10000000149011612,0.5978289962845038,0.04137192647452246,0.0034669626162044578,0.04483888909072692,1.3799916207790375,-2.3997276485201033,0.06541267791681885,0.467109916082949,0.8293372988700867,-0.37708422541618347,False,False,False,-0.6012895727442692,False
pure,2,14,0,0.24977559582751094,200,-107.33059876082423,0.42541219574149314,85.08243914829863,0.5098359525633966,0.31442554803354283,1,0,1,0.005,0.0,0.005,86,-0.001741830026730895,-0.8499966263771057,0.27624496817588806,-0.15017370879650116,0.05734028294682503,-0.10000000149011612,0.595782832053406,0.037457166908181655,0.0031928104387333347,0.04064997734691499,1.3761667907238004,-2.39975342277465,0.05920926695225904,0.46735662136191675,0.8277264833450317,-0.37561842799186707,False,False,False,-0.5992410278291533,False
pure,2,14,0,0.24977559582751094,200,-107.33059876082423,0.42541219574149314,85.08243914829863,0.5098359525633966,0.31442554803354283,1,0,1,0.005,0.0,0.005,87,0.003992198500782251,-0.8599956035614014,0.27624496817588806,-0.15017370879650116,0.057195816189050674,-0.10000000149011612,0.5937138593507416,0.033619075626869804,0.002921649532323421,0.036540725159193224,1.3726995885372162,-2.39977869225544,0.05316020357391355,0.4675781222101414,0.8260879516601562,-0.37415772676467896,False,False,False,-0.5971699013126499,False
pure,2,14,0,0.24977559582751094,200,-107.33059876082423,0.42541219574149314,85.08243914829863,0.5098359525633966,0.31442554803354283,1,0,1,0.005,0.0,0.005,88,0.009711779654026031,-0.8699946999549866,0.27624496817588806,-0.15017370879650116,0.0570666529238224,-0.10000000149011612,0.5916220360688794,0.029676139571479583,0.0026439122743976712,0.03232005184587725,1.3695996701717377,-2.3998046520202303,0.046989303944701806,0.46777391097657767,0.8244221806526184,-0.372700959444046,False,False,False,-0.5950761557809937,False
pure,2,14,0,0.24977559582751094,200,-107.33059876082423,0.42541219574149314,85.08243914829863,0.5098359525633966,0.31442554803354283,1,0,1,0.005,0.0,0.005,89,0.015418444760143757,-0.8799938559532166,0.27624496817588806,-0.15017370879650116,0.05695239081978798,-0.10000000149011612,0.5895075031783132,0.02583456249457531,0.002372353295420934,0.028206915789996245,1.3668573796749113,-2.399829944451033,0.04100540687355119,0.4679447668385508,0.8227298855781555,-0.3712468445301056,False,False,False,-0.5929599252756386,False
pure,2,14,0,0.24977559582751094,200,-107.33059876082423,0.42541219574149314,85.08243914829863,0.5098359525633966,0.31442554803354283,1,0,1,0.005,0.0,0.005,90,0.0211136844009161,-0.8899931907653809,0.27624496817588806,-0.15017370879650116,0.0568530447781086,-0.10000000149011612,0.5873703213491699,0.02198801221244393,0.0021009181037985516,0.024088930316242485,1.3644730746746068,-2.3998552696247555,0.03504395001194718,0.46809078329693393,0.8210116028785706,-0.3697943091392517,False,False,False,-0.5908212693491242,False
pure,2,14,0,0.24977559582751094,200,-107.33059876082423,0.42541219574149314,85.08243914829863,0.5098359525633966,0.31442554803354283,1,0,1,0.005,0.0,0.005,91,0.02679898962378502,-0.8999925851821899,0.27624496817588806,-0.15017370879650116,0.056768450886011124,-0.10000000149011612,0.5852106452920725,0.018181994285978022,0.001832112180403793,0.020014106466381815,1.3624428212642672,-2.399880327938858,0.029168777571526913,0.4682123198701486,0.8192681074142456,-0.36834192276000977,False,False,False,-0.5886603395828296,False
pure,2,14,0,0.24977559582751094,200,-107.33059876082423,0.42541219574149314,85.08243914829863,0.5098359525633966,0.31442554803354283,1,0,1,0.005,0.0,0.005,92,0.03247583284974098,-0.9099920392036438,0.27624496817588806,-0.15017370879650116,0.05669853463768959,-0.10000000149011612,0.5830285050630651,0.014393741160294586,0.0015646449123263963,0.015958386072620984,1.36076483130455,-2.3999052692918816,0.023341496331492472,0.4683095761048632,0.8174998760223389,-0.3668886423110962,False,False,False,-0.5864771644681774,False
pure,2,14,0,0.24977559582751094,200,-107.33059876082423,0.42541219574149314,85.08243914829863,0.5098359525633966,0.31442554803354283,1,0,1,0.005,0.0,0.005,93,0.03814568743109703,-0.919991672039032,0.27624496817588806,-0.15017370879650116,0.05664310231804848,-0.10000000149011612,0.5808241136582517,0.010653839256095893,0.001300427182932428,0.01195426643902832,1.359434455633164,-2.399929892306916,0.01760413023860196,0.468382926647524,0.8157076239585876,-0.36543330550193787,False,False,False,-0.5842719532014751,False
pure,2,14,0,0.24977559582751094,200,-107.33059876082423,0.42541219574149314,85.08243914829863,0.5098359525633966,0.31442554803354283,1,0,1,0.005,0.0,0.005,94,0.04380999878048897,-0.9299913644790649,0.27624496817588806,-0.15017370879650116,0.0566018708050251,-0.10000000149011612,0.578597435730186,0.0069854812297874495,0.001041130915247531,0.00802661214503498,1.3584448993206024,-2.3999540442866065,0.011988057696584698,0.46843287688792645,0.8138917684555054,-0.36397480964660645,False,False,False,-0.5820446657414107,False
pure,2,14,0,0.24977559582751094,200,-107.33059876082423,0.42541219574149314,85.08243914829863,0.5098359525633966,0.31442554803354283,1,0,1,0.005,0.0,0.005,95,0.04947018623352051,-0.9399911761283875,0.27624496817588806,-0.15017370879650116,0.05657437816262245,-0.10000000149011612,0.5763487631748551,0.003434848298445814,0.0007899102849058727,0.004224758583351687,1.3577850759029393,-2.399977421179986,0.006559552606152276,0.46846020835711877,0.8120530843734741,-0.3625120222568512,False,False,False,-0.5797955870549315,False
pure,2,14,0,0.24977559582751094,200,-107.33059876082423,0.42541219574149314,85.08243914829863,0.5098359525633966,0.31442554803354283,1,0,1,0.005,0.0,0.005,96,0.055127620697021484,-0.9499911069869995,0.27624496817588806,-0.15017370879650116,0.0565606988966465,-0.10000000149011612,0.5740779946784469,0.00012691254704694783,0.0005378900134768552,0.0006648025605238031,1.3574558789350808,-2.400000035762787,0.001463214234680403,0.4684663050830966,0.8101918697357178,-0.36104393005371094,False,False,False,-0.5775246164987775,False
pure,2,14,0,0.24977559582751094,200,-107.33059876082423,0.42541219574149314,85.08243914829863,0.5098359525633966,0.31442554803354283,1,0,1,0.005,0.0,0.005,97,0.060783687978982925,-0.9599910974502563,0.27624496817588806,-0.15017370879650116,0.05656052008271217,-0.10000000149011612,0.571785378699368,0.003636560439562396,0.00029100590361292493,0.003927566343175321,1.357452481985092,-2.400023978391413,0.005634879141097252,0.4684897837461845,0.8083088397979736,-0.35956940054893494,False,False,False,-0.5752319978374896,False
pure,2,14,0,0.24977559582751094,200,-107.33059876082423,0.42541219574149314,85.08243914829863,0.5098359525633966,0.31442554803354283,1,0,1,0.005,0.0,0.005,98,0.06643974035978317,-0.9699912071228027,0.27624496817588806,-0.15017370879650116,0.05657336488366127,-0.10000000149011612,0.5694710581241301,0.006997784069501797,5.235925663770644e-05,0.0070501433261395035,1.3577607572078703,-2.4000461082392226,0.009626981227107558,0.4685298961679641,0.8064045310020447,-0.3580874502658844,False,False,False,-0.5729178670285395,False
pure,2,14,0,0.24977559582751094,200,-107.33059876082423,0.42541219574149314,85.08243914829863,0.5098359525633966,0.31442554803354283,1,0,1,0.005,0.0,0.005,99,0.07209707796573639,-0.9799913763999939,0.27624496817588806,-0.15017370879650116,0.05659926310181618,-0.10000000149011612,0.5671350353125231,0.01037631668678924,0.00018616883741684242,0.010562485524206083,1.3583823144435883,-2.400068352047095,0.014541823011221958,0.4685904870971775,0.8044792413711548,-0.35659730434417725,False,False,False,-0.5705822268787519,False
pure,2,14,0,0.24977559582751094,200,-107.33059876082423,0.42541219574149314,85.08243914829863,0.5098359525633966,0.31442554803354283,1,0,1,0.005,0.0,0.005,100,0.07775700092315674,-0.9899916648864746,0.27624496817588806,-0.15017370879650116,0.056637782603502274,-0.10000000149011612,0.5647774093799274,0.013645111644045362,0.0004175606007210368,0.014062672244766398,1.3593067824840546,-2.400089873356864,0.01955007577480638,0.46867194574623916,0.8025335073471069,-0.35509783029556274,False,False,False,-0.5682251702450196,False
pure,2,14,0,0.24977559582751094,200,-107.33059876082423,0.42541219574149314,85.08243914829863,0.5098359525633966,0.31442554803354283,1,0,1,0.005,0.0,0.005,101,0.0834207832813263,-0.9999920129776001,0.27624496817588806,-0.15017370879650116,0.05668855085968971,-0.10000000149011612,0.56239837051937,0.016818833697552438,0.0006421909129566241,0.017461024610509062,1.3605252206325533,-2.4001107687193204,0.02442377675290564,0.4687737114827096,0.8005678057670593,-0.3535882830619812,False,False,False,-0.5658468821794691,False
pure,2,14,0,0.24977559582751094,200,-107.33059876082423,0.42541219574149314,85.08243914829863,0.5098359525633966,0.31442554803354283,1,0,1,0.005,0.0,0.005,102,0.08908963948488235,-1.0099924802780151,0.27624496817588806,-0.15017370879650116,0.05675138905644417,-0.10000000149011612,0.5599981067140903,0.019947385325712184,0.0008634188375448573,0.020810804163257042,1.36203333735466,-2.4001313666857245,0.029241322441257874,0.4688955503262148,0.7985827326774597,-0.35206758975982666,False,False,False,-0.5634475484301653,False
pure,2,14,0,0.24977559582751094,200,-107.33059876082423,0.42541219574149314,85.08243914829863,0.5098359525633966,0.31442554803354283,1,0,1,0.005,0.0,0.005,103,0.09476477652788162,-1.0199930667877197,0.27624496817588806,-0.15017370879650116,0.05682593956589699,-0.10000000149011612,0.5575766074216142,0.022984964889752303,0.0010784548403121046,0.024063419730064407,1.3638225495815277,-2.4001513657041986,0.033935868275809286,0.46903694977736404,0.7965785264968872,-0.3505350351333618,False,False,False,-0.561027153537251,False
pure,2,14,0,0.24977559582751094,200,-107.33059876082423,0.42541219574149314,85.08243914829863,0.5098359525633966,0.31442554803354283,1,0,1,0.005,0.0,0.005,104,0.10044737160205841,-1.0299936532974243,0.27624496817588806,-0.15017370879650116,0.0569121427834034,-0.10000000149011612,0.555134033612993,0.026008028125034315,0.0012921278411334098,0.027300155966167725,1.3658914268016817,-2.400171269149101,0.038625470764357454,0.4691978892388822,0.7945556044578552,-0.34898990392684937,False,False,False,-0.5585858582482602,False
pure,2,14,0,0.24977559582751094,200,-107.33059876082423,0.42541219574149314,85.08243914829863,0.5098359525633966,0.31442554803354283,1,0,1,0.005,0.0,0.005,105,0.10613858699798584,-1.0399943590164185,0.27624496817588806,-0.15017370879650116,0.05700943246483803,-0.10000000149011612,0.552670521911864,0.028886526338679604,0.0014962148148039125,0.030382741153483515,1.3682263791561131,-2.400190220797195,0.04311450750547353,0.46937753302015506,0.792514443397522,-0.3474312424659729,False,False,False,-0.5561237911402033,False
pure,2,14,0,0.24977559582751094,200,-107.33059876082423,0.42541219574149314,85.08243914829863,0.5098359525633966,0.31442554803354283,1,0,1,0.005,0.0,0.005,106,0.11183952540159225,-1.0499951839447021,0.27624496817588806,-0.15017370879650116,0.057117659598588943,-0.10000000149011612,0.5501861755934357,0.031727161525359836,0.0016971470821942963,0.03342430860755413,1.3708238303661346,-2.4002089231601715,0.04756585665943682,0.4695757240895694,0.7904553413391113,-0.34585845470428467,False,False,False,-0.5536410539236665,False
pure,2,14,0,0.24977559582751094,200,-107.33059876082423,0.42541219574149314,85.08243914829863,0.5098359525633966,0.31442554803354283,1,0,1,0.005,0.0,0.005,107,0.117551289498806,-1.0599960088729858,0.27624496817588806,-0.15017370879650116,0.057236526161432266,-0.10000000149011612,0.5476811853447017,0.034492091722567966,0.0018929243777194538,0.03638501610028742,1.3736766278743742,-2.4002271270916005,0.051924428686726,0.46979207587576405,0.7883787751197815,-0.3442707061767578,False,False,False,-0.5511378337093648,False
pure,2,14,0,0.24977559582751094,200,-107.33059876082423,0.42541219574149314,85.08243914829863,0.5098359525633966,0.31442554803354283,1,0,1,0.005,0.0,0.005,108,0.12327494472265244,-1.069996953010559,0.27624496817588806,-0.15017370879650116,0.05736573413014412,-0.10000000149011612,0.5451556410439328,0.0371810989015535,0.002083354927901754,0.03926445382945525,1.3767776191234586,-2.4002448311560096,0.056190666719234256,0.47002620365376085,0.7862849831581116,-0.34266749024391174,False,False,False,-0.5486142165757731,False
pure,2,14,0,0.24977559582751094,200,-107.33059876082423,0.42541219574149314,85.08243914829863,0.5098359525633966,0.31442554803354283,1,0,1,0.005,0.0,0.005,109,0.12901151180267334,-1.0799980163574219,0.27624496817588806,-0.15017370879650116,0.05750477686524391,-0.10000000149011612,0.542609584739999,0.03974044807226899,0.0022648919709317393,0.04200534004320072,1.3801146447658539,-2.400261681569395,0.060282707784817015,0.47027738160286425,0.7841742038726807,-0.34104815125465393,False,False,False,-0.5460702378662388,False
pure,2,14,0,0.24977559582751094,200,-107.33059876082423,0.42541219574149314,85.08243914829863,0.5098359525633966,0.31442554803354283,1,0,1,0.005,0.0,0.005,110,0.1347620040178299,-1.0899990797042847,0.27624496817588806,-0.15017370879650116,0.05765386298298836,-0.10000000149011612,0.5400433118923605,0.04235394981302975,0.002449408362846526,0.04480335817587627,1.3836927115917204,-2.4002788885160764,0.06448411484610601,0.47054606541472305,0.7820469737052917,-0.3394119441509247,False,False,False,-0.5435061968400181,False
pure,2,14,0,0.24977559582751094,200,-107.33059876082423,0.42541219574149314,85.08243914829863,0.5098359525633966,0.31442554803354283,1,0,1,0.005,0.0,0.005,111,0.1405273824930191,-1.100000262260437,0.27624496817588806,-0.15017370879650116,0.0578123964369297,-0.10000000149011612,0.5374568730415368,0.04481540035500794,0.0026241576138396603,0.0474395579688476,1.3874975144863129,-2.400295094377955,0.06848000925065643,0.4708313987866008,0.7799034714698792,-0.3377583622932434,False,False,False,-0.5409221359910035,False
pure,2,14,0,0.24977559582751094,200,-107.33059876082423,0.42541219574149314,85.08243914829863,0.5098359525633966,0.31442554803354283,1,0,1,0.005,0.0,0.005,112,0.14630861580371857,-1.110001564025879,0.27624496817588806,-0.15017370879650116,0.057980168610811234,-0.10000000149011612,0.534850379864622,0.047223447623017785,0.0027946849371747275,0.05001813256019251,1.3915240466594694,-2.4003109486398064,0.07242067578629245,0.471133151602377,0.777743935585022,-0.3360868990421295,False,False,False,-0.5383181645375976,False
pure,2,14,0,0.24977559582751094,200,-107.33059876082423,0.42541219574149314,85.08243914829863,0.5098359525633966,0.31442554803354283,1,0,1,0.005,0.0,0.005,113,0.1521066427230835,-1.1200027465820312,0.27624496817588806,-0.15017370879650116,0.058156806975603104,-0.10000000149011612,0.5322242629344989,0.049767125589062086,0.0031894538697821305,0.052956579458844216,1.3957633674144743,-2.400023068155206,0.07711789366102235,0.4714544761592979,0.7755690813064575,-0.3343966603279114,False,False,False,-0.5356947085823346,False
pure,2,14,0,0.24977559582751094,200,-107.33059876082423,0.42541219574149314,85.08243914829863,0.5098359525633966,0.31442554803354283,1,0,1,0.005,0.0,0.005,114,0.15792232751846313,-1.1300028562545776,0.27624496817588806,-0.15017370879650116,0.05834173038601875,-0.10000000149011612,0.5295785325937801,0.05171048858910545,0.003122713895879977,0.054833202484985424,1.4002015292644499,-2.400023967550112,0.07989969339539106,0.4717873915484454,0.773378849029541,-0.3326876163482666,False,False,False,-0.5330517706447178,False
pure,2,14,0,0.24977559582751094,200,-107.33059876082423,0.42541219574149314,85.08243914829863,0.5098359525633966,0.31442554803354283,1,0,1,0.005,0.0,0.005,115,0.16375648975372314,-1.140002965927124,0.27624496817588806,-0.15017370879650116,0.058535028249025345,-0.10000000149011612,0.5269131653877058,0.05389758445283158,0.003277331473728401,0.05717491592655998,1.4048406779766085,-2.4000249797454045,0.08358319648787141,0.47213565486714487,0.771173357963562,-0.33095914125442505,False,False,False,-0.5303893292816438,False
pure,2,14,0,0.24977559582751094,200,-107.33059876082423,0.42541219574149314,85.08243914829863,0.5098359525633966,0.31442554803354283,1,0,1,0.005,0.0,0.005,116,0.16960999369621277,-1.1500030755996704,0.27624496817588806,-0.15017370879650116,0.05873650684952736,-0.10000000149011612,0.5242283790624579,0.05603562732887836,0.0034285840103854734,0.059464211339263835,1.4096761643886568,-2.4000259692388086,0.08722077886472752,0.47249907477908126,0.7689528465270996,-0.32921096682548523,False,False,False,-0.5277076002276381,False
pure,2,14,0,0.24977559582751094,200,-107.33059876082423,0.42541219574149314,85.08243914829863,0.5098359525633966,0.31442554803354283,1,0,1,0.005,0.0,0.005,117,0.17548364400863647,-1.1600031852722168,0.27624496817588806,-0.15017370879650116,0.05894580855965614,-0.10000000149011612,0.5215241522391634,0.058082103899802624,0.0035733860111497135,0.061655489910952335,1.4146994054317474,-2.4000269163550207,0.09074494046256157,0.47287717869767526,0.7667173147201538,-0.3274427652359009,False,False,False,-0.5250065576334791,False
pure,2,14,0,0.24977559582751094,200,-107.33059876082423,0.42541219574149314,85.08243914829863,0.5098359525633966,0.31442554803354283,1,0,1,0.005,0.0,0.005,118,0.18137823045253754,-1.1700032949447632,0.27624496817588806,-0.15017370879650116,0.05916270986199379,-0.10000000149011612,0.5188009391686899,0.06007164909670374,0.003714156715324286,0.06378580581202803,1.4199050366878507,-2.4000278371232016,0.09421011662277118,0.47326972085027014,0.7644673585891724,-0.32565394043922424,False,False,False,-0.5222866535148603,False
pure,2,14,0,0.24977559582751094,200,-107.33059876082423,0.42541219574149314,85.08243914829863,0.5098359525633966,0.31442554803354283,1,0,1,0.005,0.0,0.005,119,0.18729449808597565,-1.1800034046173096,0.27624496817588806,-0.15017370879650116,0.059387046843767166,-0.10000000149011612,0.5160586800046655,0.062019670298582505,0.003851989212562099,0.0658716595111446,1.425289124250412,-2.4000287386739383,0.09764084637737697,0.47367655771017586,0.7622028589248657,-0.3238443434238434,False,False,False,-0.519547826013753,False
pure,2,14,0,0.24977559582751094,200,-107.33059876082423,0.42541219574149314,85.08243914829863,0.5098359525633966,0.31442554803354283,1,0,1,0.005,0.0,0.005,120,0.1932332068681717,-1.190003514289856,0.27624496817588806,-0.15017370879650116,0.05961853638291359,-0.10000000149011612,0.5132974642946474,0.06389532774207118,0.003984719491388126,0.0678800472334593,1.4308448731899253,-2.4000296067344866,0.10098774687439604,0.4740973399888192,0.7599239349365234,-0.32201358675956726,False,False,False,-0.5167901613249533,False
pure,2,14,0,0.24977559582751094,200,-107.33059876082423,0.42541219574149314,85.08243914829863,0.5098359525633966,0.31442554803354283,1,0,1,0.005,0.0,0.005,121,0.19919505715370178,-1.2000036239624023,0.27624496817588806,-0.15017370879650116,0.05985679104924202,-0.10000000149011612,0.5105175804560461,0.06567160595166832,0.004110437100218241,0.06978204305188657,1.4365629851818085,-2.400030428801991,0.10420657240381247,0.47453153404050175,0.7576308250427246,-0.32016152143478394,False,False,False,-0.5140139431720057,False
pure,2,14,0,0.24977559582751094,200,-107.33059876082423,0.42541219574149314,85.08243914829863,0.5098359525633966,0.31442554803354283,1,0,1,0.005,0.0,0.005,122,0.20518073439598083,-1.2100038528442383,0.27624496817588806,-0.15017370879650116,0.06010148301720619,-0.10000000149011612,0.5077192439380084,0.06736387209209704,0.004230211985646024,0.07159408407774306,1.4424355924129486,-2.4000312119884293,0.1073206875472721,0.4749787035719487,0.7553237676620483,-0.31828776001930237,False,False,False,-0.5112193825337087,False
pure,2,14,0,0.24977559582751094,200,-107.33059876082423,0.42541219574149314,85.08243914829863,0.5098359525633966,0.31442554803354283,1,0,1,0.005,0.0,0.005,123,0.21119087934494019,-1.2200039625167847,0.27624496817588806,-0.15017370879650116,0.060352567583322525,-0.10000000149011612,0.5049024092392588,0.06904532354083168,0.004349193159379131,0.07339451670021081,1.4484616219997417,-2.4000319901697917,0.11044770404138754,0.4754389023387878,0.7530026435852051,-0.31639212369918823,False,False,False,-0.5084064341323042,False
pure,2,14,0,0.24977559582751094,200,-107.33059876082423,0.42541219574149314,85.08243914829863,0.5098359525633966,0.31442554803354283,1,0,1,0.005,0.0,0.005,124,0.21722614765167236,-1.230004072189331,0.27624496817588806,-0.15017370879650116,0.060609493404626846,-0.10000000149011612,0.5020673844096054,0.07058495208467294,0.004458194511584895,0.07504314659625784,1.454627841711044,-2.400032702715039,0.1133746491310737,0.4759112967101673,0.7506676912307739,-0.3144744634628296,False,False,False,-0.5055753981944908,False
pure,2,14,0,0.24977559582751094,200,-107.33059876082423,0.42541219574149314,85.08243914829863,0.5098359525633966,0.31442554803354283,1,0,1,0.005,0.0,0.005,125,0.22328709065914154,-1.2400041818618774,0.27624496817588806,-0.15017370879650116,0.06087237969040871,-0.10000000149011612,0.4992141655790785,0.07215608002852784,0.00456935513991281,0.07672543516844066,1.460937112569809,-2.400033429838314,0.1163821002998278,0.47639622212808325,0.7483187913894653,-0.3125346899032593,False,False,False,-0.5027262735325078,False
pure,2,14,0,0.24977559582751094,200,-107.33059876082423,0.42541219574149314,85.08243914829863,0.5098359525633966,0.31442554803354283,1,0,1,0.005,0.0,0.005,126,0.22937433421611786,-1.2500042915344238,0.27624496817588806,-0.15017370879650116,0.061140481382608414,-0.10000000149011612,0.496343260838407,0.07353525869311998,0.004667023912928052,0.07820228260604803,1.467371553182602,-2.40003406812682,0.11910456314999776,0.47689249114120824,0.7459564208984375,-0.3105725347995758,False,False,False,-0.49985955773176527,False
pure,2,14,0,0.24977559582751094,200,-107.33059876082423,0.42541219574149314,85.08243914829863,0.5098359525633966,0.31442554803354283,1,0,1,0.005,0.0,0.005,127,0.23548837006092072,-1.2600045204162598,0.27624496817588806,-0.15017370879650116,0.061413977295160294,-0.10000000149011612,0.4934545674581607,0.07496127209899102,0.004767911158631007,0.07972918325762203,1.4739354550838473,-2.4000347280906005,0.12193122906605554,0.47740053792898346,0.7435803413391113,-0.308587908744812,False,False,False,-0.49697515119207697,False
pure,2,14,0,0.24977559582751094,200,-107.33059876082423,0.42541219574149314,85.08243914829863,0.5098359525633966,0.31442554803354283,1,0,1,0.005,0.0,0.005,128,0.24162977933883667,-1.2700046300888062,0.27624496817588806,-0.15017370879650116,0.0616922564804554,-0.10000000149011612,0.4905482526274966,0.07622997076920902,0.00485774387022258,0.08108771463943161,1.480614155530929,-2.4000353152485943,0.1245259306375664,0.4779193959733066,0.7411905527114868,-0.3065808415412903,False,False,False,-0.4940732123854207,False
pure,2,14,0,0.24977559582751094,200,-107.33059876082423,0.42541219574149314,85.08243914829863,0.5098359525633966,0.31442554803354283,1,0,1,0.005,0.0,0.005,129,0.24779899418354034,-1.2800047397613525,0.27624496817588806,-0.15017370879650116,0.061975155025720596,-0.10000000149011612,0.4876246777798251,0.07745683477294357,0.004944571442869901,0.08240140621581347,1.4874037206172943,-2.4000358830453643,0.12707673311768444,0.47844888236129696,0.7387872934341431,-0.30455124378204346,False,False,False,-0.49115410095706735,False
pure,2,14,0,0.24977559582751094,200,-107.33059876082423,0.42541219574149314,85.08243914829863,0.5098359525633966,0.31442554803354283,1,0,1,0.005,0.0,0.005,130,0.25399652123451233,-1.2900049686431885,0.27624496817588806,-0.15017370879650116,0.06226247921586037,-0.10000000149011612,0.48468378766050657,0.0786341818352212,0.005027890730399212,0.0836620725656204,1.494299501180649,-2.400036427925529,0.12957013960070668,0.4789887579429666,0.736370325088501,-0.30249911546707153,False,False,False,-0.4882177591936859,False
pure,2,14,0,0.24977559582751094,200,-107.33059876082423,0.42541219574149314,85.08243914829863,0.5098359525633966,0.31442554803354283,1,0,1,0.005,0.0,0.005,131,0.26022276282310486,-1.3000050783157349,0.27624496817588806,-0.15017370879650116,0.06255382299423218,-0.10000000149011612,0.4817258633976404,0.07970707228871252,0.0051038363976114625,0.08481090868632397,1.5012917518615723,-2.4000369244628237,0.13191296600276303,0.4795383953013114,0.7339397668838501,-0.3004244267940521,False,False,False,-0.4852644624119226,False
pure,2,14,0,0.24977559582751094,200,-107.33059876082423,0.42541219574149314,85.08243914829863,0.5098359525633966,0.31442554803354283,1,0,1,0.005,0.0,0.005,132,0.26647815108299255,-1.3100051879882812,0.27624496817588806,-0.15017370879650116,0.06284889578819275,-0.10000000149011612,0.47875117388647437,0.08070531151885783,0.005174484620442296,0.08587979613930014,1.5083734989166258,-2.4000373864512836,0.13415270966153453,0.4800973649249011,0.7314956784248352,-0.2983272671699524,False,False,False,-0.48229447548371196,False
pure,2,14,0,0.24977559582751094,200,-107.33059876082423,0.42541219574149314,85.08243914829863,0.5098359525633966,0.31442554803354283,1,0,1,0.005,0.0,0.005,133,0.27276304364204407,-1.3200054168701172,0.27624496817588806,-0.15017370879650116,0.06314750015735626,-0.10000000149011612,0.4757598536069222,0.08165296677453912,0.005241536086213866,0.08689450286075298,1.51554000377655,-2.4000378250293104,0.13632822244202092,0.4806653991850762,0.7290380001068115,-0.29620763659477234,False,False,False,-0.4793079299832411,False
pure,2,14,0,0.24977559582751094,200,-107.33059876082423,0.42541219574149314,85.08243914829863,0.5098359525633966,0.31442554803354283,1,0,1,0.005,0.0,0.005,134,0.27907779812812805,-1.3300055265426636,0.27624496817588806,-0.15017370879650116,0.06344926357269287,-0.10000000149011612,0.4727519851627138,0.08250474321160126,0.005301813985682092,0.08780655719728335,1.5227823257446287,-2.4000382192342986,0.1383613209496335,0.48124190468903305,0.7265665531158447,-0.2940657138824463,False,False,False,-0.4763049033733394,False
pure,2,14,0,0.24977559582751094,200,-107.33059876082423,0.42541219574149314,85.08243914829863,0.5098359525633966,0.31442554803354283,1,0,1,0.005,0.0,0.005,135,0.2854227125644684,-1.3400057554244995,0.27624496817588806,-0.15017370879650116,0.06375400722026825,-0.10000000149011612,0.4697279045772946,0.08331068563757893,0.00535882057329759,0.08866950621087652,1.530096173286438,-2.4000385922271525,0.14033473747266398,0.4818266327618358,0.7240814566612244,-0.291901558637619,False,False,False,-0.47328572944227815,False
pure,2,14,0,0.24977559582751094,200,-107.33059876082423,0.42541219574149314,85.08243914829863,0.5098359525633966,0.31442554803354283,1,0,1,0.005,0.0,0.005,136,0.29179811477661133,-1.350005865097046,0.27624496817588806,-0.15017370879650116,0.06406116485595703,-0.10000000149011612,0.46668772469041064,0.0839705916523991,0.005405528016325051,0.08937611966872415,1.5374679565429685,-2.4000388976338667,0.14207557145894786,0.4824186143095814,0.7215825319290161,-0.28971540927886963,False,False,False,-0.47025051164207177,False
pure,2,14,0,0.24977559582751094,200,-107.33059876082423,0.42541219574149314,85.08243914829863,0.5098359525633966,0.31442554803354283,1,0,1,0.005,0.0,0.005,137,0.298204243183136,-1.3600059747695923,0.27624496817588806,-0.15017370879650116,0.06437063217163086,-0.10000000149011612,0.4636317381062554,0.08460383415746471,0.005450294038890847,0.09005412819635555,1.5448951721191408,-2.4000391907006193,0.14378497422681571,0.48301771836885976,0.7190698385238647,-0.2875073254108429,False,False,False,-0.46719954145932663,False
pure,2,14,0,0.24977559582751094,200,-107.33059876082423,0.42541219574149314,85.08243914829863,0.5098359525633966,0.31442554803354283,1,0,1,0.005,0.0,0.005,138,0.3046413064002991,-1.3700062036514282,0.27624496817588806,-0.15017370879650116,0.06468214094638824,-0.10000000149011612,0.46055993402897094,0.08516805194628539,0.005490179521221909,0.0906582314675073,1.552371382713318,-2.4000394518225017,0.1453890940113753,0.4836235062605738,0.7165430188179016,-0.28527766466140747,False,False,False,-0.4641328042983887,False
pure,2,14,0,0.24977559582751094,200,-107.33059876082423,0.42541219574149314,85.08243914829863,0.5098359525633966,0.31442554803354283,1,0,1,0.005,0.0,0.005,139,0.3111095130443573,-1.3800063133239746,0.27624496817588806,-0.15017370879650116,0.06499543786048889,-0.10000000149011612,0.4574727888469196,0.08566705465975029,0.005525437950977626,0.09119249261072791,1.5598905086517332,-2.4000396827626282,0.14689249581488265,0.48423555832646914,0.7140023112297058,-0.28302648663520813,False,False,False,-0.4610507725243069,False
pure,2,14,0,0.24977559582751094,200,-107.33059876082423,0.42541219574149314,85.08243914829863,0.5098359525633966,0.31442554803354283,1,0,1,0.005,0.0,0.005,140,0.317609041929245,-1.3900065422058105,0.27624496817588806,-0.15017370879650116,0.06531006097793579,-0.10000000149011612,0.4543703200214639,0.08604686085698202,0.005552275653298833,0.09159913651028084,1.567441463470459,-2.4000398585382086,0.14819910038221532,0.4848530545780617,0.7114473581314087,-0.2807542085647583,False,False,False,-0.4579534562223687,False
pure,2,14,0,0.24977559582751094,200,-107.33059876082423,0.42541219574149314,85.08243914829863,0.5098359525633966,0.31442554803354283,1,0,1,0.005,0.0,0.005,141,0.3241400420665741,-1.400006651878357,0.27624496817588806,-0.15017370879650116,0.06562566757202148,-0.10000000149011612,0.45125287171716355,0.08633823021166481,0.005572836892738088,0.0919110671044029,1.5750160217285156,-2.4000399933849224,0.14935912729023942,0.4854753842751044,0.708878219127655,-0.2784609794616699,False,False,False,-0.4548411939691987,False
pure,2,14,0,0.24977559582751094,200,-107.33059876082423,0.42541219574149314,85.08243914829863,0.5098359525633966,0.31442554803354283,1,0,1,0.005,0.0,0.005,142,0.33070263266563416,-1.4100068807601929,0.27624496817588806,-0.15017370879650116,0.06594198942184448,-0.10000000149011612,0.44812047940812116,0.0865604039725164,0.0055884840914103145,0.09214888806392671,1.5826077461242678,-2.400040096207683,0.1504037517309538,0.48610206657398336,0.7062945365905762,-0.2761472463607788,False,False,False,-0.45171401699206837,False
pure,2,14,0,0.24977559582751094,200,-107.33059876082423,0.42541219574149314,85.08243914829863,0.5098359525633966,0.31442554803354283,1,0,1,0.005,0.0,0.005,143,0.33729681372642517,-1.4200069904327393,0.27624496817588806,-0.15017370879650116,0.06625880300998688,-0.10000000149011612,0.4449735407451488,0.08672491988962819,0.005600034462649716,0.0923249543522779,1.590211272239685,-2.4000401723462006,0.1513512528694529,0.4867326967942727,0.7036963701248169,-0.27381330728530884,False,False,False,-0.44857231936551106,False
pure,2,14,0,0.24977559582751094,200,-107.33059876082423,0.42541219574149314,85.08243914829863,0.5098359525633966,0.31442554803354283,1,0,1,0.005,0.0,0.005,144,0.3439227044582367,-1.4300072193145752,0.27624496817588806,-0.15017370879650116,0.06657585501670837,-0.10000000149011612,0.4418121158855351,0.08682404838191918,0.005606948383679914,0.09243099676559909,1.597820520401001,-2.4000402182231992,0.15218614779125314,0.48736680574340296,0.7010834217071533,-0.2714594602584839,False,False,False,-0.4454161567764672,False
pure,2,14,0,0.24977559582751094,200,-107.33059876082423,0.42541219574149314,85.08243914829863,0.5098359525633966,0.31442554803354283,1,0,1,0.005,0.0,0.005,145,0.35058027505874634,-1.4400073289871216,0.27624496817588806,-0.15017370879650116,0.06689251959323883,-0.10000000149011612,0.43863649887099937,0.08676140915405633,0.005602448424610611,0.09236385757866694,1.605420470237732,-2.4000401892335543,0.15273464365976705,0.48800320009198533,0.6984555721282959,-0.26908621191978455,False,False,False,-0.4422458129848547,False
pure,2,14,0,0.24977559582751094,200,-107.33059876082423,0.42541219574149314,85.08243914829863,0.5098359525633966,0.31442554803354283,1,0,1,0.005,0.0,0.005,146,0.3572695255279541,-1.4500075578689575,0.27624496817588806,-0.15017370879650116,0.06720873713493347,-0.10000000149011612,0.4354470459460219,0.08668334306072982,0.0055967901272119275,0.09228013318794175,1.6130096912384035,-2.4000401531043045,0.1532535934597068,0.48864175673140076,0.6958128213882446,-0.2666938602924347,False,False,False,-0.43906164311756696,False
pure,2,14,0,0.24977559582751094,200,-107.33059876082423,0.42541219574149314,85.08243914829863,0.5098359525633966,0.31442554803354283,1,0,1,0.005,0.0,0.005,147,0.3639904260635376,-1.460007667541504,0.27624496817588806,-0.15017370879650116,0.06752404570579529,-0.10000000149011612,0.43224372304004005,0.08648583836959349,0.005582710148026722,0.09206854851762021,1.6205770969390871,-2.400040061698472,0.15355569687945367,0.4892815721350651,0.6931546926498413,-0.2642829418182373,False,False,False,-0.4358636055044489,False
pure,2,14,0,0.24977559582751094,200,-107.33059876082423,0.42541219574149314,85.08243914829863,0.5098359525633966,0.31442554803354283,1,0,1,0.005,0.0,0.005,148,0.3707428276538849,-1.4700078964233398,0.27624496817588806,-0.15017370879650116,0.06783835589885712,-0.10000000149011612,0.42902694244120754,0.08626515091105631,0.00556694099211258,0.09183209190316889,1.6281205415725708,-2.400039959563577,0.15381094505375126,0.4899224510727891,0.6904811859130859,-0.2618539333343506,False,False,False,-0.4326521097514454,False
pure,2,14,0,0.24977559582751094,200,-107.33059876082423,0.42541219574149314,85.08243914829863,0.5098359525633966,0.31442554803354283,1,0,1,0.005,0.0,0.005,149,0.3775266408920288,-1.4800080060958862,0.27624496817588806,-0.15017370879650116,0.06815105676651001,-0.10000000149011612,0.4257970095981922,0.08588641591711499,0.00554003428607238,0.09142645020318738,1.6356253623962402,-2.400039784283754,0.15377430285221516,0.4905631773346733,0.6877922415733337,-0.259407103061676,False,False,False,-0.4294274516959753,False
pure,2,14,0,0.24977559582751094,200,-107.33059876082423,0.42541219574149314,85.08243914829863,0.5098359525633966,0.31442554803354283,1,0,1,0.005,0.0,0.005,150,0.3843417465686798,-1.4900082349777222,0.27624496817588806,-0.15017370879650116,0.06846213340759277,-0.10000000149011612,0.4225539265639316,0.0855036685331712,0.005512774234505773,0.09101644276767698,1.6430912017822266,-2.4000396071469825,0.15372120199503067,0.49120368234298595,0.6850873231887817,-0.25694331526756287,False,False,False,-0.4261896327204238,False
pure,2,14,0,0.24977559582751094,200,-107.33059876082423,0.42541219574149314,85.08243914829863,0.5098359525633966,0.31442554803354283,1,0,1,0.005,0.0,0.005,151,0.39118796586990356,-1.5000083446502686,0.27624496817588806,-0.15017370879650116,0.06877084076404572,-0.10000000149011612,0.4192980126746669,0.08492811777810721,0.00547194079735644,0.09040005857546365,1.6505001783370972,-2.400039340780165,0.15330674672267539,0.49184246045433044,0.6823663711547852,-0.254462867975235,False,False,False,-0.4229389585264697,False
pure,2,14,0,0.24977559582751094,200,-107.33059876082423,0.42541219574149314,85.08243914829863,0.5098359525633966,0.31442554803354283,1,0,1,0.005,0.0,0.005,152,0.39806506037712097,-1.5100085735321045,0.27624496817588806,-0.15017370879650116,0.06907722353935242,-0.10000000149011612,0.41602957359175985,0.0843638637287715,0.005431820091893825,0.08979568382066533,1.657853364944458,-2.400039079641501,0.1528994958565866,0.4924795416870662,0.6796292066574097,-0.2519664466381073,False,False,False,-0.4196757356695444,False
pure,2,14,0,0.24977559582751094,200,-107.33059876082423,0.42541219574149314,85.08243914829863,0.5098359525633966,0.31442554803354283,1,0,1,0.005,0.0,0.005,153,0.40497279167175293,-1.5200086832046509,0.27624496817588806,-0.15017370879650116,0.06938090920448303,-0.10000000149011612,0.41274880384600543,0.08370307189980561,0.005384899273196878,0.08908797117300249,1.6651418209075928,-2.4000387738248294,0.15230145260761513,0.4931141310729313,0.6768755912780762,-0.24945451319217682,False,False,False,-0.41640015152788545,False
pure,2,14,0,0.24977559582751094,200,-107.33059876082423,0.42541219574149314,85.08243914829863,0.5098359525633966,0.31442554803354283,1,0,1,0.005,0.0,0.005,154,0.41191086173057556,-1.5300087928771973,0.27624496817588806,-0.15017370879650116,0.06968139111995697,-0.10000000149011612,0.4094559547343331,0.08291097200028856,0.005328699752713678,0.08823967175300224,1.6723533868789675,-2.400038407238342,0.15144552890126411,0.4937451541100199,0.6741052865982056,-0.24692775309085846,False,False,False,-0.4131124484577256,False
pure,2,14,0,0.24977559582751094,200,-107.33059876082423,0.42541219574149314,85.08243914829863,0.5098359525633966,0.31442554803354283,1,0,1,0.005,0.0,0.005,155,0.4188790023326874,-1.5400090217590332,0.27624496817588806,-0.15017370879650116,0.069978728890419,-0.10000000149011612,0.40615127085749597,0.08213393699580199,0.005273500297289108,0.0874074372930911,1.6794894933700564,-2.4000380476239402,0.1505996855912176,0.4943726527999833,0.6713180541992188,-0.24438682198524475,False,False,False,-0.40981287173037023,False
pure,2,14,0,0.24977559582751094,200,-107.33059876082423,0.42541219574149314,85.08243914829863,0.5098359525633966,0.31442554803354283,1,0,1,0.005,0.0,0.005,156,0.4258768856525421,-1.5500091314315796,0.27624496817588806,-0.15017370879650116,0.07027211785316467,-0.10000000149011612,0.40283497037382876,0.08114849571760864,0.005203640774972306,0.08635213649258094,1.686530828475952,-2.400037591558416,0.14934837318509545,0.49499493768825453,0.6685136556625366,-0.24183225631713867,False,False,False,-0.4065016247520045,False
pure,2,14,0,0.24977559582751094,200,-107.33059876082423,0.42541219574149314,85.08243914829863,0.5098359525633966,0.31442554803354283,1,0,1,0.005,0.0,0.005,157,0.43290409445762634,-1.5600093603134155,0.27624496817588806,-0.15017370879650116,0.07056175172328949,-0.10000000149011612,0.39950738553032555,0.08021268143763033,0.005137187686482384,0.08534986912411271,1.693482041358948,-2.400037158460432,0.1481681768414163,0.4956123050917604,0.6656919121742249,-0.2392648309469223,False,False,False,-0.4031790426753489,False
pure,2,14,0,0.24977559582751094,200,-107.33059876082423,0.42541219574149314,85.08243914829863,0.5098359525633966,0.31442554803354283,1,0,1,0.005,0.0,0.005,158,0.4399602711200714,-1.570009469985962,0.27624496817588806,-0.15017370879650116,0.07084694504737854,-0.10000000149011612,0.39616870171000695,0.07909922425664943,0.005058250367045225,0.08415747462369466,1.700326681137085,-2.4000366431487192,0.14663450769195574,0.49622328220714357,0.6628525257110596,-0.23668518662452698,False,False,False,-0.39984529814293124,False
pure,2,14,0,0.24977559582751094,200,-107.33059876082423,0.42541219574149314,85.08243914829863,0.5098359525633966,0.31442554803354283,1,0,1,0.005,0.0,0.005,159,0.4470449686050415,-1.5800095796585083,0.27624496817588806,-0.15017370879650116,0.07112778723239899,-0.10000000149011612,0.39281923097178123,0.07800836107267903,0.004980831395560202,0.08298919246823923,1.7070668935775746,-2.4000361382935838,0.14511966595750775,0.4968279474819665,0.6599953174591064,-0.23409400880336761,False,False,False,-0.39650070433124684,False
pure,2,14,0,0.24977559582751094,200,-107.33059876082423,0.42541219574149314,85.08243914829863,0.5098359525633966,0.31442554803354283,1,0,1,0.005,0.0,0.005,160,0.4541577398777008,-1.5900098085403442,0.27624496817588806,-0.15017370879650116,0.07140369713306427,-0.10000000149011612,0.38945922118449955,0.07676674351698808,0.004892811716623551,0.08165955523361162,1.7136887311935411,-2.40003556366882,0.1432972254217193,0.497425019254557,0.6571200489997864,-0.23149195313453674,False,False,False,-0.3931454983803108,False
pure,2,14,0,0.24977559582751094,200,-107.33059876082423,0.42541219574149314,85.08243914829863,0.5098359525633966,0.31442554803354283,1,0,1,0.005,0.0,0.005,161,0.4612981081008911,-1.6000099182128906,0.27624496817588806,-0.15017370879650116,0.07167436182498932,-0.10000000149011612,0.3860888466869816,0.07544360632353071,0.004799002964571851,0.08024260928810256,1.7201846837997439,-2.400034951316495,0.14129471093479895,0.4980137472167853,0.6542263627052307,-0.2288798838853836,False,False,False,-0.3897798483704552,False
pure,2,14,0,0.24977559582751094,200,-107.33059876082423,0.42541219574149314,85.08243914829863,0.5098359525633966,0.31442554803354283,1,0,1,0.005,0.0,0.005,162,0.46846553683280945,-1.610010027885437,0.27624496817588806,-0.15017370879650116,0.07193967700004578,-0.10000000149011612,0.38270846404724146,0.07409288646695546,0.004703220556956857,0.07879610702391232,1.7265522480010986,-2.4000343261988215,0.1392131304707925,0.4985938019270803,0.6513141393661499,-0.22625842690467834,False,False,False,-0.3864041084110024,False
pure,2,14,0,0.24977559582751094,200,-107.33059876082423,0.42541219574149314,85.08243914829863,0.5098359525633966,0.31442554803354283,1,0,1,0.005,0.0,0.005,163,0.4756595194339752,-1.620010256767273,0.27624496817588806,-0.15017370879650116,0.07219937443733215,-0.10000000149011612,0.3793182993824107,0.07267219306431241,0.0046025034040698635,0.07727469646838228,1.7327849864959717,-2.400033668697156,0.13697144820763815,0.4991645162946121,0.6483830809593201,-0.223628431558609,False,False,False,-0.38301849880763117,False
pure,2,14,0,0.24977559582751094,200,-107.33059876082423,0.42541219574149314,85.08243914829863,0.5098359525633966,0.31442554803354283,1,0,1,0.005,0.0,0.005,164,0.4828794598579407,-1.6300103664398193,0.27624496817588806,-0.15017370879650116,0.0724530816078186,-0.10000000149011612,0.37591861122060105,0.0711544967044936,0.004494938970254627,0.07564943567474823,1.738873958587648,-2.4000329663021964,0.1345167030659821,0.49972500255738705,0.6454329490661621,-0.2209906280040741,False,False,False,-0.3796232711594133,False
pure,2,14,0,0.24977559582751094,200,-107.33059876082423,0.42541219574149314,85.08243914829863,0.5098359525633966,0.31442554803354283,1,0,1,0.005,0.0,0.005,165,0.49012476205825806,-1.6400104761123657,0.27624496817588806,-0.15017370879650116,0.07270066440105438,-0.10000000149011612,0.372509620301959,0.0696014004341196,0.0043848502525527635,0.07398625068667236,1.744815945625305,-2.4000322475240403,0.13196541532199446,0.500274858454562,0.6424634456634521,-0.21834586560726166,False,False,False,-0.37621864285373396,False
pure,2,14,0,0.24977559582751094,200,-107.33059876082423,0.42541219574149314,85.08243914829863,0.5098359525633966,0.31442554803354283,1,0,1,0.005,0.0,0.005,166,0.4973948299884796,-1.650010585784912,0.27624496817588806,-0.15017370879650116,0.0729418396949768,-0.10000000149011612,0.3690917437433096,0.06797436594344736,0.004269549613291943,0.0722439155567393,1.7506041526794434,-2.400031494527029,0.12924326083569743,0.5008133720413774,0.6394745111465454,-0.21569480001926422,False,False,False,-0.3728050254194828,False
pure,2,14,0,0.24977559582751094,200,-107.33059876082423,0.42541219574149314,85.08243914829863,0.5098359525633966,0.31442554803354283,1,0,1,0.005,0.0,0.005,167,0.5046890377998352,-1.660010814666748,0.27624496817588806,-0.15017370879650116,0.07317635416984558,-0.10000000149011612,0.36566515505201785,0.06628104815030027,0.0041495639922023205,0.07043061214250258,1.7562325000762937,-2.400030710853882,0.12636401191861807,0.501339888757705,0.6364657878875732,-0.213038370013237,False,False,False,-0.36938258722312417,False
pure,2,14,0,0.24977559582751094,200,-107.33059876082423,0.42541219574149314,85.08243914829863,0.5098359525633966,0.31442554803354283,1,0,1,0.005,0.0,0.005,168,0.5120066404342651,-1.6700109243392944,0.27624496817588806,-0.15017370879650116,0.07340402901172638,-0.10000000149011612,0.36223016808812025,0.06454068356491431,0.004026249538204383,0.06856693310311869,1.761696696281433,-2.4000299054073224,0.12336422831037788,0.5018539063756648,0.6334370970726013,-0.21037733554840088,False,False,False,-0.36595163765434624,False
pure,2,14,0,0.24977559582751094,200,-107.33059876082423,0.42541219574149314,85.08243914829863,0.5098359525633966,0.31442554803354283,1,0,1,0.005,0.0,0.005,169,0.519347071647644,-1.6800110340118408,0.27624496817588806,-0.15017370879650116,0.07362475991249084,-0.10000000149011612,0.35878698941297565,0.06277252197082901,0.0039009670069247997,0.06667348897775381,1.7669942378997805,-2.400029087096214,0.12028111890531443,0.502355077704437,0.6303881406784058,-0.20771253108978271,False,False,False,-0.3625123814863685,False
pure,2,14,0,0.24977559582751094,200,-107.33059876082423,0.42541219574149314,85.08243914829863,0.5098359525633966,0.31442554803354283,1,0,1,0.005,0.0,0.005,170,0.5267094969749451,-1.6900111436843872,0.27624496817588806,-0.15017370879650116,0.07383820414543152,-0.10000000149011612,0.3553359280623148,0.06091489013967898,0.003769388654372794,0.06468427879405178,1.7721168994903562,-2.4000282273779803,0.1169949454175766,0.5028425566436769,0.6273187398910522,-0.2050447165966034,False,False,False,-0.3590651201553295,False
pure,2,14,0,0.24977559582751094,200,-107.33059876082423,0.42541219574149314,85.08243914829863,0.5098359525633966,0.31442554803354283,1,0,1,0.005,0.0,0.005,171,0.5340933203697205,-1.7000112533569336,0.27624496817588806,-0.15017370879650116,0.07404415309429169,-0.10000000149011612,0.35187731579484793,0.05900240454262406,0.0036339292521566087,0.06263633379478066,1.7770596742630005,-2.40002734227324,0.1135723233623117,0.5033157746576866,0.6242287158966064,-0.20237481594085693,False,False,False,-0.35561018117310855,False
pure,2,14,0,0.24977559582751094,200,-107.33059876082423,0.42541219574149314,85.08243914829863,0.5098359525633966,0.31442554803354283,1,0,1,0.005,0.0,0.005,172,0.5414977669715881,-1.71001136302948,0.27624496817588806,-0.15017370879650116,0.07424269616603851,-0.10000000149011612,0.3484115123329355,0.0571121253449898,0.00350001836706051,0.06061214371205031,1.781824707984924,-2.400026467445696,0.11016393278272613,0.5037747910442814,0.6211179494857788,-0.19970357418060303,False,False,False,-0.35214792515613574,False
pure,2,14,0,0.24977559582751094,200,-107.33059876082423,0.42541219574149314,85.08243914829863,0.5098359525633966,0.31442554803354283,1,0,1,0.005,0.0,0.005,173,0.5489220023155212,-1.7200114727020264,0.27624496817588806,-0.15017370879650116,0.0744333416223526,-0.10000000149011612,0.3449386053932542,0.05509378382233637,0.0033571190929451364,0.05845090291528151,1.7864001989364626,-2.4000255333504787,0.10647671792195089,0.5042184440356228,0.6179860234260559,-0.1970319151878357,False,False,False,-0.3486784304333562,False
pure,2,14,0,0.24977559582751094,200,-107.33059876082423,0.42541219574149314,85.08243914829863,0.5098359525633966,0.31442554803354283,1,0,1,0.005,0.0,0.005,174,0.5563653707504272,-1.7300115823745728,0.27624496817588806,-0.15017370879650116,0.07461611926555634,-0.10000000149011612,0.3414590114339139,0.0530821484083106,0.0032146575543691765,0.05629680596267978,1.790786862373352,-2.4000246023588714,0.10277407121479999,0.5046466693323511,0.614832878112793,-0.194360613822937,False,False,False,-0.345202113015845,False
pure,2,14,0,0.24977559582751094,200,-107.33059876082423,0.42541219574149314,85.08243914829863,0.5098359525633966,0.31442554803354283,1,0,1,0.005,0.0,0.005,175,0.5638269782066345,-1.7400116920471191,0.27624496817588806,-0.15017370879650116,0.07479088008403778,-0.10000000149011612,0.33797303438224247,0.051031019147901355,0.0030694311942853388,0.05410045034218669,1.7949811220169067,-2.400023653089379,0.09896642347558142,0.505059029430166,0.6116583347320557,-0.19169050455093384,False,False,False,-0.34171927370168614,False
pure,2,14,0,0.24977559582751094,200,-107.33059876082423,0.42541219574149314,85.08243914829863,0.5098359525633966,0.31442554803354283,1,0,1,0.005,0.0,0.005,176,0.571306049823761,-1.7500118017196655,0.27624496817588806,-0.15017370879650116,0.07495754957199097,-0.10000000149011612,0.33448103735681006,0.04895962665466975,0.0029227779107813922,0.05188240456545114,1.7989811897277832,-2.4000226944419945,0.09509218072453497,0.5054552468498515,0.6084622740745544,-0.18902245163917542,False,False,False,-0.33823027359779306,False
pure,2,14,0,0.24977559582751094,200,-107.33059876082423,0.42541219574149314,85.08243914829863,0.5098359525633966,0.31442554803354283,1,0,1,0.005,0.0,0.005,177,0.5788018107414246,-1.760011911392212,0.27624496817588806,-0.15017370879650116,0.07511602342128754,-0.10000000149011612,0.33098262873832784,0.04664297737482259,0.0025568835343356294,0.04919986090915822,1.802784562110901,-2.4003071269011573,0.09022454531234024,0.5058311824553197,0.6052438020706177,-0.1863574981689453,False,False,False,-0.33473471817915046,False
pure,2,14,0,0.24977559582751094,200,-107.33059876082423,0.42541219574149314,85.08243914829863,0.5098359525633966,0.31442554803354283,1,0,1,0.005,0.0,0.005,178,0.5863134264945984,-1.7700132131576538,0.27624496817588806,-0.15017370879650116,0.0752667635679245,-0.10000000149011612,0.32747878584449275,0.04488736069318489,0.0026418997048944294,0.04752926039807932,1.8064023256301882,-2.400295568155219,0.08742597290073897,0.5061954573424061,0.6020034551620483,-0.18369626998901367,False,False,False,-0.3312335932571171,False
pure,2,14,0,0.24977559582751094,200,-107.33059876082423,0.42541219574149314,85.08243914829863,0.5098359525633966,0.31442554803354283,1,0,1,0.005,0.0,0.005,179,0.5938401222229004,-1.7800143957138062,0.27624496817588806,-0.15017370879650116,0.07540906965732574,-0.10000000149011612,0.3239697870736256,0.042726365944459034,0.0024908395882194258,0.04521720553267846,1.809817671775818,-2.4002813404541854,0.08330564792271013,0.5065425642087508,0.5987410545349121,-0.1810394823551178,False,False,False,-0.32772716314841654,False
pure,2,14,0,0.24977559582751094,200,-107.33059876082423,0.42541219574149314,85.08243914829863,0.5098359525633966,0.31442554803354283,1,0,1,0.005,0.0,0.005,180,0.6013810038566589,-1.7900155782699585,0.27624496817588806,-0.15017370879650116,0.07554280757904053,-0.10000000149011612,0.3204560970080953,0.04052778372531675,0.0023354270012878784,0.04286321072660463,1.8130273818969727,-2.400266865282263,0.07908362966907456,0.5068720793323719,0.595456600189209,-0.17838793992996216,False,False,False,-0.3242158902002435,False
pure,2,14,0,0.24977559582751094,200,-107.33059876082423,0.42541219574149314,85.08243914829863,0.5098359525633966,0.31442554803354283,1,0,1,0.005,0.0,0.005,181,0.6089352965354919,-1.8000166416168213,0.27624496817588806,-0.15017370879650116,0.07566820085048676,-0.10000000149011612,0.3169379504972537,0.038385492661269914,0.002183568169664099,0.04056906083093401,1.816036820411682,-2.4002527607237933,0.07495058356997342,0.5071843734305801,0.5921498537063599,-0.17574256658554077,False,False,False,-0.32070001239119367,False
pure,2,14,0,0.24977559582751094,200,-107.33059876082423,0.42541219574149314,85.08243914829863,0.5098359525633966,0.31442554803354283,1,0,1,0.005,0.0,0.005,182,0.6165021061897278,-1.810017704963684,0.27624496817588806,-0.15017370879650116,0.07578499615192413,-0.10000000149011612,0.3134156802890525,0.036177232291870705,0.002027635829650368,0.038204868121521074,1.8188399076461794,-2.400238221832221,0.0706674028589238,0.5074788209424923,0.5888206958770752,-0.17310407757759094,False,False,False,-0.31717985755183553,False
pure,2,14,0,0.24977559582751094,200,-107.33059876082423,0.42541219574149314,85.08243914829863,0.5098359525633966,0.31442554803354283,1,0,1,0.005,0.0,0.005,183,0.6240805983543396,-1.8200187683105469,0.27624496817588806,-0.15017370879650116,0.07589323818683624,-0.10000000149011612,0.30988956650297267,0.033979079222575724,0.0018720801364961986,0.035851159359071925,1.8214377164840698,-2.4002237494857637,0.06638418767195835,0.5077554217244588,0.5854689478874207,-0.17047327756881714,False,False,False,-0.3136557058016501,False
pure,2,14,0,0.24977559582751094,200,-107.33059876082423,0.42541219574149314,85.08243914829863,0.5098359525633966,0.31442554803354283,1,0,1,0.005,0.0,0.005,184,0.6316699385643005,-1.8300195932388306,0.27624496817588806,-0.15017370879650116,0.07599298655986786,-0.10000000149011612,0.30636012572170257,0.031795251700392504,0.0017175341293998209,0.03351278582979233,1.8238316774368286,-2.4002093714567967,0.06211162875643538,0.5080142201776106,0.582094669342041,-0.16785097122192383,False,False,False,-0.31012807506443024,False
pure,2,14,0,0.24977559582751094,200,-107.33059876082423,0.42541219574149314,85.08243914829863,0.5098359525633966,0.31442554803354283,1,0,1,0.005,0.0,0.005,185,0.639269232749939,-1.8400205373764038,0.27624496817588806,-0.15017370879650116,0.0760841816663742,-0.10000000149011612,0.3028276935951884,0.029595087378377332,0.0015619953245171467,0.031157082702894478,1.826020359992981,-2.40019488586852,0.057790325298344894,0.508255013199687,0.5786977410316467,-0.1652379333972931,False,False,False,-0.30659729875494796,False
pure,2,14,0,0.24977559582751094,200,-107.33059876082423,0.42541219574149314,85.08243914829863,0.5098359525633966,0.31442554803354283,1,0,1,0.005,0.0,0.005,186,0.646877646446228,-1.8500213623046875,0.27624496817588806,-0.15017370879650116,0.0761670470237732,-0.10000000149011612,0.29929254377919035,0.027451308475561275,0.0014101185709333548,0.02886142704649463,1.8280091285705566,-2.400180771514319,0.05356578196404179,0.5084782039578706,0.5752779841423035,-0.16263487935066223,False,False,False,-0.3030636549993117,False
pure,2,14,0,0.24977559582751094,200,-107.33059876082423,0.42541219574149314,85.08243914829863,0.5098359525633966,0.31442554803354283,1,0,1,0.005,0.0,0.005,187,0.6544943451881409,-1.8600220680236816,0.27624496817588806,-0.15017370879650116,0.07624125480651855,-0.10000000149011612,0.295755250103166,0.025222369908780535,0.001252905768708909,0.026475275677489443,1.8297901153564455,-2.4001660964802545,0.04915882509309013,0.5086830323957584,0.5718355178833008,-0.16004252433776855,False,False,False,-0.2995277104744219,False
pure,2,14,0,0.24977559582751094,200,-107.33059876082423,0.42541219574149314,85.08243914829863,0.5098359525633966,0.31442554803354283,1,0,1,0.005,0.0,0.005,188,0.6621184945106506,-1.8700227737426758,0.27624496817588806,-0.15017370879650116,0.07630720734596252,-0.10000000149011612,0.2922160342770839,0.023095488995988213,0.0011020483884306945,0.024197537384418908,1.8313729763031006,-2.4001520933801643,0.04494153816825661,0.5088702888047928,0.5683701038360596,-0.15746167302131653,False,False,False,-0.29598969448983914,False
pure,2,14,0,0.24977559582751094,200,-107.33059876082423,0.42541219574149314,85.08243914829863,0.5098359525633966,0.31442554803354283,1,0,1,0.005,0.0,0.005,189,0.6697492003440857,-1.8800233602523804,0.27624496817588806,-0.15017370879650116,0.07636488974094391,-0.10000000149011612,0.2886754147848574,0.02096423899872141,0.0009513974583637878,0.0219156364570852,1.832757353782654,-2.4001380615146046,0.04070584844281095,0.5090398965066378,0.5648818016052246,-0.15489304065704346,False,False,False,-0.29245012508244195,False
pure,2,14,0,0.24977559582751094,200,-107.33059876082423,0.42541219574149314,85.08243914829863,0.5098359525633966,0.31442554803354283,1,0,1,0.005,0.0,0.005,190,0.677385687828064,-1.890023946762085,0.27624496817588806,-0.15017370879650116,0.07641430199146271,-0.10000000149011612,0.28513385389756163,0.018831921998565117,0.0008006755802460754,0.01963259757881119,1.833943247795105,-2.4001240226240412,0.03645839688674964,0.5091918064936659,0.5613706111907959,-0.15233725309371948,False,False,False,-0.28890946407627066,False
pure,2,14,0,0.24977559582751094,200,-107.33059876082423,0.42541219574149314,85.08243914829863,0.5098359525633966,0.31442554803354283,1,0,1,0.005,0.0,0.005,191,0.6850271224975586,-1.9000245332717896,0.27624496817588806,-0.15017370879650116,0.0764557421207428,-0.10000000149011612,0.28159170236119724,0.01677527415034929,0.0006549601546473362,0.017430234304996624,1.834937810897827,-2.4001104819290804,0.03235356155906779,0.509326613000162,0.5578364133834839,-0.1497950255870819,False,False,False,-0.28536806758174393,False
pure,2,14,0,0.24977559582751094,200,-107.33059876082423,0.42541219574149314,85.08243914829863,0.5098359525633966,0.31442554803354283,1,0,1,0.005,0.0,0.005,192,0.6926726698875427,-1.9100250005722046,0.27624496817588806,-0.15017370879650116,0.07648912072181702,-0.10000000149011612,0.2780496155521967,0.014694977457342094,0.0005080567484570167,0.015203034205799111,1.8357388973236084,-2.400096785533271,0.028195527082576628,0.5094440943630061,0.5542793869972229,-0.1472669541835785,False,False,False,-0.2818265887401201,False
pure,2,14,0,0.24977559582751094,200,-107.33059876082423,0.42541219574149314,85.08243914829863,0.5098359525633966,0.31442554803354283,1,0,1,0.005,0.0,0.005,193,0.700321614742279,-1.92002534866333,0.27624496817588806,-0.15017370879650116,0.07651451230049133,-0.10000000149011612,0.2745079589830604,0.012632721058449816,0.000362253231270582,0.012994974289720398,1.836348295211792,-2.4000832079123615,0.024067513676954942,0.5095443756699934,0.5506994128227234,-0.14475375413894653,False,False,False,-0.2782853948520389,False
pure,2,14,0,0.24977559582751094,200,-107.33059876082423,0.42541219574149314,85.08243914829863,0.5098359525633966,0.31442554803354283,1,0,1,0.005,0.0,0.005,194,0.707973062992096,-1.9300256967544556,0.27624496817588806,-0.15017370879650116,0.07653231918811798,-0.10000000149011612,0.27096734702071773,0.010673114617119285,0.0002233247976598618,0.010896439414779148,1.8367756605148315,-2.400070306125062,0.0201401123660946,0.5096282928048522,0.5470966100692749,-0.1422560214996338,False,False,False,-0.27474510788402184,False
pure,2,14,0,0.24977559582751094,200,-107.33059876082423,0.42541219574149314,85.08243914829863,0.5098359525633966,0.31442554803354283,1,0,1,0.005,0.0,0.005,195,0.7156262993812561,-1.940026044845581,0.27624496817588806,-0.15017370879650116,0.07654252648353577,-0.10000000149011612,0.2674281097108563,0.008709221121504268,8.461070895834698e-05,0.008793831830462616,1.8370206356048582,-2.4000573761123802,0.016202089476382606,0.5096958015110038,0.5434707999229431,-0.13977432250976562,False,False,False,-0.2712060565406521,False
pure,2,14,0,0.24977559582751094,200,-107.33059876082423,0.42541219574149314,85.08243914829863,0.5098359525633966,0.31442554803354283,1,0,1,0.005,0.0,0.005,196,0.7232805490493774,-1.950026273727417,0.27624496817588806,-0.15017370879650116,0.07654525339603424,-0.10000000149011612,0.2638910059861025,0.006775029617770862,5.214487541767301e-05,0.006827174493188535,1.837086081504822,-2.4000446416536394,0.012571462641425668,0.509748182605343,0.5398222208023071,-0.13730928301811218,False,False,False,-0.2676690024367651,False
pure,2,14,0,0.24977559582751094,200,-107.33059876082423,0.42541219574149314,85.08243914829863,0.5098359525633966,0.31442554803354283,1,0,1,0.005,0.0,0.005,197,0.7309350371360779,-1.9600263833999634,0.27624496817588806,-0.15017370879650116,0.07654069364070892,-0.10000000149011612,0.26035657529986556,0.004889904740304624,0.00018550658838422526,0.005075411328688849,1.8369766473770142,-2.400032230243023,0.009427862606882323,0.509787465366205,0.5361508727073669,-0.13486143946647644,False,False,False,-0.26413448904908354,False
pure,2,14,0,0.24977559582751094,200,-107.33059876082423,0.42541219574149314,85.08243914829863,0.5098359525633966,0.31442554803354283,1,0,1,0.005,0.0,0.005,198,0.7385891079902649,-1.9700266122817993,0.27624496817588806,-0.15017370879650116,0.07652914524078369,-0.10000000149011612,0.2568254946400234,0.002877600875073027,0.000313605492536963,0.00319120636760999,1.8366792020715315,-2.4000000357627918,0.006037882872413587,0.5098126232115068,0.5324568748474121,-0.13243132829666138,False,False,False,-0.26060319783583374,False
pure,2,14,0,0.24977559582751094,200,-107.33059876082423,0.42541219574149314,85.08243914829863,0.5098359525633966,0.31442554803354283,1,0,1,0.005,0.0,0.005,199,0.7462419867515564,-1.9800266027450562,0.27624496817588806,-0.15017370879650116,0.07651057839393616,-0.10000000149011612,0.25329828021655837,0.0013689794613513414,0.00044288518430870335,0.0018118646456600448,1.8362442317567271,-2.4000000357627815,0.003576705097479526,0.509827526149413,0.5287401676177979,-0.13001951575279236,False,False,False,-0.2570756445599631,False
pure,2,14,0,0.24977559582751094,200,-107.33059876082423,0.42541219574149314,85.08243914829863,0.5098359525633966,0.31442554803354283,1,0,1,0.005,0.0,0.005,200,0.7538929581642151,-1.990026593208313,0.27624496817588806,-0.15017370879650116,0.07648526132106781,-0.10000000149011612,0.24977559582751094,0.00036281586745390916,0.0005651403389967064,0.0009279562064506155,1.8356488291314732,-2.4000000357627864,0.0020223393560851767,0.5098359525633966,0.525000810623169,-0.1276264786720276,False,False,False,-0.25355249883096515,True
