mode,seed,episode_idx,success,final_distance,length,return,tau_effort,tau_sum_total,energy,target_radius,torque_sat1_count,torque_sat2_count,torque_sat_any_count,torque_sat1_rate,torque_sat2_rate,torque_sat_any_rate,step,theta1,theta2,target_x,target_y,action0,action1,distance,tau1,tau2,tau_sum,omega1,omega2,power,cumulative_energy,tip_x,tip_y,sat1,sat2,sat_any,reward,done
pure,3,17,0,0.08002006356061056,200,-62.1751932630986,0.4794350319185056,95.88700638370112,0.5756270334405278,0.5728951809927402,1,0,1,0.005,0.0,0.005,0,0.0,0.0,0.40239521861076355,-0.40778300166130066,0.0,0.0,0.7234766417674986,0.0,0.0,0.0,0.0,0.0,0.0,0.0,1.0,0.0,False,False,False,0.0,False
pure,3,17,0,0.08002006356061056,200,-62.1751932630986,0.4794350319185056,95.88700638370112,0.5756270334405278,0.5728951809927402,1,0,1,0.005,0.0,0.005,1,0.0,0.0,0.40239521861076355,-0.40778300166130066,-0.10000000149011612,-0.10000000149011612,0.7166977348346402,20.0,3.1105159320256677,23.110515932025667,-1.6857737576570138,-2.400000035762787,41.18071350124259,0.17158630625517746,0.9999152421951294,-0.012023617513477802,True,False,True,-0.7209403757173707,False
pure,3,17,0,0.08002006356061056,200,-62.1751932630986,0.4794350319185056,95.88700638370112,0.5756270334405278,0.5728951809927402,1,0,1,0.005,0.0,0.005,2,-0.00702405720949173,-0.009999999776482582,0.40239521861076355,-0.40778300166130066,-0.10000000149011612,-0.10000000149011612,0.7082491163021403,7.70733011086543,0.5461881733495724,8.253518284215003,-2.400000035762787,-2.399748214650084,19.808306635571267,0.2541209172367244,0.9995849132537842,-0.027018895372748375,False,False,False,-0.7124917571848708,False
pure,3,17,0,0.08002006356061056,200,-62.1751932630986,0.4794350319185056,95.88700638370112,0.5756270334405278,0.5728951809927402,1,0,1,0.005,0.0,0.005,3,-0.017024056985974312,-0.019998950883746147,0.40239521861076355,-0.40778300166130066,-0.10000000149011612,-0.10000000149011612,0.6998110462240982,0.012964453801222048,0.003658842271611695,0.01662329607283374,-2.4000000357627864,-2.39991467952911,0.039895598864300455,0.254287148898659,0.9990047216415405,-0.04200625792145729,False,False,False,-0.7040536871068287,False
pure,3,17,0,0.08002006356061056,200,-62.1751932630986,0.4794350319185056,95.88700638370112,0.5756270334405278,0.5728951809927402,1,0,1,0.005,0.0,0.005,4,-0.027024056762456894,-0.029998594895005226,0.40239521861076355,-0.40778300166130066,-0.10000000149011612,-0.10000000149011612,0.6913867235358143,0.012838578235293366,0.003532966705674115,0.01637154494096748,-2.400000035762787,-2.3999155082770383,0.03929140981102116,0.2544508631062049,0.9981749653816223,-0.05698089301586151,False,False,False,-0.6956293644185448,False
pure,3,17,0,0.08002006356061056,200,-62.1751932630986,0.4794350319185056,95.88700638370112,0.5756270334405278,0.5728951809927402,1,0,1,0.005,0.0,0.005,5,-0.037024058401584625,-0.03999824449419975,0.40239521861076355,-0.40778300166130066,-0.10000000149011612,-0.10000000149011612,0.682979113518464,0.012837951561884416,0.0035323400322740633,0.016370291594158478,-2.4000000357627864,-2.399915512402972,0.03928840184618006,0.254614564780564,0.9970958232879639,-0.07193826884031296,False,False,False,-0.6872217544011945,False
pure,3,17,0,0.08002006356061056,200,-62.1751932630986,0.4794350319185056,95.88700638370112,0.5756270334405278,0.5728951809927402,1,0,1,0.005,0.0,0.005,6,-0.04702405631542206,-0.04999789223074913,0.40239521861076355,-0.40778300166130066,-0.10000000149011612,-0.10000000149011612,0.6745913745523552,0.012837948441991012,0.0035323369123717585,0.01637028535436277,-2.400000035762787,-2.3999155124235125,0.0392883868710064,0.25477826639252654,0.9957677125930786,-0.08687393367290497,False,False,False,-0.6788340154350857,False
pure,3,17,0,0.08002006356061056,200,-62.1751932630986,0.4794350319185056,95.88700638370112,0.5756270334405278,0.5728951809927402,1,0,1,0.005,0.0,0.005,7,-0.05702405795454979,-0.05999753996729851,0.40239521861076355,-0.40778300166130066,-0.10000000149011612,-0.10000000149011612,0.666226726899311,0.012837948426449189,0.003532336896838834,0.016370285323288023,-2.4000000357627864,-2.3999155124236147,0.03928838679642867,0.25494196800417834,0.99419105052948,-0.1017833799123764,False,False,False,-0.6704693677820415,False
pure,3,17,0,0.08002006356061056,200,-62.1751932630986,0.4794350319185056,95.88700638370112,0.5756270334405278,0.5728951809927402,1,0,1,0.005,0.0,0.005,8,-0.06702405959367752,-0.06999718397855759,0.40239521861076355,-0.40778300166130066,-0.10000000149011612,-0.10000000149011612,0.6578884384787226,0.012837948426382013,0.0035323368967627635,0.016370285323144777,-2.400000035762787,-2.3999155124236156,0.039288386796084894,0.2551056696158287,0.9923663139343262,-0.11666218936443329,False,False,False,-0.6621310793614531,False
pure,3,17,0,0.08002006356061056,200,-62.1751932630986,0.4794350319185056,95.88700638370112,0.5756270334405278,0.5728951809927402,1,0,1,0.005,0.0,0.005,9,-0.07702405750751495,-0.07999683171510696,0.40239521861076355,-0.40778300166130066,-0.10000000149011612,-0.10000000149011612,0.6495801249991376,0.012837948426371815,0.0035323368967614625,0.016370285323133275,-2.4000000357627864,-2.399915512423616,0.0392883867960573,0.25526937122747895,0.9902942776679993,-0.13150586187839508,False,False,False,-0.6538227658818682,False
pure,3,17,0,0.08002006356061056,200,-62.1751932630986,0.4794350319185056,95.88700638370112,0.5756270334405278,0.5728951809927402,1,0,1,0.005,0.0,0.005,10,-0.08702405542135239,-0.08999648690223694,0.40239521861076355,-0.40778300166130066,-0.10000000149011612,-0.10000000149011612,0.6413052512711723,0.01283794842638067,0.0035323368967614182,0.016370285323142088,-2.400000035762787,-2.399915512423615,0.03928838679607844,0.25543307283912925,0.987975537776947,-0.1463099867105484,False,False,False,-0.6455478921539028,False
pure,3,17,0,0.08002006356061056,200,-62.1751932630986,0.4794350319185056,95.88700638370112,0.5756270334405278,0.5728951809927402,1,0,1,0.005,0.0,0.005,11,-0.09702406078577042,-0.09999613463878632,0.40239521861076355,-0.40778300166130066,-0.10000000149011612,-0.10000000149011612,0.6330675755710964,0.01283794842637249,0.003532336896762135,0.016370285323134625,-2.4000000357627864,-2.3999155124236164,0.03928838679606053,0.2555967744507795,0.9854109287261963,-0.1610700935125351,False,False,False,-0.6373102164538269,False
pure,3,17,0,0.08002006356061056,200,-62.1751932630986,0.4794350319185056,95.88700638370112,0.5756270334405278,0.5728951809927402,1,0,1,0.005,0.0,0.005,12,-0.10702405869960785,-0.1099957823753357,0.40239521861076355,-0.40778300166130066,-0.10000000149011612,-0.10000000149011612,0.6248708673920829,0.01283794842638067,0.0035323368967614182,0.016370285323142088,-2.400000035762787,-2.3999155124236156,0.03928838679607845,0.2557604760624298,0.9826012849807739,-0.17578183114528656,False,False,False,-0.6291135082748134,False
pure,3,17,0,0.08002006356061056,200,-62.1751932630986,0.4794350319185056,95.88700638370112,0.5756270334405278,0.5728951809927402,1,0,1,0.005,0.0,0.005,13,-0.11702405661344528,-0.11999543011188507,0.40239521861076355,-0.40778300166130066,-0.10000000149011612,-0.10000000149011612,0.6167191661163773,0.012837948426371818,0.0035323368967614625,0.016370285323133282,-2.4000000357627864,-2.399915512423616,0.0392883867960573,0.25592417767408004,0.9795476198196411,-0.19044074416160583,False,False,False,-0.6209618069991079,False
pure,3,17,0,0.08002006356061056,200,-62.1751932630986,0.4794350319185056,95.88700638370112,0.5756270334405278,0.5728951809927402,1,0,1,0.005,0.0,0.005,14,-0.12702405452728271,-0.12999507784843445,0.40239521861076355,-0.40778300166130066,-0.10000000149011612,-0.10000000149011612,0.608616597336827,0.01283794842638067,0.0035323368967614182,0.016370285323142088,-2.400000035762787,-2.399915512423615,0.03928838679607844,0.25608787928573035,0.9762510061264038,-0.20504248142242432,False,False,False,-0.6128592382195576,False
pure,3,17,0,0.08002006356061056,200,-62.1751932630986,0.4794350319185056,95.88700638370112,0.5756270334405278,0.5728951809927402,1,0,1,0.005,0.0,0.005,15,-0.13702405989170074,-0.13999472558498383,0.40239521861076355,-0.40778300166130066,-0.10000000149011612,-0.10000000149011612,0.6005672445280565,0.012837948426372491,0.0035323368967621355,0.01637028532313463,-2.4000000357627864,-2.3999155124236164,0.03928838679606053,0.2562515808973806,0.9727123975753784,-0.2195827066898346,False,False,False,-0.6048098854107871,False
pure,3,17,0,0.08002006356061056,200,-62.1751932630986,0.4794350319185056,95.88700638370112,0.5756270334405278,0.5728951809927402,1,0,1,0.005,0.0,0.005,16,-0.14702406525611877,-0.1499943733215332,0.40239521861076355,-0.40778300166130066,-0.10000000149011612,-0.10000000149011612,0.5925756041175178,0.01283794842638067,0.0035323368967614182,0.016370285323142088,-2.400000035762787,-2.3999155124236156,0.03928838679607845,0.2564152825090309,0.96893310546875,-0.23405709862709045,False,False,False,-0.5968182450002483,False
pure,3,17,0,0.08002006356061056,200,-62.1751932630986,0.4794350319185056,95.88700638370112,0.5756270334405278,0.5728951809927402,1,0,1,0.005,0.0,0.005,17,-0.1570240557193756,-0.15999402105808258,0.40239521861076355,-0.40778300166130066,-0.10000000149011612,-0.10000000149011612,0.5846462639869405,0.012837948426371815,0.0035323368967614625,0.016370285323133275,-2.4000000357627864,-2.399915512423616,0.0392883867960573,0.25657898412068114,0.9649144411087036,-0.24846132099628448,False,False,False,-0.588888904869671,False
pure,3,17,0,0.08002006356061056,200,-62.1751932630986,0.4794350319185056,95.88700638370112,0.5756270334405278,0.5728951809927402,1,0,1,0.005,0.0,0.005,18,-0.16702406108379364,-0.16999366879463196,0.40239521861076355,-0.40778300166130066,-0.10000000149011612,-0.10000000149011612,0.5767838840882972,0.012837948426382011,0.0035323368967627635,0.016370285323144773,-2.400000035762787,-2.399915512423617,0.0392883867960849,0.2567426857323315,0.9606577157974243,-0.26279109716415405,False,False,False,-0.5810265249710277,False
pure,3,17,0,0.08002006356061056,200,-62.1751932630986,0.4794350319185056,95.88700638370112,0.5756270334405278,0.5728951809927402,1,0,1,0.005,0.0,0.005,19,-0.17702406644821167,-0.17999331653118134,0.40239521861076355,-0.40778300166130066,-0.10000000149011612,-0.10000000149011612,0.5689934425323192,0.012837948426370469,0.0035323368967601168,0.016370285323130587,-2.4000000357627864,-2.3999155124236156,0.03928838679605083,0.2569063873439817,0.9561644792556763,-0.2770421802997589,False,False,False,-0.5732360834150497,False
pure,3,17,0,0.08002006356061056,200,-62.1751932630986,0.4794350319185056,95.88700638370112,0.5756270334405278,0.5728951809927402,1,0,1,0.005,0.0,0.005,20,-0.1870240569114685,-0.1899929642677307,0.40239521861076355,-0.40778300166130066,-0.10000000149011612,-0.10000000149011612,0.5612797792666794,0.012837948426391545,0.0035323368967633915,0.01637028532315494,-2.4000000357627878,-2.3999155124236164,0.0392883867961093,0.25707008895563216,0.9514360427856445,-0.2912103533744812,False,False,False,-0.5655224201494099,False
pure,3,17,0,0.08002006356061056,200,-62.1751932630986,0.4794350319185056,95.88700638370112,0.5756270334405278,0.5728951809927402,1,0,1,0.005,0.0,0.005,21,-0.19702406227588654,-0.1999926120042801,0.40239521861076355,-0.40778300166130066,-0.10000000149011612,-0.10000000149011612,0.5536483106214516,0.012837948426370467,0.0035323368967601168,0.016370285323130583,-2.4000000357627873,-2.399915512423615,0.03928838679605084,0.25723379056728235,0.9464741945266724,-0.3052913546562195,False,False,False,-0.5578909515041821,False
pure,3,17,0,0.08002006356061056,200,-62.1751932630986,0.4794350319185056,95.88700638370112,0.5756270334405278,0.5728951809927402,1,0,1,0.005,0.0,0.005,22,-0.20702406764030457,-0.20999225974082947,0.40239521861076355,-0.40778300166130066,-0.10000000149011612,-0.10000000149011612,0.546104410244741,0.01283794842636296,0.0035323368967615063,0.016370285323124466,-2.400000035762786,-2.3999155124236164,0.03928838679603615,0.2573974921789325,0.9412806034088135,-0.31928110122680664,False,False,False,-0.5503470511274715,False
pure,3,17,0,0.08002006356061056,200,-62.1751932630986,0.4794350319185056,95.88700638370112,0.5756270334405278,0.5728951809927402,1,0,1,0.005,0.0,0.005,23,-0.2170240581035614,-0.21999190747737885,0.40239521861076355,-0.40778300166130066,-0.10000000149011612,-0.10000000149011612,0.5386536402645158,0.012837948426389523,0.003532336896761373,0.016370285323150897,-2.4000000357627873,-2.3999155124236147,0.039288386796099584,0.2575611937905829,0.9358569979667664,-0.3331754207611084,False,False,False,-0.5428962811472463,False
pure,3,17,0,0.08002006356061056,200,-62.1751932630986,0.4794350319185056,95.88700638370112,0.5756270334405278,0.5728951809927402,1,0,1,0.005,0.0,0.005,24,-0.22702406346797943,-0.22999155521392822,0.40239521861076355,-0.40778300166130066,-0.10000000149011612,-0.10000000149011612,0.5313017164620065,0.012837948426382686,0.0035323368967634366,0.016370285323146123,-2.4000000357627878,-2.3999155124236164,0.03928838679608814,0.25772489540223326,0.9302051663398743,-0.34697026014328003,False,False,False,-0.535544357344737,False
pure,3,17,0,0.08002006356061056,200,-62.1751932630986,0.4794350319185056,95.88700638370112,0.5756270334405278,0.5728951809927402,1,0,1,0.005,0.0,0.005,25,-0.23702405393123627,-0.2399912029504776,0.40239521861076355,-0.40778300166130066,-0.10000000149011612,-0.10000000149011612,0.5240546479169554,0.012837948426370469,0.0035323368967601168,0.016370285323130587,-2.4000000357627873,-2.399915512423615,0.039288386796050845,0.25788859701388345,0.9243270754814148,-0.3606615960597992,False,False,False,-0.528297288799686,False
pure,3,17,0,0.08002006356061056,200,-62.1751932630986,0.4794350319185056,95.88700638370112,0.5756270334405278,0.5728951809927402,1,0,1,0.005,0.0,0.005,26,-0.2470240592956543,-0.24999085068702698,0.40239521861076355,-0.40778300166130066,-0.10000000149011612,-0.10000000149011612,0.5169185687608682,0.012837948426362959,0.0035323368967615067,0.016370285323124466,-2.400000035762786,-2.3999155124236164,0.03928838679603614,0.2580522986255336,0.9182246923446655,-0.3742453157901764,False,False,False,-0.5211612096435987,False
pure,3,17,0,0.08002006356061056,200,-62.1751932630986,0.4794350319185056,95.88700638370112,0.5756270334405278,0.5728951809927402,1,0,1,0.005,0.0,0.005,27,-0.25702404975891113,-0.25999051332473755,0.40239521861076355,-0.40778300166130066,-0.10000000149011612,-0.10000000149011612,0.5098998923632765,0.012837948426390198,0.003532336896762046,0.016370285323152243,-2.4000000357627873,-2.3999155124236156,0.039288386796102824,0.258216000237184,0.9119001626968384,-0.38771742582321167,False,False,False,-0.514142533246007,False
pure,3,17,0,0.08002006356061056,200,-62.1751932630986,0.4794350319185056,95.88700638370112,0.5756270334405278,0.5728951809927402,1,0,1,0.005,0.0,0.005,28,-0.26702407002449036,-0.26999014616012573,0.40239521861076355,-0.40778300166130066,-0.10000000149011612,-0.10000000149011612,0.5030050825929133,0.012837948426371816,0.0035323368967614625,0.01637028532313328,-2.400000035762787,-2.399915512423616,0.039288386796057305,0.25837970184883424,0.9053555727005005,-0.40107405185699463,False,False,False,-0.5072477234756438,False
pure,3,17,0,0.08002006356061056,200,-62.1751932630986,0.4794350319185056,95.88700638370112,0.5756270334405278,0.5728951809927402,1,0,1,0.005,0.0,0.005,29,-0.2770240604877472,-0.2799898087978363,0.40239521861076355,-0.40778300166130066,-0.10000000149011612,-0.10000000149011612,0.4962407788468058,0.012837948426371142,0.0035323368967607894,0.01637028532313193,-2.4000000357627864,-2.3999155124236156,0.039288386796054064,0.2585434034604845,0.8985930681228638,-0.41431131958961487,False,False,False,-0.5004834197295362,False
pure,3,17,0,0.08002006356061056,200,-62.1751932630986,0.4794350319185056,95.88700638370112,0.5756270334405278,0.5728951809927402,1,0,1,0.005,0.0,0.005,30,-0.28702405095100403,-0.2899894416332245,0.40239521861076355,-0.40778300166130066,-0.10000000149011612,-0.10000000149011612,0.48961396433664145,0.012837948426381343,0.003532336896762091,0.016370285323143434,-2.400000035762787,-2.3999155124236156,0.039288386796081674,0.25870710507213485,0.8916150331497192,-0.4274253249168396,False,False,False,-0.4938566052193719,False
pure,3,17,0,0.08002006356061056,200,-62.1751932630986,0.4794350319185056,95.88700638370112,0.5756270334405278,0.5728951809927402,1,0,1,0.005,0.0,0.005,31,-0.29702407121658325,-0.29998910427093506,0.40239521861076355,-0.40778300166130066,-0.10000000149011612,-0.10000000149011612,0.48313172331310367,0.012837948426371816,0.0035323368967614625,0.01637028532313328,-2.4000000357627864,-2.399915512423616,0.0392883867960573,0.2588708066837851,0.8844238519668579,-0.440412312746048,False,False,False,-0.48737436419583413,False
pure,3,17,0,0.08002006356061056,200,-62.1751932630986,0.4794350319185056,95.88700638370112,0.5756270334405278,0.5728951809927402,1,0,1,0.005,0.0,0.005,32,-0.3070240616798401,-0.30998873710632324,0.40239521861076355,-0.40778300166130066,-0.10000000149011612,-0.10000000149011612,0.47680115614319524,0.01283794842638067,0.0035323368967614182,0.016370285323142088,-2.400000035762787,-2.399915512423615,0.03928838679607844,0.2590345082954354,0.877021849155426,-0.4532683491706848,False,False,False,-0.4810437970259257,False
pure,3,17,0,0.08002006356061056,200,-62.1751932630986,0.4794350319185056,95.88700638370112,0.5756270334405278,0.5728951809927402,1,0,1,0.005,0.0,0.005,33,-0.3170240521430969,-0.3199883997440338,0.40239521861076355,-0.40778300166130066,-0.10000000149011612,-0.10000000149011612,0.47062971509550483,0.012837948426372486,0.0035323368967621355,0.01637028532313462,-2.4000000357627864,-2.3999155124236164,0.03928838679606052,0.25919820990708564,0.8694115877151489,-0.46598997712135315,False,False,False,-0.4748723559782353,False
pure,3,17,0,0.08002006356061056,200,-62.1751932630986,0.4794350319185056,95.88700638370112,0.5756270334405278,0.5728951809927402,1,0,1,0.005,0.0,0.005,34,-0.32702407240867615,-0.329988032579422,0.40239521861076355,-0.40778300166130066,-0.10000000149011612,-0.10000000149011612,0.4646248178756295,0.012837948426380674,0.0035323368967614182,0.01637028532314209,-2.400000035762787,-2.3999155124236156,0.039288386796078455,0.25936191151873594,0.8615955710411072,-0.4785733222961426,False,False,False,-0.46886745875835995,False
pure,3,17,0,0.08002006356061056,200,-62.1751932630986,0.4794350319185056,95.88700638370112,0.5756270334405278,0.5728951809927402,1,0,1,0.005,0.0,0.005,35,-0.337024062871933,-0.33998769521713257,0.40239521861076355,-0.40778300166130066,-0.10000000149011612,-0.10000000149011612,0.4587942053643174,0.012837948426371815,0.0035323368967614625,0.016370285323133275,-2.4000000357627864,-2.399915512423616,0.0392883867960573,0.2595256131303862,0.8535765409469604,-0.49101489782333374,False,False,False,-0.4630368462470479,False
pure,3,17,0,0.08002006356061056,200,-62.1751932630986,0.4794350319185056,95.88700638370112,0.5756270334405278,0.5728951809927402,1,0,1,0.005,0.0,0.005,36,-0.3470240533351898,-0.34998732805252075,0.40239521861076355,-0.40778300166130066,-0.10000000149011612,-0.10000000149011612,0.4531454965614956,0.01283794842638067,0.0035323368967614182,0.016370285323142088,-2.400000035762787,-2.399915512423615,0.03928838679607844,0.2596893147420365,0.8453571200370789,-0.503311038017273,False,False,False,-0.4573881374442261,False
pure,3,17,0,0.08002006356061056,200,-62.1751932630986,0.4794350319185056,95.88700638370112,0.5756270334405278,0.5728951809927402,1,0,1,0.005,0.0,0.005,37,-0.35702407360076904,-0.3599869906902313,0.40239521861076355,-0.40778300166130066,-0.10000000149011612,-0.10000000149011612,0.44768659077463346,0.01283794842637249,0.003532336896762135,0.016370285323134625,-2.4000000357627864,-2.3999155124236164,0.03928838679606053,0.25985301635368674,0.8369401693344116,-0.515458345413208,False,False,False,-0.45192923165736393,False
pure,3,17,0,0.08002006356061056,200,-62.1751932630986,0.4794350319185056,95.88700638370112,0.5756270334405278,0.5728951809927402,1,0,1,0.005,0.0,0.005,38,-0.3670240640640259,-0.3699866235256195,0.40239521861076355,-0.40778300166130066,-0.10000000149011612,-0.10000000149011612,0.442425159386069,0.01283794842638067,0.0035323368967614182,0.016370285323142088,-2.400000035762787,-2.3999155124236156,0.03928838679607845,0.26001671796533704,0.8283283710479736,-0.5274533033370972,False,False,False,-0.4466678002687995,False
pure,3,17,0,0.08002006356061056,200,-62.1751932630986,0.4794350319185056,95.88700638370112,0.5756270334405278,0.5728951809927402,1,0,1,0.005,0.0,0.005,39,-0.3770240545272827,-0.3799862861633301,0.40239521861076355,-0.40778300166130066,-0.10000000149011612,-0.10000000149011612,0.4373691637966392,0.012837948426371816,0.0035323368967614625,0.01637028532313328,-2.4000000357627864,-2.399915512423616,0.0392883867960573,0.2601804195769873,0.8195247650146484,-0.5392924547195435,False,False,False,-0.44161180467936967,False
pure,3,17,0,0.08002006356061056,200,-62.1751932630986,0.4794350319185056,95.88700638370112,0.5756270334405278,0.5728951809927402,1,0,1,0.005,0.0,0.005,40,-0.38702407479286194,-0.38998591899871826,0.40239521861076355,-0.40778300166130066,-0.10000000149011612,-0.10000000149011612,0.43252636036154846,0.01283794842638067,0.0035323368967614182,0.016370285323142088,-2.400000035762787,-2.399915512423615,0.03928838679607844,0.2603441211886376,0.8105322122573853,-0.550972580909729,False,False,False,-0.4367690012442789,False
pure,3,17,0,0.08002006356061056,200,-62.1751932630986,0.4794350319185056,95.88700638370112,0.5756270334405278,0.5728951809927402,1,0,1,0.005,0.0,0.005,41,-0.3970240652561188,-0.39998558163642883,0.40239521861076355,-0.40778300166130066,-0.10000000149011612,-0.10000000149011612,0.42790456053697984,0.012837948426372486,0.0035323368967621355,0.01637028532313462,-2.4000000357627864,-2.3999155124236164,0.03928838679606052,0.26050782280028784,0.8013538122177124,-0.5624903440475464,False,False,False,-0.4321472014197103,False
pure,3,17,0,0.08002006356061056,200,-62.1751932630986,0.4794350319185056,95.88700638370112,0.5756270334405278,0.5728951809927402,1,0,1,0.005,0.0,0.005,42,-0.4070240557193756,-0.409985214471817,0.40239521861076355,-0.40778300166130066,-0.10000000149011612,-0.10000000149011612,0.42351143344323416,0.012837948426399725,0.003532336896762675,0.016370285323162398,-2.4000000357627886,-2.3999155124236156,0.039288386796127214,0.26067152441193836,0.791992723941803,-0.5738424062728882,False,False,False,-0.42775407432596463,False
pure,3,17,0,0.08002006356061056,200,-62.1751932630986,0.4794350319185056,95.88700638370112,0.5756270334405278,0.5728951809927402,1,0,1,0.005,0.0,0.005,43,-0.41702407598495483,-0.4199848771095276,0.40239521861076355,-0.40778300166130066,-0.10000000149011612,-0.10000000149011612,0.4193543882820666,0.012837948426354105,0.003532336896761551,0.016370285323115658,-2.4000000357627864,-2.399915512423618,0.03928838679601501,0.26083522602358844,0.7824519872665405,-0.5850256681442261,False,False,False,-0.4235970291647971,False
pure,3,17,0,0.08002006356061056,200,-62.1751932630986,0.4794350319185056,95.88700638370112,0.5756270334405278,0.5728951809927402,1,0,1,0.005,0.0,0.005,44,-0.42702406644821167,-0.42998450994491577,0.40239521861076355,-0.40778300166130066,-0.10000000149011612,-0.10000000149011612,0.4154406166357559,0.012837948426379324,0.0035323368967600725,0.016370285323139395,-2.400000035762787,-2.399915512423615,0.03928838679607198,0.26099892763523874,0.7727346420288086,-0.5960371494293213,False,False,False,-0.41968325751848634,False
pure,3,17,0,0.08002006356061056,200,-62.1751932630986,0.4794350319185056,95.88700638370112,0.5756270334405278,0.5728951809927402,1,0,1,0.005,0.0,0.005,45,-0.4370240569114685,-0.43998417258262634,0.40239521861076355,-0.40778300166130066,-0.10000000149011612,-0.10000000149011612,0.4117774093009205,0.012837948426371142,0.0035323368967607894,0.01637028532313193,-2.4000000357627864,-2.3999155124236147,0.03928838679605406,0.261162629246889,0.7628442645072937,-0.6068737506866455,False,False,False,-0.41602005018365096,False
pure,3,17,0,0.08002006356061056,200,-62.1751932630986,0.4794350319185056,95.88700638370112,0.5756270334405278,0.5728951809927402,1,0,1,0.005,0.0,0.005,46,-0.44702407717704773,-0.4499838054180145,0.40239521861076355,-0.40778300166130066,-0.10000000149011612,-0.10000000149011612,0.40837127788956545,0.012837948426382011,0.0035323368967627635,0.016370285323144773,-2.400000035762787,-2.3999155124236156,0.039288386796084894,0.26132633085853935,0.752784013748169,-0.6175323724746704,False,False,False,-0.4126139187722959,False
pure,3,17,0,0.08002006356061056,200,-62.1751932630986,0.4794350319185056,95.88700638370112,0.5756270334405278,0.5728951809927402,1,0,1,0.005,0.0,0.005,47,-0.45702406764030457,-0.4599834680557251,0.40239521861076355,-0.40778300166130066,-0.10000000149011612,-0.10000000149011612,0.4052285421873053,0.01283794842637316,0.0035323368967628077,0.016370285323135968,-2.4000000357627864,-2.399915512423618,0.03928838679606376,0.2614900324701896,0.742557168006897,-0.6280102133750916,False,False,False,-0.40947118307003577,False
pure,3,17,0,0.08002006356061056,200,-62.1751932630986,0.4794350319185056,95.88700638370112,0.5756270334405278,0.5728951809927402,1,0,1,0.005,0.0,0.005,48,-0.4670240581035614,-0.4699831008911133,0.40239521861076355,-0.40778300166130066,-0.10000000149011612,-0.10000000149011612,0.4023552608849791,0.012837948426379324,0.0035323368967600725,0.016370285323139395,-2.400000035762787,-2.399915512423615,0.03928838679607198,0.2616537340818399,0.7321673631668091,-0.6383043527603149,False,False,False,-0.40659790176770955,False
pure,3,17,0,0.08002006356061056,200,-62.1751932630986,0.4794350319185056,95.88700638370112,0.5756270334405278,0.5728951809927402,1,0,1,0.005,0.0,0.005,49,-0.4770240783691406,-0.47998276352882385,0.40239521861076355,-0.40778300166130066,-0.10000000149011612,-0.10000000149011612,0.3997567144471658,0.012837948426371142,0.0035323368967607894,0.01637028532313193,-2.4000000357627864,-2.3999155124236147,0.03928838679605406,0.26181743569349014,0.7216178178787231,-0.6484121084213257,False,False,False,-0.4039993553298963,False
pure,3,17,0,0.08002006356061056,200,-62.1751932630986,0.4794350319185056,95.88700638370112,0.5756270334405278,0.5728951809927402,1,0,1,0.005,0.0,0.005,50,-0.48702406883239746,-0.48998239636421204,0.40239521861076355,-0.40778300166130066,-0.10000000149011612,-0.10000000149011612,0.3974379405426352,0.012837948426382013,0.0035323368967627635,0.016370285323144777,-2.400000035762787,-2.3999155124236156,0.039288386796084894,0.2619811373051405,0.71091228723526,-0.6583306789398193,False,False,False,-0.40168058142536567,False
pure,3,17,0,0.08002006356061056,200,-62.1751932630986,0.4794350319185056,95.88700638370112,0.5756270334405278,0.5728951809927402,1,0,1,0.005,0.0,0.005,51,-0.4970240592956543,-0.4999820590019226,0.40239521861076355,-0.40778300166130066,-0.10000000149011612,-0.10000000149011612,0.3954031590188878,0.01283794842637316,0.0035323368967628077,0.016370285323135968,-2.4000000357627864,-2.399915512423618,0.03928838679606376,0.26214483891679075,0.7000541090965271,-0.6680575609207153,False,False,False,-0.39964579990161825,False
pure,3,17,0,0.08002006356061056,200,-62.1751932630986,0.4794350319185056,95.88700638370112,0.5756270334405278,0.5728951809927402,1,0,1,0.005,0.0,0.005,52,-0.5070240497589111,-0.5099816918373108,0.40239521861076355,-0.40778300166130066,-0.10000000149011612,-0.10000000149011612,0.39365614279443595,0.012837948426379328,0.0035323368967600725,0.0163702853231394,-2.400000035762787,-2.399915512423615,0.039288386796071995,0.26230854052844105,0.6890472769737244,-0.6775898933410645,False,False,False,-0.3978987836771664,False
pure,3,17,0,0.08002006356061056,200,-62.1751932630986,0.4794350319185056,95.88700638370112,0.5756270334405278,0.5728951809927402,1,0,1,0.005,0.0,0.005,53,-0.517024040222168,-0.519981324672699,0.40239521861076355,-0.40778300166130066,-0.10000000149011612,-0.10000000149011612,0.392199800112,0.012837948426372486,0.0035323368967621355,0.01637028532313462,-2.4000000357627864,-2.3999155124236164,0.03928838679606052,0.2624722421400913,0.6778951287269592,-0.6869254112243652,False,False,False,-0.39644244099473047,False
pure,3,17,0,0.08002006356061056,200,-62.1751932630986,0.4794350319185056,95.88700638370112,0.5756270334405278,0.5728951809927402,1,0,1,0.005,0.0,0.005,54,-0.5270240902900696,-0.5299810171127319,0.40239521861076355,-0.40778300166130066,-0.10000000149011612,-0.10000000149011612,0.39103645107118,0.01283794842638067,0.0035323368967614182,0.016370285323142088,-2.400000035762787,-2.3999155124236156,0.03928838679607845,0.2626359437517416,0.6666014194488525,-0.6960616707801819,False,False,False,-0.3952790919539105,False
pure,3,17,0,0.08002006356061056,200,-62.1751932630986,0.4794350319185056,95.88700638370112,0.5756270334405278,0.5728951809927402,1,0,1,0.005,0.0,0.005,55,-0.5370240807533264,-0.5399806499481201,0.40239521861076355,-0.40778300166130066,-0.10000000149011612,-0.10000000149011612,0.39016766005416703,0.012837948426371815,0.0035323368967614625,0.016370285323133275,-2.4000000357627864,-2.399915512423616,0.0392883867960573,0.26279964536339184,0.6551700234413147,-0.7049962282180786,False,False,False,-0.3944103009368975,False
pure,3,17,0,0.08002006356061056,200,-62.1751932630986,0.4794350319185056,95.88700638370112,0.5756270334405278,0.5728951809927402,1,0,1,0.005,0.0,0.005,56,-0.5470240712165833,-0.5499802827835083,0.40239521861076355,-0.40778300166130066,-0.0888553112745285,-0.10000000149011612,0.3895240984006595,2.8704169336038463,0.19995985004507955,3.0703767836489257,-2.132527470588684,-2.400093820715,6.60116536343743,0.29030450104438116,0.6443992853164673,-0.713009238243103,False,False,False,-0.39353729418355937,False
pure,3,17,0,0.08002006356061056,200,-62.1751932630986,0.4794350319185056,95.88700638370112,0.5756270334405278,0.5728951809927402,1,0,1,0.005,0.0,0.005,57,-0.5559095740318298,-0.5599806904792786,0.40239521861076355,-0.40778300166130066,-0.07429349422454834,-0.10000000149011612,0.3890134061356997,3.756533010675216,0.26285932318167937,4.019392333856896,-1.7830438613891602,-2.4001227727299397,7.328957772382911,0.32084182509597664,0.6345657706260681,-0.7199180126190186,False,False,False,-0.3927507275572037,False
pure,3,17,0,0.08002006356061056,200,-62.1751932630986,0.4794350319185056,95.88700638370112,0.5756270334405278,0.5728951809927402,1,0,1,0.005,0.0,0.005,58,-0.5633389353752136,-0.5699812173843384,0.40239521861076355,-0.40778300166130066,-0.0612029954791069,-0.10000000149011612,0.3885726394014029,3.3781732461050424,0.23643868356511735,3.61461192967016,-1.4688718914985655,-2.4001104106051123,5.5295826717105685,0.3438817528947707,0.6255950927734375,-0.7258561253547668,False,False,False,-0.39208991485401673,False
pure,3,17,0,0.08002006356061056,200,-62.1751932630986,0.4794350319185056,95.88700638370112,0.5756270334405278,0.5728951809927402,1,0,1,0.005,0.0,0.005,59,-0.5694592595100403,-0.5799816250801086,0.40239521861076355,-0.40778300166130066,-0.04940919578075409,-0.10000000149011612,0.3881545037911128,3.0445111230268873,0.21310606323251066,3.257617186259398,-1.185820698738098,-2.400099508883518,4.121720064928104,0.3610555864986378,0.6174181699752808,-0.7309378385543823,False,False,False,-0.3915007168934535,False
pure,3,17,0,0.08002006356061056,200,-62.1751932630986,0.4794350319185056,95.88700638370112,0.5756270334405278,0.5728951809927402,1,0,1,0.005,0.0,0.005,60,-0.5744001865386963,-0.5899820923805237,0.40239521861076355,-0.40778300166130066,-0.038759298622608185,-0.10000000149011612,0.38772329099057423,2.7500234112838844,0.19250817360067962,2.942531584884564,-0.9302231669425962,-2.400089887105006,3.0201724074548224,0.3736396381963662,0.609970211982727,-0.7352612018585205,False,False,False,-0.3909407520252298,False
pure,3,17,0,0.08002006356061056,200,-62.1751932630986,0.4794350319185056,95.88700638370112,0.5756270334405278,0.5728951809927402,1,0,1,0.005,0.0,0.005,61,-0.5782760977745056,-0.5999824404716492,0.40239521861076355,-0.40778300166130066,-0.02911948412656784,-0.10000000149011612,0.3872526561513263,2.4898716968135206,0.1743085431196127,2.6641802399331334,-0.6988676190376282,-2.400081387184376,2.158445394429852,0.3826331606731572,0.6031917333602905,-0.738910436630249,False,False,False,-0.3903772602274734,False
pure,3,17,0,0.08002006356061056,200,-62.1751932630986,0.4794350319185056,95.88700638370112,0.5756270334405278,0.5728951809927402,1,0,1,0.005,0.0,0.005,62,-0.5811880230903625,-0.6099827885627747,0.40239521861076355,-0.40778300166130066,-0.020372793078422546,-0.10000000149011612,0.3867232067868016,2.2597502251965453,0.1582073696181839,2.4179575948147294,-0.488947033882141,-2.400073868439985,1.4846075435395802,0.3888190254379055,0.5970281362533569,-0.7419579029083252,False,False,False,-0.38978483147769194,False
pure,3,17,0,0.08002006356061056,200,-62.1751932630986,0.4794350319185056,95.88700638370112,0.5756270334405278,0.5728951809927402,1,0,1,0.005,0.0,0.005,63,-0.5832253098487854,-0.6199830770492554,0.40239521861076355,-0.40778300166130066,-0.012416616082191467,-0.10000000149011612,0.3861211788652602,2.055991205853088,0.14394913282170924,2.1999403386747973,-0.2979987859725952,-2.400067211034343,0.9581704770567643,0.392811402425642,0.5914291739463806,-0.7444664239883423,False,False,False,-0.3891442164031926,False
pure,3,17,0,0.08002006356061056,200,-62.1751932630986,0.4794350319185056,95.88700638370112,0.5756270334405278,0.5728951809927402,1,0,1,0.005,0.0,0.005,64,-0.5844669938087463,-0.6299833655357361,0.40239521861076355,-0.40778300166130066,-0.00516103208065033,-0.10000000149011612,0.38543676587122205,1.8753475856801882,0.13130741519679037,2.006655000876979,-0.12386476993560791,-2.4000613088766842,0.5474353440319972,0.3950923830257753,0.5863493084907532,-0.746489942073822,False,False,False,-0.3884407586075616,False
pure,3,17,0,0.08002006356061056,200,-62.1751932630986,0.4794350319185056,95.88700638370112,0.5756270334405278,0.5728951809927402,1,0,1,0.005,0.0,0.005,65,-0.5849831104278564,-0.639983594417572,0.40239521861076355,-0.40778300166130066,0.001472480595111847,-0.10000000149011612,0.3846637194958013,1.7148985774987349,0.12007834200334898,1.8349769195020837,0.035339534282684326,-2.4000560665363166,0.34879847025560345,0.3965457099851737,0.5817469358444214,-0.7480757236480713,False,False,False,-0.38766404475834787,False
pure,3,17,0,0.08002006356061056,200,-62.1751932630986,0.4794350319185056,95.88700638370112,0.5756270334405278,0.5728951809927402,1,0,1,0.005,0.0,0.005,66,-0.5848358273506165,-0.6499838829040527,0.40239521861076355,-0.40778300166130066,0.007553361356258392,-0.10000000149011612,0.38379792287708653,1.572319458592828,0.11009955353137305,1.682419012124201,0.18128067255020142,-2.4000514080577178,0.5492757173969743,0.3988343588076611,0.5775843858718872,-0.7492644786834717,False,False,False,-0.3868064686632289,False
pure,3,17,0,0.08002006356061056,200,-62.1751932630986,0.4794350319185056,95.88700638370112,0.5756270334405278,0.5728951809927402,1,0,1,0.005,0.0,0.005,67,-0.5840805172920227,-0.6599840521812439,0.40239521861076355,-0.40778300166130066,0.013142399489879608,-0.10000000149011612,0.3828372749379279,1.4454441058915288,0.10121595673845576,1.5466600626299847,0.3154175877571106,-2.4000472626672873,0.6988415730264209,0.4017461986952712,0.5738271474838257,-0.7500920295715332,False,False,False,-0.38586307269245407,False
pure,3,17,0,0.08002006356061056,200,-62.1751932630986,0.4794350319185056,95.88700638370112,0.5756270334405278,0.5728951809927402,1,0,1,0.005,0.0,0.005,68,-0.5827662348747253,-0.6699842810630798,0.40239521861076355,-0.40778300166130066,0.018293097615242004,-0.10000000149011612,0.38178109095003093,1.3324105347510469,0.09329683815005634,1.4257073729011032,0.43903434276580805,-2.400043569528515,0.8088904598780501,0.4051165756114297,0.5704441070556641,-0.7505896091461182,False,False,False,-0.38483087368812047,False
pure,3,17,0,0.08002006356061056,200,-62.1751932630986,0.4794350319185056,95.88700638370112,0.5756270334405278,0.5728951809927402,1,0,1,0.005,0.0,0.005,69,-0.5809369683265686,-0.679984450340271,0.40239521861076355,-0.40778300166130066,0.023052453994750977,-0.10000000149011612,0.38062952069983624,1.2315323613431393,0.08622535807056106,1.3177577194137002,0.5532588958740234,-2.40004027354229,0.8883005664397854,0.4088178279715955,0.567406952381134,-0.7507843971252441,False,False,False,-0.38370820133433486,False
pure,3,17,0,0.08002006356061056,200,-62.1751932630986,0.4794350319185056,95.88700638370112,0.5756270334405278,0.5728951809927402,1,0,1,0.005,0.0,0.005,70,-0.5786316990852356,-0.6899846196174622,0.40239521861076355,-0.40778300166130066,0.02746187150478363,-0.10000000149011612,0.37938375917690903,1.1413594385653425,0.07990093772940636,1.221260376294749,0.6590849161148071,-2.400037327328047,0.9440180228627713,0.41275123640019035,0.5646896362304688,-0.7507007122039795,False,False,False,-0.38249482636767534,False
pure,3,17,0,0.08002006356061056,200,-62.1751932630986,0.4794350319185056,95.88700638370112,0.5756270334405278,0.5728951809927402,1,0,1,0.005,0.0,0.005,71,-0.575885534286499,-0.6999847888946533,0.40239521861076355,-0.40778300166130066,0.03155766427516937,-0.10000000149011612,0.3780453114757631,1.060573510450345,0.07423197788570962,1.1348054883360548,0.7573839426040648,-2.4000346878144914,0.981420668637097,0.4168404891861783,0.5622690916061401,-0.7503594160079956,False,False,False,-0.3811911497066114,False
pure,3,17,0,0.08002006356061056,200,-62.1751932630986,0.4794350319185056,95.88700638370112,0.5756270334405278,0.5728951809927402,1,0,1,0.005,0.0,0.005,72,-0.572729766368866,-0.7099848985671997,0.40239521861076355,-0.40778300166130066,0.035371892154216766,-0.10000000149011612,0.3766163170346148,0.9880728045651279,0.06914189260616763,1.0572146971712955,0.8489254117012023,-2.4000323190034805,1.004742889258083,0.42102691789142027,0.5601236820220947,-0.749779462814331,False,False,False,-0.3797984632113106,False
pure,3,17,0,0.08002006356061056,200,-62.1751932630986,0.4794350319185056,95.88700638370112,0.5756270334405278,0.5728951809927402,1,0,1,0.005,0.0,0.005,73,-0.5691925883293152,-0.7199850678443909,0.40239521861076355,-0.40778300166130066,0.03893233835697174,-0.10000000149011612,0.3750990513539879,0.922750222963653,0.0645535063045458,0.9873037292681989,0.9343761205673217,-2.400030184722875,1.0171261372460176,0.4252649434632787,0.5582337975502014,-0.7489774227142334,False,False,False,-0.37831839194661065,False
pure,3,17,0,0.08002006356061056,200,-62.1751932630986,0.4794350319185056,95.88700638370112,0.5756270334405278,0.5728951809927402,1,0,1,0.005,0.0,0.005,74,-0.5652993321418762,-0.7299851775169373,0.40239521861076355,-0.40778300166130066,0.042263492941856384,-0.10000000149011612,0.37349597750762403,0.8637533919677247,0.0604074460628706,0.9241608380305953,1.0143238306045532,-2.4000282571231195,1.0211052267299088,0.4295195485746533,0.5565818548202515,-0.7479678392410278,False,False,False,-0.3767529061303467,False
pure,3,17,0,0.08002006356061056,200,-62.1751932630986,0.4794350319185056,95.88700638370112,0.5756270334405278,0.5728951809927402,1,0,1,0.005,0.0,0.005,75,-0.5610730051994324,-0.7399852871894836,0.40239521861076355,-0.40778300166130066,0.04538653790950775,-0.10000000149011612,0.3718098850781146,0.8102263232714408,0.056643947040797914,0.8668702703122387,1.089276909828186,-2.4000265082365666,1.0185078001036312,0.4337633310750851,0.5551509261131287,-0.7467642426490784,False,False,False,-0.37510441760067376,False
pure,3,17,0,0.08002006356061056,200,-62.1751932630986,0.4794350319185056,95.88700638370112,0.5756270334405278,0.5728951809927402,1,0,1,0.005,0.0,0.005,76,-0.5565343499183655,-0.74998539686203,0.40239521861076355,-0.40778300166130066,0.04831985384225845,-0.10000000149011612,0.3700435185660232,0.7614442294345356,0.053212389035743,0.8146566184702786,1.1596764922142027,-2.4000249143822776,1.0107400324469744,0.43797474787694746,0.5539262294769287,-0.7453782558441162,False,False,False,-0.3733753840853084,False
pure,3,17,0,0.08002006356061056,200,-62.1751932630986,0.4794350319185056,95.88700638370112,0.5756270334405278,0.5728951809927402,1,0,1,0.005,0.0,0.005,77,-0.5517023205757141,-0.7599855065345764,0.40239521861076355,-0.40778300166130066,0.05107904225587845,-0.10000000149011612,0.368199783094324,0.7166881924967623,0.050062474634442154,0.7667506671312044,1.2258970141410828,-2.400023452071094,0.9987370284433259,0.442136152162128,0.552893340587616,-0.7438207864761353,False,False,False,-0.37156848651925456,False
pure,3,17,0,0.08002006356061056,200,-62.1751932630986,0.4794350319185056,95.88700638370112,0.5756270334405278,0.5728951809927402,1,0,1,0.005,0.0,0.005,78,-0.5465944409370422,-0.7699856162071228,0.40239521861076355,-0.40778300166130066,0.05367760360240936,-0.10000000149011612,0.3662814204731866,0.6751936241712894,0.04693512007302298,0.7221287442443124,1.2882624864578247,-2.400312517633644,0.9824855733432905,0.44622984205105837,0.5520386099815369,-0.7421016097068787,False,False,False,-0.3696862930396482,False
pure,3,17,0,0.08002006356061056,200,-62.1751932630986,0.4794350319185056,95.88700638370112,0.5756270334405278,0.5728951809927402,1,0,1,0.005,0.0,0.005,79,-0.5412266850471497,-0.7799869179725647,0.40239521861076355,-0.40778300166130066,0.05612748861312866,-0.10000000149011612,0.3642915172298652,0.6372352823279177,0.044477935095789366,0.681713217423707,1.347059726715088,-2.4002949503858946,0.9651541482798716,0.45025131766889115,0.5513501167297363,-0.740229606628418,False,False,False,-0.3677317594160539,False
pure,3,17,0,0.08002006356061056,200,-62.1751932630986,0.4794350319185056,95.88700638370112,0.5756270334405278,0.5728951809927402,1,0,1,0.005,0.0,0.005,80,-0.5356139540672302,-0.7899881601333618,0.40239521861076355,-0.40778300166130066,0.058437034487724304,-0.10000000149011612,0.3622331352918545,0.6011899338671974,0.04193670462751342,0.6431266384947109,1.4024888277053833,-2.4002782684778916,0.9438219263466794,0.45418390902866895,0.5508162975311279,-0.738213062286377,False,False,False,-0.36570781503013766,False
pure,3,17,0,0.08002006356061056,200,-62.1751932630986,0.4794350319185056,95.88700638370112,0.5756270334405278,0.5728951809927402,1,0,1,0.005,0.0,0.005,81,-0.5297702550888062,-0.7999892830848694,0.40239521861076355,-0.40778300166130066,0.06061388552188873,-0.10000000149011612,0.3601092626475391,0.5671122016314278,0.03953296917765505,0.6066451708090829,1.4547332525253296,-2.4002624971892685,0.9198864809457523,0.45801676936594293,0.5504261255264282,-0.7360596060752869,False,False,False,-0.363617344605237,False
pure,3,17,0,0.08002006356061056,200,-62.1751932630986,0.4794350319185056,95.88700638370112,0.5756270334405278,0.5728951809927402,1,0,1,0.005,0.0,0.005,82,-0.5237088203430176,-0.809990406036377,0.40239521861076355,-0.40778300166130066,0.06266410648822784,-0.10000000149011612,0.357922992612414,0.5345935659010196,0.03723824149806141,0.571831807399081,1.5039385557174683,-2.4002474474557305,0.8933768695004924,0.46173917298886163,0.5501686334609985,-0.7337766885757446,False,False,False,-0.3614633473560139,False
pure,3,17,0,0.08002006356061056,200,-62.1751932630986,0.4794350319185056,95.88700638370112,0.5756270334405278,0.5728951809927402,1,0,1,0.005,0.0,0.005,83,-0.5174424052238464,-0.819991409778595,0.40239521861076355,-0.40778300166130066,0.06459195911884308,-0.10000000149011612,0.3556773643953271,0.5031674644850099,0.035019776539004364,0.5381872410240143,1.5502070188522337,-2.400232903350732,0.8640693550196528,0.4653394619681102,0.550033450126648,-0.7313712239265442,False,False,False,-0.3592487659317918,False
pure,3,17,0,0.08002006356061056,200,-62.1751932630986,0.4794350319185056,95.88700638370112,0.5756270334405278,0.5728951809927402,1,0,1,0.005,0.0,0.005,84,-0.5109832286834717,-0.829992413520813,0.40239521861076355,-0.40778300166130066,0.06640100479125977,-0.10000000149011612,0.35337559474009406,0.4726523851268158,0.03286482650616038,0.5055172116329761,1.5936241149902346,-2.4002187808697935,0.8321130127558589,0.46880659952125964,0.5500106811523438,-0.7288499474525452,False,False,False,-0.35697673124569784,False
pure,3,17,0,0.08002006356061056,200,-62.1751932630986,0.4794350319185056,95.88700638370112,0.5756270334405278,0.5728951809927402,1,0,1,0.005,0.0,0.005,85,-0.5043431520462036,-0.8399932980537415,0.40239521861076355,-0.40778300166130066,0.0680932104587555,-0.10000000149011612,0.3510207120338736,0.44263566986696135,0.03074447251055766,0.473380142377519,1.6342370510101316,-2.4002048890334287,0.7971646450258715,0.4721281188755341,0.5500901341438293,-0.7262194156646729,False,False,False,-0.354650177137023,False
pure,3,17,0,0.08002006356061056,200,-62.1751932630986,0.4794350319185056,95.88700638370112,0.5756270334405278,0.5728951809927402,1,0,1,0.005,0.0,0.005,86,-0.49753379821777344,-0.8499941825866699,0.40239521861076355,-0.40778300166130066,0.06966983526945114,-0.10000000149011612,0.34861594209192903,0.4129337593701464,0.02864581083541056,0.441579570205557,1.6720760464668274,-2.400191142889762,0.7592120692683667,0.4752915024974856,0.5502622127532959,-0.723486065864563,False,False,False,-0.3522722377788893,False
pure,3,17,0,0.08002006356061056,200,-62.1751932630986,0.4794350319185056,95.88700638370112,0.5756270334405278,0.5728951809927402,1,0,1,0.005,0.0,0.005,87,-0.49056681990623474,-0.8599949479103088,0.40239521861076355,-0.40778300166130066,0.07113127410411835,-0.10000000149011612,0.3461645874908738,0.38332267289255967,0.02655316062072945,0.4098758335132891,1.7071505784988403,-2.400177438779757,0.7181218198304249,0.478283676746779,0.550517201423645,-0.7206564545631409,False,False,False,-0.34984612164707707,False
pure,3,17,0,0.08002006356061056,200,-62.1751932630986,0.4794350319185056,95.88700638370112,0.5756270334405278,0.5728951809927402,1,0,1,0.005,0.0,0.005,88,-0.4834536910057068,-0.8699957132339478,0.40239521861076355,-0.40778300166130066,0.07247751206159592,-0.10000000149011612,0.34366965673845634,0.3536958980835345,0.02445907607410277,0.37815497415763727,1.7394602894783018,-2.4001637274091396,0.6739457564666751,0.48109178406539016,0.5508456230163574,-0.7177367210388184,False,False,False,-0.34737474672478064,False
pure,3,17,0,0.08002006356061056,200,-62.1751932630986,0.4794350319185056,95.88700638370112,0.5756270334405278,0.5728951809927402,1,0,1,0.005,0.0,0.005,89,-0.4762059450149536,-0.8799963593482971,0.40239521861076355,-0.40778300166130066,0.07370772957801819,-0.10000000149011612,0.3411344597641154,0.3238448228519079,0.022348964695191296,0.34619378754709923,1.7689855098724365,-2.400149912231535,0.6265176647238603,0.4837022743350729,0.5512378215789795,-0.7147334814071655,False,False,False,-0.3448613279465361,False
pure,3,17,0,0.08002006356061056,200,-62.1751932630986,0.4794350319185056,95.88700638370112,0.5756270334405278,0.5728951809927402,1,0,1,0.005,0.0,0.005,90,-0.46883517503738403,-0.8899970054626465,0.40239521861076355,-0.40778300166130066,0.0748211219906807,-0.10000000149011612,0.3385622142289353,0.2937727003908219,0.020223086518127147,0.313995786908949,1.7957069277763367,-2.4001359947525316,0.5760678311605126,0.4861025569649084,0.5516843795776367,-0.7116532325744629,False,False,False,-0.3423089969192219,False
pure,3,17,0,0.08002006356061056,200,-62.1751932630986,0.4794350319185056,95.88700638370112,0.5756270334405278,0.5728951809927402,1,0,1,0.005,0.0,0.005,91,-0.461353063583374,-0.8999975919723511,0.40239521861076355,-0.40778300166130066,0.07581644505262375,-0.10000000149011612,0.3359558345364324,0.2633653488457414,0.01807350834813792,0.28143885719387934,1.8195946812629697,-2.4001219221283865,0.522596811584814,0.4882800436798451,0.5521755814552307,-0.7085024118423462,False,False,False,-0.3397205817686311,False
pure,3,17,0,0.08002006356061056,200,-62.1751932630986,0.4794350319185056,95.88700638370112,0.5756270334405278,0.5728951809927402,1,0,1,0.005,0.0,0.005,92,-0.4537714123725891,-0.9099980592727661,0.40239521861076355,-0.40778300166130066,0.0766926258802414,-0.10000000149011612,0.33331856510205127,0.23266653384248873,0.01590335445759997,0.2485698883000887,1.8406230211257937,-2.4001077146139758,0.4664211421579546,0.49022346510550324,0.5527024269104004,-0.7052876353263855,False,False,False,-0.33709925091428616,False
pure,3,17,0,0.08002006356061056,200,-62.1751932630986,0.4794350319185056,95.88700638370112,0.5756270334405278,0.5728951809927402,1,0,1,0.005,0.0,0.005,93,-0.4461021423339844,-0.9199985265731812,0.40239521861076355,-0.40778300166130066,0.07744891196489334,-0.10000000149011612,0.3306533692300329,0.20175867109844872,0.013718509526325594,0.2154771806247743,1.8587738871574402,-2.4000934103515705,0.4079494536593623,0.4919232544957506,0.5532552003860474,-0.70201575756073,False,False,False,-0.3344479046285162,False
pure,3,17,0,0.08002006356061056,200,-62.1751932630986,0.4794350319185056,95.88700638370112,0.5756270334405278,0.5728951809927402,1,0,1,0.005,0.0,0.005,94,-0.43835726380348206,-0.9299989342689514,0.40239521861076355,-0.40778300166130066,0.07808448374271393,-0.10000000149011612,0.32796306173548506,0.17062406440912226,0.011517824663773282,0.18214188907289552,1.8740276098251343,-2.4000790011513087,0.34739789671774207,0.4933707457320745,0.5538246631622314,-0.6986934542655945,False,False,False,-0.3317693027411442,False
pure,3,17,0,0.08002006356061056,200,-62.1751932630986,0.4794350319185056,95.88700638370112,0.5756270334405278,0.5728951809927402,1,0,1,0.005,0.0,0.005,95,-0.4305488169193268,-0.9399992227554321,0.40239521861076355,-0.40778300166130066,0.07859925925731659,-0.10000000149011612,0.32525042824400796,0.13945312244305053,0.009314738264617083,0.14876786070766762,1.8863822221755984,-2.400064575134955,0.28541786433900895,0.49455998683348706,0.5544018745422363,-0.6953274607658386,False,False,False,-0.32906619287980926,False
pure,3,17,0,0.08002006356061056,200,-62.1751932630986,0.4794350319185056,95.88700638370112,0.5756270334405278,0.5728951809927402,1,0,1,0.005,0.0,0.005,96,-0.42268890142440796,-0.9499995112419128,0.40239521861076355,-0.40778300166130066,0.07899323105812073,-0.10000000149011612,0.32251811996812235,0.10826496108382508,0.007110705144389591,0.11537566622821467,1.8958375453948977,-2.400050141149412,0.22231882695889715,0.49548631527914916,0.5549777746200562,-0.6919246912002563,False,False,False,-0.32634119988197696,False
pure,3,17,0,0.08002006356061056,200,-62.1751932630986,0.4794350319185056,95.88700638370112,0.5756270334405278,0.5728951809927402,1,0,1,0.005,0.0,0.005,97,-0.4147895574569702,-0.9599997401237488,0.40239521861076355,-0.40778300166130066,0.07926779985427856,-0.10000000149011612,0.319768591674824,0.07742361114793359,0.004931359932895743,0.08235497108082933,1.9024271965026858,-2.4000358676693576,0.15912822421461473,0.49614934954671003,0.5555435419082642,-0.6884920001029968,False,False,False,-0.3235967825379565,False
pure,3,17,0,0.08002006356061056,200,-62.1751932630986,0.4794350319185056,95.88700638370112,0.5756270334405278,0.5728951809927402,1,0,1,0.005,0.0,0.005,98,-0.4068627953529358,-0.9699998497962952,0.40239521861076355,-0.40778300166130066,0.07942413538694382,-0.10000000149011612,0.3170038167099972,0.046652194760117435,0.002555338973183546,0.04920753373330098,1.9061792492866516,-2.4003071875871953,0.09506104408946947,0.49654543723041616,0.556090235710144,-0.6850360631942749,False,False,False,-0.3208349226872941,False
pure,3,17,0,0.08002006356061056,200,-62.1751932630986,0.4794350319185056,95.88700638370112,0.5756270334405278,0.5728951809927402,1,0,1,0.005,0.0,0.005,99,-0.3989203870296478,-0.9800011515617371,0.40239521861076355,-0.40778300166130066,0.07946549355983734,-0.10000000149011612,0.31422631411610336,0.017278951054763878,0.000809218399848083,0.01808816945461196,1.9071718454360962,-2.4001137980705964,0.034896145217442,0.49669083783548884,0.5566107034683228,-0.6815634965896606,False,False,False,-0.31805819212256164,False
pure,3,17,0,0.08002006356061056,200,-62.1751932630986,0.4794350319185056,95.88700638370112,0.5756270334405278,0.5728951809927402,1,0,1,0.005,0.0,0.005,100,-0.390973836183548,-0.9900016188621521,0.40239521861076355,-0.40778300166130066,0.07939355075359344,-0.10000000149011612,0.3114378467279955,0.012029534637162052,0.0012609628957568819,0.013290497532918933,1.905445218086243,-2.399920834912118,0.02594783037576132,0.49679895379538785,0.5570970773696899,-0.6780807375907898,False,False,False,-0.31526838228884185,False
pure,3,17,0,0.08002006356061056,200,-62.1751932630986,0.4794350319185056,95.88700638370112,0.5756270334405278,0.5728951809927402,1,0,1,0.005,0.0,0.005,101,-0.38303446769714355,-1.000001311302185,0.40239521861076355,-0.40778300166130066,0.07921218872070312,-0.10000000149011612,0.3086400991283531,0.04035309578797551,0.0032655174811372432,0.04361861326911275,1.901092529296875,-2.399734356365378,0.08455134342731821,0.49715125105966834,0.5575419664382935,-0.6745941638946533,False,False,False,-0.31246725376473616,False
pure,3,17,0,0.08002006356061056,200,-62.1751932630986,0.4794350319185056,95.88700638370112,0.5756270334405278,0.5728951809927402,1,0,1,0.005,0.0,0.005,102,-0.37511324882507324,-1.010000228881836,0.40239521861076355,-0.40778300166130066,0.07892565429210663,-0.10000000149011612,0.30583412277500227,0.06790750652293322,0.005508510591946241,0.07341601711487945,1.8942157030105593,-2.3999686079413083,0.14185171770521526,0.4977422998834401,0.5579374432563782,-0.6711100339889526,False,False,False,-0.3096559460739334,False
pure,3,17,0,0.08002006356061056,200,-62.1751932630986,0.4794350319185056,95.88700638370112,0.5756270334405278,0.5728951809927402,1,0,1,0.005,0.0,0.005,103,-0.3672206699848175,-1.0200001001358032,0.40239521861076355,-0.40778300166130066,0.0785403773188591,-0.10000000149011612,0.30302143580156676,0.09330451318928198,0.007127188490557606,0.10043170167983959,1.8849690556526182,-2.3999568541215552,0.19298106498305811,0.49854638765420284,0.5582779049873352,-0.6676340699195862,False,False,False,-0.30683610877829903,False
pure,3,17,0,0.08002006356061056,200,-62.1751932630986,0.4794350319185056,95.88700638370112,0.5756270334405278,0.5728951809927402,1,0,1,0.005,0.0,0.005,104,-0.35936665534973145,-1.029999852180481,0.40239521861076355,-0.40778300166130066,0.0780613049864769,-0.10000000149011612,0.3002028373622096,0.11762188537125655,0.008843699476255424,0.12646558484751197,1.8734713196754458,-2.3999455999602577,0.24158562645461204,0.4995529944310971,0.5585571527481079,-0.6641717553138733,False,False,False,-0.304008650108496,False
pure,3,17,0,0.08002006356061056,200,-62.1751932630986,0.4794350319185056,95.88700638370112,0.5756270334405278,0.5728951809927402,1,0,1,0.005,0.0,0.005,105,-0.3515605032444,-1.0399996042251587,0.40239521861076355,-0.40778300166130066,0.07749447971582413,-0.10000000149011612,0.2973791746915696,0.1403880808869591,0.010450581248999249,0.15083866213595834,1.859867513179779,-2.3999350636887167,0.28618394725471136,0.5007454275446583,0.5587700605392456,-0.6607282161712646,False,False,False,-0.30117454738630034,False
pure,3,17,0,0.08002006356061056,200,-62.1751932630986,0.4794350319185056,95.88700638370112,0.5756270334405278,0.5728951809927402,1,0,1,0.005,0.0,0.005,106,-0.3438110649585724,-1.0499993562698364,0.40239521861076355,-0.40778300166130066,0.07684653997421265,-0.10000000149011612,0.29455096087044225,0.16144787752958062,0.011936813286352554,0.17338469081593316,1.8443169593811037,-2.39992531714429,0.3264085189958308,0.5021054630404743,0.5589116811752319,-0.6573082804679871,False,False,False,-0.29833445808475956,False
pure,3,17,0,0.08002006356061056,200,-62.1751932630986,0.4794350319185056,95.88700638370112,0.5756270334405278,0.5728951809927402,1,0,1,0.005,0.0,0.005,107,-0.3361264169216156,-1.0599991083145142,0.40239521861076355,-0.40778300166130066,0.07612444460391998,-0.10000000149011612,0.29171852918832447,0.1807173761627774,0.013296495931857525,0.19401387209463491,1.8269866704940796,-2.399916399155778,0.3620787160142318,0.5036141243572003,0.5589777827262878,-0.6539162993431091,False,False,False,-0.29548886614411024,False
pure,3,17,0,0.08002006356061056,200,-62.1751932630986,0.4794350319185056,95.88700638370112,0.5756270334405278,0.5728951809927402,1,0,1,0.005,0.0,0.005,108,-0.3285139799118042,-1.0699987411499023,0.40239521861076355,-0.40778300166130066,0.0753353089094162,-0.10000000149011612,0.28888207545588857,0.19815505178060677,0.014526733064232963,0.21268178484483974,1.808047413825989,-2.399908328941094,0.3931365565816377,0.5052521933429571,0.5589644908905029,-0.6505563855171204,False,False,False,-0.29263811981390364,False
pure,3,17,0,0.08002006356061056,200,-62.1751932630986,0.4794350319185056,95.88700638370112,0.5756270334405278,0.5728951809927402,1,0,1,0.005,0.0,0.005,109,-0.320980429649353,-1.0799983739852905,0.40239521861076355,-0.40778300166130066,0.07448611408472061,-0.10000000149011612,0.2860415575340581,0.21379452823451756,0.015629924743238103,0.22942445297775566,1.7876667380332947,-2.3999010909390055,0.4197036403409588,0.5070009585110444,0.5588688850402832,-0.6472318768501282,False,False,False,-0.2897823280528378,False
pure,3,17,0,0.08002006356061056,200,-62.1751932630986,0.4794350319185056,95.88700638370112,0.5756270334405278,0.5728951809927402,1,0,1,0.005,0.0,0.005,110,-0.3135318160057068,-1.0899978876113892,0.40239521861076355,-0.40778300166130066,0.0735844075679779,-0.10000000149011612,0.28319700888525506,0.22748834577731125,0.01659576465957628,0.24408411043688755,1.7660257816314695,-2.399894753394379,0.4415783721985111,0.5088408683952049,0.5586884021759033,-0.6439460515975952,False,False,False,-0.286921683244219,False
pure,3,17,0,0.08002006356061056,200,-62.1751932630986,0.4794350319185056,95.88700638370112,0.5756270334405278,0.5728951809927402,1,0,1,0.005,0.0,0.005,111,-0.3061733841896057,-1.0999975204467773,0.40239521861076355,-0.40778300166130066,0.07263711839914322,-0.10000000149011612,0.2803479298660168,0.23939530771885348,0.017435414107320718,0.25683072182617417,1.743290841579437,-2.399889242812509,0.4591787102235088,0.5107541130211362,0.5584207773208618,-0.640701413154602,False,False,False,-0.28405583170145837,False
pure,3,17,0,0.08002006356061056,200,-62.1751932630986,0.4794350319185056,95.88700638370112,0.5756270334405278,0.5728951809927402,1,0,1,0.005,0.0,0.005,112,-0.29890966415405273,-1.109997034072876,0.40239521861076355,-0.40778300166130066,0.07165133953094482,-0.10000000149011612,0.27749420884680936,0.24947208767907167,0.018145921342643843,0.2676180090217155,1.7196321487426758,-2.3998845792449917,0.47254833899328674,0.5127230644336082,0.5580645799636841,-0.6375004053115845,False,False,False,-0.2811848081989307,False
pure,3,17,0,0.08002006356061056,200,-62.1751932630986,0.4794350319185056,95.88700638370112,0.5756270334405278,0.5728951809927402,1,0,1,0.005,0.0,0.005,113,-0.29174453020095825,-1.1199965476989746,0.40239521861076355,-0.40778300166130066,0.0706338882446289,-0.10000000149011612,0.2746351867514624,0.25778897620788327,0.01873225117072142,0.2765212273786047,1.6952133178710935,-2.3998807301611227,0.4819624742851107,0.5147312414097961,0.5576183795928955,-0.6343448162078857,False,False,False,-0.27830809179422994,False
pure,3,17,0,0.08002006356061056,200,-62.1751932630986,0.4794350319185056,95.88700638370112,0.5756270334405278,0.5728951809927402,1,0,1,0.005,0.0,0.005,114,-0.28468114137649536,-1.1299960613250732,0.40239521861076355,-0.40778300166130066,0.06959106028079987,-0.10000000149011612,0.2717706168059555,0.2644799481520962,0.019203876995599018,0.2836838251476952,1.670185446739197,-2.399877633556895,0.4878175152372843,0.5167638143899514,0.5570820569992065,-0.6312360167503357,False,False,False,-0.2754255620006767,False
pure,3,17,0,0.08002006356061056,200,-62.1751932630986,0.4794350319185056,95.88700638370112,0.5756270334405278,0.5728951809927402,1,0,1,0.005,0.0,0.005,115,-0.2777220606803894,-1.1399955749511719,0.40239521861076355,-0.40778300166130066,0.06852924823760986,-0.10000000149011612,0.268899707677115,0.26951914852681974,0.019559052388542896,0.2890782009153626,1.6447019577026365,-2.3998753013980827,0.49021795796642337,0.5188063892148116,0.5564548969268799,-0.6281750798225403,False,False,False,-0.2725365515372644,False
pure,3,17,0,0.08002006356061056,200,-62.1751932630986,0.4794350319185056,95.88700638370112,0.5756270334405278,0.5728951809927402,1,0,1,0.005,0.0,0.005,116,-0.2708691358566284,-1.149994969367981,0.40239521861076355,-0.40778300166130066,0.06745408475399017,-0.10000000149011612,0.26602200068136367,0.27310227666711856,0.01981154747804097,0.29291382414515954,1.618898034095764,-2.3998736431143777,0.48966994942533526,0.5208466806707505,0.5557371973991394,-0.6251627206802368,False,False,False,-0.26964070878525886,False
pure,3,17,0,0.08002006356061056,200,-62.1751932630986,0.4794350319185056,95.88700638370112,0.5756270334405278,0.5728951809927402,1,0,1,0.005,0.0,0.005,117,-0.26412370800971985,-1.1599944829940796,0.40239521861076355,-0.40778300166130066,0.06637100875377655,-0.10000000149011612,0.26313687855762313,0.2752787751975574,0.019964918098588712,0.2952436932961461,1.5929042100906372,-2.399872635823568,0.486405980582045,0.522873372256509,0.5549293756484985,-0.622199296951294,False,False,False,-0.2667375172899372,False
pure,3,17,0,0.08002006356061056,200,-62.1751932630986,0.4794350319185056,95.88700638370112,0.5756270334405278,0.5728951809927402,1,0,1,0.005,0.0,0.005,118,-0.25748661160469055,-1.1699939966201782,0.40239521861076355,-0.40778300166130066,0.06528495252132416,-0.10000000149011612,0.26024381060602175,0.276179011938953,0.02002835570145182,0.29620736764040484,1.56683886051178,-2.3998722191909883,0.48079350280768807,0.5248766785182076,0.5540322065353394,-0.6192849278450012,False,False,False,-0.2638265348643254,False
pure,3,17,0,0.08002006356061056,200,-62.1751932630986,0.4794350319185056,95.88700638370112,0.5756270334405278,0.5728951809927402,1,0,1,0.005,0.0,0.005,119,-0.250958114862442,-1.1799933910369873,0.40239521861076355,-0.40778300166130066,0.06420011073350906,-0.10000000149011612,0.2573420301592709,0.27599319963226343,0.020015279950358476,0.2960084795826219,1.5408026576042175,-2.3998723051855464,0.4732851715074837,0.5268487000661555,0.5530465841293335,-0.61641925573349,False,False,False,-0.26090706726077806,False
pure,3,17,0,0.08002006356061056,200,-62.1751932630986,0.4794350319185056,95.88700638370112,0.5756270334405278,0.5728951809927402,1,0,1,0.005,0.0,0.005,120,-0.2445380985736847,-1.189992904663086,0.40239521861076355,-0.40778300166130066,0.06312098354101181,-0.10000000149011612,0.25443111194342244,0.27464190304670477,0.01992017112785347,0.29456207417455826,1.5149036049842837,-2.3998729305701314,0.4638618884672574,0.528781457934769,0.5519739985466003,-0.613601803779602,False,False,False,-0.25797876363664735,False
pure,3,17,0,0.08002006356061056,200,-62.1751932630986,0.4794350319185056,95.88700638370112,0.5756270334405278,0.5728951809927402,1,0,1,0.005,0.0,0.005,121,-0.2382260113954544,-1.1999924182891846,0.40239521861076355,-0.40778300166130066,0.06205085292458534,-0.10000000149011612,0.25151039196750974,0.27243963663058846,0.019765109460010123,0.2922047460905986,1.489220470190048,-2.399873949786406,0.4531564550691659,0.5306696098308906,0.5508157014846802,-0.6108318567276001,False,False,False,-0.25504101208052493,False
pure,3,17,0,0.08002006356061056,200,-62.1751932630986,0.4794350319185056,95.88700638370112,0.5756270334405278,0.5728951809927402,1,0,1,0.005,0.0,0.005,122,-0.23202091455459595,-1.2099918127059937,0.40239521861076355,-0.40778300166130066,0.06099305674433708,-0.10000000149011612,0.2485794122510449,0.2693717004367756,0.019549159008408135,0.28892085944518375,1.46383336186409,-2.3998753696375528,0.4412308270428186,0.5325080716102357,0.549573540687561,-0.608108401298523,False,False,False,-0.25209340400927227,False
pure,3,17,0,0.08002006356061056,200,-62.1751932630986,0.4794350319185056,95.88700638370112,0.5756270334405278,0.5728951809927402,1,0,1,0.005,0.0,0.005,123,-0.2259216159582138,-1.2199913263320923,0.40239521861076355,-0.40778300166130066,0.059950437396764755,-0.10000000149011612,0.2456377196195721,0.26556587994045944,0.019281288926972923,0.28484716886743233,1.4388104975223543,-2.3998771309840263,0.42837170019383214,0.5342929536943767,0.5482491254806519,-0.6054304838180542,False,False,False,-0.2491355260345339,False
pure,3,17,0,0.08002006356061056,200,-62.1751932630986,0.4794350319185056,95.88700638370112,0.5756270334405278,0.5728951809927402,1,0,1,0.005,0.0,0.005,124,-0.21992656588554382,-1.229990839958191,0.40239521861076355,-0.40778300166130066,0.058925189077854156,-0.10000000149011612,0.2426848452523701,0.26118958171245943,0.018973297689632934,0.2801628794020924,1.4142045378684995,-2.399879156349505,0.4149091133542997,0.5360217416666863,0.5468443632125854,-0.6027967929840088,False,False,False,-0.2461669368282311,False
pure,3,17,0,0.08002006356061056,200,-62.1751932630986,0.4794350319185056,95.88700638370112,0.5756270334405278,0.5728951809927402,1,0,1,0.005,0.0,0.005,125,-0.2140340507030487,-1.2399903535842896,0.40239521861076355,-0.40778300166130066,0.057919520884752274,-0.10000000149011612,0.2397203664900912,0.25623880941950095,0.01862494660757867,0.27486375602707963,1.3900685012340548,-2.3998814475835046,0.40088716159352566,0.5376921048399926,0.5453613996505737,-0.6002057790756226,False,False,False,-0.24318723898848427,False
pure,3,17,0,0.08002006356061056,200,-62.1751932630986,0.4794350319185056,95.88700638370112,0.5756270334405278,0.5728951809927402,1,0,1,0.005,0.0,0.005,126,-0.20824210345745087,-1.2499898672103882,0.40239521861076355,-0.40778300166130066,0.05693497881293297,-0.10000000149011612,0.2367439321014348,0.250884865517177,0.01824826152541032,0.2691331270425873,1.3664394915103912,-2.3998839254066753,0.38661269756639355,0.5393029910798526,0.54380202293396,-0.5976561307907104,False,False,False,-0.2401960955891076,False
pure,3,17,0,0.08002006356061056,200,-62.1751932630986,0.4794350319185056,95.88700638370112,0.5756270334405278,0.5728951809927402,1,0,1,0.005,0.0,0.005,127,-0.20254860818386078,-1.2599893808364868,0.40239521861076355,-0.40778300166130066,0.05597303807735443,-0.10000000149011612,0.23375530119191876,0.24514600076787363,0.01784456651989542,0.26299056728776904,1.3433529138565061,-2.3998865813725048,0.3721425301932984,0.5408535849556579,0.5421686172485352,-0.595146119594574,False,False,False,-0.23719327780555954,False
pure,3,17,0,0.08002006356061056,200,-62.1751932630986,0.4794350319185056,95.88700638370112,0.5756270334405278,0.5728951809927402,1,0,1,0.005,0.0,0.005,128,-0.19695129990577698,-1.2699888944625854,0.40239521861076355,-0.40778300166130066,0.05503474920988083,-0.10000000149011612,0.23075423721384034,0.2391319547314878,0.017421565760017382,0.25655352049150515,1.3208339810371397,-2.399889364693154,0.3576634421449522,0.5423438492979286,0.5404632687568665,-0.5926741361618042,False,False,False,-0.2341785535604857,False
pure,3,17,0,0.08002006356061056,200,-62.1751932630986,0.4794350319185056,95.88700638370112,0.5756270334405278,0.5728951809927402,1,0,1,0.005,0.0,0.005,129,-0.19144782423973083,-1.279988408088684,0.40239521861076355,-0.40778300166130066,0.05412086099386215,-0.10000000149011612,0.2277404187959904,0.2329207540363066,0.016984764100515342,0.24990551813682194,1.2989006638526914,-2.399892239257641,0.3433025255932767,0.5437742764879006,0.5386879444122314,-0.5902384519577026,False,False,False,-0.23115160081212469,False
pure,3,17,0,0.08002006356061056,200,-62.1751932630986,0.4794350319185056,95.88700638370112,0.5756270334405278,0.5728951809927402,1,0,1,0.005,0.0,0.005,130,-0.18603573739528656,-1.2899879217147827,0.40239521861076355,-0.40778300166130066,0.0532320961356163,-0.10000000149011612,0.2247139237122729,0.22651915108076276,0.016534646068414042,0.2430537971491768,1.277570307254791,-2.3998952019409314,0.3290755592107229,0.5451454246512786,0.5368451476097107,-0.5878373384475708,False,False,False,-0.22811249554624105,False
pure,3,17,0,0.08002006356061056,200,-62.1751932630986,0.4794350319185056,95.88700638370112,0.5756270334405278,0.5728951809927402,1,0,1,0.005,0.0,0.005,131,-0.1807125359773636,-1.299987554550171,0.40239521861076355,-0.40778300166130066,0.052368760108947754,-0.10000000149011612,0.22167447490144807,0.22003504222518291,0.016078782485548202,0.2361138247107311,1.256850242614746,-2.3998982028082283,0.3151385373948786,0.5464585018904239,0.5349369049072266,-0.5854688882827759,False,False,False,-0.22506095377255517,False
pure,3,17,0,0.08002006356061056,200,-62.1751932630986,0.4794350319185056,95.88700638370112,0.5756270334405278,0.5728951809927402,1,0,1,0.005,0.0,0.005,132,-0.17547565698623657,-1.3099870681762695,0.40239521861076355,-0.40778300166130066,0.051531121134757996,-0.10000000149011612,0.21862203259298543,0.21347812917735987,0.015617875739052375,0.22909600491641224,1.2367469072341921,-2.3999012373695496,0.3014997753334768,0.5477147509543133,0.5329651236534119,-0.5831314921379089,False,False,False,-0.22199692700335721,False
pure,3,17,0,0.08002006356061056,200,-62.1751932630986,0.4794350319185056,95.88700638370112,0.5756270334405278,0.5728951809927402,1,0,1,0.005,0.0,0.005,133,-0.17032253742218018,-1.3199867010116577,0.40239521861076355,-0.40778300166130066,0.05071908235549927,-0.10000000149011612,0.21555671522855177,0.20694286840932308,0.015158554076849053,0.22210142248617212,1.2172579765319824,-2.3999042619101236,0.2882819357910821,0.5489159256867762,0.5309324264526367,-0.5808231234550476,False,False,False,-0.2189205202692689,False
pure,3,17,0,0.08002006356061056,200,-62.1751932630986,0.4794350319185056,95.88700638370112,0.5756270334405278,0.5728951809927402,1,0,1,0.005,0.0,0.005,134,-0.16525062918663025,-1.329986333847046,0.40239521861076355,-0.40778300166130066,0.04993269592523575,-0.10000000149011612,0.21247848004708011,0.20039082301865327,0.014698133220664735,0.215088956239318,1.1983847022056577,-2.3999072942186763,0.2754194538956266,0.5500635067446746,0.5288404226303101,-0.5785422325134277,False,False,False,-0.21583167963335234,False
pure,3,17,0,0.08002006356061056,200,-62.1751932630986,0.4794350319185056,95.88700638370112,0.5756270334405278,0.5728951809927402,1,0,1,0.005,0.0,0.005,135,-0.16025736927986145,-1.3399858474731445,0.40239521861076355,-0.40778300166130066,0.049171458929777145,-0.10000000149011612,0.20938748193837828,0.19396558952250098,0.014246681200030722,0.2082122707225317,1.1801150143146515,-2.3999102678382602,0.2630924609504681,0.5511597253319682,0.5266914367675781,-0.5762869119644165,False,False,False,-0.21273054188050455,False
pure,3,17,0,0.08002006356061056,200,-62.1751932630986,0.4794350319185056,95.88700638370112,0.5756270334405278,0.5728951809927402,1,0,1,0.005,0.0,0.005,136,-0.15534022450447083,-1.3499854803085327,0.40239521861076355,-0.40778300166130066,0.04843530058860779,-0.10000000149011612,0.20628382494957398,0.18755556167776724,0.013796388680689928,0.20135195035845715,1.1624472141265867,-2.3999132344206164,0.2511335759482663,0.5522061152317527,0.5244873762130737,-0.5740554332733154,False,False,False,-0.20961719876439522,False
pure,3,17,0,0.08002006356061056,200,-62.1751932630986,0.4794350319185056,95.88700638370112,0.5756270334405278,0.5728951809927402,1,0,1,0.005,0.0,0.005,137,-0.1504966914653778,-1.359985113143921,0.40239521861076355,-0.40778300166130066,0.04772358760237694,-0.10000000149011612,0.20316766493493846,0.1813062453058236,0.013357435395882824,0.19466368070170642,1.1453661024570467,-2.3999161266251665,0.23971875215398541,0.5532049433657276,0.5222301483154297,-0.571846067905426,False,False,False,-0.20649178691679768,False
pure,3,17,0,0.08002006356061056,200,-62.1751932630986,0.4794350319185056,95.88700638370112,0.5756270334405278,0.5728951809927402,1,0,1,0.005,0.0,0.005,138,-0.1457243263721466,-1.3699848651885986,0.40239521861076355,-0.40778300166130066,0.04703592136502266,-0.10000000149011612,0.20003942126268248,0.17515710712021346,0.01292560442986857,0.18808271155008202,1.1288621127605436,-2.3999189724669154,0.228748625310593,0.554158062637855,0.5199217796325684,-0.5696572661399841,False,False,False,-0.2033547102832208,False
pure,3,17,0,0.08002006356061056,200,-62.1751932630986,0.4794350319185056,95.88700638370112,0.5756270334405278,0.5728951809927402,1,0,1,0.005,0.0,0.005,139,-0.141020730137825,-1.3799844980239868,0.40239521861076355,-0.40778300166130066,0.046371787786483765,-0.10000000149011612,0.1968991780707222,0.16913808147064802,0.01250297063078917,0.1816410521014372,1.1129229068756101,-2.399921758092147,0.2182437965512954,0.5550674117901521,0.517564058303833,-0.5674871802330017,False,False,False,-0.20020603601425704,False
pure,3,17,0,0.08002006356061056,200,-62.1751932630986,0.4794350319185056,95.88700638370112,0.5756270334405278,0.5728951809927402,1,0,1,0.005,0.0,0.005,140,-0.1363835632801056,-1.389984130859375,0.40239521861076355,-0.40778300166130066,0.04573050141334534,-0.10000000149011612,0.19374742309246132,0.16329359570150095,0.012092658258562906,0.17538625396006385,1.097532033920288,-2.399924462939737,0.20824141859312092,0.5559350843676234,0.5151588916778564,-0.5653343200683594,False,False,False,-0.19704623373839925,False
pure,3,17,0,0.08002006356061056,200,-62.1751932630986,0.4794350319185056,95.88700638370112,0.5756270334405278,0.5728951809927402,1,0,1,0.005,0.0,0.005,141,-0.1318105012178421,-1.3999838829040527,0.40239521861076355,-0.40778300166130066,0.045111313462257385,-0.10000000149011612,0.19058441058088774,0.15764015560419908,0.011695834930570368,0.16933599053476944,1.0826715230941775,-2.3999270793707503,0.1987416583345275,0.5567631746106839,0.5127077102661133,-0.5631971955299377,False,False,False,-0.1938755391566896,False
pure,3,17,0,0.08002006356061056,200,-62.1751932630986,0.4794350319185056,95.88700638370112,0.5756270334405278,0.5728951809927402,1,0,1,0.005,0.0,0.005,142,-0.12729938328266144,-1.409983515739441,0.40239521861076355,-0.40778300166130066,0.04451361298561096,-0.10000000149011612,0.1874106385019848,0.15214223243194988,0.011310002399636617,0.1634522348315865,1.0683267116546633,-2.39992962382801,0.18968082068227826,0.5575535113635267,0.5102125406265259,-0.5610741376876831,False,False,False,-0.19069443436537478,False
pure,3,17,0,0.08002006356061056,200,-62.1751932630986,0.4794350319185056,95.88700638370112,0.5756270334405278,0.5728951809927402,1,0,1,0.005,0.0,0.005,143,-0.1228480115532875,-1.4199832677841187,0.40239521861076355,-0.40778300166130066,0.04393681511282921,-0.10000000149011612,0.18422654426725865,0.14679316689614746,0.010934674853548458,0.15772784174969592,1.0544835627079008,-2.3999320993934568,0.18103345878728647,0.558307817441807,0.5076748132705688,-0.5589637756347656,False,False,False,-0.1875033413532591,False
pure,3,17,0,0.08002006356061056,200,-62.1751932630986,0.4794350319185056,95.88700638370112,0.5756270334405278,0.5728951809927402,1,0,1,0.005,0.0,0.005,144,-0.11845432966947556,-1.4299829006195068,0.40239521861076355,-0.40778300166130066,0.0433800108730793,-0.10000000149011612,0.18103274678548367,0.14167687179728666,0.010575743053887249,0.15225261485117392,1.041120260953903,-2.399934467231967,0.1728837520083368,0.5590281664085084,0.5050961971282959,-0.5568647384643555,False,False,False,-0.18430286047717126,False
pure,3,17,0,0.08002006356061056,200,-62.1751932630986,0.4794350319185056,95.88700638370112,0.5756270334405278,0.5728951809927402,1,0,1,0.005,0.0,0.005,145,-0.11411633342504501,-1.4399826526641846,0.40239521861076355,-0.40778300166130066,0.04284265264868736,-0.10000000149011612,0.17782960722080177,0.1367000406261177,0.010226672033967776,0.14692671266008547,1.0282236635684967,-2.3999367705261023,0.16510158283697932,0.5597160896703292,0.5024780035018921,-0.5547755360603333,False,False,False,-0.18109333881965584,False
pure,3,17,0,0.08002006356061056,200,-62.1751932630986,0.4794350319185056,95.88700638370112,0.5756270334405278,0.5728951809927402,1,0,1,0.005,0.0,0.005,146,-0.10983206331729889,-1.4499824047088623,0.40239521861076355,-0.40778300166130066,0.04232398048043251,-0.10000000149011612,0.1746179976304028,0.13191764241245052,0.009891290685908632,0.14180893309835915,1.0157755315303802,-2.399938983836015,0.15773720745730777,0.5603733280347346,0.4998220205307007,-0.5526949167251587,False,False,False,-0.17787563301520087,False
pure,3,17,0,0.08002006356061056,200,-62.1751932630986,0.4794350319185056,95.88700638370112,0.5756270334405278,0.5728951809927402,1,0,1,0.005,0.0,0.005,147,-0.10559967160224915,-1.45998215675354,0.40239521861076355,-0.40778300166130066,0.04182327911257744,-0.10000000149011612,0.17139853501182312,0.1273182366036092,0.009568809742424645,0.13688704634603382,1.0037586987018585,-2.3999411124564287,0.1507613673923726,0.5610015003988695,0.4971294105052948,-0.5506216883659363,False,False,False,-0.17465034508567565,False
pure,3,17,0,0.08002006356061056,200,-62.1751932630986,0.4794350319185056,95.88700638370112,0.5756270334405278,0.5728951809927402,1,0,1,0.005,0.0,0.005,148,-0.10141734033823013,-1.4699819087982178,0.40239521861076355,-0.40778300166130066,0.04133976623415947,-0.10000000149011612,0.16817189037167798,0.12291925695530148,0.009260448227048319,0.1321797051823498,0.9921543896198273,-2.3999431483189446,0.1441794296298768,0.5616022480223274,0.4944015145301819,-0.548554539680481,False,False,False,-0.17141813106202852,False
pure,3,17,0,0.08002006356061056,200,-62.1751932630986,0.4794350319185056,95.88700638370112,0.5756270334405278,0.5728951809927402,1,0,1,0.005,0.0,0.005,149,-0.09728336334228516,-1.4799816608428955,0.40239521861076355,-0.40778300166130066,0.04087276756763458,-0.10000000149011612,0.16493890362786964,0.11869286802096499,0.008964253317812663,0.12765712133877766,0.98094642162323,-2.3999451043059,0.13794506002120632,0.5621770191057491,0.4916397035121918,-0.5464922785758972,False,False,False,-0.16817981789815142,False
pure,3,17,0,0.08002006356061056,200,-62.1751932630986,0.4794350319185056,95.88700638370112,0.5756270334405278,0.5728951809927402,1,0,1,0.005,0.0,0.005,150,-0.0931960865855217,-1.4899814128875732,0.40239521861076355,-0.40778300166130066,0.04042169079184532,-0.10000000149011612,0.16170057140142852,0.11461795029517532,0.008678729440081743,0.12329667973525707,0.9701205790042878,-2.3999469901914723,0.13202172290305048,0.5627271096178452,0.4888453483581543,-0.5444338321685791,False,False,False,-0.16493639014513425,False
pure,3,17,0,0.08002006356061056,200,-62.1751932630986,0.4794350319185056,95.88700638370112,0.5756270334405278,0.5728951809927402,1,0,1,0.005,0.0,0.005,151,-0.08915391564369202,-1.4999812841415405,0.40239521861076355,-0.40778300166130066,0.03998582065105438,-0.10000000149011612,0.15845776244293136,0.11072636835233608,0.008406107683334385,0.11913247603567047,0.9596596956253052,-2.399948791228631,0.12643386092425432,0.5632539173716963,0.48601946234703064,-0.5423781275749207,False,False,False,-0.16168870336602612,False
pure,3,17,0,0.08002006356061056,200,-62.1751932630986,0.4794350319185056,95.88700638370112,0.5756270334405278,0.5728951809927402,1,0,1,0.005,0.0,0.005,152,-0.08515533804893494,-1.5099810361862183,0.40239521861076355,-0.40778300166130066,0.03956449031829834,-0.10000000149011612,0.1552114515507905,0.10700569524185773,0.008145524091026793,0.11515121933288452,0.9495477676391603,-2.399950513168609,0.12115587376386933,0.563758733512379,0.48316311836242676,-0.5403240919113159,False,False,False,-0.15843772095985098,False
pure,3,17,0,0.08002006356061056,200,-62.1751932630986,0.4794350319185056,95.88700638370112,0.5756270334405278,0.5728951809927402,1,0,1,0.005,0.0,0.005,153,-0.08119888603687286,-1.519980788230896,0.40239521861076355,-0.40778300166130066,0.03915700316429138,-0.10000000149011612,0.15196294245000874,0.1034637151618387,0.007897521085374067,0.11136123624721278,0.9397680759429933,-2.399952152408854,0.11618556925509287,0.5642428400509419,0.48027777671813965,-0.5382707118988037,False,False,False,-0.15518473458167112,False
pure,3,17,0,0.08002006356061056,200,-62.1751932630986,0.4794350319185056,95.88700638370112,0.5756270334405278,0.5728951809927402,1,0,1,0.005,0.0,0.005,154,-0.07728318870067596,-1.5299806594848633,0.40239521861076355,-0.40778300166130066,0.03876300901174545,-0.10000000149011612,0.14871341531028173,0.10001090912702583,0.007655808449975536,0.10766671757700136,0.9303122162818909,-2.3999537503790522,0.11141495672403262,0.5647070690372921,0.47736430168151855,-0.5362170934677124,False,False,False,-0.15193091657807253,False
pure,3,17,0,0.08002006356061056,200,-62.1751932630986,0.4794350319185056,95.88700638370112,0.5756270334405278,0.5728951809927402,1,0,1,0.005,0.0,0.005,155,-0.073406882584095,-1.539980411529541,0.40239521861076355,-0.40778300166130066,0.038381628692150116,-0.10000000149011612,0.14546416811051865,0.09678410781747598,0.007429973536122163,0.10421408135359815,0.9211590886116029,-2.399955243753507,0.10698516449819946,0.5651528405560345,0.4744237959384918,-0.5341622233390808,False,False,False,-0.14867755174043676,False
pure,3,17,0,0.08002006356061056,200,-62.1751932630986,0.4794350319185056,95.88700638370112,0.5756270334405278,0.5728951809927402,1,0,1,0.005,0.0,0.005,156,-0.06956872344017029,-1.5499802827835083,0.40239521861076355,-0.40778300166130066,0.038012467324733734,-0.10000000149011612,0.14221673672804408,0.09365820313863163,0.007211268300889224,0.10086947143952085,0.9122992157936097,-2.3999566904326626,0.10275103688123631,0.5655809698763731,0.47145721316337585,-0.5321053266525269,False,False,False,-0.14542616879353099,False
pure,3,17,0,0.08002006356061056,200,-62.1751932630986,0.4794350319185056,95.88700638370112,0.5756270334405278,0.5728951809927402,1,0,1,0.005,0.0,0.005,157,-0.06576747447252274,-1.559980034828186,0.40239521861076355,-0.40778300166130066,0.03765479475259781,-0.10000000149011612,0.13897270356941993,0.09071991391211714,0.007005746738692914,0.09772566065081006,0.9037150740623475,-2.399958050282758,0.09879845200378698,0.5659926300930556,0.46846556663513184,-0.5300455093383789,False,False,False,-0.14217833852101142,False
pure,3,17,0,0.08002006356061056,200,-62.1751932630986,0.4794350319185056,95.88700638370112,0.5756270334405278,0.5728951809927402,1,0,1,0.005,0.0,0.005,158,-0.062001995742321014,-1.5699799060821533,0.40239521861076355,-0.40778300166130066,0.03730829805135727,-0.10000000149011612,0.13573377629483413,0.08786144052745279,0.0068058608844511455,0.09466730141190394,0.8953991532325745,-2.3999593731938145,0.09500484907236709,0.5663884836308571,0.46544963121414185,-0.5279819965362549,False,False,False,-0.13893576299513052,False
pure,3,17,0,0.08002006356061056,200,-62.1751932630986,0.4794350319185056,95.88700638370112,0.5756270334405278,0.5728951809927402,1,0,1,0.005,0.0,0.005,159,-0.05827116593718529,-1.579979658126831,0.40239521861076355,-0.40778300166130066,0.036972396075725555,-0.10000000149011612,0.13250194217967232,0.08515215556478126,0.006616451100812352,0.09176860666559361,0.8873375058174133,-2.3999606270599703,0.09143792346664661,0.5667694749786348,0.46241044998168945,-0.5259140133857727,False,False,False,-0.1357004203270598,False
pure,3,17,0,0.08002006356061056,200,-62.1751932630986,0.4794350319185056,95.88700638370112,0.5756270334405278,0.5728951809927402,1,0,1,0.005,0.0,0.005,160,-0.05457392707467079,-1.5899795293807983,0.40239521861076355,-0.40778300166130066,0.03664658963680267,-0.10000000149011612,0.12927924603454827,0.08257095065509709,0.00643605722640885,0.08900700788150594,0.879518151283264,-2.399961821650249,0.08806894149521005,0.5671364289015316,0.4593488276004791,-0.5238407850265503,False,False,False,-0.13247434795133828,False
pure,3,17,0,0.08002006356061056,200,-62.1751932630986,0.4794350319185056,95.88700638370112,0.5756270334405278,0.5728951809927402,1,0,1,0.005,0.0,0.005,161,-0.050909269601106644,-1.5999794006347656,0.40239521861076355,-0.40778300166130066,0.036330513656139374,-0.10000000149011612,0.12606804622183496,0.08008318836034506,0.006262238242710242,0.0863454266030553,0.871932327747345,-2.3999629729949716,0.08485626075104243,0.5674899966546609,0.4562655985355377,-0.5217616558074951,False,False,False,-0.12925989774833374,False
pure,3,17,0,0.08002006356061056,200,-62.1751932630986,0.4794350319185056,95.88700638370112,0.5756270334405278,0.5728951809927402,1,0,1,0.005,0.0,0.005,162,-0.04727621749043465,-1.609979271888733,0.40239521861076355,-0.40778300166130066,0.03602348268032074,-0.10000000149011612,0.1228709179223576,0.07777175794405985,0.0061008094815064706,0.08387256742556633,0.8645635843276979,-2.3999640427327105,0.08188035319476081,0.5678311647929725,0.4531615972518921,-0.5196759700775146,False,False,False,-0.12605963595817474,False
pure,3,17,0,0.08002006356061056,200,-62.1751932630986,0.4794350319185056,95.88700638370112,0.5756270334405278,0.5728951809927402,1,0,1,0.005,0.0,0.005,163,-0.04367386922240257,-1.6199790239334106,0.40239521861076355,-0.40778300166130066,0.035725243389606476,-0.10000000149011612,0.1196905287300586,0.07552499545864791,0.005943950976464915,0.08146894643511282,0.8574058413505553,-2.3999650825419145,0.07902084707007559,0.5681604183224311,0.45003741979599,-0.5175830125808716,False,False,False,-0.12287622548093789,False
pure,3,17,0,0.08002006356061056,200,-62.1751932630986,0.4794350319185056,95.88700638370112,0.5756270334405278,0.5728951809927402,1,0,1,0.005,0.0,0.005,164,-0.040101345628499985,-1.629978895187378,0.40239521861076355,-0.40778300166130066,0.035435497760772705,-0.10000000149011612,0.116530134026846,0.07335445385074864,0.005792438064333116,0.07914689191508176,0.850451946258545,-2.3999660870758412,0.07628609295998852,0.5684782770430977,0.44689416885375977,-0.5154821872711182,False,False,False,-0.11971291700466545,False
pure,3,17,0,0.08002006356061056,200,-62.1751932630986,0.4794350319185056,95.88700638370112,0.5756270334405278,0.5728951809927402,1,0,1,0.005,0.0,0.005,165,-0.036557793617248535,-1.6399787664413452,0.40239521861076355,-0.40778300166130066,0.03515365719795227,-0.10000000149011612,0.11339312514672639,0.0713353226375186,0.005651560029705258,0.07698688266722385,0.8436877727508546,-2.39996702153653,0.07374829716603831,0.5687855616146229,0.4437323808670044,-0.5133729577064514,False,False,False,-0.11657309404025437,False
pure,3,17,0,0.08002006356061056,200,-62.1751932630986,0.4794350319185056,95.88700638370112,0.5756270334405278,0.5728951809927402,1,0,1,0.005,0.0,0.005,166,-0.03304243087768555,-1.6499786376953125,0.40239521861076355,-0.40778300166130066,0.03487958014011383,-0.10000000149011612,0.11028314042806887,0.06935207031459378,0.005513222437935143,0.07486529275252893,0.8371099233627318,-2.399967939392348,0.07128686335987926,0.5690825902119557,0.4405527412891388,-0.511254608631134,False,False,False,-0.11346039202034736,False
pure,3,17,0,0.08002006356061056,200,-62.1751932630986,0.4794350319185056,95.88700638370112,0.5756270334405278,0.5728951809927402,1,0,1,0.005,0.0,0.005,167,-0.029554471373558044,-1.6599785089492798,0.40239521861076355,-0.40778300166130066,0.03461265563964844,-0.10000000149011612,0.10720453660661357,0.0675260734550921,0.0053859189483735845,0.07291199240346569,0.8307037353515625,-2.3999687844698108,0.06902019880455007,0.5693701743736413,0.4373559057712555,-0.5091267824172974,False,False,False,-0.11037915985757488,False
pure,3,17,0,0.08002006356061056,200,-62.1751932630986,0.4794350319185056,95.88700638370112,0.5756270334405278,0.5728951809927402,1,0,1,0.005,0.0,0.005,168,-0.02609320543706417,-1.669978380203247,0.40239521861076355,-0.40778300166130066,0.03435277193784714,-0.10000000149011612,0.10416179938386055,0.0657283288868256,0.005260623686976541,0.07098895257380214,0.8244665265083313,-2.399969616472019,0.06681614402295502,0.569648574973737,0.43414241075515747,-0.5069888234138489,False,False,False,-0.10733388101826283,False
pure,3,17,0,0.08002006356061056,200,-62.1751932630986,0.4794350319185056,95.88700638370112,0.5756270334405278,0.5728951809927402,1,0,1,0.005,0.0,0.005,169,-0.022657928988337517,-1.6799782514572144,0.40239521861076355,-0.40778300166130066,0.0340995267033577,-0.10000000149011612,0.10116035474185478,0.06403395781490945,0.00514257447903652,0.06917653229394596,0.8183886408805847,-2.399970400632625,0.06474669023908483,0.5699183528497331,0.4309133291244507,-0.5048403739929199,False,False,False,-0.10432997634355556,False
pure,3,17,0,0.08002006356061056,200,-62.1751932630986,0.4794350319185056,95.88700638370112,0.5756270334405278,0.5728951809927402,1,0,1,0.005,0.0,0.005,170,-0.019247975200414658,-1.6899781227111816,0.40239521861076355,-0.40778300166130066,0.03385251760482788,-0.10000000149011612,0.09820564267716905,0.062443027440608354,0.005031802048357138,0.0674748294889655,0.8124604225158693,-2.399971136920531,0.06280866814032142,0.5701800556336512,0.42766889929771423,-0.502680778503418,False,False,False,-0.10137288046560786,False
pure,3,17,0,0.08002006356061056,200,-62.1751932630986,0.4794350319185056,95.88700638370112,0.5756270334405278,0.5728951809927402,1,0,1,0.005,0.0,0.005,171,-0.0158627238124609,-1.699977993965149,0.40239521861076355,-0.40778300166130066,0.03361167758703232,-0.10000000149011612,0.09530415241935364,0.06086886486884349,0.00492221540469486,0.06579108027353835,0.8066802620887757,-2.3999718654482427,0.06091489035238854,0.570433867676786,0.4244098365306854,-0.5005096793174744,False,False,False,-0.0984690806023132,False
pure,3,17,0,0.08002006356061056,200,-62.1751932630986,0.4794350319185056,95.88700638370112,0.5756270334405278,0.5728951809927402,1,0,1,0.005,0.0,0.005,172,-0.012501556426286697,-1.7099778652191162,0.40239521861076355,-0.40778300166130066,0.03337658941745758,-0.10000000149011612,0.0924629765227709,0.059402016842573235,0.004820150500843909,0.06422216734341714,0.8010381460189819,-2.3999725443104225,0.059151510302832715,0.5706803323030478,0.4211367964744568,-0.4983266592025757,False,False,False,-0.0956256648376856,False
pure,3,17,0,0.08002006356061056,200,-62.1751932630986,0.4794350319185056,95.88700638370112,0.5756270334405278,0.5728951809927402,1,0,1,0.005,0.0,0.005,173,-0.00916389748454094,-1.7199777364730835,0.40239521861076355,-0.40778300166130066,0.03314702957868576,-0.10000000149011612,0.08968981556241348,0.0579924551488499,0.004722122099982601,0.0627145772488325,0.7955287098884583,-2.399973196660296,0.057467629499144315,0.5709197807592943,0.41785016655921936,-0.49613121151924133,False,False,False,-0.09285033039395645,False
pure,3,17,0,0.08002006356061056,200,-62.1751932630986,0.4794350319185056,95.88700638370112,0.5756270334405278,0.5728951809927402,1,0,1,0.005,0.0,0.005,174,-0.005849194247275591,-1.7299777269363403,0.40239521861076355,-0.40778300166130066,0.032922714948654175,-0.10000000149011612,0.08699350250844684,0.05665560122632155,0.004629198480019341,0.06128479970634089,0.7901451587677002,-2.3999738153607684,0.055876104164205645,0.5711525978599785,0.4145507514476776,-0.4939230680465698,False,False,False,-0.0901519064414951,False
pure,3,17,0,0.08002006356061056,200,-62.1751932630986,0.4794350319185056,95.88700638370112,0.5756270334405278,0.5728951809927402,1,0,1,0.005,0.0,0.005,175,-0.002556922845542431,-1.7399775981903076,0.40239521861076355,-0.40778300166130066,0.03270352631807327,-0.10000000149011612,0.08438347036972148,0.05534909572030271,0.004538408177843697,0.059887503898146406,0.7848846316337585,-2.3999744200158935,0.05433471814010725,0.5713789925188957,0.41123896837234497,-0.49170175194740295,False,False,False,-0.08753982420101268,False
pure,3,17,0,0.08002006356061056,200,-62.1751932630986,0.4794350319185056,95.88700638370112,0.5756270334405278,0.5728951809927402,1,0,1,0.005,0.0,0.005,176,0.0007134298793971539,-1.749977469444275,0.40239521861076355,-0.40778300166130066,0.032489120960235596,-0.10000000149011612,0.08187015672107854,0.0541307461730131,0.0044538008841610716,0.05858454705717417,0.7797389030456544,-2.3999749838721445,0.052896859347122197,0.5715993960995087,0.40791523456573486,-0.4894668459892273,False,False,False,-0.08502451722403684,False
pure,3,17,0,0.08002006356061056,200,-62.1751932630986,0.4794350319185056,95.88700638370112,0.5756270334405278,0.5728951809927402,1,0,1,0.005,0.0,0.005,177,0.003962342161685228,-1.7599773406982422,0.40239521861076355,-0.40778300166130066,0.03227943181991577,-0.10000000149011612,0.07946511144115058,0.05292930845187085,0.004370389111497638,0.05729969756336849,0.7747063636779786,-2.3999755399015466,0.051493499050185354,0.5718139523455511,0.40458041429519653,-0.48721805214881897,False,False,False,-0.0826175338245782,False
pure,3,17,0,0.08002006356061056,200,-62.1751932630986,0.4794350319185056,95.88700638370112,0.5756270334405278,0.5728951809927402,1,0,1,0.005,0.0,0.005,178,0.007190285250544548,-1.7699772119522095,0.40239521861076355,-0.40778300166130066,0.032074011862277985,-0.10000000149011612,0.07718077962135451,0.0518430410770922,0.004295056294037122,0.05613809737112932,0.7697762846946716,-2.3999760426297265,0.050215575755032396,0.5720231839111971,0.40123453736305237,-0.4849550426006317,False,False,False,-0.0803313144001879,False
pure,3,17,0,0.08002006356061056,200,-62.1751932630986,0.4794350319185056,95.88700638370112,0.5756270334405278,0.5728951809927402,1,0,1,0.005,0.0,0.005,179,0.010397686623036861,-1.7799772024154663,0.40239521861076355,-0.40778300166130066,0.0318729430437088,-0.10000000149011612,0.07503053721382205,0.05073520610351006,0.004218225215249412,0.054953431318759474,0.7649506330490112,-2.399976555339463,0.04893356964849243,0.5722270737847325,0.39787858724594116,-0.4826774597167969,False,False,False,-0.07817923490299766,False
pure,3,17,0,0.08002006356061056,200,-62.1751932630986,0.4794350319185056,95.88700638370112,0.5756270334405278,0.5728951809927402,1,0,1,0.005,0.0,0.005,180,0.013584980741143227,-1.7899770736694336,0.40239521861076355,-0.40778300166130066,0.031675927340984344,-0.10000000149011612,0.0730286865444691,0.049704025630987914,0.004146754394434659,0.053850780025422575,0.7602222561836242,-2.3999770325732386,0.04773822181296364,0.5724259830422865,0.3945128321647644,-0.48038503527641296,False,False,False,-0.07617559430616211,False
pure,3,17,0,0.08002006356061056,200,-62.1751932630986,0.4794350319185056,95.88700638370112,0.5756270334405278,0.5728951809927402,1,0,1,0.005,0.0,0.005,181,0.0167525727301836,-1.7999769449234009,0.40239521861076355,-0.40778300166130066,0.031482718884944916,-0.10000000149011612,0.07119014802707828,0.04873607373019139,0.004079733722161793,0.05281580745235318,0.755585253238678,-2.3999774805446212,0.04661552767109233,0.5726202144075827,0.3911377191543579,-0.47807741165161133,False,False,False,-0.07433531034125483,False
pure,3,17,0,0.08002006356061056,200,-62.1751932630986,0.4794350319185056,95.88700638370112,0.5756270334405278,0.5728951809927402,1,0,1,0.005,0.0,0.005,182,0.019900845363736153,-1.8099768161773682,0.40239521861076355,-0.40778300166130066,0.031293340027332306,-0.10000000149011612,0.06953043934815073,0.0475405381770678,0.0037908246241840924,0.05133136280125189,0.7510401606559753,-2.3996870352038773,0.0448016461335627,0.5728068879331392,0.38775405287742615,-0.47575443983078003,False,False,False,-0.07267390024774217,False
pure,3,17,0,0.08002006356061056,200,-62.1751932630986,0.4794350319185056,95.88700638370112,0.5756270334405278,0.5728951809927402,1,0,1,0.005,0.0,0.005,183,0.023030178621411324,-1.8199756145477295,0.40239521861076355,-0.40778300166130066,0.031107231974601746,-0.10000000149011612,0.06806504082070561,0.04693466449801234,0.003957534397631056,0.0508921988956434,0.7465735673904419,-2.3996910241953233,0.04453703968049409,0.5729924589318078,0.3843623399734497,-0.4734157919883728,False,False,False,-0.07120683875070782,False
pure,3,17,0,0.08002006356061056,200,-62.1751932630986,0.4794350319185056,95.88700638370112,0.5756270334405278,0.5728951809927402,1,0,1,0.005,0.0,0.005,184,0.026140902191400528,-1.8299742937088013,0.40239521861076355,-0.40778300166130066,0.03092455118894577,-0.10000000149011612,0.06680926366647064,0.0460653226491503,0.0038986745300535934,0.0499639971792039,0.7421892285346986,-2.39969674782604,0.043544822869776664,0.5731738956937652,0.380962610244751,-0.471061110496521,False,False,False,-0.06994943818946658,False
pure,3,17,0,0.08002006356061056,200,-62.1751932630986,0.4794350319185056,95.88700638370112,0.5756270334405278,0.5728951809927402,1,0,1,0.005,0.0,0.005,185,0.029233356937766075,-1.839972972869873,0.40239521861076355,-0.40778300166130066,0.030745290219783783,-0.10000000149011612,0.06577772950961622,0.04519626108320008,0.0038385897874810837,0.049034850870681164,0.7378869652748108,-2.399702469611411,0.04256120532529404,0.5733512340492872,0.3775552809238434,-0.4686901867389679,False,False,False,-0.0689163192941192,False
pure,3,17,0,0.08002006356061056,200,-62.1751932630986,0.4794350319185056,95.88700638370112,0.5756270334405278,0.5728951809927402,1,0,1,0.005,0.0,0.005,186,0.032307885587215424,-1.8499717712402344,0.40239521861076355,-0.40778300166130066,0.030569210648536682,-0.10000000149011612,0.06498365573010151,0.04438825536837978,0.0037825164967799875,0.048170771865159764,0.7336610555648803,-2.399707789413206,0.04164286858915586,0.5735247460017421,0.37414079904556274,-0.466302752494812,False,False,False,-0.06812069720945065,False
pure,3,17,0,0.08002006356061056,200,-62.1751932630986,0.4794350319185056,95.88700638370112,0.5756270334405278,0.5728951809927402,1,0,1,0.005,0.0,0.005,187,0.03536480665206909,-1.8599705696105957,0.40239521861076355,-0.40778300166130066,0.030396193265914917,-0.10000000149011612,0.06443826086716391,0.04361094198918523,0.0037287360244653467,0.04733967801365058,0.7295086383819579,-2.3997129071407595,0.04076245487431528,0.5736945895637184,0.37071987986564636,-0.46389859914779663,False,False,False,-0.06757378891007638,False
pure,3,17,0,0.08002006356061056,200,-62.1751932630986,0.4794350319185056,95.88700638370112,0.5756270334405278,0.5728951809927402,1,0,1,0.005,0.0,0.005,188,0.0384044274687767,-1.869969367980957,0.40239521861076355,-0.40778300166130066,0.030226118862628937,-0.10000000149011612,0.06415059628018281,0.04286418128994131,0.0036770983172529875,0.04654127960719429,0.7254268527030947,-2.3997178237135453,0.03991882649831608,0.5738609180074614,0.3672923445701599,-0.4614773690700531,False,False,False,-0.0672846441907539,False
pure,3,17,0,0.08002006356061056,200,-62.1751932630986,0.4794350319185056,95.88700638370112,0.5756270334405278,0.5728951809927402,1,0,1,0.005,0.0,0.005,189,0.04142703860998154,-1.8799681663513184,0.40239521861076355,-0.40778300166130066,0.030058830976486206,-0.10000000149011612,0.06412651712432213,0.04215757426547618,0.0036282365565310005,0.04578581082200718,0.721411943435669,-2.399722475919895,0.03911973839405236,0.5740239169174366,0.363859087228775,-0.45903897285461426,False,False,False,-0.06725911664202519,False
pure,3,17,0,0.08002006356061056,200,-62.1751932630986,0.4794350319185056,95.88700638370112,0.5756270334405278,0.5728951809927402,1,0,1,0.005,0.0,0.005,190,0.04443292319774628,-1.8899670839309692,0.40239521861076355,-0.40778300166130066,0.02989427000284195,-0.10000000149011612,0.06436866462002963,0.04146624906918818,0.0035805556388616537,0.04504680470804984,0.7174624800682068,-2.3997270275127285,0.038342834036395136,0.5741836787259216,0.36042073369026184,-0.45658326148986816,False,False,False,-0.06749984681378574,False
pure,3,17,0,0.08002006356061056,200,-62.1751932630986,0.4794350319185056,95.88700638370112,0.5756270334405278,0.5728951809927402,1,0,1,0.005,0.0,0.005,191,0.04742234945297241,-1.8999658823013306,0.40239521861076355,-0.40778300166130066,0.02973240613937378,-0.10000000149011612,0.06487668362229491,0.04078241596189725,0.0035334260935631114,0.04431584205546037,0.7135777473449709,-2.3997315297786472,0.03758069851824222,0.5743402649697475,0.3569771647453308,-0.45410990715026855,False,False,False,-0.06800647844343806,False
pure,3,17,0,0.08002006356061056,200,-62.1751932630986,0.4794350319185056,95.88700638370112,0.5756270334405278,0.5728951809927402,1,0,1,0.005,0.0,0.005,192,0.05039558932185173,-1.9099647998809814,0.40239521861076355,-0.40778300166130066,0.029573172330856323,-0.10000000149011612,0.06564672471655598,0.04011562998628735,0.003487441869733979,0.04360307185602133,0.7097561359405519,-2.39973591980852,0.03684125405293306,0.5744937701949681,0.35352882742881775,-0.45161867141723633,False,False,False,-0.06877516144586793,False
pure,3,17,0,0.08002006356061056,200,-62.1751932630986,0.4794350319185056,95.88700638370112,0.5756270334405278,0.5728951809927402,1,0,1,0.005,0.0,0.005,193,0.05335290729999542,-1.9199637174606323,0.40239521861076355,-0.40778300166130066,0.029416270554065704,-0.10000000149011612,0.06667156013994743,0.039525404374096795,0.0034465733130446107,0.04297197768714141,0.7059904932975769,-2.399739805775194,0.036175438904690445,0.5746445011904042,0.3500768840312958,-0.44910958409309387,False,False,False,-0.06979866515248348,False
pure,3,17,0,0.08002006356061056,200,-62.1751932630986,0.4794350319185056,95.88700638370112,0.5756270334405278,0.5728951809927402,1,0,1,0.005,0.0,0.005,194,0.05629453435540199,-1.9299626350402832,0.40239521861076355,-0.40778300166130066,0.029261790215969086,-0.10000000149011612,0.06794254433088731,0.038912324662385554,0.003404541748378041,0.0423168664107636,0.7022829651832582,-2.399743842210198,0.03549749084229149,0.5747924074022471,0.3466205894947052,-0.44658219814300537,False,False,False,-0.07106834467225503,False
pure,3,17,0,0.08002006356061056,200,-62.1751932630986,0.4794350319185056,95.88700638370112,0.5756270334405278,0.5728951809927402,1,0,1,0.005,0.0,0.005,195,0.05922071263194084,-1.939961552619934,0.40239521861076355,-0.40778300166130066,0.029109597206115723,-0.10000000149011612,0.06944794696982105,0.03833342962710448,0.0033646459407052514,0.04169807556780973,0.6986303329467772,-2.3997476535778497,0.034855197904703525,0.5749376373935168,0.3431609570980072,-0.4440365135669708,False,False,False,-0.0725724681210061,False
pure,3,17,0,0.08002006356061056,200,-62.1751932630986,0.4794350319185056,95.88700638370112,0.5756270334405278,0.5728951809927402,1,0,1,0.005,0.0,0.005,196,0.062131673097610474,-1.949960470199585,0.40239521861076355,-0.40778300166130066,0.028959527611732483,-0.10000000149011612,0.07117465657025346,0.0377966879023704,0.0033276777968266123,0.041124365699197016,0.6950286626815797,-2.39975118741373,0.03425538019084251,0.575080368144312,0.3396986722946167,-0.4414723515510559,False,False,False,-0.07429792244761953,False
pure,3,17,0,0.08002006356061056,200,-62.1751932630986,0.4794350319185056,95.88700638370112,0.5756270334405278,0.5728951809927402,1,0,1,0.005,0.0,0.005,197,0.0650276243686676,-1.9599593877792358,0.40239521861076355,-0.40778300166130066,0.028811678290367126,-0.10000000149011612,0.07310967341603823,0.03723502301350761,0.0032892508736055955,0.04052427388711321,0.691480278968811,-2.399754885340413,0.03364067995383559,0.5752205376441196,0.3362331986427307,-0.43888941407203674,False,False,False,-0.07623170838298388,False
pure,3,17,0,0.08002006356061056,200,-62.1751932630986,0.4794350319185056,95.88700638370112,0.5756270334405278,0.5728951809927402,1,0,1,0.005,0.0,0.005,198,0.06790879368782043,-1.9699584245681763,0.40239521861076355,-0.40778300166130066,0.028665922582149506,-0.10000000149011612,0.07523809394655998,0.036705634184882346,0.00325282501801809,0.039958459202900434,0.6879821419715881,-2.399758370765801,0.03305881489456623,0.5753582827061803,0.3327658772468567,-0.4362877905368805,False,False,False,-0.07835892102537925,False
pure,3,17,0,0.08002006356061056,200,-62.1751932630986,0.4794350319185056,95.88700638370112,0.5756270334405278,0.5728951809927402,1,0,1,0.005,0.0,0.005,199,0.07077538222074509,-1.9799573421478271,0.40239521861076355,-0.40778300166130066,0.02852196991443634,-0.10000000149011612,0.07754620829211996,0.03625101449409628,0.003221470192051482,0.039472484686147766,0.6845272779464722,-2.3997613639211743,0.03254556797635071,0.575493889239415,0.3292964696884155,-0.43366706371307373,False,False,False,-0.08066584826993273,False
pure,3,17,0,0.08002006356061056,200,-62.1751932630986,0.4794350319185056,95.88700638370112,0.5756270334405278,0.5728951809927402,1,0,1,0.005,0.0,0.005,200,0.07362758368253708,-1.9899563789367676,0.40239521861076355,-0.40778300166130066,0.02838020771741867,-0.10000000149011612,0.08002006356061056,0.03569686051432452,0.0031838886880409777,0.03888074920236549,0.6811249852180481,-2.3997650123970238,0.03195460826707741,0.5756270334405278,0.325825572013855,-0.43102729320526123,False,False,False,-0.08313853968322828,True
