mode,seed,episode_idx,success,final_distance,length,return,tau_effort,tau_sum_total,energy,target_radius,torque_sat1_count,torque_sat2_count,torque_sat_any_count,torque_sat1_rate,torque_sat2_rate,torque_sat_any_rate,step,theta1,theta2,target_x,target_y,action0,action1,distance,tau1,tau2,tau_sum,omega1,omega2,power,cumulative_energy,tip_x,tip_y,sat1,sat2,sat_any,reward,done
pure,1,0,0,0.05715621501548831,200,-74.19548137002704,0.46669555399567003,93.339110799134,0.539400509731347,0.48638163546491586,1,0,1,0.005,0.0,0.005,0,0.0,0.0,0.43361759185791016,0.22032448649406433,0.0,0.0,0.6077268396259178,0.0,0.0,0.0,0.0,0.0,0.0,0.0,1.0,0.0,False,False,False,0.0,False
pure,1,0,0,0.05715621501548831,200,-74.19548137002704,0.46669555399567003,93.339110799134,0.539400509731347,0.48638163546491586,1,0,1,0.005,0.0,0.005,1,0.0,0.0,0.43361759185791016,0.22032448649406433,0.10000000149011612,0.10000000149011612,0.6033923020784469,20.0,3.1105159320256677,23.110515932025667,1.6857737576570138,2.400000035762787,41.18071350124259,0.17158630625517746,0.9999152421951294,0.012023617513477802,True,False,True,-0.6076349429611774,False
pure,1,0,0,0.05715621501548831,200,-74.19548137002704,0.46669555399567003,93.339110799134,0.539400509731347,0.48638163546491586,1,0,1,0.005,0.0,0.005,2,0.00702405720949173,0.009999999776482582,0.43361759185791016,0.22032448649406433,0.10000000149011612,0.10000000149011612,0.5980685994585188,7.70733011086543,0.5461881733495724,8.253518284215003,2.400000035762787,2.399748214650084,19.808306635571267,0.2541209172367244,0.9995849132537842,0.027018895372748375,False,False,False,-0.6023112403412493,False
pure,1,0,0,0.05715621501548831,200,-74.19548137002704,0.46669555399567003,93.339110799134,0.539400509731347,0.48638163546491586,1,0,1,0.005,0.0,0.005,3,0.017024056985974312,0.019998950883746147,0.43361759185791016,0.22032448649406433,0.10000000149011612,0.10000000149011612,0.5928406077381023,0.012964453801222048,0.003658842271611695,0.01662329607283374,2.4000000357627864,2.39991467952911,0.039895598864300455,0.254287148898659,0.9990047216415405,0.04200625792145729,False,False,False,-0.5970832486208328,False
pure,1,0,0,0.05715621501548831,200,-74.19548137002704,0.46669555399567003,93.339110799134,0.539400509731347,0.48638163546491586,1,0,1,0.005,0.0,0.005,4,0.027024056762456894,0.029998594895005226,0.43361759185791016,0.22032448649406433,0.10000000149011612,0.10000000149011612,0.5877126392711558,0.012838578235293366,0.003532966705674115,0.01637154494096748,2.400000035762787,2.3999155082770383,0.03929140981102116,0.2544508631062049,0.9981749653816223,0.05698089301586151,False,False,False,-0.5919552801538863,False
pure,1,0,0,0.05715621501548831,200,-74.19548137002704,0.46669555399567003,93.339110799134,0.539400509731347,0.48638163546491586,1,0,1,0.005,0.0,0.005,5,0.037024058401584625,0.03999824449419975,0.43361759185791016,0.22032448649406433,0.10000000149011612,0.10000000149011612,0.5826887467007346,0.012837951561884416,0.0035323400322740633,0.016370291594158478,2.4000000357627864,2.399915512402972,0.03928840184618006,0.254614564780564,0.9970958232879639,0.07193826884031296,False,False,False,-0.5869313875834651,False
pure,1,0,0,0.05715621501548831,200,-74.19548137002704,0.46669555399567003,93.339110799134,0.539400509731347,0.48638163546491586,1,0,1,0.005,0.0,0.005,6,0.04702405631542206,0.04999789223074913,0.43361759185791016,0.22032448649406433,0.10000000149011612,0.10000000149011612,0.5777731360676558,0.012837948441991012,0.0035323369123717585,0.01637028535436277,2.400000035762787,2.3999155124235125,0.0392883868710064,0.25477826639252654,0.9957677125930786,0.08687393367290497,False,False,False,-0.5820157769503863,False
pure,1,0,0,0.05715621501548831,200,-74.19548137002704,0.46669555399567003,93.339110799134,0.539400509731347,0.48638163546491586,1,0,1,0.005,0.0,0.005,7,0.05702405795454979,0.05999753996729851,0.43361759185791016,0.22032448649406433,0.10000000149011612,0.10000000149011612,0.5729699685128242,0.012837948426449189,0.003532336896838834,0.016370285323288023,2.4000000357627864,2.3999155124236147,0.03928838679642867,0.25494196800417834,0.99419105052948,0.1017833799123764,False,False,False,-0.5772126093955547,False
pure,1,0,0,0.05715621501548831,200,-74.19548137002704,0.46669555399567003,93.339110799134,0.539400509731347,0.48638163546491586,1,0,1,0.005,0.0,0.005,8,0.06702405959367752,0.06999718397855759,0.43361759185791016,0.22032448649406433,0.10000000149011612,0.10000000149011612,0.5682833750919295,0.012837948426382013,0.0035323368967627635,0.016370285323144777,2.400000035762787,2.3999155124236156,0.039288386796084894,0.2551056696158287,0.9923663139343262,0.11666218936443329,False,False,False,-0.57252601597466,False
pure,1,0,0,0.05715621501548831,200,-74.19548137002704,0.46669555399567003,93.339110799134,0.539400509731347,0.48638163546491586,1,0,1,0.005,0.0,0.005,9,0.07702405750751495,0.07999683171510696,0.43361759185791016,0.22032448649406433,0.10000000149011612,0.10000000149011612,0.5637177206579901,0.012837948426371815,0.0035323368967614625,0.016370285323133275,2.4000000357627864,2.399915512423616,0.0392883867960573,0.25526937122747895,0.9902942776679993,0.13150586187839508,False,False,False,-0.5679603615407206,False
pure,1,0,0,0.05715621501548831,200,-74.19548137002704,0.46669555399567003,93.339110799134,0.539400509731347,0.48638163546491586,1,0,1,0.005,0.0,0.005,10,0.08702405542135239,0.08999648690223694,0.43361759185791016,0.22032448649406433,0.10000000149011612,0.10000000149011612,0.559277092514952,0.01283794842638067,0.0035323368967614182,0.016370285323142088,2.400000035762787,2.399915512423615,0.03928838679607844,0.25543307283912925,0.987975537776947,0.1463099867105484,False,False,False,-0.5635197333976825,False
pure,1,0,0,0.05715621501548831,200,-74.19548137002704,0.46669555399567003,93.339110799134,0.539400509731347,0.48638163546491586,1,0,1,0.005,0.0,0.005,11,0.09702406078577042,0.09999613463878632,0.43361759185791016,0.22032448649406433,0.10000000149011612,0.10000000149011612,0.5549657263164973,0.01283794842637249,0.003532336896762135,0.016370285323134625,2.4000000357627864,2.3999155124236164,0.03928838679606053,0.2555967744507795,0.9854109287261963,0.1610700935125351,False,False,False,-0.5592083671992278,False
pure,1,0,0,0.05715621501548831,200,-74.19548137002704,0.46669555399567003,93.339110799134,0.539400509731347,0.48638163546491586,1,0,1,0.005,0.0,0.005,12,0.10702405869960785,0.1099957823753357,0.43361759185791016,0.22032448649406433,0.10000000149011612,0.10000000149011612,0.550787736799708,0.01283794842638067,0.0035323368967614182,0.016370285323142088,2.400000035762787,2.3999155124236156,0.03928838679607845,0.2557604760624298,0.9826012849807739,0.17578183114528656,False,False,False,-0.5550303776824386,False
pure,1,0,0,0.05715621501548831,200,-74.19548137002704,0.46669555399567003,93.339110799134,0.539400509731347,0.48638163546491586,1,0,1,0.005,0.0,0.005,13,0.11702405661344528,0.11999543011188507,0.43361759185791016,0.22032448649406433,0.10000000149011612,0.10000000149011612,0.5467473099190288,0.012837948426371818,0.0035323368967614625,0.016370285323133282,2.4000000357627864,2.399915512423616,0.0392883867960573,0.25592417767408004,0.9795476198196411,0.19044074416160583,False,False,False,-0.5509899508017593,False
pure,1,0,0,0.05715621501548831,200,-74.19548137002704,0.46669555399567003,93.339110799134,0.539400509731347,0.48638163546491586,1,0,1,0.005,0.0,0.005,14,0.12702405452728271,0.12999507784843445,0.43361759185791016,0.22032448649406433,0.10000000149011612,0.10000000149011612,0.5428485509355956,0.01283794842638067,0.0035323368967614182,0.016370285323142088,2.400000035762787,2.399915512423615,0.03928838679607844,0.25608787928573035,0.9762510061264038,0.20504248142242432,False,False,False,-0.5470911918183261,False
pure,1,0,0,0.05715621501548831,200,-74.19548137002704,0.46669555399567003,93.339110799134,0.539400509731347,0.48638163546491586,1,0,1,0.005,0.0,0.005,15,0.13702405989170074,0.13999472558498383,0.43361759185791016,0.22032448649406433,0.10000000149011612,0.10000000149011612,0.5390953041570766,0.012837948426372491,0.0035323368967621355,0.01637028532313463,2.4000000357627864,2.3999155124236164,0.03928838679606053,0.2562515808973806,0.9727123975753784,0.2195827066898346,False,False,False,-0.5433379450398071,False
pure,1,0,0,0.05715621501548831,200,-74.19548137002704,0.46669555399567003,93.339110799134,0.539400509731347,0.48638163546491586,1,0,1,0.005,0.0,0.005,16,0.14702406525611877,0.1499943733215332,0.43361759185791016,0.22032448649406433,0.10000000149011612,0.10000000149011612,0.5354916160059383,0.01283794842638067,0.0035323368967614182,0.016370285323142088,2.400000035762787,2.3999155124236156,0.03928838679607845,0.2564152825090309,0.96893310546875,0.23405709862709045,False,False,False,-0.5397342568886688,False
pure,1,0,0,0.05715621501548831,200,-74.19548137002704,0.46669555399567003,93.339110799134,0.539400509731347,0.48638163546491586,1,0,1,0.005,0.0,0.005,17,0.1570240557193756,0.15999402105808258,0.43361759185791016,0.22032448649406433,0.10000000149011612,0.10000000149011612,0.5320413615870079,0.012837948426371815,0.0035323368967614625,0.016370285323133275,2.4000000357627864,2.399915512423616,0.0392883867960573,0.25657898412068114,0.9649144411087036,0.24846132099628448,False,False,False,-0.5362840024697384,False
pure,1,0,0,0.05715621501548831,200,-74.19548137002704,0.46669555399567003,93.339110799134,0.539400509731347,0.48638163546491586,1,0,1,0.005,0.0,0.005,18,0.16702406108379364,0.16999366879463196,0.43361759185791016,0.22032448649406433,0.10000000149011612,0.10000000149011612,0.5287482313217995,0.012837948426382011,0.0035323368967627635,0.016370285323144773,2.400000035762787,2.399915512423617,0.0392883867960849,0.2567426857323315,0.9606577157974243,0.26279109716415405,False,False,False,-0.53299087220453,False
pure,1,0,0,0.05715621501548831,200,-74.19548137002704,0.46669555399567003,93.339110799134,0.539400509731347,0.48638163546491586,1,0,1,0.005,0.0,0.005,19,0.17702406644821167,0.17999331653118134,0.43361759185791016,0.22032448649406433,0.10000000149011612,0.10000000149011612,0.5256159558942427,0.012837948426370469,0.0035323368967601168,0.016370285323130587,2.4000000357627864,2.3999155124236156,0.03928838679605083,0.2569063873439817,0.9561644792556763,0.2770421802997589,False,False,False,-0.5298585967769732,False
pure,1,0,0,0.05715621501548831,200,-74.19548137002704,0.46669555399567003,93.339110799134,0.539400509731347,0.48638163546491586,1,0,1,0.005,0.0,0.005,20,0.1870240569114685,0.1899929642677307,0.43361759185791016,0.22032448649406433,0.10000000149011612,0.10000000149011612,0.5226478173025956,0.012837948426391545,0.0035323368967633915,0.01637028532315494,2.4000000357627878,2.3999155124236164,0.0392883867961093,0.25707008895563216,0.9514360427856445,0.2912103533744812,False,False,False,-0.5268904581853261,False
pure,1,0,0,0.05715621501548831,200,-74.19548137002704,0.46669555399567003,93.339110799134,0.539400509731347,0.48638163546491586,1,0,1,0.005,0.0,0.005,21,0.19702406227588654,0.1999926120042801,0.43361759185791016,0.22032448649406433,0.10000000149011612,0.10000000149011612,0.5198473335463705,0.012837948426370467,0.0035323368967601168,0.016370285323130583,2.4000000357627873,2.399915512423615,0.03928838679605084,0.25723379056728235,0.9464741945266724,0.3052913546562195,False,False,False,-0.524089974429101,False
pure,1,0,0,0.05715621501548831,200,-74.19548137002704,0.46669555399567003,93.339110799134,0.539400509731347,0.48638163546491586,1,0,1,0.005,0.0,0.005,22,0.20702406764030457,0.20999225974082947,0.43361759185791016,0.22032448649406433,0.10000000149011612,0.10000000149011612,0.5172176828324657,0.01283794842636296,0.0035323368967615063,0.016370285323124466,2.400000035762786,2.3999155124236164,0.03928838679603615,0.2573974921789325,0.9412806034088135,0.31928110122680664,False,False,False,-0.5214603237151962,False
pure,1,0,0,0.05715621501548831,200,-74.19548137002704,0.46669555399567003,93.339110799134,0.539400509731347,0.48638163546491586,1,0,1,0.005,0.0,0.005,23,0.2170240581035614,0.21999190747737885,0.43361759185791016,0.22032448649406433,0.10000000149011612,0.10000000149011612,0.5147618292840469,0.012837948426389523,0.003532336896761373,0.016370285323150897,2.4000000357627873,2.3999155124236147,0.039288386796099584,0.2575611937905829,0.9358569979667664,0.3331754207611084,False,False,False,-0.5190044701667774,False
pure,1,0,0,0.05715621501548831,200,-74.19548137002704,0.46669555399567003,93.339110799134,0.539400509731347,0.48638163546491586,1,0,1,0.005,0.0,0.005,24,0.22702406346797943,0.22999155521392822,0.43361759185791016,0.22032448649406433,0.10000000149011612,0.10000000149011612,0.5124825436346981,0.012837948426382686,0.0035323368967634366,0.016370285323146123,2.4000000357627878,2.3999155124236164,0.03928838679608814,0.25772489540223326,0.9302051663398743,0.34697026014328003,False,False,False,-0.5167251845174287,False
pure,1,0,0,0.05715621501548831,200,-74.19548137002704,0.46669555399567003,93.339110799134,0.539400509731347,0.48638163546491586,1,0,1,0.005,0.0,0.005,25,0.23702405393123627,0.2399912029504776,0.43361759185791016,0.22032448649406433,0.10000000149011612,0.10000000149011612,0.5103824918687977,0.012837948426370469,0.0035323368967601168,0.016370285323130587,2.4000000357627873,2.399915512423615,0.039288386796050845,0.25788859701388345,0.9243270754814148,0.3606615960597992,False,False,False,-0.5146251327515282,False
pure,1,0,0,0.05715621501548831,200,-74.19548137002704,0.46669555399567003,93.339110799134,0.539400509731347,0.48638163546491586,1,0,1,0.005,0.0,0.005,26,0.2470240592956543,0.24999085068702698,0.43361759185791016,0.22032448649406433,0.06353278458118439,0.10000000149011612,0.5087571682669447,9.421780733562287,0.6624722718563796,10.084253005418667,1.5247868299484244,2.4003078730130203,15.95634458698727,0.3243733661263304,0.9195830225944519,0.3708949685096741,False,False,False,-0.5123114295937345,False
pure,1,0,0,0.05715621501548831,200,-74.19548137002704,0.46669555399567003,93.339110799134,0.539400509731347,0.48638163546491586,1,0,1,0.005,0.0,0.005,27,0.25337734818458557,0.2599921226501465,0.43361759185791016,0.22032448649406433,0.013793215155601501,0.10000000149011612,0.50759366667657,12.86185804179427,0.9065653073079104,13.76842334910218,0.3310371637344358,2.4000297124706877,6.433536680344624,0.35117976896109965,0.916587233543396,0.3765028119087219,False,False,False,-0.5106220701971541,False
pure,1,0,0,0.05715621501548831,200,-74.19548137002704,0.46669555399567003,93.339110799134,0.539400509731347,0.48638163546491586,1,0,1,0.005,0.0,0.005,28,0.2547566592693329,0.26999226212501526,0.43361759185791016,0.22032448649406433,-0.018071576952934265,0.10000000149011612,0.5066715188261477,8.242034114614306,0.5807357072357503,8.822769821850056,-0.4337178468704223,2.4002693272258253,4.9686393953258525,0.3718824331082907,0.9147470593452454,0.37916553020477295,False,False,False,-0.5097201126750914,False
pure,1,0,0,0.05715621501548831,200,-74.19548137002704,0.46669555399567003,93.339110799134,0.539400509731347,0.48638163546491586,1,0,1,0.005,0.0,0.005,29,0.2529495060443878,0.2799933850765228,0.43361759185791016,0.22032448649406433,-0.038762882351875305,0.10000000149011612,0.5058815194835639,5.353550941954415,0.37738858827814165,5.730939530232557,-0.9303091764450074,2.400174951996518,5.886256204620528,0.3964085006275429,0.9136645793914795,0.3799208998680115,False,False,False,-0.5090990194102502,False
pure,1,0,0,0.05715621501548831,200,-74.19548137002704,0.46669555399567003,93.339110799134,0.539400509731347,0.48638163546491586,1,0,1,0.005,0.0,0.005,30,0.24907322227954865,0.28999412059783936,0.43361759185791016,0.22032448649406433,-0.052325472235679626,0.10000000149011612,0.5051653837218433,3.51089222523154,0.2473912926504295,3.75828351788197,-1.255811333656311,2.400114746923982,5.002785737442476,0.4172534412002199,0.9130741357803345,0.37942665815353394,False,False,False,-0.5085512602135092,False
pure,1,0,0,0.05715621501548831,200,-74.19548137002704,0.46669555399567003,93.339110799134,0.539400509731347,0.48638163546491586,1,0,1,0.005,0.0,0.005,31,0.24384066462516785,0.2999945878982544,0.43361759185791016,0.22032448649406433,-0.061278924345970154,0.10000000149011612,0.504490355395149,2.319732193979121,0.16330946314684525,2.483041657125966,-1.470694184303284,2.4000758282270853,3.803571741845676,0.43310165679124357,0.9127997159957886,0.3781060576438904,False,False,False,-0.5080088204074609,False
pure,1,0,0,0.05715621501548831,200,-74.19548137002704,0.46669555399567003,93.339110799134,0.539400509731347,0.48638163546491586,1,0,1,0.005,0.0,0.005,32,0.2377127707004547,0.3099949061870575,0.43361759185791016,0.22032448649406433,-0.06722129881381989,0.10000000149011612,0.5038366320040268,1.54166761001307,0.1083667167119024,1.6500343267249724,-1.6133111715316775,2.4000504065717942,2.747275160525879,0.4445486366267681,0.9127244353294373,0.3762347102165222,False,False,False,-0.5074514395054621,False
pure,1,0,0,0.05715621501548831,200,-74.19548137002704,0.46669555399567003,93.339110799134,0.539400509731347,0.48638163546491586,1,0,1,0.005,0.0,0.005,33,0.23099064826965332,0.31999510526657104,0.43361759185791016,0.22032448649406433,-0.07117892801761627,0.10000000149011612,0.5031918039056927,1.0288531004252408,0.07214540984514181,1.1009985102703825,-1.7082942724227905,2.400033651415526,1.9307352700443743,0.4525933669186196,0.9127706289291382,0.3739941716194153,False,False,False,-0.5068741668644816,False
pure,1,0,0,0.05715621501548831,200,-74.19548137002704,0.46669555399567003,93.339110799134,0.539400509731347,0.48638163546491586,1,0,1,0.005,0.0,0.005,34,0.22387275099754333,0.3299952447414398,0.43361759185791016,0.22032448649406433,-0.07381625473499298,0.10000000149011612,0.5025479549226041,0.6877345349217225,0.04804737702053764,0.7357819119422602,-1.7715901136398318,2.4000225060700573,1.333698489082935,0.4581504439564652,0.9128867387771606,0.3715049922466278,False,False,False,-0.5062767558601374,False
pure,1,0,0,0.05715621501548831,200,-74.19548137002704,0.46669555399567003,93.339110799134,0.539400509731347,0.48638163546491586,1,0,1,0.005,0.0,0.005,35,0.21649113297462463,0.3399953544139862,0.43361759185791016,0.22032448649406433,-0.07556743919849396,0.10000000149011612,0.5018993185691983,0.45864287206693566,0.03172207295670058,0.49036494502363626,-1.8136185407638548,2.400212297220223,0.907942925973769,0.4619335394813559,0.9130375385284424,0.3688487410545349,False,False,False,-0.5056595574550778,False
pure,1,0,0,0.05715621501548831,200,-74.19548137002704,0.46669555399567003,93.339110799134,0.539400509731347,0.48638163546491586,1,0,1,0.005,0.0,0.005,36,0.20893438160419464,0.3499962389469147,0.43361759185791016,0.22032448649406433,-0.07671760022640228,0.10000000149011612,0.5012425165242338,0.30356379045805787,0.020951483069394324,0.3245152735274522,-1.841222405433655,2.400140526101811,0.6092149560665326,0.4644719351316331,0.9132001996040344,0.36607974767684937,False,False,False,-0.5050236583120012,False
pure,1,0,0,0.05715621501548831,200,-74.19548137002704,0.46669555399567003,93.339110799134,0.539400509731347,0.48638163546491586,1,0,1,0.005,0.0,0.005,37,0.20126262307167053,0.35999682545661926,0.43361759185791016,0.22032448649406433,-0.07744954526424408,0.10000000149011612,0.5005746326301814,0.1954914467004849,0.013301107018452791,0.2087925537189377,-1.858789086341858,2.4000905098591265,0.3953012283256515,0.46611902358298996,0.9133582711219788,0.36323654651641846,False,False,False,-0.5043691800986053,False
pure,1,0,0,0.05715621501548831,200,-74.19548137002704,0.46669555399567003,93.339110799134,0.539400509731347,0.48638163546491586,1,0,1,0.005,0.0,0.005,38,0.19351767003536224,0.36999720335006714,0.43361759185791016,0.22032448649406433,-0.07788701355457306,0.10000000149011612,0.4998938038170571,0.11938601040479578,0.007914066742177041,0.12730007714697283,-1.8692883253097536,2.4000552880082906,0.24216107318920607,0.4671280280546116,0.9135006666183472,0.36034613847732544,False,False,False,-0.5036964014888043,False
pure,1,0,0,0.05715621501548831,200,-74.19548137002704,0.46669555399567003,93.339110799134,0.539400509731347,0.48638163546491586,1,0,1,0.005,0.0,0.005,39,0.18572896718978882,0.3799974322319031,0.43361759185791016,0.22032448649406433,-0.0781116932630539,0.10000000149011612,0.49919829268410804,0.0643815237057642,0.004021478634490064,0.06840300234025426,-1.8746806383132935,2.4000298317476068,0.13034646464681623,0.46767113832397333,0.9136191606521606,0.35742825269699097,False,False,False,-0.5030050357098877,False
pure,1,0,0,0.05715621501548831,200,-74.19548137002704,0.46669555399567003,93.339110799134,0.539400509731347,0.48638163546491586,1,0,1,0.005,0.0,0.005,40,0.17791779339313507,0.38999754190444946,0.43361759185791016,0.22032448649406433,-0.07817761600017548,0.10000000149011612,0.4984868547854253,0.023223290263528058,0.0010090976466414728,0.02423238791016953,-1.8762627840042112,2.4001529348066546,0.04599498392167806,0.4678627840903137,0.9137078523635864,0.35449787974357605,False,False,False,-0.5022948155340978,False
pure,1,0,0,0.05715621501548831,200,-74.19548137002704,0.46669555399567003,93.339110799134,0.539400509731347,0.48638163546491586,1,0,1,0.005,0.0,0.005,41,0.17010003328323364,0.39999818801879883,0.43361759185791016,0.22032448649406433,-0.07812349498271942,0.10000000149011612,0.4977585793496794,0.007578235796273196,0.000935771874593748,0.008514007670866944,-1.8749638795852663,2.399950141669646,0.016454724231994067,0.46793134544128034,0.9137627482414246,0.3515656590461731,False,False,False,-0.501565540528459,False
pure,1,0,0,0.05715621501548831,200,-74.19548137002704,0.46669555399567003,93.339110799134,0.539400509731347,0.48638163546491586,1,0,1,0.005,0.0,0.005,42,0.16228768229484558,0.40999796986579895,0.43361759185791016,0.22032448649406433,-0.0779697448015213,0.10000000149011612,0.49701247449801006,0.03338658127835893,0.0027814382097341686,0.0361680194880931,-1.8712738752365115,2.399780222967203,0.06915027773677884,0.4682194715985169,0.9137803912162781,0.34864088892936707,False,False,False,-0.5008165978996519,False
pure,1,0,0,0.05715621501548831,200,-74.19548137002704,0.46669555399567003,93.339110799134,0.539400509731347,0.48638163546491586,1,0,1,0.005,0.0,0.005,43,0.15449070930480957,0.41999706625938416,0.43361759185791016,0.22032448649406433,-0.07773496210575104,0.10000000149011612,0.49624733369595275,0.05464882126450581,0.004540373954583787,0.0591891952190896,-1.8656390905380251,2.399974744105256,0.1128517600226821,0.4686896872652781,0.9137575626373291,0.3457319736480713,False,False,False,-0.5000471298003839,False
pure,1,0,0,0.05715621501548831,200,-74.19548137002704,0.46669555399567003,93.339110799134,0.539400509731347,0.48638163546491586,1,0,1,0.005,0.0,0.005,44,0.14671722054481506,0.42999696731567383,0.43361759185791016,0.22032448649406433,-0.07743634283542633,0.10000000149011612,0.4954625708197403,0.07104126568906001,0.005554411339282863,0.07659567702834287,-1.8584722280502322,2.39996715762707,0.1453586241228861,0.46929534819912344,0.9136925935745239,0.34284454584121704,False,False,False,-0.4992568755482483,False
pure,1,0,0,0.05715621501548831,200,-74.19548137002704,0.46669555399567003,93.339110799134,0.539400509731347,0.48638163546491586,1,0,1,0.005,0.0,0.005,45,0.13897357881069183,0.4399968087673187,0.43361759185791016,0.22032448649406433,-0.07707934081554413,0.10000000149011612,0.49465729525143015,0.08618508387573902,0.006623465450700343,0.09280854932643937,-1.8499041795730593,2.399960149017289,0.17533020000865795,0.4700258906991595,0.9135836362838745,0.3399842083454132,False,False,False,-0.49844505226069796,False
pure,1,0,0,0.05715621501548831,200,-74.19548137002704,0.46669555399567003,93.339110799134,0.539400509731347,0.48638163546491586,1,0,1,0.005,0.0,0.005,46,0.13126565515995026,0.4499966502189636,0.43361759185791016,0.22032448649406433,-0.07667170464992523,0.10000000149011612,0.4938307032088902,0.0993318233870369,0.007551592519864605,0.10688341590690151,-1.8401209115982056,2.3999540646622095,0.2009060405643881,0.47086299920151115,0.9134292602539062,0.3371557295322418,False,False,False,-0.49761100680634046,False
pure,1,0,0,0.05715621501548831,200,-74.19548137002704,0.46669555399567003,93.339110799134,0.539400509731347,0.48638163546491586,1,0,1,0.005,0.0,0.005,47,0.12359847873449326,0.45999646186828613,0.43361759185791016,0.22032448649406433,-0.07621891796588898,0.10000000149011612,0.49298215827973946,0.11106596963750097,0.008379666172331579,0.11944563580983254,-1.8292540311813357,2.399948634060018,0.2232786410706286,0.47179332687263875,0.9132283926010132,0.33436352014541626,False,False,False,-0.4967542122963296,False
pure,1,0,0,0.05715621501548831,200,-74.19548137002704,0.46669555399567003,93.339110799134,0.539400509731347,0.48638163546491586,1,0,1,0.005,0.0,0.005,48,0.11597658693790436,0.46999624371528625,0.43361759185791016,0.22032448649406433,-0.0757259875535965,0.10000000149011612,0.49211072574106324,0.12151029915922353,0.009116534734588433,0.13062683389381197,-1.817423701286316,2.3999438003893325,0.24271486865967307,0.47280463882538737,0.9129799008369446,0.331611305475235,False,False,False,-0.49587383414355385,False
pure,1,0,0,0.05715621501548831,200,-74.19548137002704,0.46669555399567003,93.339110799134,0.539400509731347,0.48638163546491586,1,0,1,0.005,0.0,0.005,49,0.10840398818254471,0.4799960255622864,0.43361759185791016,0.22032448649406433,-0.07519732415676117,0.10000000149011612,0.49121582826836124,0.13081832077549282,0.009773053858034675,0.1405913746335275,-1.8047357797622678,2.3999394926057502,0.2595472420692099,0.4738860856673424,0.9126831293106079,0.32890263199806213,False,False,False,-0.49496938308937566,False
pure,1,0,0,0.05715621501548831,200,-74.19548137002704,0.46669555399567003,93.339110799134,0.539400509731347,0.48638163546491586,1,0,1,0.005,0.0,0.005,50,0.10088425129652023,0.4899957478046417,0.43361759185791016,0.22032448649406433,-0.07463647425174713,0.10000000149011612,0.4902966163891721,0.13921300421539273,0.010364969590915561,0.1495779738063083,-1.7912753820419314,2.3999356075181346,0.27424408690321356,0.4750287693627725,0.9123373031616211,0.326240599155426,False,False,False,-0.4940400831985641,False
pure,1,0,0,0.05715621501548831,200,-74.19548137002704,0.46669555399567003,93.339110799134,0.539400509731347,0.48638163546491586,1,0,1,0.005,0.0,0.005,51,0.09342060983181,0.49999549984931946,0.43361759185791016,0.22032448649406433,-0.07404740154743195,0.10000000149011612,0.4893525519558671,0.14658602011188224,0.010884759591946323,0.15747077970382856,-1.7771376371383665,2.3999321952616826,0.28662621840154284,0.4762230452727789,0.9119421243667603,0.3236277997493744,False,False,False,-0.4930854752251389,False
pure,1,0,0,0.05715621501548831,200,-74.19548137002704,0.46669555399567003,93.339110799134,0.539400509731347,0.48638163546491586,1,0,1,0.005,0.0,0.005,52,0.08601586520671844,0.5099952220916748,0.43361759185791016,0.22032448649406433,-0.07343311607837677,0.10000000149011612,0.4883828825659715,0.15318343493497033,0.011349704687177909,0.16453313962214824,-1.7623947858810427,2.3999291419560045,0.29720817404409255,0.4774614126646293,0.9114971160888672,0.32106679677963257,False,False,False,-0.4921048686809503,False
pure,1,0,0,0.05715621501548831,200,-74.19548137002704,0.46669555399567003,93.339110799134,0.539400509731347,0.48638163546491586,1,0,1,0.005,0.0,0.005,53,0.07867255806922913,0.5199949145317078,0.43361759185791016,0.22032448649406433,-0.07279707491397858,0.10000000149011612,0.487386897940675,0.1588892966447162,0.011751750928666009,0.17064104757338222,-1.7471297979354858,2.3999265012640936,0.305803563230955,0.47873559417809164,0.911001980304718,0.3185596466064453,False,False,False,-0.4910976221305525,False
pure,1,0,0,0.05715621501548831,200,-74.19548137002704,0.46669555399567003,93.339110799134,0.539400509731347,0.48638163546491586,1,0,1,0.005,0.0,0.005,54,0.07139284908771515,0.5299946069717407,0.43361759185791016,0.22032448649406433,-0.07214190065860748,0.10000000149011612,0.48636410884349734,0.16391891214156176,0.012106010896962054,0.17602492303852382,-1.7314056158065796,2.3999241735411942,0.3128636332155777,0.4800391926498232,0.9104567170143127,0.3161081373691559,False,False,False,-0.49006329908757595,False
pure,1,0,0,0.05715621501548831,200,-74.19548137002704,0.46669555399567003,93.339110799134,0.539400509731347,0.48638163546491586,1,0,1,0.005,0.0,0.005,55,0.06417866051197052,0.5399942994117737,0.43361759185791016,0.22032448649406433,-0.07147060334682465,0.10000000149011612,0.4853139112928219,0.16817179329997586,0.01240550438279837,0.18057729768277422,-1.7152944803237915,2.3999222052935485,0.3182363942297464,0.48136517762578046,0.9098612666130066,0.31371381878852844,False,False,False,-0.4890013552495547,False
pure,1,0,0,0.05715621501548831,200,-74.19548137002704,0.46669555399567003,93.339110799134,0.539400509731347,0.48638163546491586,1,0,1,0.005,0.0,0.005,56,0.057031597942113876,0.5499939918518066,0.43361759185791016,0.22032448649406433,-0.07078571617603302,0.10000000149011612,0.48423564618298987,0.1717708256540685,0.012658848913021293,0.1844296745670898,-1.6988571882247923,2.3999205396493206,0.3221943334043991,0.48270765401496546,0.9092155694961548,0.31137797236442566,False,False,False,-0.4879111809081791,False
pure,1,0,0,0.05715621501548831,200,-74.19548137002704,0.46669555399567003,93.339110799134,0.539400509731347,0.48638163546491586,1,0,1,0.005,0.0,0.005,57,0.049953024834394455,0.5599936246871948,0.43361759185791016,0.22032448649406433,-0.07008980214595795,0.10000000149011612,0.4831289745122641,0.1747080050431929,0.012865532279334442,0.18757353732252732,-1.682155251502991,2.3999191803128603,0.32476222584512693,0.4840608299559868,0.9085199236869812,0.3091017007827759,False,False,False,-0.48679248690609633,False
pure,1,0,0,0.05715621501548831,200,-74.19548137002704,0.46669555399567003,93.339110799134,0.539400509731347,0.48638163546491586,1,0,1,0.005,0.0,0.005,58,0.0429440438747406,0.5699933171272278,0.43361759185791016,0.22032448649406433,-0.06938512623310089,0.10000000149011612,0.48199327597842273,0.1770600695812067,0.013030954971160132,0.19009102455236684,-1.6652430295944214,2.3999180917695138,0.32612127127792884,0.4854196685863115,0.9077743887901306,0.30688580870628357,False,False,False,-0.4856446958564287,False
pure,1,0,0,0.05715621501548831,200,-74.19548137002704,0.46669555399567003,93.339110799134,0.539400509731347,0.48638163546491586,1,0,1,0.005,0.0,0.005,59,0.03600553423166275,0.579992949962616,0.43361759185791016,0.22032448649406433,-0.0686739832162857,0.10000000149011612,0.4808281779675992,0.1788190432015859,0.013154588634317134,0.19197363183590302,-1.648175597190857,2.3999172777106312,0.3262951078625451,0.4867792315357388,0.9069793224334717,0.30473077297210693,False,False,False,-0.484467478060654,False
pure,1,0,0,0.05715621501548831,200,-74.19548137002704,0.46669555399567003,93.339110799134,0.539400509731347,0.48638163546491586,1,0,1,0.005,0.0,0.005,60,0.02913813479244709,0.5899926424026489,0.43361759185791016,0.22032448649406433,-0.06795854866504669,0.10000000149011612,0.47963332129226716,0.18001546119409967,0.0132385830251683,0.19325404421926798,-1.6310051679611208,2.399916724004377,0.325377644324703,0.4881349717204251,0.906135082244873,0.3026370406150818,False,False,False,-0.4832605141173461,False
pure,1,0,0,0.05715621501548831,200,-74.19548137002704,0.46669555399567003,93.339110799134,0.539400509731347,0.48638163546491586,1,0,1,0.005,0.0,0.005,61,0.02234227955341339,0.5999922752380371,0.43361759185791016,0.22032448649406433,-0.06724052131175995,0.10000000149011612,0.4784083209972335,0.1807723865596503,0.013291603177936533,0.19406398973758685,-1.6137725114822388,2.399916373696782,0.32362424436441506,0.48948340607194346,0.9052420258522034,0.30060479044914246,False,False,False,-0.4820234501402332,False
pure,1,0,0,0.05715621501548831,200,-74.19548137002704,0.46669555399567003,93.339110799134,0.539400509731347,0.48638163546491586,1,0,1,0.005,0.0,0.005,62,0.015618227422237396,0.6099919080734253,0.43361759185791016,0.22032448649406433,-0.06652165949344635,0.10000000149011612,0.47715279599787846,0.18107423619523344,0.013312596912719913,0.19438683310795335,-1.5965198278427124,2.39991623399976,0.3210377258446963,0.49082106326296304,0.9043005108833313,0.2986340820789337,False,False,False,-0.4807559361136164,False
pure,1,0,0,0.05715621501548831,200,-74.19548137002704,0.46669555399567003,93.339110799134,0.539400509731347,0.48638163546491586,1,0,1,0.005,0.0,0.005,63,0.008966061286628246,0.6199916005134583,0.43361759185791016,0.22032448649406433,-0.06580378115177155,0.10000000149011612,0.47586646488309053,0.1809053755508486,0.013300462056610148,0.19420583760745874,-1.579290747642517,2.3999163121490317,0.317622181655028,0.49214448901985897,0.903311014175415,0.29672470688819885,False,False,False,-0.47945772147178795,False
pure,1,0,0,0.05715621501548831,200,-74.19548137002704,0.46669555399567003,93.339110799134,0.539400509731347,0.48638163546491586,1,0,1,0.005,0.0,0.005,64,0.0023856833577156067,0.6299912333488464,0.43361759185791016,0.22032448649406433,-0.06508825719356537,0.10000000149011612,0.47454906573025196,0.18038120089883947,0.013263305994761667,0.19364450689360113,-1.5621181726455688,2.399916554738817,0.31360757955510343,0.49345118726800524,0.9022740125656128,0.2948763966560364,False,False,False,-0.47812856753794164,False
pure,1,0,0,0.05715621501548831,200,-74.19548137002704,0.46669555399567003,93.339110799134,0.539400509731347,0.48638163546491586,1,0,1,0.005,0.0,0.005,65,-0.004123142454773188,0.6399908661842346,0.43361759185791016,0.22032448649406433,-0.06437636911869049,0.10000000149011612,0.4732005149299965,0.17952471771548345,0.013202783365913557,0.192727501081397,-1.5450328588485718,2.3999169511221026,0.3090571714477851,0.49473892548237103,0.9011901617050171,0.2930887043476105,False,False,False,-0.47676841148983096,False
pure,1,0,0,0.05715621501548831,200,-74.19548137002704,0.46669555399567003,93.339110799134,0.539400509731347,0.48638163546491586,1,0,1,0.005,0.0,0.005,66,-0.01056077890098095,0.6499905586242676,0.43361759185791016,0.22032448649406433,-0.06366978585720062,0.10000000149011612,0.4718205608637373,0.17823558752335442,0.013111847461558914,0.19134743498491333,-1.5280748605728152,2.3999175477358734,0.3038246733600949,0.4960048616213714,0.9000599384307861,0.2913610339164734,False,False,False,-0.4753770278604071,False
pure,1,0,0,0.05715621501548831,200,-74.19548137002704,0.46669555399567003,93.339110799134,0.539400509731347,0.48638163546491586,1,0,1,0.005,0.0,0.005,67,-0.01692775823175907,0.6599901914596558,0.43361759185791016,0.22032448649406433,-0.06296883523464203,0.10000000149011612,0.47040897942047516,0.17686044146548946,0.013014829455325661,0.18987527092081513,-1.5112520456314087,2.3999181841580755,0.29851522982954715,0.4972486750789945,0.8988838195800781,0.289692759513855,False,False,False,-0.47395419700901903,False
pure,1,0,0,0.05715621501548831,200,-74.19548137002704,0.46669555399567003,93.339110799134,0.539400509731347,0.48638163546491586,1,0,1,0.005,0.0,0.005,68,-0.023224640637636185,0.669989824295044,0.43361759185791016,0.22032448649406433,-0.062275245785713196,0.10000000149011612,0.46896567857462684,0.17503710566810668,0.012886381841527138,0.1879234875096338,-1.4946058988571165,2.399919028003989,0.2925377636340347,0.49846758242746964,0.8976624011993408,0.28808313608169556,False,False,False,-0.47249985261458677,False
pure,1,0,0,0.05715621501548831,200,-74.19548137002704,0.46669555399567003,93.339110799134,0.539400509731347,0.48638163546491586,1,0,1,0.005,0.0,0.005,69,-0.029452165588736534,0.6799895167350769,0.43361759185791016,0.22032448649406433,-0.06158961355686188,0.10000000149011612,0.4674905645347466,0.1730581632473745,0.012746949489243127,0.18580511273661762,-1.478150725364685,2.3999199438651706,0.2863977078370632,0.49966090621012405,0.896396279335022,0.2865311801433563,False,False,False,-0.4710139084852566,False
pure,1,0,0,0.05715621501548831,200,-74.19548137002704,0.46669555399567003,93.339110799134,0.539400509731347,0.48638163546491586,1,0,1,0.005,0.0,0.005,70,-0.03561112657189369,0.6899891495704651,0.43361759185791016,0.22032448649406433,-0.060912683606147766,0.10000000149011612,0.46598369927159816,0.17088512407921888,0.012593918965051774,0.18347904304427065,-1.4619044065475464,2.399920949554976,0.2800421258660598,0.5008277484012327,0.8950861692428589,0.2850359380245209,False,False,False,-0.46949643597952395,False
pure,1,0,0,0.05715621501548831,200,-74.19548137002704,0.46669555399567003,93.339110799134,0.539400509731347,0.48638163546491586,1,0,1,0.005,0.0,0.005,71,-0.04170239716768265,0.699988842010498,0.43361759185791016,0.22032448649406433,-0.06024523079395294,0.10000000149011612,0.4644448429030031,0.16851019727834474,0.012426726015024094,0.18093692329336883,-1.4458855390548706,2.3999220486790542,0.273469631184392,0.5019672051978343,0.8937324285507202,0.28359660506248474,False,False,False,-0.4679472048264593,False
pure,1,0,0,0.05715621501548831,200,-74.19548137002704,0.46669555399567003,93.339110799134,0.539400509731347,0.48638163546491586,1,0,1,0.005,0.0,0.005,72,-0.04772691801190376,0.709988534450531,0.43361759185791016,0.22032448649406433,-0.05958770215511322,0.10000000149011612,0.4628741262047332,0.1660180951141839,0.012251318401843205,0.1782694135160271,-1.4301048517227175,2.3999232020322836,0.26682550658462656,0.5030789781419369,0.892335832118988,0.2822118401527405,False,False,False,-0.46636634982514796,False
pure,1,0,0,0.05715621501548831,200,-74.19548137002704,0.46669555399567003,93.339110799134,0.539400509731347,0.48638163546491586,1,0,1,0.005,0.0,0.005,73,-0.053685687482357025,0.719988226890564,0.43361759185791016,0.22032448649406433,-0.05894072353839874,0.10000000149011612,0.4612715242058741,0.1633625675823496,0.01206446831636491,0.1754270358987145,-1.4145773649215698,2.3999244310193197,0.2600428026371646,0.5041624898195918,0.8908969163894653,0.2808806598186493,False,False,False,-0.4647538522631632,False
pure,1,0,0,0.05715621501548831,200,-74.19548137002704,0.46669555399567003,93.339110799134,0.539400509731347,0.48638163546491586,1,0,1,0.005,0.0,0.005,74,-0.0595797598361969,0.7299878597259521,0.43361759185791016,0.22032448649406433,-0.05830465257167816,0.10000000149011612,0.45963706490703055,0.16061291701761246,0.011871027274379551,0.17248394429199201,-1.3993116617202759,2.3999257035668116,0.25323711128918225,0.5052176444499634,0.8894162774085999,0.2796018123626709,False,False,False,-0.4631097425998015,False
pure,1,0,0,0.05715621501548831,200,-74.19548137002704,0.46669555399567003,93.339110799134,0.539400509731347,0.48638163546491586,1,0,1,0.005,0.0,0.005,75,-0.06541022658348083,0.7399875521659851,0.43361759185791016,0.22032448649406433,-0.057679757475852966,0.10000000149011612,0.4579707696137092,0.15779227034956683,0.01167263885303085,0.16946490920259769,-1.3843141794204712,2.3999270089715377,0.24644755849721306,0.5062445092770351,0.8878944516181946,0.27837422490119934,False,False,False,-0.4614340425876043,False
pure,1,0,0,0.05715621501548831,200,-74.19548137002704,0.46669555399567003,93.339110799134,0.539400509731347,0.48638163546491586,1,0,1,0.005,0.0,0.005,76,-0.07117820531129837,0.7499872446060181,0.43361759185791016,0.22032448649406433,-0.05706654489040375,0.10000000149011612,0.456272767568578,0.1548389624109587,0.01146497118887794,0.16630393359983664,-1.36959707736969,2.399928375772344,0.23958210006460487,0.5072427680273043,0.886332094669342,0.2771965265274048,False,False,False,-0.4597268857160704,False
pure,1,0,0,0.05715621501548831,200,-74.19548137002704,0.46669555399567003,93.339110799134,0.539400509731347,0.48638163546491586,1,0,1,0.005,0.0,0.005,77,-0.07688485831022263,0.7599869966506958,0.43361759185791016,0.22032448649406433,-0.05646510422229767,0.10000000149011612,0.4545431124877144,0.1518608447205332,0.011255580160826187,0.1631164248813594,-1.355162501335144,2.399929754055186,0.23280872391346571,0.5082128043769437,0.8847297430038452,0.27606746554374695,False,False,False,-0.4579883234661032,False
pure,1,0,0,0.05715621501548831,200,-74.19548137002704,0.46669555399567003,93.339110799134,0.539400509731347,0.48638163546491586,1,0,1,0.005,0.0,0.005,78,-0.08253137022256851,0.7699866890907288,0.43361759185791016,0.22032448649406433,-0.05587558448314667,0.10000000149011612,0.45278193936412303,0.14884254942312852,0.011043416127375886,0.1598859655505044,-1.34101402759552,2.3999311509323595,0.22610338505629302,0.5091549018146783,0.8830879926681519,0.27498576045036316,False,False,False,-0.4562184890425679,False
pure,1,0,0,0.05715621501548831,200,-74.19548137002704,0.46669555399567003,93.339110799134,0.539400509731347,0.48638163546491586,1,0,1,0.005,0.0,0.005,79,-0.08811892569065094,0.7799863815307617,0.43361759185791016,0.22032448649406433,-0.05529792606830597,0.10000000149011612,0.4509893451837066,0.14583802916920627,0.010832261837076996,0.15667029100628327,-1.327150225639344,2.3999325414343966,0.21954567099884834,0.5100696754438401,0.8814073801040649,0.27395009994506836,False,False,False,-0.4544174751845363,False
pure,1,0,0,0.05715621501548831,200,-74.19548137002704,0.46669555399567003,93.339110799134,0.539400509731347,0.48638163546491586,1,0,1,0.005,0.0,0.005,80,-0.09364871680736542,0.7899861335754395,0.43361759185791016,0.22032448649406433,-0.054732516407966614,0.10000000149011612,0.44916540183500625,0.14273171107667737,0.010614006592927676,0.15334571766960506,-1.3135803937911987,2.399933979048815,0.21296249231880873,0.5109570191618351,0.8796883821487427,0.27295926213264465,False,False,False,-0.4525853555686889,False
pure,1,0,0,0.05715621501548831,200,-74.19548137002704,0.46669555399567003,93.339110799134,0.539400509731347,0.48638163546491586,1,0,1,0.005,0.0,0.005,81,-0.09912197291851044,0.7999858260154724,0.43361759185791016,0.22032448649406433,-0.05417926609516144,0.10000000149011612,0.4473104122332205,0.13964685692057097,0.010397271951583405,0.15004412887215438,-1.3003023862838747,2.399935406729651,0.20653592238086338,0.5118175855050887,0.8779317140579224,0.27201178669929504,False,False,False,-0.4507224284163584,False
pure,1,0,0,0.05715621501548831,200,-74.19548137002704,0.46669555399567003,93.339110799134,0.539400509731347,0.48638163546491586,1,0,1,0.005,0.0,0.005,82,-0.1045398935675621,0.8099855780601501,0.43361759185791016,0.22032448649406433,-0.05363790690898895,0.10000000149011612,0.4454242652264223,0.13662978567745762,0.010185349996052459,0.14681513567351007,-1.2873097658157346,2.399936803040328,0.20032905371127493,0.5126522898955523,0.8761376142501831,0.2711065411567688,False,False,False,-0.44882857475250815,False
pure,1,0,0,0.05715621501548831,200,-74.19548137002704,0.46669555399567003,93.339110799134,0.539400509731347,0.48638163546491586,1,0,1,0.005,0.0,0.005,83,-0.10990368574857712,0.8199853301048279,0.43361759185791016,0.22032448649406433,-0.0531088262796402,0.10000000149011612,0.44350743047895547,0.1335109882535932,0.0099663368499499,0.1434773251035431,-1.2746118307113647,2.3999382464302217,0.1940932781409976,0.5134610118878065,0.8743069171905518,0.2702421247959137,False,False,False,-0.4469042662531387,False
pure,1,0,0,0.05715621501548831,200,-74.19548137002704,0.46669555399567003,93.339110799134,0.539400509731347,0.48638163546491586,1,0,1,0.005,0.0,0.005,84,-0.11521457135677338,0.8299850225448608,0.43361759185791016,0.22032448649406433,-0.052591487765312195,0.10000000149011612,0.4415598248345825,0.1305293244527734,0.009756962343409793,0.14028628679618318,-1.2621957063674922,2.3999396263542168,0.18816967344013497,0.514245052193807,0.8724398612976074,0.26941731572151184,False,False,False,-0.44494940880965916,False
pure,1,0,0,0.05715621501548831,200,-74.19548137002704,0.46669555399567003,93.339110799134,0.539400509731347,0.48638163546491586,1,0,1,0.005,0.0,0.005,85,-0.1204737201333046,0.8399847745895386,0.43361759185791016,0.22032448649406433,-0.05208621919155121,0.10000000149011612,0.4395818235235674,0.12746142556375356,0.009541600506929997,0.13700302607068357,-1.250069260597229,2.399941046188099,0.18223488871206064,0.5150043642301073,0.8705371618270874,0.26863059401512146,False,False,False,-0.4429643783228857,False
pure,1,0,0,0.05715621501548831,200,-74.19548137002704,0.46669555399567003,93.339110799134,0.539400509731347,0.48638163546491586,1,0,1,0.005,0.0,0.005,86,-0.12568233907222748,0.8499845266342163,0.43361759185791016,0.22032448649406433,-0.0515926331281662,0.10000000149011612,0.4375735224997636,0.12449218320552817,0.009333170230238027,0.1338253534357662,-1.2382231950759885,2.3999424203634074,0.17654818000275554,0.5157399816467855,0.8685991764068604,0.26788097620010376,False,False,False,-0.4409492624765273,False
pure,1,0,0,0.05715621501548831,200,-74.19548137002704,0.46669555399567003,93.339110799134,0.539400509731347,0.48638163546491586,1,0,1,0.005,0.0,0.005,87,-0.13084159791469574,0.8599843382835388,0.43361759185791016,0.22032448649406433,-0.05111066997051239,0.10000000149011612,0.4355349901733962,0.12153693356001108,0.009125777899992905,0.130662711460004,-1.2266560792922976,2.399943788062842,0.1709853723922608,0.5164524206984199,0.8666262626647949,0.2671670913696289,False,False,False,-0.43890412543397817,False
pure,1,0,0,0.05715621501548831,200,-74.19548137002704,0.46669555399567003,93.339110799134,0.539400509731347,0.48638163546491586,1,0,1,0.005,0.0,0.005,88,-0.1359526664018631,0.8699840903282166,0.43361759185791016,0.22032448649406433,-0.050640031695365906,0.10000000149011612,0.4334666592419628,0.11865733154889534,0.008923726274322346,0.1275810578232177,-1.2153607606887817,2.399945120752298,0.1656279180635554,0.5171425370236847,0.8646191358566284,0.2664875090122223,False,False,False,-0.43682939206962623,False
pure,1,0,0,0.05715621501548831,200,-74.19548137002704,0.46669555399567003,93.339110799134,0.539400509731347,0.48638163546491586,1,0,1,0.005,0.0,0.005,89,-0.14101667702198029,0.8799838423728943,0.43361759185791016,0.22032448649406433,-0.05018053948879242,0.10000000149011612,0.4313685529782718,0.11582261384877947,0.008724870395766924,0.1245474842445464,-1.204332947731018,2.399946432669145,0.16042821153223347,0.5178109879050691,0.8625780344009399,0.2658412754535675,False,False,False,-0.4347250807388967,False
pure,1,0,0,0.05715621501548831,200,-74.19548137002704,0.46669555399567003,93.339110799134,0.539400509731347,0.48638163546491586,1,0,1,0.005,0.0,0.005,90,-0.14603473246097565,0.889983594417572,0.43361759185791016,0.22032448649406433,-0.049732282757759094,0.10000000149011612,0.42924089961116857,0.11296343219924604,0.008524322630560487,0.12148775482980653,-1.1935747861862183,2.399947755907989,0.15528823340192577,0.5184580222109104,0.8605034351348877,0.2652270197868347,False,False,False,-0.43259141743546076,False
pure,1,0,0,0.05715621501548831,200,-74.19548137002704,0.46669555399567003,93.339110799134,0.539400509731347,0.48638163546491586,1,0,1,0.005,0.0,0.005,91,-0.15100795030593872,0.8999834060668945,0.43361759185791016,0.22032448649406433,-0.04929502308368683,0.10000000149011612,0.4270838459004141,0.11016455322023597,0.008328015314818055,0.11849256853505402,-1.183080554008484,2.3999490512385555,0.15032035310939165,0.5190843570155329,0.8583956956863403,0.2646436095237732,False,False,False,-0.4304285431076265,False
pure,1,0,0,0.05715621501548831,200,-74.19548137002704,0.46669555399567003,93.339110799134,0.539400509731347,0.48638163546491586,1,0,1,0.005,0.0,0.005,92,-0.15593746304512024,0.909983217716217,0.43361759185791016,0.22032448649406433,-0.048868224024772644,0.10000000149011612,0.4248978896591092,0.1075031234231615,0.00814139667113617,0.11564452009429767,-1.1728373765945432,2.39995028295718,0.14562262849590002,0.5196911179675991,0.8562555313110352,0.26408976316452026,False,False,False,-0.4282369455102111,False
pure,1,0,0,0.05715621501548831,200,-74.19548137002704,0.46669555399567003,93.339110799134,0.539400509731347,0.48638163546491586,1,0,1,0.005,0.0,0.005,93,-0.16082428395748138,0.9199829697608948,0.43361759185791016,0.22032448649406433,-0.04845191538333893,0.10000000149011612,0.42268284902863873,0.10483278910610849,0.007954202950217367,0.11278699205632586,-1.1628459692001343,2.3999515187968443,0.1409940877032385,0.5202785933330293,0.8540829420089722,0.26356440782546997,False,False,False,-0.4260164401023902,False
pure,1,0,0,0.05715621501548831,200,-74.19548137002704,0.46669555399567003,93.339110799134,0.539400509731347,0.48638163546491586,1,0,1,0.005,0.0,0.005,94,-0.16566947102546692,0.9299827814102173,0.43361759185791016,0.22032448649406433,-0.048045769333839417,0.10000000149011612,0.42043919427701076,0.10224600200318389,0.007772882093491093,0.11001888409667498,-1.1530984640121458,2.3999527159705853,0.1365542573524472,0.5208475694053312,0.8518785834312439,0.2630663812160492,False,False,False,-0.42376749067016684,False
pure,1,0,0,0.05715621501548831,200,-74.19548137002704,0.46669555399567003,93.339110799134,0.539400509731347,0.48638163546491586,1,0,1,0.005,0.0,0.005,95,-0.17047405242919922,0.9399825930595398,0.43361759185791016,0.22032448649406433,-0.047649726271629333,0.10000000149011612,0.4181670546219074,0.09967346937902805,0.007592591899033563,0.10726606127806161,-1.1435934305191042,2.3999539065472972,0.13220779536780852,0.5213984352193637,0.8496427536010742,0.2625945806503296,False,False,False,-0.4214902228549444,False
pure,1,0,0,0.05715621501548831,200,-74.19548137002704,0.46669555399567003,93.339110799134,0.539400509731347,0.48638163546491586,1,0,1,0.005,0.0,0.005,96,-0.17523902654647827,0.9499824047088623,0.43361759185791016,0.22032448649406433,-0.04726336896419525,0.10000000149011612,0.41586662942251995,0.09720767824289797,0.0074198085324225956,0.10462748677532056,-1.1343208551406858,2.3999550477236924,0.1280719036512556,0.5219320681512439,0.8473758101463318,0.2621479332447052,False,False,False,-0.41918482841632204,False
pure,1,0,0,0.05715621501548831,200,-74.19548137002704,0.46669555399567003,93.339110799134,0.539400509731347,0.48638163546491586,1,0,1,0.005,0.0,0.005,97,-0.17996536195278168,0.9599822163581848,0.43361759185791016,0.22032448649406433,-0.046886786818504333,0.10000000149011612,0.41353812225217496,0.09471768094647162,0.007245356470032342,0.10196303741650396,-1.125282883644104,2.3999562001027823,0.12397272332973672,0.5224486211651178,0.8450781106948853,0.2617253363132477,False,False,False,-0.4168515093630043,False
pure,1,0,0,0.05715621501548831,200,-74.19548137002704,0.46669555399567003,93.339110799134,0.539400509731347,0.48638163546491586,1,0,1,0.005,0.0,0.005,98,-0.18465404212474823,0.9699820280075073,0.43361759185791016,0.22032448649406433,-0.0465192049741745,0.10000000149011612,0.41118181158378664,0.09242695997177396,0.007084899538027589,0.09951185950980154,-1.116460919380188,2.399957260256124,0.12019454479007716,0.5229494317684098,0.842750072479248,0.26132577657699585,False,False,False,-0.41449053254499973,False
pure,1,0,0,0.05715621501548831,200,-74.19548137002704,0.46669555399567003,93.339110799134,0.539400509731347,0.48638163546491586,1,0,1,0.005,0.0,0.005,99,-0.18930596113204956,0.9799818396568298,0.43361759185791016,0.22032448649406433,-0.04616077244281769,0.10000000149011612,0.4087977416853894,0.09009673871583981,0.006921727022880653,0.09701846573872047,-1.1078585386276245,2.3999583386903294,0.11642629777554583,0.5234345413424746,0.8403918743133545,0.26094821095466614,False,False,False,-0.4121019413362731,False
pure,1,0,0,0.05715621501548831,200,-74.19548137002704,0.46669555399567003,93.339110799134,0.539400509731347,0.48638163546491586,1,0,1,0.005,0.0,0.005,100,-0.1939220279455185,0.9899816513061523,0.43361759185791016,0.22032448649406433,-0.04581151902675629,0.10000000149011612,0.40638637454967014,0.08775775866355039,0.0067579190447049345,0.09451567770825532,-1.099476456642151,2.3999594211781297,0.11270632101715614,0.5239041510133794,0.8380041122436523,0.2605915665626526,False,False,False,-0.4096861968354415,False
pure,1,0,0,0.05715621501548831,200,-74.19548137002704,0.46669555399567003,93.339110799134,0.539400509731347,0.48638163546491586,1,0,1,0.005,0.0,0.005,101,-0.19850318133831024,0.9999815225601196,0.43361759185791016,0.22032448649406433,-0.0454706996679306,0.10000000149011612,0.4039477292556487,0.0856104404506847,0.006607571751747019,0.09221801220243171,-1.0912967920303347,2.3999604149641884,0.10928430967136463,0.5243595023036768,0.8355869054794312,0.26025503873825073,False,False,False,-0.4072433060515843,False
pure,1,0,0,0.05715621501548831,200,-74.19548137002704,0.46669555399567003,93.339110799134,0.539400509731347,0.48638163546491586,1,0,1,0.005,0.0,0.005,102,-0.20305025577545166,1.009981393814087,0.43361759185791016,0.22032448649406433,-0.04513831436634064,0.10000000149011612,0.4014821439278883,0.08346224138477494,0.006457217180672771,0.08991945856544771,-1.0833195447921753,2.399961409157914,0.10591334938845516,0.5248008079261287,0.8331407308578491,0.2599374055862427,False,False,False,-0.40477360576816024,False
pure,1,0,0,0.05715621501548831,200,-74.19548137002704,0.46669555399567003,93.339110799134,0.539400509731347,0.48638163546491586,1,0,1,0.005,0.0,0.005,103,-0.2075640857219696,1.0199811458587646,0.43361759185791016,0.22032448649406433,-0.04481400549411774,0.10000000149011612,0.39898977065130475,0.08140559562567865,0.0063132880289506,0.08771888365462925,-1.0755361318588257,2.39996236098046,0.1027063130744161,0.5252287508972721,0.8306658267974854,0.2596379220485687,False,False,False,-0.40227724181159735,False
pure,1,0,0,0.05715621501548831,200,-74.19548137002704,0.46669555399567003,93.339110799134,0.539400509731347,0.48638163546491586,1,0,1,0.005,0.0,0.005,104,-0.21204549074172974,1.029981017112732,0.43361759185791016,0.22032448649406433,-0.04449804127216339,0.10000000149011612,0.3964707415534451,0.07927871405861546,0.006164441524499418,0.08544315558311488,-1.0679529905319216,2.3999633453083726,0.09946037346751894,0.5256431691200534,0.828162431716919,0.2593556046485901,False,False,False,-0.39975434765054724,False
pure,1,0,0,0.05715621501548831,200,-74.19548137002704,0.46669555399567003,93.339110799134,0.539400509731347,0.48638163546491586,1,0,1,0.005,0.0,0.005,105,-0.21649529039859772,1.0399808883666992,0.43361759185791016,0.22032448649406433,-0.04418964684009552,0.10000000149011612,0.3939253282472793,0.07735129487371213,0.006029579979641658,0.08338087485335378,-1.0605515241622925,2.3999642373244283,0.09650580999146965,0.5260452766616845,0.8256309032440186,0.2590896487236023,False,False,False,-0.3972051839456264,False
pure,1,0,0,0.05715621501548831,200,-74.19548137002704,0.46669555399567003,93.339110799134,0.539400509731347,0.48638163546491586,1,0,1,0.005,0.0,0.005,106,-0.22091425955295563,1.0499807596206665,0.43361759185791016,0.22032448649406433,-0.043888941407203674,0.10000000149011612,0.3913537876152413,0.0753922810631169,0.005892551482027828,0.08128483254514474,-1.0533345937728882,2.399965143962581,0.0935552159131015,0.5264350900613225,0.8230715990066528,0.25883907079696655,False,False,False,-0.3946300073557513,False
pure,1,0,0,0.05715621501548831,200,-74.19548137002704,0.46669555399567003,93.339110799134,0.539400509731347,0.48638163546491586,1,0,1,0.005,0.0,0.005,107,-0.22530315816402435,1.0599806308746338,0.43361759185791016,0.22032448649406433,-0.043595388531684875,0.10000000149011612,0.38875616527808965,0.07357115847744998,0.005765192187014018,0.079336350664464,-1.046289324760437,2.399965986784214,0.09081298288132197,0.5268134774899946,0.8204846382141113,0.25860312581062317,False,False,False,-0.3920288556785709,False
pure,1,0,0,0.05715621501548831,200,-74.19548137002704,0.46669555399567003,93.339110799134,0.539400509731347,0.48638163546491586,1,0,1,0.005,0.0,0.005,108,-0.22966268658638,1.0699803829193115,0.43361759185791016,0.22032448649406433,-0.04330919682979584,0.10000000149011612,0.38613289199193335,0.07169534946504166,0.005634021490951963,0.07732937095599363,-1.0394207239150999,2.399966854914908,0.08804309688046265,0.5271803237269965,0.817870557308197,0.2583807408809662,False,False,False,-0.3894021607877812,False
pure,1,0,0,0.05715621501548831,200,-74.19548137002704,0.46669555399567003,93.339110799134,0.539400509731347,0.48638163546491586,1,0,1,0.005,0.0,0.005,109,-0.23399360477924347,1.0799802541732788,0.43361759185791016,0.22032448649406433,-0.04302985966205597,0.10000000149011612,0.38348397873649087,0.06994975982202936,0.005511971799828514,0.07546173162185787,-1.0327166318893441,2.399967662779642,0.08546683444261646,0.5275364355371741,0.8152294158935547,0.2581713795661926,False,False,False,-0.3867499262870261,False
pure,1,0,0,0.05715621501548831,200,-74.19548137002704,0.46669555399567003,93.339110799134,0.539400509731347,0.48638163546491586,1,0,1,0.005,0.0,0.005,110,-0.23829659819602966,1.089980125427246,0.43361759185791016,0.22032448649406433,-0.042757585644721985,0.10000000149011612,0.38080969949871013,0.0681495214318287,0.005386109545612484,0.07353563097744119,-1.0261820554733283,2.399968495935999,0.08286030920756773,0.5278816868255389,0.812561571598053,0.25797414779663086,False,False,False,-0.384072427057323,False
pure,1,0,0,0.05715621501548831,200,-74.19548137002704,0.46669555399567003,93.339110799134,0.539400509731347,0.48638163546491586,1,0,1,0.005,0.0,0.005,111,-0.2425723522901535,1.0999799966812134,0.43361759185791016,0.22032448649406433,-0.04249162971973419,0.10000000149011612,0.37811021391222677,0.06654120511017572,0.005273704403280478,0.0718149095134562,-1.0197991132736202,2.399969240270179,0.08051539031766583,0.5282171676185292,0.809867262840271,0.25778818130493164,False,False,False,-0.3813698128975411,False
pure,1,0,0,0.05715621501548831,200,-74.19548137002704,0.46669555399567003,93.339110799134,0.539400509731347,0.48638163546491586,1,0,1,0.005,0.0,0.005,112,-0.24682152271270752,1.1099798679351807,0.43361759185791016,0.22032448649406433,-0.04223234951496124,0.10000000149011612,0.37538576270243607,0.06483978480622103,0.005154803805435455,0.06999458861165649,-1.013576388359069,2.3999700276931946,0.07809144953755266,0.528542548658269,0.8071467876434326,0.25761282444000244,False,False,False,-0.37864232766231976,False
pure,1,0,0,0.05715621501548831,200,-74.19548137002704,0.46669555399567003,93.339110799134,0.539400509731347,0.48638163546491586,1,0,1,0.005,0.0,0.005,113,-0.25104475021362305,1.119979739189148,0.43361759185791016,0.22032448649406433,-0.04197917878627777,0.10000000149011612,0.37263646306042547,0.06328407335418543,0.005046098741479218,0.06833017209566465,-1.0075002908706665,2.3999707476816656,0.07586921168128581,0.5288586703736077,0.8044003248214722,0.25744736194610596,False,False,False,-0.3758900804961192,False
pure,1,0,0,0.05715621501548831,200,-74.19548137002704,0.46669555399567003,93.339110799134,0.539400509731347,0.48638163546491586,1,0,1,0.005,0.0,0.005,114,-0.2552426755428314,1.1299796104431152,0.43361759185791016,0.22032448649406433,-0.041732147336006165,0.10000000149011612,0.3698626582535172,0.061720057174616094,0.0049368427909589905,0.06665689996557508,-1.001571536064148,2.399971471513593,0.0736653343279964,0.529165609266641,0.8016282916069031,0.25729095935821533,False,False,False,-0.3731134144427443,False
pure,1,0,0,0.05715621501548831,200,-74.19548137002704,0.46669555399567003,93.339110799134,0.539400509731347,0.48638163546491586,1,0,1,0.005,0.0,0.005,115,-0.2594158947467804,1.1399794816970825,0.43361759185791016,0.22032448649406433,-0.041490837931632996,0.10000000149011612,0.36706435401759013,0.06026330101346605,0.004835107889164776,0.06509840890263083,-0.9957801103591919,2.399972145705224,0.07161312078927347,0.5294639972699297,0.7988307476043701,0.25714296102523804,False,False,False,-0.3703123289795862,False
pure,1,0,0,0.05715621501548831,200,-74.19548137002704,0.46669555399567003,93.339110799134,0.539400509731347,0.48638163546491586,1,0,1,0.005,0.0,0.005,116,-0.26356497406959534,1.1499794721603394,0.43361759185791016,0.22032448649406433,-0.04125590622425079,0.10000000149011612,0.3642418500439626,0.05863640740930588,0.00472143366395094,0.06335784107325682,-0.990141749382019,2.3999728986370332,0.06938966784592172,0.5297531208859543,0.7960080504417419,0.25700268149375916,False,False,False,-0.3674871305034858,False
pure,1,0,0,0.05715621501548831,200,-74.19548137002704,0.46669555399567003,93.339110799134,0.539400509731347,0.48638163546491586,1,0,1,0.005,0.0,0.005,117,-0.2676905691623688,1.1599793434143066,0.43361759185791016,0.22032448649406433,-0.04102586209774017,0.10000000149011612,0.36139533061846524,0.0573941843268041,0.004634724678968427,0.06202890900577253,-0.9846206903457643,2.3999734735420364,0.06763471768038475,0.5300349322096225,0.7931604385375977,0.25686946511268616,False,False,False,-0.36463798541888026,False
pure,1,0,0,0.05715621501548831,200,-74.19548137002704,0.46669555399567003,93.339110799134,0.539400509731347,0.48638163546491586,1,0,1,0.005,0.0,0.005,118,-0.2717931568622589,1.169979214668274,0.43361759185791016,0.22032448649406433,-0.04080165922641754,0.10000000149011612,0.35852491172243306,0.055904930235328554,0.004530764364434399,0.06043569459976295,-0.9792398214340209,2.399974162773818,0.06561805131318342,0.5303083407567608,0.7902880907058716,0.25674256682395935,False,False,False,-0.361765019541871,False
pure,1,0,0,0.05715621501548831,200,-74.19548137002704,0.46669555399567003,93.339110799134,0.539400509731347,0.48638163546491586,1,0,1,0.005,0.0,0.005,119,-0.2758733034133911,1.1799790859222412,0.43361759185791016,0.22032448649406433,-0.04058249294757843,0.10000000149011612,0.3556308520060249,0.05462309775605687,0.004441285619854554,0.059064383375911425,-0.9739798307418824,2.3999747560101836,0.06386076887892354,0.5305744272937564,0.7873913049697876,0.25662147998809814,False,False,False,-0.3588684816878505,False
pure,1,0,0,0.05715621501548831,200,-74.19548137002704,0.46669555399567003,93.339110799134,0.539400509731347,0.48638163546491586,1,0,1,0.005,0.0,0.005,120,-0.27993157505989075,1.1899789571762085,0.43361759185791016,0.22032448649406433,-0.04036857187747955,0.10000000149011612,0.35271327322791896,0.05328686019303361,0.004348035657058183,0.057634895850091794,-0.9688457250595093,2.399975374425403,0.062061925203927566,0.5308330186487727,0.78447026014328,0.2565055191516876,False,False,False,-0.35594849495660147,False
pure,1,0,0,0.05715621501548831,200,-74.19548137002704,0.46669555399567003,93.339110799134,0.539400509731347,0.48638163546491586,1,0,1,0.005,0.0,0.005,121,-0.28396841883659363,1.1999788284301758,0.43361759185791016,0.22032448649406433,-0.04015977680683136,0.10000000149011612,0.3497724244972185,0.05198089490272765,0.004256879309732863,0.05623777421246051,-0.9638346433639527,2.3999759788305135,0.0603173953884491,0.5310843411295579,0.7815252542495728,0.25639408826828003,False,False,False,-0.3530053066690878,False
pure,1,0,0,0.05715621501548831,200,-74.19548137002704,0.46669555399567003,93.339110799134,0.539400509731347,0.48638163546491586,1,0,1,0.005,0.0,0.005,122,-0.2879844009876251,1.2099788188934326,0.43361759185791016,0.22032448649406433,-0.0399557501077652,0.10000000149011612,0.3468084266623157,0.05076690872292706,0.004172181782060028,0.05493909050498709,-0.9589380025863646,2.3999765406673834,0.058695456448591865,0.5313289055314271,0.7785564661026001,0.25628650188446045,False,False,False,-0.3500390327563184,False
pure,1,0,0,0.05715621501548831,200,-74.19548137002704,0.46669555399567003,93.339110799134,0.539400509731347,0.48638163546491586,1,0,1,0.005,0.0,0.005,123,-0.29197996854782104,1.2199786901474,0.43361759185791016,0.22032448649406433,-0.03975655138492584,0.10000000149011612,0.3438214153748563,0.04953705025685738,0.004086383180699306,0.05362343343755669,-0.9541572332382201,2.3999771098500013,0.05707336091162008,0.5315667112018921,0.7755640745162964,0.2561822235584259,False,False,False,-0.34704980909345656,False
pure,1,0,0,0.05715621501548831,200,-74.19548137002704,0.46669555399567003,93.339110799134,0.539400509731347,0.48638163546491586,1,0,1,0.005,0.0,0.005,124,-0.295955628156662,1.2299785614013672,0.43361759185791016,0.22032448649406433,-0.03956194221973419,0.10000000149011612,0.3408115881771503,0.04836835698756499,0.0040048625249955155,0.05237321951256051,-0.9494866132736206,2.399977650725161,0.055536688019948516,0.531798114068642,0.7725483179092407,0.2560807466506958,False,False,False,-0.34403782942301614,False
pure,1,0,0,0.05715621501548831,200,-74.19548137002704,0.46669555399567003,93.339110799134,0.539400509731347,0.48638163546491586,1,0,1,0.005,0.0,0.005,125,-0.29991182684898376,1.239978551864624,0.43361759185791016,0.22032448649406433,-0.039371803402900696,0.10000000149011612,0.3377796781451626,0.04701105579940952,0.0037064882010525305,0.05071754400046205,-0.9449232816696166,2.3996905212451902,0.053316265723904396,0.5320202651758249,0.76951003074646,0.2559810280799866,False,False,False,-0.3410038254798574,False
pure,1,0,0,0.05715621501548831,200,-74.19548137002704,0.46669555399567003,93.339110799134,0.539400509731347,0.48638163546491586,1,0,1,0.005,0.0,0.005,126,-0.3038490116596222,1.2499772310256958,0.43361759185791016,0.22032448649406433,-0.03918464481830597,0.10000000149011612,0.3347252388523357,0.046478950640658434,0.0038754143220690435,0.05035436496272748,-0.9404314756393433,2.3996940245545444,0.053010076728504794,0.532241140495527,0.7664487361907959,0.25588321685791016,False,False,False,-0.3379473334030645,False
pure,1,0,0,0.05715621501548831,200,-74.19548137002704,0.46669555399567003,93.339110799134,0.539400509731347,0.48638163546491586,1,0,1,0.005,0.0,0.005,127,-0.30776745080947876,1.2599759101867676,0.43361759185791016,0.22032448649406433,-0.03900201618671417,0.10000000149011612,0.3316485559718207,0.04532757285313384,0.0037979827002456467,0.04912555555337948,-0.9360483884811401,2.399701605072242,0.05154282670475349,0.5324559022734634,0.7633647918701172,0.2557865381240845,False,False,False,-0.33486865562959467,False
pure,1,0,0,0.05715621501548831,200,-74.19548137002704,0.46669555399567003,93.339110799134,0.539400509731347,0.48638163546491586,1,0,1,0.005,0.0,0.005,128,-0.31166768074035645,1.269974708557129,0.43361759185791016,0.22032448649406433,-0.03882427513599396,0.10000000149011612,0.328549649346388,0.04408059074829617,0.0037113449410366203,0.04779193568933279,-0.931782603263855,2.399709815036006,0.04997967848284581,0.5326641509338086,0.7602582573890686,0.2556905150413513,False,False,False,-0.3317678153549796,False
pure,1,0,0,0.05715621501548831,200,-74.19548137002704,0.46669555399567003,93.339110799134,0.539400509731347,0.48638163546491586,1,0,1,0.005,0.0,0.005,129,-0.3155500888824463,1.2799735069274902,0.43361759185791016,0.22032448649406433,-0.038650527596473694,0.10000000149011612,0.325428890316268,0.04306281158286398,0.003639361578770323,0.0467021731616343,-0.9276126623153685,2.399716515958205,0.04867904538728442,0.5328669802895889,0.7571295499801636,0.2555946409702301,False,False,False,-0.3286451734141312,False
pure,1,0,0,0.05715621501548831,200,-74.19548137002704,0.46669555399567003,93.339110799134,0.539400509731347,0.48638163546491586,1,0,1,0.005,0.0,0.005,130,-0.3194151520729065,1.2899723052978516,0.43361759185791016,0.22032448649406433,-0.03848101198673248,0.10000000149011612,0.3222862806439319,0.04198439958731479,0.0035644306640954296,0.045548830251410224,-0.9235442876815797,2.399723616078866,0.04732810085311093,0.5330641807098102,0.7539787292480469,0.2554982900619507,False,False,False,-0.3255007338046947,False
pure,1,0,0,0.05715621501548831,200,-74.19548137002704,0.46669555399567003,93.339110799134,0.539400509731347,0.48638163546491586,1,0,1,0.005,0.0,0.005,131,-0.3232632577419281,1.299971103668213,0.43361759185791016,0.22032448649406433,-0.03831537067890167,0.10000000149011612,0.3191220904125929,0.040997332041323296,0.003495226005819906,0.0444925580471432,-0.91956889629364,2.3997301147998606,0.04608747048042121,0.5332562118368119,0.7508060932159424,0.2554011344909668,False,False,False,-0.3223347625865698,False
pure,1,0,0,0.05715621501548831,200,-74.19548137002704,0.46669555399567003,93.339110799134,0.539400509731347,0.48638163546491586,1,0,1,0.005,0.0,0.005,132,-0.32709479331970215,1.3099700212478638,0.43361759185791016,0.22032448649406433,-0.03815354406833649,0.10000000149011612,0.31593638495272575,0.04002568037001862,0.0034274481676846357,0.04345312853770326,-0.9156850576400757,2.399736512024795,0.044875889947769046,0.5334431947115943,0.7476117610931396,0.2553026080131531,False,False,False,-0.3191473230785745,False
pure,1,0,0,0.05715621501548831,200,-74.19548137002704,0.46669555399567003,93.339110799134,0.539400509731347,0.48638163546491586,1,0,1,0.005,0.0,0.005,133,-0.3309101462364197,1.3199689388275146,0.43361759185791016,0.22032448649406433,-0.03799547255039215,0.10000000149011612,0.3127293632808719,0.0390690733819626,0.003360719119852964,0.04242979250181557,-0.9118913412094117,2.3997428101975418,0.04369161127104737,0.5336252430918903,0.7443959712982178,0.2552022933959961,False,False,False,-0.3159386140737329,False
pure,1,0,0,0.05715621501548831,200,-74.19548137002704,0.46669555399567003,93.339110799134,0.539400509731347,0.48638163546491586,1,0,1,0.005,0.0,0.005,134,-0.33470967411994934,1.3299678564071655,0.43361759185791016,0.22032448649406433,-0.037841156125068665,0.10000000149011612,0.30950126252133925,0.03811217219399713,0.0032940252825479814,0.041406197476545115,-0.9081877470016481,2.3997491103072615,0.04251784203932926,0.5338024007670542,0.7411590218544006,0.2550995945930481,False,False,False,-0.31270887202580055,False
pure,1,0,0,0.05715621501548831,200,-74.19548137002704,0.46669555399567003,93.339110799134,0.539400509731347,0.48638163546491586,1,0,1,0.005,0.0,0.005,135,-0.33849379420280457,1.3399667739868164,0.43361759185791016,0.22032448649406433,-0.03769005835056305,0.10000000149011612,0.306252177532766,0.03729299975805042,0.003236399233574075,0.0405293989916245,-0.9045614004135132,2.399754503629258,0.04150037172307457,0.533975318982567,0.7379010319709778,0.2549942433834076,False,False,False,-0.309458185534928,False
pure,1,0,0,0.05715621501548831,200,-74.19548137002704,0.46669555399567003,93.339110799134,0.539400509731347,0.48638163546491586,1,0,1,0.005,0.0,0.005,136,-0.34226280450820923,1.3499658107757568,0.43361759185791016,0.22032448649406433,-0.03754241764545441,0.10000000149011612,0.3029821753837944,0.036412820179470194,0.003175377017927585,0.03958819719739778,-0.9010180234909058,2.399760298614141,0.04042875096859038,0.5341437721116028,0.7346221208572388,0.254885733127594,False,False,False,-0.3061866239049316,False
pure,1,0,0,0.05715621501548831,200,-74.19548137002704,0.46669555399567003,93.339110799134,0.539400509731347,0.48638163546491586,1,0,1,0.005,0.0,0.005,137,-0.346017062664032,1.3599647283554077,0.43361759185791016,0.22032448649406433,-0.03739781677722931,0.10000000149011612,0.29969167694339033,0.035639408628919435,0.003121098703865845,0.03876050733278528,-0.8975476026535033,2.3997653906525747,0.03947797042522308,0.5343082636550412,0.7313227653503418,0.2547735571861267,False,False,False,-0.3028946033109116,False
pure,1,0,0,0.05715621501548831,200,-74.19548137002704,0.46669555399567003,93.339110799134,0.539400509731347,0.48638163546491586,1,0,1,0.005,0.0,0.005,138,-0.3497568368911743,1.3699637651443481,0.43361759185791016,0.22032448649406433,-0.03725697100162506,0.10000000149011612,0.2963806938965728,0.03468210107615705,0.003055174412655839,0.037737275488812894,-0.8941673040390015,2.399771693437746,0.038343321891682276,0.5344680274962565,0.7280030250549316,0.2546572685241699,False,False,False,-0.2995821428139617,False
pure,1,0,0,0.05715621501548831,200,-74.19548137002704,0.46669555399567003,93.339110799134,0.539400509731347,0.48638163546491586,1,0,1,0.005,0.0,0.005,139,-0.35348251461982727,1.3799628019332886,0.43361759185791016,0.22032448649406433,-0.03711916506290436,0.10000000149011612,0.2930492017491933,0.033907645495926834,0.003000438323168955,0.03690808381909579,-0.8908599615097046,2.3997767923499334,0.037407346016204296,0.5346238914379907,0.7246628999710083,0.25453662872314453,False,False,False,-0.29624920942627153,False
pure,1,0,0,0.05715621501548831,200,-74.19548137002704,0.46669555399567003,93.339110799134,0.539400509731347,0.48638163546491586,1,0,1,0.005,0.0,0.005,140,-0.3571944534778595,1.3899619579315186,0.43361759185791016,0.22032448649406433,-0.036984339356422424,0.10000000149011612,0.289697509521169,0.03314915024132106,0.0029475929059126845,0.03609674314723375,-0.8876241445541383,2.3997817861814656,0.03649756589433618,0.5347759646292172,0.7213027477264404,0.2544112205505371,False,False,False,-0.2928961121677583,False
pure,1,0,0,0.05715621501548831,200,-74.19548137002704,0.46669555399567003,93.339110799134,0.539400509731347,0.48638163546491586,1,0,1,0.005,0.0,0.005,141,-0.3608928918838501,1.399960994720459,0.43361759185791016,0.22032448649406433,-0.03685225546360016,0.10000000149011612,0.2863257993670392,0.032451822688752255,0.0028988433187012333,0.035350666007453485,-0.8844541311264038,2.3997863772930113,0.03565875334577458,0.5349245427681579,0.7179228067398071,0.25428056716918945,False,False,False,-0.2895230296166825,False
pure,1,0,0,0.05715621501548831,200,-74.19548137002704,0.46669555399567003,93.339110799134,0.539400509731347,0.48638163546491586,1,0,1,0.005,0.0,0.005,142,-0.36457809805870056,1.409960150718689,0.43361759185791016,0.22032448649406433,-0.03672327101230621,0.10000000149011612,0.2829342589228299,0.03166246894672514,0.002844296069333685,0.03450676501605883,-0.8813585042953491,2.3997915742927063,0.03473170401516445,0.5350692582015545,0.7145233154296875,0.25414425134658813,False,False,False,-0.2861301532088664,False
pure,1,0,0,0.05715621501548831,200,-74.19548137002704,0.46669555399567003,93.339110799134,0.539400509731347,0.48638163546491586,1,0,1,0.005,0.0,0.005,143,-0.36825042963027954,1.419959306716919,0.43361759185791016,0.22032448649406433,-0.03659732639789581,0.10000000149011612,0.2795228592250186,0.030887703393017166,0.0027902682535987534,0.03367797164661592,-0.8783358335494994,2.399796675245717,0.033825853184165394,0.5352101992564885,0.7111042737960815,0.25400203466415405,False,False,False,-0.2827174528632003,False
pure,1,0,0,0.05715621501548831,200,-74.19548137002704,0.46669555399567003,93.339110799134,0.539400509731347,0.48638163546491586,1,0,1,0.005,0.0,0.005,144,-0.3719101548194885,1.429958462715149,0.43361759185791016,0.22032448649406433,-0.03647412359714508,0.10000000149011612,0.276091948562039,0.030189440680611804,0.002741340336999969,0.03293078101761177,-0.8753789663314819,2.39980127251423,0.033005873406246666,0.5353477237290145,0.7076660990715027,0.25385338068008423,False,False,False,-0.2792852737388741,False
pure,1,0,0,0.05715621501548831,200,-74.19548137002704,0.46669555399567003,93.339110799134,0.539400509731347,0.48638163546491586,1,0,1,0.005,0.0,0.005,145,-0.3755575716495514,1.439957618713379,0.43361759185791016,0.22032448649406433,-0.03635348379611969,0.10000000149011612,0.27264155469919193,0.029537329037547844,0.0026957999772310743,0.03223312901477892,-0.8724836111068727,2.3998055659302615,0.03224023129112544,0.5354820580260609,0.7042088508605957,0.25369805097579956,False,False,False,-0.2758336415895318,False
pure,1,0,0,0.05715621501548831,200,-74.19548137002704,0.46669555399567003,93.339110799134,0.539400509731347,0.48638163546491586,1,0,1,0.005,0.0,0.005,146,-0.37919291853904724,1.4499567747116089,0.43361759185791016,0.22032448649406433,-0.036235466599464417,0.10000000149011612,0.26917181189406053,0.028869857499875536,0.002649449298998064,0.0315193067988736,-0.869651198387146,2.3998099604737892,0.03146488098953874,0.5356131616968506,0.7007327079772949,0.2535357177257538,False,False,False,-0.272362690896274,False
pure,1,0,0,0.05715621501548831,200,-74.19548137002704,0.46669555399567003,93.339110799134,0.539400509731347,0.48638163546491586,1,0,1,0.005,0.0,0.005,147,-0.38281646370887756,1.4599559307098389,0.43361759185791016,0.22032448649406433,-0.03612019121646881,0.10000000149011612,0.26568296037214023,0.02817137075681915,0.0026009687400023137,0.030772339496821465,-0.8668845891952515,2.3998145592172895,0.030663169815918892,0.5357409249044169,0.6972379684448242,0.25336596369743347,False,False,False,-0.26887266300218327,False
pure,1,0,0,0.05715621501548831,200,-74.19548137002704,0.46669555399567003,93.339110799134,0.539400509731347,0.48638163546491586,1,0,1,0.005,0.0,0.005,148,-0.38642850518226624,1.4699552059173584,0.43361759185791016,0.22032448649406433,-0.03600747883319855,0.10000000149011612,0.2621751279323214,0.027518501855933176,0.0025553394331134047,0.030073841289046582,-0.8641794919967651,2.3998188576190063,0.029913276713575382,0.5358655635573901,0.6937248110771179,0.25318843126296997,False,False,False,-0.2653636832474583,False
pure,1,0,0,0.05715621501548831,200,-74.19548137002704,0.46669555399567003,93.339110799134,0.539400509731347,0.48638163546491586,1,0,1,0.005,0.0,0.005,149,-0.39002925157546997,1.479954481124878,0.43361759185791016,0.22032448649406433,-0.035897329449653625,0.10000000149011612,0.2586483378236158,0.026865617124012735,0.0025099088743007567,0.029375525998313494,-0.8615359067916871,2.399823156124951,0.029169031246765054,0.535987101187585,0.6901932954788208,0.2530028820037842,False,False,False,-0.26183577510462835,False
pure,1,0,0,0.05715621501548831,200,-74.19548137002704,0.46669555399567003,93.339110799134,0.539400509731347,0.48638163546491586,1,0,1,0.005,0.0,0.005,150,-0.39361897110939026,1.4899537563323975,0.43361759185791016,0.22032448649406433,-0.03578944504261017,0.10000000149011612,0.25510294060851496,0.026289210903342557,0.0024695102168407986,0.028758721120183357,-0.858946681022644,2.3998269511065846,0.028507427626538007,0.5361058821360288,0.6866438388824463,0.2528088688850403,False,False,False,-0.258289286006941,False
pure,1,0,0,0.05715621501548831,200,-74.19548137002704,0.46669555399567003,93.339110799134,0.539400509731347,0.48638163546491586,1,0,1,0.005,0.0,0.005,151,-0.3971979022026062,1.499953031539917,0.43361759185791016,0.22032448649406433,-0.03568418323993683,0.10000000149011612,0.2515388388645166,0.025620905841811967,0.002423394561342982,0.028044300403154948,-0.8564203977584839,2.3998313511379217,0.027758004616465284,0.5362215404885975,0.6830763816833496,0.2526061534881592,False,False,False,-0.2547241214376205,False
pure,1,0,0,0.05715621501548831,200,-74.19548137002704,0.46669555399567003,93.339110799134,0.539400509731347,0.48638163546491586,1,0,1,0.005,0.0,0.005,152,-0.4007663428783417,1.5099523067474365,0.43361759185791016,0.22032448649406433,-0.03558094799518585,0.10000000149011612,0.2479563994937441,0.025105338450192652,0.0023869126300345954,0.027492251080227247,-0.8539427518844606,2.399834745564824,0.02716671766733281,0.5363347351455447,0.6794913411140442,0.252394437789917,False,False,False,-0.2511406424873373,False
pure,1,0,0,0.05715621501548831,200,-74.19548137002704,0.46669555399567003,93.339110799134,0.539400509731347,0.48638163546491586,1,0,1,0.005,0.0,0.005,153,-0.4043244421482086,1.519951581954956,0.43361759185791016,0.22032448649406433,-0.03548021614551544,0.10000000149011612,0.24435563353017153,0.02446758668318046,0.0023430721153775763,0.026810658798558037,-0.8515251874923705,2.3998389444373482,0.026457762049989376,0.536444975820753,0.6758887767791748,0.25217342376708984,False,False,False,-0.2475388648839313,False
pure,1,0,0,0.05715621501548831,200,-74.19548137002704,0.46669555399567003,93.339110799134,0.539400509731347,0.48638163546491586,1,0,1,0.005,0.0,0.005,154,-0.40787243843078613,1.5299509763717651,0.43361759185791016,0.22032448649406433,-0.0353819876909256,0.10000000149011612,0.2407366612457658,0.02382899173438137,0.002298594148994149,0.026127585883375517,-0.8491677045822144,2.399843148861269,0.025751075634069396,0.5365522719692283,0.6722688674926758,0.2519427537918091,False,False,False,-0.2439189084523345,False
pure,1,0,0,0.05715621501548831,200,-74.19548137002704,0.46669555399567003,93.339110799134,0.539400509731347,0.48638163546491586,1,0,1,0.005,0.0,0.005,155,-0.4114106595516205,1.5399502515792847,0.43361759185791016,0.22032448649406433,-0.035285428166389465,0.10000000149011612,0.2370997275474143,0.023404977821242647,0.002268253388770247,0.025673231210012894,-0.8468502759933472,2.3998459405122863,0.025263970614631016,0.5366575385134559,0.668631911277771,0.25170212984085083,False,False,False,-0.2402810098292899,False
pure,1,0,0,0.05715621501548831,200,-74.19548137002704,0.46669555399567003,93.339110799134,0.539400509731347,0.48638163546491586,1,0,1,0.005,0.0,0.005,156,-0.41493919491767883,1.5499496459960938,0.43361759185791016,0.22032448649406433,-0.035191550850868225,0.10000000149011612,0.23344479663625267,0.022721023827833323,0.002221756973737624,0.024942780801570946,-0.8445972204208375,2.3998504435741035,0.024521998029041737,0.5367597135052435,0.6649779081344604,0.25145137310028076,False,False,False,-0.23662514282718208,False
pure,1,0,0,0.05715621501548831,200,-74.19548137002704,0.46669555399567003,93.339110799134,0.539400509731347,0.48638163546491586,1,0,1,0.005,0.0,0.005,157,-0.41845834255218506,1.5599490404129028,0.43361759185791016,0.22032448649406433,-0.03509940207004547,0.10000000149011612,0.22977233166445615,0.022281033138911582,0.0021901283814411937,0.024471161520352776,-0.8423856496810913,2.39985334041408,0.02402520948842529,0.5368598185447786,0.6613073945045471,0.25119006633758545,False,False,False,-0.23295176121045472,False
pure,1,0,0,0.05715621501548831,200,-74.19548137002704,0.46669555399567003,93.339110799134,0.539400509731347,0.48638163546491586,1,0,1,0.005,0.0,0.005,158,-0.4219682812690735,1.569948434829712,0.43361759185791016,0.22032448649406433,-0.03500957787036896,0.10000000149011612,0.22608222758583887,0.021688653909996497,0.002149574686341077,0.023838228596337573,-0.8402298688888551,2.399857240559869,0.023382127206311953,0.5369572440748049,0.6576203107833862,0.2509179711341858,False,False,False,-0.22926076574437484,False
pure,1,0,0,0.05715621501548831,200,-74.19548137002704,0.46669555399567003,93.339110799134,0.539400509731347,0.48638163546491586,1,0,1,0.005,0.0,0.005,159,-0.4254692494869232,1.579947829246521,0.43361759185791016,0.22032448649406433,-0.03492160141468048,0.10000000149011612,0.22237462288110937,0.02121805355264425,0.002116331817087118,0.02333438536973137,-0.8381184339523315,2.3998603389298183,0.022862142606901552,0.5370525030023336,0.6539168357849121,0.25063490867614746,False,False,False,-0.22555228976875033,False
pure,1,0,0,0.05715621501548831,200,-74.19548137002704,0.46669555399567003,93.339110799134,0.539400509731347,0.48638163546491586,1,0,1,0.005,0.0,0.005,160,-0.4289613962173462,1.58994722366333,0.43361759185791016,0.22032448649406433,-0.03483571112155914,0.10000000149011612,0.21864980792962746,0.020686511210892294,0.0020796261494680796,0.022766137360360372,-0.8360570669174194,2.39986383853366,0.02228592348151037,0.53714536101684,0.6501973271369934,0.2503405213356018,False,False,False,-0.22182662634515005,False
pure,1,0,0,0.05715621501548831,200,-74.19548137002704,0.46669555399567003,93.339110799134,0.539400509731347,0.48638163546491586,1,0,1,0.005,0.0,0.005,161,-0.4324449896812439,1.5999466180801392,0.43361759185791016,0.22032448649406433,-0.03475166857242584,0.10000000149011612,0.2149076790316014,0.020215849004693035,0.0020466412088698876,0.022262490213562924,-0.8340400457382201,2.399866937310814,0.021772494198215808,0.5372360797426659,0.6464617252349854,0.2500346004962921,False,False,False,-0.2180836688680558,False
pure,1,0,0,0.05715621501548831,200,-74.19548137002704,0.46669555399567003,93.339110799134,0.539400509731347,0.48638163546491586,1,0,1,0.005,0.0,0.005,162,-0.4359201490879059,1.6099461317062378,0.43361759185791016,0.22032448649406433,-0.03466995060443878,0.10000000149011612,0.21114859368203193,0.019622565420932426,0.0020058412281326802,0.021628406649065107,-0.8320788145065308,2.399870843410754,0.021141280852933136,0.5373241684128864,0.6427104473114014,0.2497168630361557,False,False,False,-0.2143237795263341,False
pure,1,0,0,0.05715621501548831,200,-74.19548137002704,0.46669555399567003,93.339110799134,0.539400509731347,0.48638163546491586,1,0,1,0.005,0.0,0.005,163,-0.43938714265823364,1.6199455261230469,0.43361759185791016,0.22032448649406433,-0.03458978235721588,0.10000000149011612,0.20737267634208745,0.01922793207319257,0.0019775608170588513,0.02120549289025142,-0.8301547765731812,2.3998734416240506,0.020708055338241375,0.5374104519767958,0.6389436721801758,0.24938705563545227,False,False,False,-0.21054707518156118,False
pure,1,0,0,0.05715621501548831,200,-74.19548137002704,0.46669555399567003,93.339110799134,0.539400509731347,0.48638163546491586,1,0,1,0.005,0.0,0.005,164,-0.4428461194038391,1.6299450397491455,0.43361759185791016,0.22032448649406433,-0.03451170027256012,0.10000000149011612,0.2035798777809502,0.018696047177283476,0.0019411433254597538,0.02063719050274323,-0.8282808065414429,2.3998769434832234,0.02014408214590444,0.5374943856524037,0.6351613998413086,0.24904495477676392,False,False,False,-0.20675351174381987,False
pure,1,0,0,0.05715621501548831,200,-74.19548137002704,0.46669555399567003,93.339110799134,0.539400509731347,0.48638163546491586,1,0,1,0.005,0.0,0.005,165,-0.446297287940979,1.6399445533752441,0.43361759185791016,0.22032448649406433,-0.03443528711795807,0.10000000149011612,0.1997705526793975,0.018270696501024995,0.0019111023751506929,0.02018179887617569,-0.8264468908309935,2.3998797439353106,0.01968617619529963,0.5375764113865508,0.6313640475273132,0.24869027733802795,False,False,False,-0.20294343942353907,False
pure,1,0,0,0.05715621501548831,200,-74.19548137002704,0.46669555399567003,93.339110799134,0.539400509731347,0.48638163546491586,1,0,1,0.005,0.0,0.005,166,-0.44974082708358765,1.6499440670013428,0.43361759185791016,0.22032448649406433,-0.03436066210269928,0.10000000149011612,0.1959447199009234,0.01781503473319443,0.0018795486794746584,0.019694583412669088,-0.8246558904647827,2.399882743951581,0.019201969773851697,0.5376564195939418,0.6275516748428345,0.24832287430763245,False,False,False,-0.19911687864883487,False
pure,1,0,0,0.05715621501548831,200,-74.19548137002704,0.46669555399567003,93.339110799134,0.539400509731347,0.48638163546491586,1,0,1,0.005,0.0,0.005,167,-0.453176885843277,1.6599435806274414,0.43361759185791016,0.22032448649406433,-0.03428800404071808,0.10000000149011612,0.19210261252210475,0.017313025430907843,0.0018447865619348684,0.01915781199284271,-0.822912096977234,2.399886049113832,0.018674375595948714,0.5377342294922582,0.6237245798110962,0.24794244766235352,False,False,False,-0.1952740633903537,False
pure,1,0,0,0.05715621501548831,200,-74.19548137002704,0.46669555399567003,93.339110799134,0.539400509731347,0.48638163546491586,1,0,1,0.005,0.0,0.005,168,-0.4566056728363037,1.66994309425354,0.43361759185791016,0.22032448649406433,-0.03421677649021149,0.10000000149011612,0.1882443555425678,0.01694870356722939,0.0018188795844491707,0.018767583151678563,-0.8212026357650757,2.3998884477603633,0.01828342814479645,0.5378104104428616,0.6198829412460327,0.24754877388477325,False,False,False,-0.19141511417737347,False
pure,1,0,0,0.05715621501548831,200,-74.19548137002704,0.46669555399567003,93.339110799134,0.539400509731347,0.48638163546491586,1,0,1,0.005,0.0,0.005,169,-0.4600273668766022,1.6799426078796387,0.43361759185791016,0.22032448649406433,-0.03414739668369293,0.10000000149011612,0.18436985491506402,0.016477527069161724,0.0017865571381252554,0.01826408420728698,-0.8195375204086305,2.399891549923546,0.017791495055969282,0.5378845416722615,0.6160266995429993,0.2471417486667633,False,False,False,-0.18753994031540697,False
pure,1,0,0,0.05715621501548831,200,-74.19548137002704,0.46669555399567003,93.339110799134,0.539400509731347,0.48638163546491586,1,0,1,0.005,0.0,0.005,170,-0.4634420871734619,1.6899421215057373,0.43361759185791016,0.22032448649406433,-0.034079745411872864,0.10000000149011612,0.1804794513246263,0.01603633831261915,0.001755704605137134,0.017792042917756285,-0.8179138898849487,2.3998944546514407,0.01732984959465997,0.5379567493789059,0.6121562719345093,0.24672101438045502,False,False,False,-0.18364888137189994,False
pure,1,0,0,0.05715621501548831,200,-74.19548137002704,0.46669555399567003,93.339110799134,0.539400509731347,0.48638163546491586,1,0,1,0.005,0.0,0.005,171,-0.46685007214546204,1.6999417543411255,0.43361759185791016,0.22032448649406433,-0.03401370346546173,0.10000000149011612,0.1765733973333891,0.015625830192743405,0.001727005390941409,0.017352835583684813,-0.8163288831710815,2.3998971573821186,0.01690045183836707,0.5380271679282325,0.6082719564437866,0.24628642201423645,False,False,False,-0.17974218879139975,False
pure,1,0,0,0.05715621501548831,200,-74.19548137002704,0.46669555399567003,93.339110799134,0.539400509731347,0.48638163546491586,1,0,1,0.005,0.0,0.005,172,-0.4702514410018921,1.7099412679672241,0.43361759185791016,0.22032448649406433,-0.03394921123981476,0.10000000149011612,0.17265169423580706,0.015230672816974882,0.0016994522115503351,0.016930125028525218,-0.8147810697555542,2.399899759045545,0.016488178843920703,0.5380958686734154,0.6043738126754761,0.2458377182483673,False,False,False,-0.17581986319780887,False
pure,1,0,0,0.05715621501548831,200,-74.19548137002704,0.46669555399567003,93.339110799134,0.539400509731347,0.48638163546491586,1,0,1,0.005,0.0,0.005,173,-0.4736463725566864,1.7199409008026123,0.43361759185791016,0.22032448649406433,-0.0338863879442215,0.10000000149011612,0.1687144787747224,0.014804762741706978,0.0016699329150609884,0.016474695656767967,-0.8132733106613147,2.399902563180641,0.016047994691697903,0.5381627353179641,0.600462019443512,0.24537476897239685,False,False,False,-0.1718820424515565,False
pure,1,0,0,0.05715621501548831,200,-74.19548137002704,0.46669555399567003,93.339110799134,0.539400509731347,0.48638163546491586,1,0,1,0.005,0.0,0.005,174,-0.4770350158214569,1.729940414428711,0.43361759185791016,0.22032448649406433,-0.03382529318332672,0.10000000149011612,0.16476193135732048,0.014363204144421436,0.0016392283648937595,0.016002432509315195,-0.8118070363998413,2.399905470343519,0.01559414330973948,0.538227710915088,0.5965368151664734,0.24489733576774597,False,False,False,-0.1679289071833455,False
pure,1,0,0,0.05715621501548831,200,-74.19548137002704,0.46669555399567003,93.339110799134,0.539400509731347,0.48638163546491586,1,0,1,0.005,0.0,0.005,175,-0.48041751980781555,1.7399400472640991,0.43361759185791016,0.22032448649406433,-0.03376568853855133,0.10000000149011612,0.16079412582064456,0.013982788322322103,0.001612473779220458,0.015595262101542561,-0.8103765249252334,2.3999079749505237,0.015201112091558307,0.5382910488821362,0.5925983190536499,0.24440525472164154,False,False,False,-0.1639605292185623,False
pure,1,0,0,0.05715621501548831,200,-74.19548137002704,0.46669555399567003,93.339110799134,0.539400509731347,0.48638163546491586,1,0,1,0.005,0.0,0.005,176,-0.48379409313201904,1.7499396800994873,0.43361759185791016,0.22032448649406433,-0.03370751440525055,0.10000000149011612,0.15681119772975757,0.013617886699247468,0.0015870183235567811,0.01520490502280425,-0.8089803457260132,2.399910377414113,0.01482530443386516,0.538352820983944,0.5886467099189758,0.24389837682247162,False,False,False,-0.15997704322820022,False
pure,1,0,0,0.05715621501548831,200,-74.19548137002704,0.46669555399567003,93.339110799134,0.539400509731347,0.48638163546491586,1,0,1,0.005,0.0,0.005,177,-0.48716485500335693,1.7599393129348755,0.43361759185791016,0.22032448649406433,-0.03365065157413483,0.10000000149011612,0.15281344445679745,0.013283621559262115,0.0015636474280015381,0.014847268987263653,-0.8076156377792373,2.399912578171185,0.014480677627887413,0.5384131571407269,0.5846823453903198,0.2433764487504959,False,False,False,-0.1559787454668101,False
pure,1,0,0,0.05715621501548831,200,-74.19548137002704,0.46669555399567003,93.339110799134,0.539400509731347,0.48638163546491586,1,0,1,0.005,0.0,0.005,178,-0.4905299246311188,1.7699389457702637,0.43361759185791016,0.22032448649406433,-0.03359575569629669,0.10000000149011612,0.14880087856749674,0.01278060441484362,0.0015292800161966328,0.014309884431040254,-0.8062981367111205,2.3999158899689346,0.013975120936812581,0.5384713868112969,0.5807052850723267,0.2428392767906189,False,False,False,-0.15196565475861212,False
pure,1,0,0,0.05715621501548831,200,-74.19548137002704,0.46669555399567003,93.339110799134,0.539400509731347,0.48638163546491586,1,0,1,0.005,0.0,0.005,179,-0.4938894808292389,1.7799385786056519,0.43361759185791016,0.22032448649406433,-0.03354199230670929,0.10000000149011612,0.1447736974481618,0.012491389014811607,0.0015082178620574756,0.013999606876869082,-0.8050078153610244,2.3999177941245318,0.013675264666206385,0.5385283670807395,0.5767157673835754,0.24228671193122864,False,False,False,-0.14793796044328567,False
pure,1,0,0,0.05715621501548831,200,-74.19548137002704,0.46669555399567003,93.339110799134,0.539400509731347,0.48638163546491586,1,0,1,0.005,0.0,0.005,180,-0.4972437024116516,1.78993821144104,0.43361759185791016,0.22032448649406433,-0.03348977863788605,0.10000000149011612,0.14073204577706577,0.012095727460440044,0.0014811227603396973,0.013576850220779741,-0.8037546873092665,2.3999203991074034,0.0132765743688656,0.5385836861406097,0.5727139711380005,0.24171863496303558,False,False,False,-0.14389581077538255,False
pure,1,0,0,0.05715621501548831,200,-74.19548137002704,0.46669555399567003,93.339110799134,0.539400509731347,0.48638163546491586,1,0,1,0.005,0.0,0.005,181,-0.5005926489830017,1.7999379634857178,0.43361759185791016,0.22032448649406433,-0.033438876271247864,0.10000000149011612,0.13667611338220412,0.011760773361830313,0.0014575270587990972,0.01321830042062941,-0.8025330305099487,2.399922604400488,0.012936361222147672,0.538637587645702,0.5687001347541809,0.24113482236862183,False,False,False,-0.13983939379475885,False
pure,1,0,0,0.05715621501548831,200,-74.19548137002704,0.46669555399567003,93.339110799134,0.539400509731347,0.48638163546491586,1,0,1,0.005,0.0,0.005,182,-0.5039365887641907,1.809937596321106,0.43361759185791016,0.22032448649406433,-0.03338952362537384,0.10000000149011612,0.13260592496270296,0.011364627364690691,0.0014301695765862297,0.012794796941276922,-0.8013485670089722,2.399925212572866,0.012539327878389791,0.5386898348451953,0.5646743178367615,0.24053511023521423,False,False,False,-0.1357687362121975,False
pure,1,0,0,0.05715621501548831,200,-74.19548137002704,0.46669555399567003,93.339110799134,0.539400509731347,0.48638163546491586,1,0,1,0.005,0.0,0.005,183,-0.5072755217552185,1.8199372291564941,0.43361759185791016,0.22032448649406433,-0.033341363072395325,0.10000000149011612,0.12852180749311534,0.011060103173354383,0.00140856125436788,0.012468664427722263,-0.8001927137374879,2.3999272175195023,0.012230658464403932,0.5387407959221303,0.5606368780136108,0.23991936445236206,False,False,False,-0.13168416142597286,False
pure,1,0,0,0.05715621501548831,200,-74.19548137002704,0.46669555399567003,93.339110799134,0.539400509731347,0.48638163546491586,1,0,1,0.005,0.0,0.005,184,-0.5106096267700195,1.8299369812011719,0.43361759185791016,0.22032448649406433,-0.033294811844825745,0.10000000149011612,0.1244238494052547,0.010648519401861378,0.0013803102000931673,0.012028829601954545,-0.7990754842758179,2.3999299273321264,0.011821618556068211,0.5387900526661139,0.5565879344940186,0.23928740620613098,False,False,False,-0.12758576189121185,False
pure,1,0,0,0.05715621501548831,200,-74.19548137002704,0.46669555399567003,93.339110799134,0.539400509731347,0.48638163546491586,1,0,1,0.005,0.0,0.005,185,-0.5139391422271729,1.8399367332458496,0.43361759185791016,0.22032448649406433,-0.03324921429157257,0.10000000149011612,0.12031221190406398,0.010405044982447846,0.0013626396294929882,0.011767684611940834,-0.7979811429977417,2.3999315303352113,0.011573271499341162,0.5388382746306944,0.552527666091919,0.23863911628723145,False,False,False,-0.12347369255436973,False
pure,1,0,0,0.05715621501548831,200,-74.19548137002704,0.46669555399567003,93.339110799134,0.539400509731347,0.48638163546491586,1,0,1,0.005,0.0,0.005,186,-0.5172640681266785,1.8499363660812378,0.43361759185791016,0.22032448649406433,-0.03320540487766266,0.10000000149011612,0.1161869963053121,0.009947504042168341,0.0013316254097655964,0.011279129451933937,-0.7969297170639038,2.3999345427237015,0.011123275400682314,0.5388846216115306,0.5484561920166016,0.23797433078289032,False,False,False,-0.11934806255432505,False
pure,1,0,0,0.05715621501548831,200,-74.19548137002704,0.46669555399567003,93.339110799134,0.539400509731347,0.48638163546491586,1,0,1,0.005,0.0,0.005,187,-0.5205845832824707,1.8599361181259155,0.43361759185791016,0.22032448649406433,-0.033162668347358704,0.10000000149011612,0.11204866457404128,0.00967286802794091,0.0013116682437198253,0.010984536271660735,-0.7959040403366088,2.399936350890569,0.010846595043492974,0.5389298157575452,0.5443739891052246,0.23729288578033447,False,False,False,-0.11520932692708007,False
pure,1,0,0,0.05715621501548831,200,-74.19548137002704,0.46669555399567003,93.339110799134,0.539400509731347,0.48638163546491586,1,0,1,0.005,0.0,0.005,188,-0.5239008665084839,1.8699358701705933,0.43361759185791016,0.22032448649406433,-0.03312136232852936,0.10000000149011612,0.10789715728516729,0.009306982674842397,0.0012865367936614194,0.010593519468503816,-0.7949126958847046,2.3999387598309045,0.010485848205667826,0.5389735067917355,0.5402809977531433,0.23659461736679077,False,False,False,-0.11105742982382924,False
pure,1,0,0,0.05715621501548831,200,-74.19548137002704,0.46669555399567003,93.339110799134,0.539400509731347,0.48638163546491586,1,0,1,0.005,0.0,0.005,189,-0.5272129774093628,1.879935622215271,0.43361759185791016,0.22032448649406433,-0.03308100998401642,0.10000000149011612,0.10373280173091669,0.009063269232533947,0.001269030288820116,0.010332299521354064,-0.793944239616394,2.399940364407684,0.010241327413058162,0.5390161789892899,0.5361775159835815,0.23587951064109802,False,False,False,-0.10689269384293336,False
pure,1,0,0,0.05715621501548831,200,-74.19548137002704,0.46669555399567003,93.339110799134,0.539400509731347,0.48638163546491586,1,0,1,0.005,0.0,0.005,190,-0.5305210947990417,1.8899353742599487,0.43361759185791016,0.22032448649406433,-0.033042147755622864,0.10000000149011612,0.09955566463841257,0.008681981879107117,0.0012430118156342904,0.009924993694741407,-0.7930115461349488,2.399942874752735,0.009868069223631318,0.5390572959443883,0.5320636034011841,0.23514729738235474,False,False,False,-0.10271519085241614,False
pure,1,0,0,0.05715621501548831,200,-74.19548137002704,0.46669555399567003,93.339110799134,0.539400509731347,0.48638163546491586,1,0,1,0.005,0.0,0.005,191,-0.5338253378868103,1.8999351263046265,0.43361759185791016,0.22032448649406433,-0.03300429880619049,0.10000000149011612,0.09536609636111089,0.00842263063194797,0.0012243866286210294,0.009647017260569,-0.7921031713485719,2.399944582286735,0.009610052490646974,0.539097337829766,0.5279395580291748,0.23439791798591614,False,False,False,-0.09852526651186773,False
pure,1,0,0,0.05715621501548831,200,-74.19548137002704,0.46669555399567003,93.339110799134,0.539400509731347,0.48638163546491586,1,0,1,0.005,0.0,0.005,192,-0.5371257662773132,1.9099348783493042,0.43361759185791016,0.22032448649406433,-0.0329679399728775,0.10000000149011612,0.09116440431069509,0.008041043528588362,0.0011982596620290086,0.00923930319061737,-0.7912305593490601,2.3999470946053054,0.009238079163344364,0.5391358298262799,0.5238056182861328,0.23363128304481506,False,False,False,-0.09432323270331994,False
pure,1,0,0,0.05715621501548831,200,-74.19548137002704,0.46669555399567003,93.339110799134,0.539400509731347,0.48638163546491586,1,0,1,0.005,0.0,0.005,193,-0.5404225587844849,1.919934630393982,0.43361759185791016,0.22032448649406433,-0.032932594418525696,0.10000000149011612,0.08695066854143885,0.007781469252395011,0.0011796023779015912,0.008961071630296602,-0.7903822660446166,2.399948803607698,0.008981320616442197,0.5391732519955151,0.5196617841720581,0.2328471839427948,False,False,False,-0.09010916523421553,False
pure,1,0,0,0.05715621501548831,200,-74.19548137002704,0.46669555399567003,93.339110799134,0.539400509731347,0.48638163546491586,1,0,1,0.005,0.0,0.005,194,-0.54371577501297,1.9299345016479492,0.43361759185791016,0.22032448649406433,-0.03289879858493805,0.10000000149011612,0.08272560949109761,0.007384315540944125,0.0011524315127553117,0.008536747053699436,-0.7895711660385132,2.3999514184147275,0.008596222275722508,0.5392090695883306,0.5155086517333984,0.23204553127288818,False,False,False,-0.08588378901265828,False
pure,1,0,0,0.05715621501548831,200,-74.19548137002704,0.46669555399567003,93.339110799134,0.539400509731347,0.48638163546491586,1,0,1,0.005,0.0,0.005,195,-0.5470056533813477,1.939934253692627,0.43361759185791016,0.22032448649406433,-0.032866016030311584,0.10000000149011612,0.07848903758153075,0.0071244374392458645,0.001133665221592012,0.008258102660837877,-0.788784384727478,2.3999531294174727,0.00834038839831646,0.5392438212066569,0.5113458633422852,0.23122617602348328,False,False,False,-0.08164690999015922,False
pure,1,0,0,0.05715621501548831,200,-74.19548137002704,0.46669555399567003,93.339110799134,0.539400509731347,0.48638163546491586,1,0,1,0.005,0.0,0.005,196,-0.5502922534942627,1.9499340057373047,0.43361759185791016,0.22032448649406433,-0.0328342467546463,0.10000000149011612,0.07424189686146493,0.00686515397691571,0.0011155706747796544,0.007980724651695364,-0.7880219221115112,2.3999548365051813,0.008087211068881384,0.5392775179194439,0.5071741342544556,0.2303890883922577,False,False,False,-0.07739947176841015,False
pure,1,0,0,0.05715621501548831,200,-74.19548137002704,0.46669555399567003,93.339110799134,0.539400509731347,0.48638163546491586,1,0,1,0.005,0.0,0.005,197,-0.5535756945610046,1.959933876991272,0.43361759185791016,0.22032448649406433,-0.032803550362586975,0.10000000149011612,0.06998436444734688,0.006590439853179654,0.0010964545200882391,0.007686894373267893,-0.7872852087020874,2.3999566451863155,0.007819999126879439,0.5393101012491393,0.5029933452606201,0.22953414916992188,False,False,False,-0.07314165235792751,False
pure,1,0,0,0.05715621501548831,200,-74.19548137002704,0.46669555399567003,93.339110799134,0.539400509731347,0.48638163546491586,1,0,1,0.005,0.0,0.005,198,-0.5568560361862183,1.9699336290359497,0.43361759185791016,0.22032448649406433,-0.03277422487735748,0.10000000149011612,0.06571697537825592,0.0062388332946724636,0.001072187558853055,0.007311020853525519,-0.7865813970565795,2.399958960116969,0.007480556347721898,0.5393412702339214,0.49880364537239075,0.2286612093448639,False,False,False,-0.06887398903296478,False
pure,1,0,0,0.05715621501548831,200,-74.19548137002704,0.46669555399567003,93.339110799134,0.539400509731347,0.48638163546491586,1,0,1,0.005,0.0,0.005,199,-0.5601334571838379,1.979933500289917,0.43361759185791016,0.22032448649406433,-0.03274597227573395,0.10000000149011612,0.06144066936516291,0.005963444060053971,0.0010525811967743689,0.00701602525682834,-0.7859033346176149,2.3999607732429378,0.007212844155513615,0.5393713237512361,0.4946054518222809,0.22777017951011658,False,False,False,-0.06459741926931864,False
pure,1,0,0,0.05715621501548831,200,-74.19548137002704,0.46669555399567003,93.339110799134,0.539400509731347,0.48638163546491586,1,0,1,0.005,0.0,0.005,200,-0.5634080767631531,1.9899333715438843,0.43361759185791016,0.22032448649406433,-0.03271855413913727,0.10000000149011612,0.05715621501548831,0.0057497171223546166,0.0010373900489322495,0.006787107171286866,-0.7852452993392944,2.3999621803925724,0.007004635226612616,0.539400509731347,0.4903988242149353,0.22686100006103516,False,False,False,-0.06031270899220054,True
