mode,seed,episode_idx,success,final_distance,length,return,tau_effort,tau_sum_total,energy,target_radius,torque_sat1_count,torque_sat2_count,torque_sat_any_count,torque_sat1_rate,torque_sat2_rate,torque_sat_any_rate,step,theta1,theta2,target_x,target_y,action0,action1,distance,tau1,tau2,tau_sum,omega1,omega2,power,cumulative_energy,tip_x,tip_y,sat1,sat2,sat_any,reward,done
pirl,2,0,0,0.276352938439127,200,-64.97194839769556,0.4038714027633327,80.77428055266654,0.45909105762724933,0.6528121553646095,1,0,1,0.005,0.0,0.005,0,0.0,0.0,0.4487959146499634,-0.47407376766204834,0.0,0.0,0.7270294910743719,0.0,0.0,0.0,0.0,0.0,0.0,0.0,1.0,0.0,False,False,False,0.0,False
pirl,2,0,0,0.276352938439127,200,-64.97194839769556,0.4038714027633327,80.77428055266654,0.45909105762724933,0.6528121553646095,1,0,1,0.005,0.0,0.005,1,0.0,0.0,0.4487959146499634,-0.47407376766204834,-0.10000000149011612,-0.10000000149011612,0.7191820681383003,20.0,3.1105159320256677,23.110515932025667,-1.6857737576570138,-2.400000035762787,41.18071350124259,0.17158630625517746,0.9999152421951294,-0.012023617513477802,True,False,True,-0.7465352249530565,False
pirl,2,0,0,0.276352938439127,200,-64.97194839769556,0.4038714027633327,80.77428055266654,0.45909105762724933,0.6528121553646095,1,0,1,0.005,0.0,0.005,2,-0.00702405720949173,-0.009999999776482582,0.4487959146499634,-0.47407376766204834,-0.10000000149011612,-0.10000000149011612,0.7093846435436152,7.70733011086543,0.5461881733495724,8.253518284215003,-2.400000035762787,-2.399748214650084,19.808306635571267,0.2541209172367244,0.9995849132537842,-0.027018895372748375,False,False,False,-0.7218808027105608,False
pirl,2,0,0,0.276352938439127,200,-64.97194839769556,0.4038714027633327,80.77428055266654,0.45909105762724933,0.6528121553646095,1,0,1,0.005,0.0,0.005,3,-0.017024056985974312,-0.019998950883746147,0.4487959146499634,-0.47407376766204834,-0.10000000149011612,-0.10000000149011612,0.6995799146147192,0.012964453801222048,0.003658842271611695,0.01662329607283374,-2.4000000357627864,-2.39991467952911,0.039895598864300455,0.254287148898659,0.9990047216415405,-0.04200625792145729,False,False,False,-0.7038391787935226,False
pirl,2,0,0,0.276352938439127,200,-64.97194839769556,0.4038714027633327,80.77428055266654,0.45909105762724933,0.6528121553646095,1,0,1,0.005,0.0,0.005,4,-0.027024056762456894,-0.029998594895005226,0.4487959146499634,-0.47407376766204834,-0.10000000149011612,-0.10000000149011612,0.6897708316011139,0.012838578235293366,0.003532966705674115,0.01637154494096748,-2.400000035762787,-2.3999155082770383,0.03929140981102116,0.2544508631062049,0.9981749653816223,-0.05698089301586151,False,False,False,-0.6940298440287853,False
pirl,2,0,0,0.276352938439127,200,-64.97194839769556,0.4038714027633327,80.77428055266654,0.45909105762724933,0.6528121553646095,1,0,1,0.005,0.0,0.005,5,-0.037024058401584625,-0.03999824449419975,0.4487959146499634,-0.47407376766204834,-0.10000000149011612,-0.10000000149011612,0.6799601031599475,0.012837951561884416,0.0035323400322740633,0.016370291594158478,-2.4000000357627864,-2.399915512402972,0.03928840184618006,0.254614564780564,0.9970958232879639,-0.07193826884031296,False,False,False,-0.6842191143342722,False
pirl,2,0,0,0.276352938439127,200,-64.97194839769556,0.4038714027633327,80.77428055266654,0.45909105762724933,0.6528121553646095,1,0,1,0.005,0.0,0.005,6,-0.04702405631542206,-0.04999789223074913,0.4487959146499634,-0.47407376766204834,-0.10000000149011612,-0.10000000149011612,0.6701506187821596,0.012837948441991012,0.0035323369123717585,0.01637028535436277,-2.400000035762787,-2.3999155124235125,0.0392883868710064,0.25477826639252654,0.9957677125930786,-0.08687393367290497,False,False,False,-0.6744096299502446,False
pirl,2,0,0,0.276352938439127,200,-64.97194839769556,0.4038714027633327,80.77428055266654,0.45909105762724933,0.6528121553646095,1,0,1,0.005,0.0,0.005,7,-0.05702405795454979,-0.05999753996729851,0.4487959146499634,-0.47407376766204834,-0.10000000149011612,-0.10000000149011612,0.6603453488339789,0.012837948426449189,0.003532336896838834,0.016370285323288023,-2.4000000357627864,-2.3999155124236147,0.03928838679642867,0.25494196800417834,0.99419105052948,-0.1017833799123764,False,False,False,-0.6646043600020327,False
pirl,2,0,0,0.276352938439127,200,-64.97194839769556,0.4038714027633327,80.77428055266654,0.45909105762724933,0.6528121553646095,1,0,1,0.005,0.0,0.005,8,-0.06702405959367752,-0.06999718397855759,0.4487959146499634,-0.47407376766204834,-0.10000000149011612,-0.10000000149011612,0.6505473141630714,0.012837948426382013,0.0035323368967627635,0.016370285323144777,-2.400000035762787,-2.3999155124236156,0.039288386796084894,0.2551056696158287,0.9923663139343262,-0.11666218936443329,False,False,False,-0.6548063253311251,False
pirl,2,0,0,0.276352938439127,200,-64.97194839769556,0.4038714027633327,80.77428055266654,0.45909105762724933,0.6528121553646095,1,0,1,0.005,0.0,0.005,9,-0.07702405750751495,-0.07999683171510696,0.4487959146499634,-0.47407376766204834,-0.10000000149011612,-0.10000000149011612,0.6407598925680137,0.012837948426371815,0.0035323368967614625,0.016370285323133275,-2.4000000357627864,-2.399915512423616,0.0392883867960573,0.25526937122747895,0.9902942776679993,-0.13150586187839508,False,False,False,-0.6450189037360673,False
pirl,2,0,0,0.276352938439127,200,-64.97194839769556,0.4038714027633327,80.77428055266654,0.45909105762724933,0.6528121553646095,1,0,1,0.005,0.0,0.005,10,-0.08702405542135239,-0.08999648690223694,0.4487959146499634,-0.47407376766204834,-0.10000000149011612,-0.10000000149011612,0.630986334888638,0.01283794842638067,0.0035323368967614182,0.016370285323142088,-2.400000035762787,-2.399915512423615,0.03928838679607844,0.25543307283912925,0.987975537776947,-0.1463099867105484,False,False,False,-0.6352453460566917,False
pirl,2,0,0,0.276352938439127,200,-64.97194839769556,0.4038714027633327,80.77428055266654,0.45909105762724933,0.6528121553646095,1,0,1,0.005,0.0,0.005,11,-0.09702406078577042,-0.09999613463878632,0.4487959146499634,-0.47407376766204834,-0.10000000149011612,-0.10000000149011612,0.6212302037904481,0.01283794842637249,0.003532336896762135,0.016370285323134625,-2.4000000357627864,-2.3999155124236164,0.03928838679606053,0.2555967744507795,0.9854109287261963,-0.1610700935125351,False,False,False,-0.6254892149585017,False
pirl,2,0,0,0.276352938439127,200,-64.97194839769556,0.4038714027633327,80.77428055266654,0.45909105762724933,0.6528121553646095,1,0,1,0.005,0.0,0.005,12,-0.10702405869960785,-0.1099957823753357,0.4487959146499634,-0.47407376766204834,-0.10000000149011612,-0.10000000149011612,0.6114950903711409,0.01283794842638067,0.0035323368967614182,0.016370285323142088,-2.400000035762787,-2.3999155124236156,0.03928838679607845,0.2557604760624298,0.9826012849807739,-0.17578183114528656,False,False,False,-0.6157541015391946,False
pirl,2,0,0,0.276352938439127,200,-64.97194839769556,0.4038714027633327,80.77428055266654,0.45909105762724933,0.6528121553646095,1,0,1,0.005,0.0,0.005,13,-0.11702405661344528,-0.11999543011188507,0.4487959146499634,-0.47407376766204834,-0.10000000149011612,-0.10000000149011612,0.6017848929241955,0.012837948426371818,0.0035323368967614625,0.016370285323133282,-2.4000000357627864,-2.399915512423616,0.0392883867960573,0.25592417767408004,0.9795476198196411,-0.19044074416160583,False,False,False,-0.6060439040922491,False
pirl,2,0,0,0.276352938439127,200,-64.97194839769556,0.4038714027633327,80.77428055266654,0.45909105762724933,0.6528121553646095,1,0,1,0.005,0.0,0.005,14,-0.12702405452728271,-0.12999507784843445,0.4487959146499634,-0.47407376766204834,-0.10000000149011612,-0.10000000149011612,0.5921036221161847,0.01283794842638067,0.0035323368967614182,0.016370285323142088,-2.400000035762787,-2.399915512423615,0.03928838679607844,0.25608787928573035,0.9762510061264038,-0.20504248142242432,False,False,False,-0.5963626332842384,False
pirl,2,0,0,0.276352938439127,200,-64.97194839769556,0.4038714027633327,80.77428055266654,0.45909105762724933,0.6528121553646095,1,0,1,0.005,0.0,0.005,15,-0.13702405989170074,-0.13999472558498383,0.4487959146499634,-0.47407376766204834,-0.10000000149011612,-0.10000000149011612,0.5824552979017333,0.012837948426372491,0.0035323368967621355,0.01637028532313463,-2.4000000357627864,-2.3999155124236164,0.03928838679606053,0.2562515808973806,0.9727123975753784,-0.2195827066898346,False,False,False,-0.5867143090697869,False
pirl,2,0,0,0.276352938439127,200,-64.97194839769556,0.4038714027633327,80.77428055266654,0.45909105762724933,0.6528121553646095,1,0,1,0.005,0.0,0.005,16,-0.14702406525611877,-0.1499943733215332,0.4487959146499634,-0.47407376766204834,-0.10000000149011612,-0.10000000149011612,0.5728443868837487,0.01283794842638067,0.0035323368967614182,0.016370285323142088,-2.400000035762787,-2.3999155124236156,0.03928838679607845,0.2564152825090309,0.96893310546875,-0.23405709862709045,False,False,False,-0.5771033980518024,False
pirl,2,0,0,0.276352938439127,200,-64.97194839769556,0.4038714027633327,80.77428055266654,0.45909105762724933,0.6528121553646095,1,0,1,0.005,0.0,0.005,17,-0.1570240557193756,-0.15999402105808258,0.4487959146499634,-0.47407376766204834,-0.10000000149011612,-0.10000000149011612,0.5632755119683927,0.012837948426371815,0.0035323368967614625,0.016370285323133275,-2.4000000357627864,-2.399915512423616,0.0392883867960573,0.25657898412068114,0.9649144411087036,-0.24846132099628448,False,False,False,-0.5675345231364463,False
pirl,2,0,0,0.276352938439127,200,-64.97194839769556,0.4038714027633327,80.77428055266654,0.45909105762724933,0.6528121553646095,1,0,1,0.005,0.0,0.005,18,-0.16702406108379364,-0.16999366879463196,0.4487959146499634,-0.47407376766204834,-0.10000000149011612,-0.10000000149011612,0.5537534318728542,0.012837948426382011,0.0035323368967627635,0.016370285323144773,-2.400000035762787,-2.399915512423617,0.0392883867960849,0.2567426857323315,0.9606577157974243,-0.26279109716415405,False,False,False,-0.5580124430409079,False
pirl,2,0,0,0.276352938439127,200,-64.97194839769556,0.4038714027633327,80.77428055266654,0.45909105762724933,0.6528121553646095,1,0,1,0.005,0.0,0.005,19,-0.17702406644821167,-0.17999331653118134,0.4487959146499634,-0.47407376766204834,-0.10000000149011612,-0.10000000149011612,0.5442832900262725,0.012837948426370469,0.0035323368967601168,0.016370285323130587,-2.4000000357627864,-2.3999155124236156,0.03928838679605083,0.2569063873439817,0.9561644792556763,-0.2770421802997589,False,False,False,-0.5485423011943261,False
pirl,2,0,0,0.276352938439127,200,-64.97194839769556,0.4038714027633327,80.77428055266654,0.45909105762724933,0.6528121553646095,1,0,1,0.005,0.0,0.005,20,-0.1870240569114685,-0.1899929642677307,0.4487959146499634,-0.47407376766204834,-0.10000000149011612,-0.10000000149011612,0.5348701896561124,0.012837948426391545,0.0035323368967633915,0.01637028532315494,-2.4000000357627878,-2.3999155124236164,0.0392883867961093,0.25707008895563216,0.9514360427856445,-0.2912103533744812,False,False,False,-0.5391292008241662,False
pirl,2,0,0,0.276352938439127,200,-64.97194839769556,0.4038714027633327,80.77428055266654,0.45909105762724933,0.6528121553646095,1,0,1,0.005,0.0,0.005,21,-0.19702406227588654,-0.1999926120042801,0.4487959146499634,-0.47407376766204834,-0.10000000149011612,-0.10000000149011612,0.5255199009956222,0.012837948426370467,0.0035323368967601168,0.016370285323130583,-2.4000000357627873,-2.399915512423615,0.03928838679605084,0.25723379056728235,0.9464741945266724,-0.3052913546562195,False,False,False,-0.5297789121636758,False
pirl,2,0,0,0.276352938439127,200,-64.97194839769556,0.4038714027633327,80.77428055266654,0.45909105762724933,0.6528121553646095,1,0,1,0.005,0.0,0.005,22,-0.20702406764030457,-0.20999225974082947,0.4487959146499634,-0.47407376766204834,-0.10000000149011612,-0.10000000149011612,0.5162382506599758,0.01283794842636296,0.0035323368967615063,0.016370285323124466,-2.400000035762786,-2.3999155124236164,0.03928838679603615,0.2573974921789325,0.9412806034088135,-0.31928110122680664,False,False,False,-0.5204972618280294,False
pirl,2,0,0,0.276352938439127,200,-64.97194839769556,0.4038714027633327,80.77428055266654,0.45909105762724933,0.6528121553646095,1,0,1,0.005,0.0,0.005,23,-0.2170240581035614,-0.21999190747737885,0.4487959146499634,-0.47407376766204834,-0.10000000149011612,-0.10000000149011612,0.5070313957774614,0.012837948426389523,0.003532336896761373,0.016370285323150897,-2.4000000357627873,-2.3999155124236147,0.039288386796099584,0.2575611937905829,0.9358569979667664,-0.3331754207611084,False,False,False,-0.5112904069455151,False
pirl,2,0,0,0.276352938439127,200,-64.97194839769556,0.4038714027633327,80.77428055266654,0.45909105762724933,0.6528121553646095,1,0,1,0.005,0.0,0.005,24,-0.22702406346797943,-0.22999155521392822,0.4487959146499634,-0.47407376766204834,-0.10000000149011612,-0.10000000149011612,0.49790577679403514,0.012837948426382686,0.0035323368967634366,0.016370285323146123,-2.4000000357627878,-2.3999155124236164,0.03928838679608814,0.25772489540223326,0.9302051663398743,-0.34697026014328003,False,False,False,-0.5021647879620889,False
pirl,2,0,0,0.276352938439127,200,-64.97194839769556,0.4038714027633327,80.77428055266654,0.45909105762724933,0.6528121553646095,1,0,1,0.005,0.0,0.005,25,-0.23702405393123627,-0.2399912029504776,0.4487959146499634,-0.47407376766204834,-0.10000000149011612,-0.10000000149011612,0.48886828388327497,0.012837948426370469,0.0035323368967601168,0.016370285323130587,-2.4000000357627873,-2.399915512423615,0.039288386796050845,0.25788859701388345,0.9243270754814148,-0.3606615960597992,False,False,False,-0.4931272950513286,False
pirl,2,0,0,0.276352938439127,200,-64.97194839769556,0.4038714027633327,80.77428055266654,0.45909105762724933,0.6528121553646095,1,0,1,0.005,0.0,0.005,26,-0.2470240592956543,-0.24999085068702698,0.4487959146499634,-0.47407376766204834,-0.10000000149011612,-0.10000000149011612,0.4799261303587901,0.012837948426362959,0.0035323368967615067,0.016370285323124466,-2.400000035762786,-2.3999155124236164,0.03928838679603614,0.2580522986255336,0.9182246923446655,-0.3742453157901764,False,False,False,-0.4841851415268437,False
pirl,2,0,0,0.276352938439127,200,-64.97194839769556,0.4038714027633327,80.77428055266654,0.45909105762724933,0.6528121553646095,1,0,1,0.005,0.0,0.005,27,-0.25702404975891113,-0.25999051332473755,0.4487959146499634,-0.47407376766204834,-0.10000000149011612,-0.10000000149011612,0.4710869939624086,0.012837948426390198,0.003532336896762046,0.016370285323152243,-2.4000000357627873,-2.3999155124236156,0.039288386796102824,0.258216000237184,0.9119001626968384,-0.38771742582321167,False,False,False,-0.4753460051304622,False
pirl,2,0,0,0.276352938439127,200,-64.97194839769556,0.4038714027633327,80.77428055266654,0.45909105762724933,0.6528121553646095,1,0,1,0.005,0.0,0.005,28,-0.26702407002449036,-0.26999014616012573,0.4487959146499634,-0.47407376766204834,-0.10000000149011612,-0.10000000149011612,0.4623588146573662,0.012837948426371816,0.0035323368967614625,0.01637028532313328,-2.400000035762787,-2.399915512423616,0.039288386796057305,0.25837970184883424,0.9053555727005005,-0.40107405185699463,False,False,False,-0.46661782582541983,False
pirl,2,0,0,0.276352938439127,200,-64.97194839769556,0.4038714027633327,80.77428055266654,0.45909105762724933,0.6528121553646095,1,0,1,0.005,0.0,0.005,29,-0.2770240604877472,-0.2799898087978363,0.4487959146499634,-0.47407376766204834,-0.10000000149011612,-0.10000000149011612,0.4537499566705094,0.012837948426371142,0.0035323368967607894,0.01637028532313193,-2.4000000357627864,-2.3999155124236156,0.039288386796054064,0.2585434034604845,0.8985930681228638,-0.41431131958961487,False,False,False,-0.458008967838563,False
pirl,2,0,0,0.276352938439127,200,-64.97194839769556,0.4038714027633327,80.77428055266654,0.45909105762724933,0.6528121553646095,1,0,1,0.005,0.0,0.005,30,-0.28702405095100403,-0.2899894416332245,0.4487959146499634,-0.47407376766204834,-0.10000000149011612,-0.10000000149011612,0.44526940464308973,0.012837948426381343,0.003532336896762091,0.016370285323143434,-2.400000035762787,-2.3999155124236156,0.039288386796081674,0.25870710507213485,0.8916150331497192,-0.4274253249168396,False,False,False,-0.44952841581114333,False
pirl,2,0,0,0.276352938439127,200,-64.97194839769556,0.4038714027633327,80.77428055266654,0.45909105762724933,0.6528121553646095,1,0,1,0.005,0.0,0.005,31,-0.29702407121658325,-0.29998910427093506,0.4487959146499634,-0.47407376766204834,-0.10000000149011612,-0.10000000149011612,0.43692652379792113,0.012837948426371816,0.0035323368967614625,0.01637028532313328,-2.4000000357627864,-2.399915512423616,0.0392883867960573,0.2588708066837851,0.8844238519668579,-0.440412312746048,False,False,False,-0.44118553496597473,False
pirl,2,0,0,0.276352938439127,200,-64.97194839769556,0.4038714027633327,80.77428055266654,0.45909105762724933,0.6528121553646095,1,0,1,0.005,0.0,0.005,32,-0.3070240616798401,-0.30998873710632324,0.4487959146499634,-0.47407376766204834,-0.10000000149011612,-0.10000000149011612,0.42873104668688766,0.01283794842638067,0.0035323368967614182,0.016370285323142088,-2.400000035762787,-2.399915512423615,0.03928838679607844,0.2590345082954354,0.877021849155426,-0.4532683491706848,False,False,False,-0.43299005785494127,False
pirl,2,0,0,0.276352938439127,200,-64.97194839769556,0.4038714027633327,80.77428055266654,0.45909105762724933,0.6528121553646095,1,0,1,0.005,0.0,0.005,33,-0.3170240521430969,-0.3199883997440338,0.4487959146499634,-0.47407376766204834,-0.10000000149011612,-0.10000000149011612,0.4206933398137844,0.012837948426372486,0.0035323368967621355,0.01637028532313462,-2.4000000357627864,-2.3999155124236164,0.03928838679606052,0.25919820990708564,0.8694115877151489,-0.46598997712135315,False,False,False,-0.424952350981838,False
pirl,2,0,0,0.276352938439127,200,-64.97194839769556,0.4038714027633327,80.77428055266654,0.45909105762724933,0.6528121553646095,1,0,1,0.005,0.0,0.005,34,-0.32702407240867615,-0.329988032579422,0.4487959146499634,-0.47407376766204834,-0.10000000149011612,-0.10000000149011612,0.41282417137593275,0.012837948426380674,0.0035323368967614182,0.01637028532314209,-2.400000035762787,-2.3999155124236156,0.039288386796078455,0.25936191151873594,0.8615955710411072,-0.4785733222961426,False,False,False,-0.41708318254398635,False
pirl,2,0,0,0.276352938439127,200,-64.97194839769556,0.4038714027633327,80.77428055266654,0.45909105762724933,0.6528121553646095,1,0,1,0.005,0.0,0.005,35,-0.337024062871933,-0.33998769521713257,0.4487959146499634,-0.47407376766204834,-0.10000000149011612,-0.10000000149011612,0.40513497945845145,0.012837948426371815,0.0035323368967614625,0.016370285323133275,-2.4000000357627864,-2.399915512423616,0.0392883867960573,0.2595256131303862,0.8535765409469604,-0.49101489782333374,False,False,False,-0.40939399062650506,False
pirl,2,0,0,0.276352938439127,200,-64.97194839769556,0.4038714027633327,80.77428055266654,0.45909105762724933,0.6528121553646095,1,0,1,0.005,0.0,0.005,36,-0.3470240533351898,-0.34998732805252075,0.4487959146499634,-0.47407376766204834,-0.10000000149011612,-0.10000000149011612,0.39763752584954815,0.01283794842638067,0.0035323368967614182,0.016370285323142088,-2.400000035762787,-2.399915512423615,0.03928838679607844,0.2596893147420365,0.8453571200370789,-0.503311038017273,False,False,False,-0.40189653701760175,False
pirl,2,0,0,0.276352938439127,200,-64.97194839769556,0.4038714027633327,80.77428055266654,0.45909105762724933,0.6528121553646095,1,0,1,0.005,0.0,0.005,37,-0.35702407360076904,-0.3599869906902313,0.4487959146499634,-0.47407376766204834,-0.10000000149011612,-0.10000000149011612,0.39034425856485716,0.01283794842637249,0.003532336896762135,0.016370285323134625,-2.4000000357627864,-2.3999155124236164,0.03928838679606053,0.25985301635368674,0.8369401693344116,-0.515458345413208,False,False,False,-0.39460326973291077,False
pirl,2,0,0,0.276352938439127,200,-64.97194839769556,0.4038714027633327,80.77428055266654,0.45909105762724933,0.6528121553646095,1,0,1,0.005,0.0,0.005,38,-0.3670240640640259,-0.3699866235256195,0.4487959146499634,-0.47407376766204834,-0.10000000149011612,-0.10000000149011612,0.38326786308295774,0.01283794842638067,0.0035323368967614182,0.016370285323142088,-2.400000035762787,-2.3999155124236156,0.03928838679607845,0.26001671796533704,0.8283283710479736,-0.5274533033370972,False,False,False,-0.38752687425101134,False
pirl,2,0,0,0.276352938439127,200,-64.97194839769556,0.4038714027633327,80.77428055266654,0.45909105762724933,0.6528121553646095,1,0,1,0.005,0.0,0.005,39,-0.3770240545272827,-0.3799862861633301,0.4487959146499634,-0.47407376766204834,-0.10000000149011612,-0.10000000149011612,0.376421774516703,0.012837948426371816,0.0035323368967614625,0.01637028532313328,-2.4000000357627864,-2.399915512423616,0.0392883867960573,0.2601804195769873,0.8195247650146484,-0.5392924547195435,False,False,False,-0.3806807856847566,False
pirl,2,0,0,0.276352938439127,200,-64.97194839769556,0.4038714027633327,80.77428055266654,0.45909105762724933,0.6528121553646095,1,0,1,0.005,0.0,0.005,40,-0.38702407479286194,-0.38998591899871826,0.4487959146499634,-0.47407376766204834,-0.10000000149011612,-0.10000000149011612,0.3698196469859751,0.01283794842638067,0.0035323368967614182,0.016370285323142088,-2.400000035762787,-2.399915512423615,0.03928838679607844,0.2603441211886376,0.8105322122573853,-0.550972580909729,False,False,False,-0.3740786581540287,False
pirl,2,0,0,0.276352938439127,200,-64.97194839769556,0.4038714027633327,80.77428055266654,0.45909105762724933,0.6528121553646095,1,0,1,0.005,0.0,0.005,41,-0.3970240652561188,-0.39998558163642883,0.4487959146499634,-0.47407376766204834,-0.10000000149011612,-0.10000000149011612,0.36347566224748057,0.012837948426372486,0.0035323368967621355,0.01637028532313462,-2.4000000357627864,-2.3999155124236164,0.03928838679606052,0.26050782280028784,0.8013538122177124,-0.5624903440475464,False,False,False,-0.3677346734155342,False
pirl,2,0,0,0.276352938439127,200,-64.97194839769556,0.4038714027633327,80.77428055266654,0.45909105762724933,0.6528121553646095,1,0,1,0.005,0.0,0.005,42,-0.4070240557193756,-0.409985214471817,0.4487959146499634,-0.47407376766204834,-0.10000000149011612,-0.10000000149011612,0.35740428957714887,0.012837948426399725,0.003532336896762675,0.016370285323162398,-2.4000000357627886,-2.3999155124236156,0.039288386796127214,0.26067152441193836,0.791992723941803,-0.5738424062728882,False,False,False,-0.3616633007452025,False
pirl,2,0,0,0.276352938439127,200,-64.97194839769556,0.4038714027633327,80.77428055266654,0.45909105762724933,0.6528121553646095,1,0,1,0.005,0.0,0.005,43,-0.41702407598495483,-0.4199848771095276,0.4487959146499634,-0.47407376766204834,-0.10000000149011612,-0.10000000149011612,0.3516200992373571,0.012837948426354105,0.003532336896761551,0.016370285323115658,-2.4000000357627864,-2.399915512423618,0.03928838679601501,0.26083522602358844,0.7824519872665405,-0.5850256681442261,False,False,False,-0.3558791104054107,False
pirl,2,0,0,0.276352938439127,200,-64.97194839769556,0.4038714027633327,80.77428055266654,0.45909105762724933,0.6528121553646095,1,0,1,0.005,0.0,0.005,44,-0.42702406644821167,-0.42998450994491577,0.4487959146499634,-0.47407376766204834,-0.10000000149011612,-0.10000000149011612,0.346137777318722,0.012837948426379324,0.0035323368967600725,0.016370285323139395,-2.400000035762787,-2.399915512423615,0.03928838679607198,0.26099892763523874,0.7727346420288086,-0.5960371494293213,False,False,False,-0.3503967884867756,False
pirl,2,0,0,0.276352938439127,200,-64.97194839769556,0.4038714027633327,80.77428055266654,0.45909105762724933,0.6528121553646095,1,0,1,0.005,0.0,0.005,45,-0.4370240569114685,-0.43998417258262634,0.4487959146499634,-0.47407376766204834,-0.10000000149011612,-0.10000000149011612,0.34097242845620923,0.012837948426371142,0.0035323368967607894,0.01637028532313193,-2.4000000357627864,-2.3999155124236147,0.03928838679605406,0.261162629246889,0.7628442645072937,-0.6068737506866455,False,False,False,-0.34523143962426284,False
pirl,2,0,0,0.276352938439127,200,-64.97194839769556,0.4038714027633327,80.77428055266654,0.45909105762724933,0.6528121553646095,1,0,1,0.005,0.0,0.005,46,-0.44702407717704773,-0.4499838054180145,0.4487959146499634,-0.47407376766204834,-0.10000000149011612,-0.10000000149011612,0.3361385595959718,0.012837948426382011,0.0035323368967627635,0.016370285323144773,-2.400000035762787,-2.3999155124236156,0.039288386796084894,0.26132633085853935,0.752784013748169,-0.6175323724746704,False,False,False,-0.3403975707640254,False
pirl,2,0,0,0.276352938439127,200,-64.97194839769556,0.4038714027633327,80.77428055266654,0.45909105762724933,0.6528121553646095,1,0,1,0.005,0.0,0.005,47,-0.45702406764030457,-0.4599834680557251,0.4487959146499634,-0.47407376766204834,-0.10000000149011612,-0.10000000149011612,0.33165056759414757,0.01283794842637316,0.0035323368967628077,0.016370285323135968,-2.4000000357627864,-2.399915512423618,0.03928838679606376,0.2614900324701896,0.742557168006897,-0.6280102133750916,False,False,False,-0.3359095787622012,False
pirl,2,0,0,0.276352938439127,200,-64.97194839769556,0.4038714027633327,80.77428055266654,0.45909105762724933,0.6528121553646095,1,0,1,0.005,0.0,0.005,48,-0.4670240581035614,-0.4699831008911133,0.4487959146499634,-0.47407376766204834,-0.10000000149011612,-0.10000000149011612,0.32752260799134425,0.012837948426379324,0.0035323368967600725,0.016370285323139395,-2.400000035762787,-2.399915512423615,0.03928838679607198,0.2616537340818399,0.7321673631668091,-0.6383043527603149,False,False,False,-0.33178161915939786,False
pirl,2,0,0,0.276352938439127,200,-64.97194839769556,0.4038714027633327,80.77428055266654,0.45909105762724933,0.6528121553646095,1,0,1,0.005,0.0,0.005,49,-0.4770240783691406,-0.47998276352882385,0.4487959146499634,-0.47407376766204834,-0.05659050494432449,-0.10000000149011612,0.32447050100739894,11.218124632908701,0.7895313701135187,12.00765600302222,-1.3581721186637878,-2.4000259198152167,17.131039852891703,0.333033066802222,0.7244255542755127,-0.6452736854553223,False,False,False,-0.3399252191600651,False
pirl,2,0,0,0.276352938439127,200,-64.97194839769556,0.4038714027633327,80.77428055266654,0.45909105762724933,0.6528121553646095,1,0,1,0.005,0.0,0.005,50,-0.48268312215805054,-0.48998287320137024,0.4487959146499634,-0.47407376766204834,0.0053264424204826355,-0.10000000149011612,0.3225393283524661,16.013112740036245,1.1290254784700073,17.142138218506254,0.12783461809158325,-2.4000369834936524,4.756733055214633,0.3528527878656163,0.7206246256828308,-0.6476847529411316,False,False,False,-0.34268571925806895,False
pirl,2,0,0,0.276352938439127,200,-64.97194839769556,0.4038714027633327,80.77428055266654,0.45909105762724933,0.6528121553646095,1,0,1,0.005,0.0,0.005,51,-0.48215046525001526,-0.499983012676239,0.4487959146499634,-0.47407376766204834,0.038144297897815704,-0.10000000149011612,0.32112032912288935,8.489844732444865,0.5984983072853496,9.088343039730216,0.9154631495475768,-2.4002774239265796,9.208701973169179,0.3912223794204879,0.7189277410507202,-0.6477028727531433,False,False,False,-0.33341951149376964,False
pirl,2,0,0,0.276352938439127,200,-64.97194839769556,0.4038714027633327,80.77428055266654,0.45909105762724933,0.6528121553646095,1,0,1,0.005,0.0,0.005,52,-0.47833603620529175,-0.5099841952323914,0.4487959146499634,-0.47407376766204834,0.05556084215641022,-0.10000000149011612,0.31995103115070933,4.507995594911862,0.3178537431644325,4.825849338076295,1.3334602117538452,-2.400147325219763,6.774128572043775,0.4194479151373369,0.7183411121368408,-0.6464514136314392,False,False,False,-0.3282088344256009,False
pirl,2,0,0,0.276352938439127,200,-64.97194839769556,0.4038714027633327,80.77428055266654,0.45909105762724933,0.6528121553646095,1,0,1,0.005,0.0,0.005,53,-0.4727799594402313,-0.519984781742096,0.4487959146499634,-0.47407376766204834,0.06480240076780319,-0.10000000149011612,0.3189069305733129,2.3946411987848064,0.16862810369548675,2.5632693024802933,1.5552576184272766,-2.400078275724295,4.129004616166019,0.43665210103802865,0.7183313965797424,-0.6445209980010986,False,False,False,-0.3250450308400008,False
pirl,2,0,0,0.276352938439127,200,-64.97194839769556,0.4038714027633327,80.77428055266654,0.45909105762724933,0.6528121553646095,1,0,1,0.005,0.0,0.005,54,-0.46629971265792847,-0.5299851298332214,0.4487959146499634,-0.47407376766204834,0.0697033479809761,-0.10000000149011612,0.31792528690733196,1.2726410408954794,0.08937681177170216,1.3620178526671816,1.6728803515434263,-2.400041616683596,2.3434842597004026,0.44641661878678035,0.7186144590377808,-0.6422238349914551,False,False,False,-0.3229441751102408,False
pirl,2,0,0,0.276352938439127,200,-64.97194839769556,0.4038714027633327,80.77428055266654,0.45909105762724933,0.6528121553646095,1,0,1,0.005,0.0,0.005,55,-0.45932939648628235,-0.5399852991104126,0.4487959146499634,-0.47407376766204834,0.07229743152856827,-0.10000000149011612,0.31697282179479686,0.6761513163720189,0.04703133618730973,0.7231826525593286,1.7351383566856386,-2.400312960856802,1.286106009777389,0.45177539382751947,0.719038724899292,-0.6397258043289185,False,False,False,-0.3213979265213165,False
pirl,2,0,0,0.276352938439127,200,-64.97194839769556,0.4038714027633327,80.77428055266654,0.45909105762724933,0.6528121553646095,1,0,1,0.005,0.0,0.005,56,-0.45209965109825134,-0.5499866008758545,0.4487959146499634,-0.47407376766204834,0.07366915792226791,-0.10000000149011612,0.31603243174975826,0.36053479735795524,0.025033880656363805,0.38556867801431904,1.76805979013443,-2.400166892474631,0.6975325696944311,0.4546817795345796,0.7195250988006592,-0.6371142864227295,False,False,False,-0.3201441824117203,False
pirl,2,0,0,0.276352938439127,200,-64.97194839769556,0.4038714027633327,80.77428055266654,0.45909105762724933,0.6528121553646095,1,0,1,0.005,0.0,0.005,57,-0.4447327256202698,-0.5599873065948486,0.4487959146499634,-0.47407376766204834,0.07438457757234573,-0.10000000149011612,0.31509441147147027,0.19085224955735958,0.013000527160439541,0.2038527767177991,1.7852298617362976,-2.4000883628231504,0.37191754903768365,0.4562314359889033,0.720030665397644,-0.6344364881515503,False,False,False,-0.3190372157822209,False
pirl,2,0,0,0.276352938439127,200,-64.97194839769556,0.4038714027633327,80.77428055266654,0.45909105762724933,0.6528121553646095,1,0,1,0.005,0.0,0.005,58,-0.43729427456855774,-0.5699876546859741,0.4487959146499634,-0.47407376766204834,0.07475169748067856,-0.10000000149011612,0.31415361484814064,0.10080065269011446,0.006613500432365026,0.10741415312247948,1.7940407395362856,-2.4000466866424874,0.19671318729771956,0.45705107426931046,0.7205326557159424,-0.6317178010940552,False,False,False,-0.3180065644643578,False
pirl,2,0,0,0.276352938439127,200,-64.97194839769556,0.4038714027633327,80.77428055266654,0.45909105762724933,0.6528121553646095,1,0,1,0.005,0.0,0.005,59,-0.42981910705566406,-0.5799878239631653,0.4487959146499634,-0.47407376766204834,0.0749342069029808,-0.10000000149011612,0.31320727641358165,0.05306892892929422,0.0032280114457726374,0.056296940375066856,1.798420965671539,-2.400024596240852,0.10318758127897691,0.4574810225246395,0.7210191488265991,-0.628971517086029,False,False,False,-0.31701238938219406,False
pirl,2,0,0,0.276352938439127,200,-64.97194839769556,0.4038714027633327,80.77428055266654,0.45909105762724933,0.6528121553646095,1,0,1,0.005,0.0,0.005,60,-0.42232567071914673,-0.5899879336357117,0.4487959146499634,-0.47407376766204834,0.0750185176730156,-0.10000000149011612,0.31225365133675487,0.02754946784284539,0.00129882155965524,0.02884828940250063,1.8004444241523743,-2.4001814177824934,0.052718693138515904,0.45770068374605,0.7214832305908203,-0.6262052059173584,False,False,False,-0.31603283311414493,False
pirl,2,0,0,0.276352938439127,200,-64.97194839769556,0.4038714027633327,80.77428055266654,0.45909105762724933,0.6528121553646095,1,0,1,0.005,0.0,0.005,61,-0.41482383012771606,-0.5999886989593506,0.4487959146499634,-0.47407376766204834,0.07505355030298233,-0.10000000149011612,0.31129251124032314,0.014992990923125003,0.000581293452418673,0.015574284375543677,1.8012852072715757,-2.4000987476141593,0.02840181444972844,0.4578190246395905,0.7219223976135254,-0.6234222054481506,False,False,False,-0.31505904977883953,False
pirl,2,0,0,0.276352938439127,200,-64.97194839769556,0.4038714027633327,80.77428055266654,0.45909105762724933,0.6528121553646095,1,0,1,0.005,0.0,0.005,62,-0.40731847286224365,-0.6099891066551208,0.4487959146499634,-0.47407376766204834,0.07505863159894943,-0.10000000149011612,0.31032323832857694,0.007224332903783512,1.0303271376531706e-05,0.0072346361751600445,1.8014071583747864,-2.400047599806514,0.013038693349095527,0.45787335252854505,0.7223342657089233,-0.6206250786781311,False,False,False,-0.3140815288610343,False
pirl,2,0,0,0.276352938439127,200,-64.97194839769556,0.4038714027633327,80.77428055266654,0.45909105762724933,0.6528121553646095,1,0,1,0.005,0.0,0.005,63,-0.39981260895729065,-0.6199893355369568,0.4487959146499634,-0.47407376766204834,0.07504839450120926,-0.10000000149011612,0.309345950874529,0.0030288793980678195,0.0002885175776720543,0.0033173969757398737,1.8011401179857898,-2.4000000357627864,0.006147878393131724,0.45789896868851643,0.7227181196212769,-0.6178150177001953,False,False,False,-0.31310013954239974,False
pirl,2,0,0,0.276352938439127,200,-64.97194839769556,0.4038714027633327,80.77428055266654,0.45909105762724933,0.6528121553646095,1,0,1,0.005,0.0,0.005,64,-0.392307847738266,-0.6299893260002136,0.4487959146499634,-0.47407376766204834,0.07503024488687515,-0.10000000149011612,0.3083605668092056,0.0013052545715464736,0.00044385804331290577,0.0017491126148593793,1.8007166767729104,-2.400000035762787,0.0034156529942423897,0.45791320057599244,0.7230732440948486,-0.6149928569793701,False,False,False,-0.3121128604102505,False
pirl,2,0,0,0.276352938439127,200,-64.97194839769556,0.4038714027633327,80.77428055266654,0.45909105762724933,0.6528121553646095,1,0,1,0.005,0.0,0.005,65,-0.3848048746585846,-0.6399893164634705,0.4487959146499634,-0.47407376766204834,0.07500814646482468,-0.10000000149011612,0.30736705665617853,0.00023196118947722328,0.0005196158527557098,0.0007515770422329331,1.8001938801017763,-2.400000035762787,0.0016646531789146404,0.4579201366309046,0.7233992218971252,-0.612159013748169,False,False,False,-0.31111795486064686,False
pirl,2,0,0,0.276352938439127,200,-64.97194839769556,0.4038714027633327,80.77428055266654,0.45909105762724933,0.6528121553646095,1,0,1,0.005,0.0,0.005,66,-0.3773040473461151,-0.6499893069267273,0.4487959146499634,-0.47407376766204834,0.07498402148485184,-0.10000000149011612,0.306365783858784,0.0003336818856556873,0.0005595137714621069,0.0008931956571177942,1.799618867701927,-2.400000035762787,0.0019433332887551602,0.45792823385294107,0.7236961126327515,-0.6093138456344604,False,False,False,-0.31011638961104165,False
pirl,2,0,0,0.276352938439127,200,-64.97194839769556,0.4038714027633327,80.77428055266654,0.45909105762724933,0.6528121553646095,1,0,1,0.005,0.0,0.005,67,-0.36980563402175903,-0.6599892973899841,0.4487959146499634,-0.47407376766204834,0.07495898753404617,-0.10000000149011612,0.30535671070609804,0.0005950030129210479,0.0005779154546362548,0.0011729184675573026,1.799019894889694,-2.400000035762787,0.002457419369559154,0.4579384731003142,0.7239635586738586,-0.6064576506614685,False,False,False,-0.3091071455700517,False
pirl,2,0,0,0.276352938439127,200,-64.97194839769556,0.4038714027633327,80.77428055266654,0.45909105762724933,0.6528121553646095,1,0,1,0.005,0.0,0.005,68,-0.3623097240924835,-0.669989287853241,0.4487959146499634,-0.47407376766204834,0.07493365556001663,-0.10000000149011612,0.3043401192695382,0.0006880456798891219,0.0005844310613559453,0.0012724767412450673,1.7984125833545361,-2.4000000357627873,0.0026400245767904764,0.4579494732027175,0.7242015600204468,-0.603590726852417,False,False,False,-0.3080901979397504,False
pirl,2,0,0,0.276352938439127,200,-64.97194839769556,0.4038714027633327,80.77428055266654,0.45909105762724933,0.6528121553646095,1,0,1,0.005,0.0,0.005,69,-0.35481634736061096,-0.6799893379211426,0.4487959146499634,-0.47407376766204834,0.07490827888250351,-0.10000000149011612,0.30331630646356106,0.0007083333412067156,0.000585808002776802,0.0012941413439835174,1.7978036860984115,-2.4000000357627864,0.002679383519422288,0.4579606373007151,0.7244102954864502,-0.6007130146026611,False,False,False,-0.30706595037580864,False
pirl,2,0,0,0.276352938439127,200,-64.97194839769556,0.4038714027633327,80.77428055266654,0.45909105762724933,0.6528121553646095,1,0,1,0.005,0.0,0.005,70,-0.34732550382614136,-0.6899893283843994,0.4487959146499634,-0.47407376766204834,0.0748826339840889,-0.10000000149011612,0.30228528534456306,0.0007772353776753642,0.0005906181298095112,0.0013678535074848753,1.797188694214913,-2.4000000357627873,0.0028143221661669996,0.45797236364307414,0.7245893478393555,-0.5978250503540039,False,False,False,-0.30603454162902355,False
pirl,2,0,0,0.276352938439127,200,-64.97194839769556,0.4038714027633327,80.77428055266654,0.45909105762724933,0.6528121553646095,1,0,1,0.005,0.0,0.005,71,-0.3398372232913971,-0.6999893188476562,0.4487959146499634,-0.47407376766204834,0.07485701888799667,-0.10000000149011612,0.3012474422127488,0.0007779395628506014,0.0005906116353808841,0.0013685511982314854,1.7965739368723779,-2.4000000357627873,0.0028150938891153216,0.45798409320094546,0.7247389554977417,-0.5949268341064453,False,False,False,-0.3049962387490192,False
pirl,2,0,0,0.276352938439127,200,-64.97194839769556,0.4038714027633327,80.77428055266654,0.45909105762724933,0.6528121553646095,1,0,1,0.005,0.0,0.005,72,-0.3323514759540558,-0.7099893093109131,0.4487959146499634,-0.47407376766204834,0.07483140379190445,-0.10000000149011612,0.30020277882875757,0.0007809918716673892,0.0005907711274955144,0.0013717629991629036,1.7959591960813581,-2.400000035762787,0.002820480261102696,0.4579958452020334,0.724858820438385,-0.5920186042785645,False,False,False,-0.30395111813094794,False
pirl,2,0,0,0.276352938439127,200,-64.97194839769556,0.4038714027633327,80.77428055266654,0.45909105762724933,0.6528121553646095,1,0,1,0.005,0.0,0.005,73,-0.3248683214187622,-0.7199892997741699,0.4487959146499634,-0.47407376766204834,0.07480622082948685,-0.10000000149011612,0.2991518009822234,0.0006803019770171919,0.000583604381045368,0.00126390635806256,1.7953540952378086,-2.400000035762787,0.0026220334758163956,0.458006770341516,0.7249492406845093,-0.5891004800796509,False,False,False,-0.30289957980500143,False
pirl,2,0,0,0.276352938439127,200,-64.97194839769556,0.4038714027633327,80.77428055266654,0.45909105762724933,0.6528121553646095,1,0,1,0.005,0.0,0.005,74,-0.3173876702785492,-0.7299892902374268,0.4487959146499634,-0.47407376766204834,0.07478099316358566,-0.10000000149011612,0.29809451917635793,0.0006868945188224052,0.0005840150396655684,0.0012709095584879735,1.794748677725859,-2.400000035762787,0.0026344391454770216,0.4580177471712888,0.7250099182128906,-0.5861726999282837,False,False,False,-0.3018418517090129,False
pirl,2,0,0,0.276352938439127,200,-64.97194839769556,0.4038714027633327,80.77428055266654,0.45909105762724933,0.6528121553646095,1,0,1,0.005,0.0,0.005,75,-0.30990955233573914,-0.7399893403053284,0.4487959146499634,-0.47407376766204834,0.07475604861974716,-0.10000000149011612,0.29703133188560615,0.0006222381619914824,0.0005793941350019959,0.0012016322969934782,1.7941495529223388,-2.4000000357627864,0.0025069342648737745,0.45802819273072576,0.7250409722328186,-0.583235502243042,False,False,False,-0.3007781472120941,False
pirl,2,0,0,0.276352938439127,200,-64.97194839769556,0.4038714027633327,80.77428055266654,0.45909105762724933,0.6528121553646095,1,0,1,0.005,0.0,0.005,76,-0.30243393778800964,-0.7499893307685852,0.4487959146499634,-0.47407376766204834,0.07473110407590866,-0.10000000149011612,0.295962433675414,0.0006205961442441017,0.0005792240677251703,0.001199820211969272,1.793550872295918,-2.4000000357627873,0.002503208539107568,0.45803862276630536,0.7250423431396484,-0.5802890062332153,False,False,False,-0.29970879903739406,False
pirl,2,0,0,0.276352938439127,200,-64.97194839769556,0.4038714027633327,80.77428055266654,0.45909105762724933,0.6528121553646095,1,0,1,0.005,0.0,0.005,77,-0.29496079683303833,-0.759989321231842,0.4487959146499634,-0.47407376766204834,0.07470621913671494,-0.10000000149011612,0.2948880475374018,0.0006090695117988657,0.0005783561103151147,0.0011874256221139803,1.7929535525060447,-2.400000035762787,0.0024800880303428004,0.4580489564664318,0.7250139713287354,-0.577333390712738,False,False,False,-0.29863395346995614,False
pirl,2,0,0,0.276352938439127,200,-64.97194839769556,0.4038714027633327,80.77428055266654,0.45909105762724933,0.6528121553646095,1,0,1,0.005,0.0,0.005,78,-0.2874901592731476,-0.7699893116950989,0.4487959146499634,-0.47407376766204834,0.07468163222074509,-0.10000000149011612,0.293808442811272,0.0005395094344890225,0.0005733900261592634,0.0011128994606482859,1.7923629762059006,-2.4000000357627864,0.002343132818980164,0.4580587195198442,0.7249557971954346,-0.574368953704834,False,False,False,-0.29755383299428195,False
pirl,2,0,0,0.276352938439127,200,-64.97194839769556,0.4038714027633327,80.77428055266654,0.45909105762724933,0.6528121553646095,1,0,1,0.005,0.0,0.005,79,-0.280021995306015,-0.7799893021583557,0.4487959146499634,-0.47407376766204834,0.07465716451406479,-0.10000000149011612,0.29272394014358094,0.0005088137223288561,0.000571169316736022,0.0010799830390648781,1.791775534876846,-2.4000000357627873,0.002282486360071525,0.4580682298796779,0.7248679399490356,-0.5713956356048584,False,False,False,-0.2964688581984431,False
pirl,2,0,0,0.276352938439127,200,-64.97194839769556,0.4038714027633327,80.77428055266654,0.45909105762724933,0.6528121553646095,1,0,1,0.005,0.0,0.005,80,-0.27255624532699585,-0.7899892926216125,0.4487959146499634,-0.47407376766204834,0.0746326670050621,-0.10000000149011612,0.29163469272633136,0.0005166769837351955,0.0005716720882575664,0.0010883490719927618,1.7911876500875412,-2.400000035762787,0.00229747846461371,0.45807780270661375,0.7247501611709595,-0.5684138536453247,False,False,False,-0.2953791794884654,False
pirl,2,0,0,0.276352938439127,200,-64.97194839769556,0.4038714027633327,80.77428055266654,0.45909105762724933,0.6528121553646095,1,0,1,0.005,0.0,0.005,81,-0.26509296894073486,-0.7999893426895142,0.4487959146499634,-0.47407376766204834,0.07460879534482956,-0.10000000149011612,0.2905412079822565,0.0003696123765449191,0.0005612337852496439,0.000930846161794563,1.7906136936091637,-2.4000000357627873,0.0020087940874391886,0.4580861726819781,0.7246026992797852,-0.5654237270355225,False,False,False,-0.29428510898210775,False
pirl,2,0,0,0.276352938439127,200,-64.97194839769556,0.4038714027633327,80.77428055266654,0.45909105762724933,0.6528121553646095,1,0,1,0.005,0.0,0.005,82,-0.2576320767402649,-0.809989333152771,0.4487959146499634,-0.47407376766204834,0.07458462566137314,-0.10000000149011612,0.28944362617289937,0.0004336850384863747,0.0005657075723151359,0.0009993926108015105,1.7900340728432418,-2.400000035762787,0.0021340091895605488,0.4580950643869346,0.7244253754615784,-0.562425434589386,False,False,False,-0.2931871623189262,False
pirl,2,0,0,0.276352938439127,200,-64.97194839769556,0.4038714027633327,80.77428055266654,0.45909105762724933,0.6528121553646095,1,0,1,0.005,0.0,0.005,83,-0.2501735985279083,-0.8199893236160278,0.4487959146499634,-0.47407376766204834,0.07456078380346298,-0.10000000149011612,0.28834232019961575,0.0003622089800336303,0.0005606083910996611,0.0009228173711332915,1.7894613644311135,-2.400000035762787,0.001993619134308287,0.45810337113332755,0.7242182493209839,-0.5594191551208496,False,False,False,-0.29208535195806506,False
pirl,2,0,0,0.276352938439127,200,-64.97194839769556,0.4038714027633327,80.77428055266654,0.45909105762724933,0.6528121553646095,1,0,1,0.005,0.0,0.005,84,-0.24271751940250397,-0.8299893140792847,0.4487959146499634,-0.47407376766204834,0.07453704625368118,-0.10000000149011612,0.28723749952389055,0.0003348713575900487,0.0005586270449465869,0.0008934984025366357,1.788891470538212,-2.4000000357627864,0.001939753443170258,0.4581114534393408,0.7239812016487122,-0.5564050674438477,False,False,False,-0.2909800763862076,False
pirl,2,0,0,0.276352938439127,200,-64.97194839769556,0.4038714027633327,80.77428055266654,0.45909105762724933,0.6528121553646095,1,0,1,0.005,0.0,0.005,85,-0.23526380956172943,-0.8399893045425415,0.4487959146499634,-0.47407376766204834,0.07451354712247849,-0.10000000149011612,0.286129649404063,0.0002783895170391276,0.0005545878733468157,0.0008329773903859433,1.7883270932586925,-2.400000035762787,0.00182886243166624,0.45811907369947275,0.7237144112586975,-0.5533832907676697,False,False,False,-0.2898717444150351,False
pirl,2,0,0,0.276352938439127,200,-64.97194839769556,0.4038714027633327,80.77428055266654,0.45909105762724933,0.6528121553646095,1,0,1,0.005,0.0,0.005,86,-0.22781243920326233,-0.8499892950057983,0.4487959146499634,-0.47407376766204834,0.07449007779359818,-0.10000000149011612,0.2850188711537256,0.0002699843189285069,0.0005539445270143247,0.0008239288459428315,1.7877637701187878,-2.4000000357627864,0.0018121350685255597,0.45812662426225825,0.7234175801277161,-0.5503541827201843,False,False,False,-0.28876053645637273,False
pirl,2,0,0,0.276352938439127,200,-64.97194839769556,0.4038714027633327,80.77428055266654,0.45909105762724933,0.6528121553646095,1,0,1,0.005,0.0,0.005,87,-0.22036342322826385,-0.8599893450737,0.4487959146499634,-0.47407376766204834,0.07446704059839249,-0.10000000149011612,0.2839057894383976,0.00016822737213937006,0.0005467087958280956,0.0007149361679674657,1.78721016016686,-2.400000035762787,0.0016127587982449133,0.45813334409058426,0.7230910658836365,-0.5473176836967468,False,False,False,-0.28764693291169596,False
pirl,2,0,0,0.276352938439127,200,-64.97194839769556,0.4038714027633327,80.77428055266654,0.45909105762724933,0.6528121553646095,1,0,1,0.005,0.0,0.005,88,-0.21291671693325043,-0.8699893355369568,0.4487959146499634,-0.47407376766204834,0.07444394379854202,-0.10000000149011612,0.2827904898977251,0.00017806950798034235,0.0005473552711377881,0.0007254247791181305,1.78665590634595,-2.4000000357627873,0.0016318016084788376,0.4581401432639529,0.7227345108985901,-0.5442742705345154,False,False,False,-0.28653123035241146,False
pirl,2,0,0,0.276352938439127,200,-64.97194839769556,0.4038714027633327,80.77428055266654,0.45909105762724933,0.6528121553646095,1,0,1,0.005,0.0,0.005,89,-0.20547232031822205,-0.8799893260002136,0.4487959146499634,-0.47407376766204834,0.07442092150449753,-0.10000000149011612,0.28167344383359944,0.0001635484443396051,0.0005462812486892625,0.0007098296930288675,1.7861032689324339,-2.4000000357627864,0.0016031894274545523,0.45814682321990063,0.7223480939865112,-0.5412238836288452,False,False,False,-0.28541375630356364,False
pirl,2,0,0,0.276352938439127,200,-64.97194839769556,0.4038714027633327,80.77428055266654,0.45909105762724933,0.6528121553646095,1,0,1,0.005,0.0,0.005,90,-0.19803021848201752,-0.8899893164634705,0.4487959146499634,-0.47407376766204834,0.07439819723367691,-0.10000000149011612,0.28055515176745344,9.355330224347034e-05,0.0005412898446702928,0.0006348431469137632,1.785557393049176,-2.400000035762787,0.0014661404370317288,0.45815293213838826,0.7219319343566895,-0.5381667613983154,False,False,False,-0.28429498200213615,False
pirl,2,0,0,0.276352938439127,200,-64.97194839769556,0.4038714027633327,80.77428055266654,0.45909105762724933,0.6528121553646095,1,0,1,0.005,0.0,0.005,91,-0.19059039652347565,-0.8999893069267273,0.4487959146499634,-0.47407376766204834,0.07437560707330704,-0.10000000149011612,0.27943571392870403,5.9020312352753445e-05,0.0005388035136866228,0.0005978238260393763,1.7850149857832693,-2.400000035762787,0.001398480594132284,0.4581587591408638,0.7214857339859009,-0.5351031422615051,False,False,False,-0.28317510280105684,False
pirl,2,0,0,0.276352938439127,200,-64.97194839769556,0.4038714027633327,80.77428055266654,0.45909105762724933,0.6528121553646095,1,0,1,0.005,0.0,0.005,92,-0.18315283954143524,-0.9099892973899841,0.4487959146499634,-0.47407376766204834,0.07435327023267746,-0.10000000149011612,0.27831574595544245,1.6897329267768701e-06,0.0005344689431035955,0.0005361586760303724,1.784478473673626,-2.4000000357627873,0.0012857407745968193,0.45816411639409127,0.7210097312927246,-0.5320332050323486,False,False,False,-0.28205467328998457,False
pirl,2,0,0,0.276352938439127,200,-64.97194839769556,0.4038714027633327,80.77428055266654,0.45909105762724933,0.6528121553646095,1,0,1,0.005,0.0,0.005,93,-0.1757175177335739,-0.9199893474578857,0.4487959146499634,-0.47407376766204834,0.07433115690946579,-0.10000000149011612,0.2771954650011231,5.7111519769912334e-05,0.0005305084531142251,0.0005876199728841375,1.7839473632580252,-2.400000035762785,0.0013751042515517938,0.4581698459951394,0.7205037474632263,-0.5289571285247803,False,False,False,-0.280934047947615,False
pirl,2,0,0,0.276352938439127,200,-64.97194839769556,0.4038714027633327,80.77428055266654,0.45909105762724933,0.6528121553646095,1,0,1,0.005,0.0,0.005,94,-0.16828440129756927,-0.9299893379211426,0.4487959146499634,-0.47407376766204834,0.07430892437696457,-0.10000000149011612,0.27607532941417057,2.9777237242283046e-05,0.0005323928519743999,0.0005621700892166829,1.7834139751525917,-2.4000000357627873,0.001330848004817734,0.45817539119515943,0.7199678421020508,-0.5258750915527344,False,False,False,-0.27981348904977493,False
pirl,2,0,0,0.276352938439127,200,-64.97194839769556,0.4038714027633327,80.77428055266654,0.45909105762724933,0.6528121553646095,1,0,1,0.005,0.0,0.005,95,-0.16085350513458252,-0.9399893283843994,0.4487959146499634,-0.47407376766204834,0.07428682595491409,-0.10000000149011612,0.27495579614625854,5.749920463234728e-05,0.000530389029996558,0.0005878882346289052,1.7828834176160615,-2.4000000357627895,0.0013754480694250551,0.45818112222878205,0.7194020748138428,-0.5227872133255005,False,False,False,-0.27869358609769607,False
pirl,2,0,0,0.276352938439127,200,-64.97194839769556,0.4038714027633327,80.77428055266654,0.45909105762724933,0.6528121553646095,1,0,1,0.005,0.0,0.005,96,-0.15342482924461365,-0.9499893188476562,0.4487959146499634,-0.47407376766204834,0.07426510006189346,-0.10000000149011612,0.27383735377035356,0.00014645170197166027,0.0005240613943818724,0.0006705130963535327,1.7823613691729083,-2.400000035762787,0.0015187772213023007,0.45818745046720416,0.7188065052032471,-0.5196937322616577,False,False,False,-0.27757483764986307,False
pirl,2,0,0,0.276352938439127,200,-64.97194839769556,0.4038714027633327,80.77428055266654,0.45909105762724933,0.6528121553646095,1,0,1,0.005,0.0,0.005,97,-0.14599831402301788,-0.9599893093109131,0.4487959146499634,-0.47407376766204834,0.07424335926771164,-0.10000000149011612,0.2727202621615193,0.0001466118013310356,0.0005240052006090633,0.000670617001940099,1.7818395889840322,-2.4000000357627846,0.0015188512120255383,0.45819377901392094,0.7181809544563293,-0.5165948867797852,False,False,False,-0.2764573574481446,False
pirl,2,0,0,0.276352938439127,200,-64.97194839769556,0.4038714027633327,80.77428055266654,0.45909105762724933,0.6528121553646095,1,0,1,0.005,0.0,0.005,98,-0.13857398927211761,-0.9699892997741699,0.4487959146499634,-0.47407376766204834,0.07422199100255966,-0.10000000149011612,0.27160501367968015,0.00023366135044011218,0.0005178129095543966,0.0007514742599945088,1.7813261370232774,-2.400000035762787,0.001658978072200112,0.4582006914225551,0.7175254821777344,-0.5134908556938171,False,False,False,-0.2753418078322963,False
pirl,2,0,0,0.276352938439127,200,-64.97194839769556,0.4038714027633327,80.77428055266654,0.45909105762724933,0.6528121553646095,1,0,1,0.005,0.0,0.005,99,-0.13115179538726807,-0.9799893498420715,0.4487959146499634,-0.47407376766204834,0.0742008164525032,-0.10000000149011612,0.2704921022346727,0.0002838918438483362,0.0005142216287895183,0.0007981134726378545,1.780817593755925,-2.40000003576279,0.0017396915177337708,0.45820794013721233,0.7168401479721069,-0.5103817582130432,False,False,False,-0.2742285643879956,False
pirl,2,0,0,0.276352938439127,200,-64.97194839769556,0.4038714027633327,80.77428055266654,0.45909105762724933,0.6528121553646095,1,0,1,0.005,0.0,0.005,100,-0.12373172491788864,-0.9899893403053284,0.4487959146499634,-0.47407376766204834,0.07417949289083481,-0.10000000149011612,0.2693821449259015,0.0002491370745803154,0.0005166326076249751,0.0007657696822052905,1.7803060732561973,-2.400000035762787,0.0016834585237247798,0.45821495454772787,0.7161251306533813,-0.5072676539421082,False,False,False,-0.2731181936382364,False
pirl,2,0,0,0.276352938439127,200,-64.97194839769556,0.4038714027633327,80.77428055266654,0.45909105762724933,0.6528121553646095,1,0,1,0.005,0.0,0.005,101,-0.11631377786397934,-0.9999893307685852,0.4487959146499634,-0.47407376766204834,0.07415824383497238,-0.10000000149011612,0.2682752815127951,0.0002621116765599144,0.0005156727315902968,0.0007777844081502112,1.7797960044597898,-2.4000000357627846,0.0017041198889221976,0.45822205504726504,0.715380072593689,-0.5041489601135254,False,False,False,-0.27201096248376294,False
pirl,2,0,0,0.276352938439127,200,-64.97194839769556,0.4038714027633327,80.77428055266654,0.45909105762724933,0.6528121553646095,1,0,1,0.005,0.0,0.005,102,-0.10889796167612076,-1.0099893808364868,0.4487959146499634,-0.47407376766204834,0.07413751631975174,-0.10000000149011612,0.2671722117205873,0.0003859548200105084,0.0005068834271548662,0.0008928382471653746,1.7792976711457507,-2.400000035762787,0.0019032487557114179,0.45822998525041386,0.7146052122116089,-0.5010257959365845,False,False,False,-0.27090763737703266,False
pirl,2,0,0,0.276352938439127,200,-64.97194839769556,0.4038714027633327,80.77428055266654,0.45909105762724933,0.6528121553646095,1,0,1,0.005,0.0,0.005,103,-0.10148422420024872,-1.0199893712997437,0.4487959146499634,-0.47407376766204834,0.07411675900220871,-0.10000000149011612,0.26607341386439054,0.0003851135074055783,0.0005069005537841995,0.0008920140611897779,1.778799501454984,-2.4000000357627873,0.0019016010621868784,0.458237908588173,0.7138005495071411,-0.49789831042289734,False,False,False,-0.2698084676577362,False
pirl,2,0,0,0.276352938439127,200,-64.97194839769556,0.4038714027633327,80.77428055266654,0.45909105762724933,0.6528121553646095,1,0,1,0.005,0.0,0.005,104,-0.09407255798578262,-1.0299893617630005,0.4487959146499634,-0.47407376766204834,0.0740959569811821,-0.10000000149011612,0.2649793818927243,0.0003718850009227955,0.0005077925811233045,0.0008796775820461,1.778300346195783,-2.4000000357627873,0.0018800254387420353,0.45824574202750107,0.7129660844802856,-0.4947667121887207,False,False,False,-0.2687140518636423,False
pirl,2,0,0,0.276352938439127,200,-64.97194839769556,0.4038714027633327,80.77428055266654,0.45909105762724933,0.6528121553646095,1,0,1,0.005,0.0,0.005,105,-0.08666297793388367,-1.0399893522262573,0.4487959146499634,-0.47407376766204834,0.07407533377408981,-0.10000000149011612,0.26389061214896564,0.00041152248050405256,0.0005049511671719168,0.0009164736476759694,1.7778051098278795,-2.4000000357627864,0.0019434895879202098,0.45825383990078405,0.7121018171310425,-0.4916311204433441,False,False,False,-0.26762495078276194,False
pirl,2,0,0,0.276352938439127,200,-64.97194839769556,0.4038714027633327,80.77428055266654,0.45909105762724933,0.6528121553646095,1,0,1,0.005,0.0,0.005,106,-0.07925545424222946,-1.0499893426895142,0.4487959146499634,-0.47407376766204834,0.0740550085902214,-0.10000000149011612,0.26280762007963443,0.00048357691479003316,0.0004998208565995275,0.0009833977713895607,1.7773167975158826,-2.400000035762787,0.0020590394472610853,0.4582624192318143,0.7112077474594116,-0.4884917736053467,False,False,False,-0.26654166264526774,False
pirl,2,0,0,0.276352938439127,200,-64.97194839769556,0.4038714027633327,80.77428055266654,0.45909105762724933,0.6528121553646095,1,0,1,0.005,0.0,0.005,107,-0.07184996455907822,-1.059989333152771,0.4487959146499634,-0.47407376766204834,0.07403465360403061,-0.10000000149011612,0.2617308712302716,0.00047912834915868455,0.0005000939361071204,0.000979222285265805,1.7768283092044674,-2.400000035762787,0.002051554279069395,0.4582709673746438,0.7102838158607483,-0.48534896969795227,False,False,False,-0.26546454618109727,False
pirl,2,0,0,0.276352938439127,200,-64.97194839769556,0.4038714027633327,80.77428055266654,0.45909105762724933,0.6528121553646095,1,0,1,0.005,0.0,0.005,108,-0.06444651633501053,-1.0699893236160278,0.4487959146499634,-0.47407376766204834,0.07401444762945175,-0.10000000149011612,0.2606612402259988,0.0005122727245102723,0.00049771223693049,0.0010099849614407623,1.776343132185647,-2.4000000357627864,0.002104481522422605,0.4582797360476539,0.7093303799629211,-0.4822026193141937,False,False,False,-0.26439458540590555,False
pirl,2,0,0,0.276352938439127,200,-64.97194839769556,0.4038714027633327,80.77428055266654,0.45909105762724933,0.6528121553646095,1,0,1,0.005,0.0,0.005,109,-0.05704508721828461,-1.0799893140792847,0.4487959146499634,-0.47407376766204834,0.07399434596300125,-0.10000000149011612,0.25959891952464315,0.0005373393347490982,0.0004959013620039808,0.001033240696753079,1.7758605155006664,-2.4000000357627873,0.0021444029945506876,0.45828867106013116,0.7083470821380615,-0.4790531396865845,False,False,False,-0.2633319292148295,False
pirl,2,0,0,0.276352938439127,200,-64.97194839769556,0.4038714027633327,80.77428055266654,0.45909105762724933,0.6528121553646095,1,0,1,0.005,0.0,0.005,110,-0.049645666033029556,-1.0899893045425415,0.4487959146499634,-0.47407376766204834,0.07397448271512985,-0.10000000149011612,0.2585444553610882,0.0005940953796565497,0.0004918528473752809,0.0010859482270318306,1.7753833974882793,-2.400000035762787,0.002235193924857437,0.4582979843681514,0.7073339223861694,-0.47590067982673645,False,False,False,-0.26227716326018,False
pirl,2,0,0,0.276352938439127,200,-64.97194839769556,0.4038714027633327,80.77428055266654,0.45909105762724933,0.6528121553646095,1,0,1,0.005,0.0,0.005,111,-0.04224823787808418,-1.0999892950057983,0.4487959146499634,-0.47407376766204834,0.0739545151591301,-0.10000000149011612,0.25749882296414955,0.0005707070783668536,0.0004934647501575805,0.001064171828524434,1.7749043410043468,-2.4000000357627864,0.002197265888861104,0.4583071396426883,0.7062913179397583,-0.4727453291416168,False,False,False,-0.2612311530235962,False
pirl,2,0,0,0.276352938439127,200,-64.97194839769556,0.4038714027633327,80.77428055266654,0.45909105762724933,0.6528121553646095,1,0,1,0.005,0.0,0.005,112,-0.034852802753448486,-1.1099892854690552,0.4487959146499634,-0.47407376766204834,0.07393472641706467,-0.10000000149011612,0.2564622344228567,0.0006097270907112563,0.0004906692373914793,0.0011003963281027355,1.7744291361495066,-2.400000035762787,0.002259523702144976,0.4583165543247806,0.7052189111709595,-0.4695873260498047,False,False,False,-0.2601942475492826,False
pirl,2,0,0,0.276352938439127,200,-64.97194839769556,0.4038714027633327,80.77428055266654,0.45909105762724933,0.6528121553646095,1,0,1,0.005,0.0,0.005,113,-0.027459347620606422,-1.119989275932312,0.4487959146499634,-0.47407376766204834,0.0739150270819664,-0.10000000149011612,0.2554355047540198,0.0006316753822486449,0.0004890797502150171,0.001120755132463662,1.773956197397465,-2.4000000357627873,0.0022943558770902924,0.4583261141409351,0.704116940498352,-0.46642690896987915,False,False,False,-0.25916718709338654,False
pirl,2,0,0,0.276352938439127,200,-64.97194839769556,0.4038714027633327,80.77428055266654,0.45909105762724933,0.6528121553646095,1,0,1,0.005,0.0,0.005,114,-0.020067863166332245,-1.1299892663955688,0.4487959146499634,-0.47407376766204834,0.07389555126428604,-0.10000000149011612,0.2544191640800236,0.0006846764978470293,0.00048529755176418153,0.0011699740496112108,1.7734884041775052,-2.4000000357627864,0.0023789799711341993,0.4583360265574815,0.7029853463172913,-0.4632641673088074,False,False,False,-0.25815054806872256,False
pirl,2,0,0,0.276352938439127,200,-64.97194839769556,0.4038714027633327,80.77428055266654,0.45909105762724933,0.6528121553646095,1,0,1,0.005,0.0,0.005,115,-0.012678327970206738,-1.1399893760681152,0.4487959146499634,-0.47407376766204834,0.07387637346982956,-0.10000000149011612,0.25341374532992694,0.0007578109465391728,0.0004800940242137317,0.0012379049707529045,1.7730276215985614,-2.4000000357627864,0.00249584541544616,0.4583464259133792,0.7018240690231323,-0.46009939908981323,False,False,False,-0.2571448554914151,False
pirl,2,0,0,0.276352938439127,200,-64.97194839769556,0.4038714027633327,80.77428055266654,0.45909105762724933,0.6528121553646095,1,0,1,0.005,0.0,0.005,116,-0.0052907126955688,-1.149989366531372,0.4487959146499634,-0.47407376766204834,0.07385673373937607,-0.10000000149011612,0.25242021969669337,0.0006496678582773817,0.0004876931560865054,0.0011373610143638872,1.7725570303494678,-2.400000035762787,0.002322036921630534,0.45835610106721936,0.7006334662437439,-0.4569326341152191,False,False,False,-0.2561508792859487,False
pirl,2,0,0,0.276352938439127,200,-64.97194839769556,0.4038714027633327,80.77428055266654,0.45909105762724933,0.6528121553646095,1,0,1,0.005,0.0,0.005,117,0.0020949416793882847,-1.159989356994629,0.4487959146499634,-0.47407376766204834,0.07383739203214645,-0.10000000149011612,0.251438716023402,0.0007114092163829096,0.00048329414859838354,0.001194703364981293,1.7720923941718794,-2.4000000357627873,0.0024205888354159972,0.4583661868540336,0.6994130611419678,-0.4537642300128937,False,False,False,-0.25516908829114954,False
pirl,2,0,0,0.276352938439127,200,-64.97194839769556,0.4038714027633327,80.77428055266654,0.45909105762724933,0.6528121553646095,1,0,1,0.005,0.0,0.005,118,0.009478660300374031,-1.1699893474578857,0.4487959146499634,-0.47407376766204834,0.07381809502840042,-0.10000000149011612,0.25047040196878256,0.0007242659485022357,0.00048234799244601615,0.0012066139409482519,1.7716291754571094,-2.4000000357627873,0.0024407658842772245,0.4583763567118847,0.6981633901596069,-0.4505942463874817,False,False,False,-0.2542004423773173,False
pirl,2,0,0,0.276352938439127,200,-64.97194839769556,0.4038714027633327,80.77428055266654,0.45909105762724933,0.6528121553646095,1,0,1,0.005,0.0,0.005,119,0.016860447824001312,-1.1799893379211426,0.4487959146499634,-0.47407376766204834,0.07379869371652603,-0.10000000149011612,0.24951572776007372,0.0006978474525955037,0.0004841756873699897,0.0011820231399654936,1.7711637301914995,-2.400000035762787,0.002398023764247135,0.45838634847756904,0.696884274482727,-0.44742292165756226,False,False,False,-0.253245397796362,False
pirl,2,0,0,0.276352938439127,200,-64.97194839769556,0.4038714027633327,80.77428055266654,0.45909105762724933,0.6528121553646095,1,0,1,0.005,0.0,0.005,120,0.024240296334028244,-1.1899893283843994,0.4487959146499634,-0.47407376766204834,0.07377960532903671,-0.10000000149011612,0.24857521662895765,0.0007689692055022807,0.00047911488861009186,0.0012480840941123724,1.7707051075669091,-2.4000000357627873,0.0025114934495432607,0.4583968130336088,0.6955755949020386,-0.4442504346370697,False,False,False,-0.25230461275620747,False
pirl,2,0,0,0.276352938439127,200,-64.97194839769556,0.4038714027633327,80.77428055266654,0.45909105762724933,0.6528121553646095,1,0,1,0.005,0.0,0.005,121,0.031618233770132065,-1.1999893188476562,0.4487959146499634,-0.47407376766204834,0.07376054674386978,-0.10000000149011612,0.24764975178735715,0.0007789354702868682,0.0004783735877868171,0.0012573090580736853,1.7702476312724391,-2.400000035762787,0.0025270052989857456,0.4584073422223546,0.6942375898361206,-0.44107699394226074,False,False,False,-0.2513788176166131,False
pirl,2,0,0,0.276352938439127,200,-64.97194839769556,0.4038714027633327,80.77428055266654,0.45909105762724933,0.6528121553646095,1,0,1,0.005,0.0,0.005,122,0.03899426758289337,-1.209989309310913,0.4487959146499634,-0.47407376766204834,0.07374145835638046,-0.10000000149011612,0.24673987664552696,0.0007702566829754249,0.00047894918952432614,0.001249205872499751,1.769789571147955,-2.400000035762787,0.002512670316623864,0.4584178116820072,0.6928701400756836,-0.4379027485847473,False,False,False,-0.2504685946251221,False
pirl,2,0,0,0.276352938439127,200,-64.97194839769556,0.4038714027633327,80.77428055266654,0.45909105762724933,0.6528121553646095,1,0,1,0.005,0.0,0.005,123,0.04636839032173157,-1.21998929977417,0.4487959146499634,-0.47407376766204834,0.07372251898050308,-0.10000000149011612,0.24584642991932584,0.0008032548060775614,0.0004765815552004361,0.0012798363612779974,1.7693347935288763,-2.4000000357627873,0.002565022425987251,0.4584284992754488,0.6914734244346619,-0.43472790718078613,False,False,False,-0.24957484124162616,False
pirl,2,0,0,0.276352938439127,200,-64.97194839769556,0.4038714027633327,80.77428055266654,0.45909105762724933,0.6528121553646095,1,0,1,0.005,0.0,0.005,124,0.053740616887807846,-1.2299892902374268,0.4487959146499634,-0.47407376766204834,0.07370346039533615,-0.10000000149011612,0.2449701479554894,0.0007747181589904914,0.0004785599109985687,0.0012532780699890602,1.7688775886347246,-2.400000035762787,0.0025189253924578344,0.4584389947979174,0.6900475025177002,-0.43155261874198914,False,False,False,-0.24869819364357545,False
pirl,2,0,0,0.276352938439127,200,-64.97194839769556,0.4038714027633327,80.77428055266654,0.45909105762724933,0.6528121553646095,1,0,1,0.005,0.0,0.005,125,0.06111094355583191,-1.2399892807006836,0.4487959146499634,-0.47407376766204834,0.07368458062410355,-0.10000000149011612,0.2441116472491149,0.0008134846852657179,0.000475785128439344,0.0012892698137050619,1.768424200866651,-2.400000035762787,0.0025804703297281142,0.45844974675762457,0.6885923147201538,-0.42837709188461304,False,False,False,-0.24783939275874814,False
pirl,2,0,0,0.276352938439127,200,-64.97194839769556,0.4038714027633327,80.77428055266654,0.45909105762724933,0.6528121553646095,1,0,1,0.005,0.0,0.005,126,0.06847937405109406,-1.2499892711639404,0.4487959146499634,-0.47407376766204834,0.07366573065519333,-0.10000000149011612,0.24327160267221076,0.0008211928851800835,0.0004752041008312631,0.0012963969860113466,1.7679717472790473,-2.4000000357627873,0.002592335679054609,0.4584605481562873,0.6871078610420227,-0.42520156502723694,False,False,False,-0.24699901980937203,False
pirl,2,0,0,0.276352938439127,200,-64.97194839769556,0.4038714027633327,80.77428055266654,0.45909105762724933,0.6528121553646095,1,0,1,0.005,0.0,0.005,127,0.07584592700004578,-1.2599893808364868,0.4487959146499634,-0.47407376766204834,0.07364728301763535,-0.10000000149011612,0.2424507698515904,0.000916287879206005,0.000468451880813456,0.001384739760019461,1.7675283336696093,-2.400000035762787,0.0027438493190000894,0.4584719808617831,0.6855942010879517,-0.4220261871814728,False,False,False,-0.2461779472079562,False
pirl,2,0,0,0.276352938439127,200,-64.97194839769556,0.4038714027633327,80.77428055266654,0.45909105762724933,0.6528121553646095,1,0,1,0.005,0.0,0.005,128,0.08321062475442886,-1.2699893712997437,0.4487959146499634,-0.47407376766204834,0.07362823933362961,-0.10000000149011612,0.24165010600901632,0.0007775363726665731,0.00047821493708990695,0.00125575130975648,1.7670722632886697,-2.4000000357627873,0.0025216788239552593,0.4584824878568829,0.6840515732765198,-0.41885101795196533,False,False,False,-0.2453768157480437,False
pirl,2,0,0,0.276352938439127,200,-64.97194839769556,0.4038714027633327,80.77428055266654,0.45909105762724933,0.6528121553646095,1,0,1,0.005,0.0,0.005,129,0.09057343006134033,-1.2799893617630005,0.4487959146499634,-0.47407376766204834,0.07360924035310745,-0.10000000149011612,0.24087002812689512,0.0007762790019895543,0.0004782670754009282,0.0012545460773904825,1.7666162966191252,-2.400000035762787,0.002519228133704368,0.4584929846407733,0.682479739189148,-0.415676474571228,False,False,False,-0.24459639870235425,False
pirl,2,0,0,0.276352938439127,200,-64.97194839769556,0.4038714027633327,80.77428055266654,0.45909105762724933,0.6528121553646095,1,0,1,0.005,0.0,0.005,130,0.09793432801961899,-1.2899893522262573,0.4487959146499634,-0.47407376766204834,0.07359053939580917,-0.10000000149011612,0.2401116389121715,0.0008456436434383245,0.00047333190088127855,0.001318975544319603,1.7661669847046926,-2.4000000357627864,0.002629544462908892,0.4585039410760354,0.6808790564537048,-0.4125025272369385,False,False,False,-0.2438377413231797,False
pirl,2,0,0,0.276352938439127,200,-64.97194839769556,0.4038714027633327,80.77428055266654,0.45909105762724933,0.6528121553646095,1,0,1,0.005,0.0,0.005,131,0.10529335588216782,-1.2999893426895142,0.4487959146499634,-0.47407376766204834,0.07357161492109299,-0.10000000149011612,0.2393753732625012,0.0007946227164819989,0.00047689908394180086,0.0012715218004237998,1.7657131569491296,-2.400000035762787,0.0025476336038184858,0.45851455621605136,0.6792492866516113,-0.40932953357696533,False,False,False,-0.24310109160253415,False
pirl,2,0,0,0.276352938439127,200,-64.97194839769556,0.4038714027633327,80.77428055266654,0.45909105762724933,0.6528121553646095,1,0,1,0.005,0.0,0.005,132,0.11265049874782562,-1.309989333152771,0.4487959146499634,-0.47407376766204834,0.07355291396379471,-0.10000000149011612,0.23866201699796755,0.0008425688950193872,0.0004734768243812105,0.0013160457194005977,1.7652639960097112,-2.400000035762787,0.0026237009299831665,0.4585254883032596,0.6775904893875122,-0.40615761280059814,False,False,False,-0.24238744749151905,False
pirl,2,0,0,0.276352938439127,200,-64.97194839769556,0.4038714027633327,80.77428055266654,0.45909105762724933,0.6528121553646095,1,0,1,0.005,0.0,0.005,133,0.120005764067173,-1.3199893236160278,0.4487959146499634,-0.47407376766204834,0.07353421300649643,-0.10000000149011612,0.23797258905861995,0.0008437819062087484,0.00047335535486549106,0.0013171372610742394,1.7648151644842478,-2.4000000357627864,0.0026251719722003098,0.45853642651981047,0.6759029626846313,-0.40298688411712646,False,False,False,-0.2416976882733127,False
pirl,2,0,0,0.276352938439127,200,-64.97194839769556,0.4038714027633327,80.77428055266654,0.45909105762724933,0.6528121553646095,1,0,1,0.005,0.0,0.005,134,0.12735915184020996,-1.3299893140792847,0.4487959146499634,-0.47407376766204834,0.07351521402597427,-0.10000000149011612,0.23730760001927156,0.0007700361943248958,0.00047852764540996356,0.0012485638397348594,1.7643597087723926,-2.400000035762787,0.0025070872016606694,0.45854687271648403,0.6741865277290344,-0.39981764554977417,False,False,False,-0.2410322929257245,False
pirl,2,0,0,0.276352938439127,200,-64.97194839769556,0.4038714027633327,80.77428055266654,0.45909105762724933,0.6528121553646095,1,0,1,0.005,0.0,0.005,135,0.1347106546163559,-1.3399893045425415,0.4487959146499634,-0.47407376766204834,0.07349640876054764,-0.10000000149011612,0.2366679744710952,0.0008092045297249948,0.0004757253812116983,0.001284929910936693,1.7639081063113804,-2.400000035762787,0.0025691033615671483,0.4585575773138239,0.6724413633346558,-0.39664995670318604,False,False,False,-0.24039236980859702,False
pirl,2,0,0,0.276352938439127,200,-64.97194839769556,0.4038714027633327,80.77428055266654,0.45909105762724933,0.6528121553646095,1,0,1,0.005,0.0,0.005,136,0.1420602798461914,-1.3499892950057983,0.4487959146499634,-0.47407376766204834,0.0734776183962822,-0.10000000149011612,0.23605432545651642,0.0008133697442008896,0.0004753954532770545,0.001288765197477944,1.7634571082091386,-2.4000000357627864,0.0025752917618797047,0.4585683076961651,0.6706674098968506,-0.3934841454029083,False,False,False,-0.23977839069428242,False
pirl,2,0,0,0.276352938439127,200,-64.97194839769556,0.4038714027633327,80.77428055266654,0.45909105762724933,0.6528121553646095,1,0,1,0.005,0.0,0.005,137,0.1494080126285553,-1.3599892854690552,0.4487959146499634,-0.47407376766204834,0.07345882803201675,-0.10000000149011612,0.2354675663262171,0.0008114832122902086,0.00047549302805687503,0.0012869762403470836,1.7630061527646028,-2.400000035762787,0.002571833180474278,0.4585790236677504,0.6688648462295532,-0.3903203010559082,False,False,False,-0.23919129606352102,False
pirl,2,0,0,0.276352938439127,200,-64.97194839769556,0.4038714027633327,80.77428055266654,0.45909105762724933,0.6528121553646095,1,0,1,0.005,0.0,0.005,138,0.15675386786460876,-1.369989275932312,0.4487959146499634,-0.47407376766204834,0.0734400525689125,-0.10000000149011612,0.23490842259020978,0.0008127528195207107,0.000475367790886359,0.0012881206104070697,1.7625555327008604,-2.400000035762787,0.0025734046938921907,0.45858974618730824,0.6670336723327637,-0.3871585726737976,False,False,False,-0.23863181998389624,False
pirl,2,0,0,0.276352938439127,200,-64.97194839769556,0.4038714027633327,80.77428055266654,0.45909105762724933,0.6528121553646095,1,0,1,0.005,0.0,0.005,139,0.164097860455513,-1.3799893856048584,0.4487959146499634,-0.47407376766204834,0.07342147082090378,-0.10000000149011612,0.23437757376675997,0.0008572433996901064,0.0004721903460816001,0.0013294337457717064,1.762109257142302,-2.4000000357627873,0.002643813377700758,0.458600762076382,0.6651738882064819,-0.383999228477478,False,False,False,-0.23810068256187297,False
pirl,2,0,0,0.276352938439127,200,-64.97194839769556,0.4038714027633327,80.77428055266654,0.45909105762724933,0.6528121553646095,1,0,1,0.005,0.0,0.005,140,0.1714399755001068,-1.3899893760681152,0.4487959146499634,-0.47407376766204834,0.07340269535779953,-0.10000000149011612,0.23387590302376612,0.0008116492322571468,0.00047537519159115293,0.0012870244238482997,1.7616589674131435,-2.4000000357627864,0.002570749625219304,0.45861147353315374,0.6632856726646423,-0.3808424174785614,False,False,False,-0.23759863614508708,False
pirl,2,0,0,0.276352938439127,200,-64.97194839769556,0.4038714027633327,80.77428055266654,0.45909105762724933,0.6528121553646095,1,0,1,0.005,0.0,0.005,141,0.1787802278995514,-1.399989366531372,0.4487959146499634,-0.47407376766204834,0.07338348776102066,-0.10000000149011612,0.23340405761477134,0.0007023458692059652,0.0004830590027687218,0.001185404871974687,1.7611987555508157,-2.4000000357627864,0.00239631229473227,0.4586214581677151,0.6613689661026001,-0.37768831849098206,False,False,False,-0.23712634802896074,False
pirl,2,0,0,0.276352938439127,200,-64.97194839769556,0.4038714027633327,80.77428055266654,0.45909105762724933,0.6528121553646095,1,0,1,0.005,0.0,0.005,142,0.18611854314804077,-1.409989356994629,0.4487959146499634,-0.47407376766204834,0.07336442917585373,-0.10000000149011612,0.23296289711348778,0.0007282331860098004,0.00048119481150609453,0.0012094279975158949,1.7607411670316229,-2.4000000357627873,0.0024370977146295474,0.4586316127415261,0.6594239473342896,-0.3745371103286743,False,False,False,-0.23668487336894942,False
pirl,2,0,0,0.276352938439127,200,-64.97194839769556,0.4038714027633327,80.77428055266654,0.45909105762724933,0.6528121553646095,1,0,1,0.005,0.0,0.005,143,0.19345496594905853,-1.4199893474578857,0.4487959146499634,-0.47407376766204834,0.07334541529417038,-0.10000000149011612,0.23255303027082874,0.0007385996945410221,0.00048042699729876164,0.0012190266918397836,1.76028476079951,-2.400000035762787,0.0024531705973301707,0.4586418342856816,0.6574505567550659,-0.3713890314102173,False,False,False,-0.23627467883720107,False
pirl,2,0,0,0.276352938439127,200,-64.97194839769556,0.4038714027633327,80.77428055266654,0.45909105762724933,0.6528121553646095,1,0,1,0.005,0.0,0.005,144,0.20078949630260468,-1.4299893379211426,0.4487959146499634,-0.47407376766204834,0.07332637161016464,-0.10000000149011612,0.232175270742691,0.0007299610596813931,0.00048100151393441743,0.0012109625736158106,1.7598277732756036,-2.4000000357627873,0.0024390093968815626,0.45865199682483526,0.6554489135742188,-0.3682442009449005,False,False,False,-0.2358965732866092,False
pirl,2,0,0,0.276352938439127,200,-64.97194839769556,0.4038714027633327,80.77428055266654,0.45909105762724933,0.6528121553646095,1,0,1,0.005,0.0,0.005,145,0.2081221044063568,-1.4399893283843994,0.4487959146499634,-0.47407376766204834,0.07330735772848129,-0.10000000149011612,0.2318304628779417,0.0007343098163742516,0.00048065887902660554,0.001214968695400857,1.7593714094615767,-2.4000000357627864,0.002445505023469393,0.4586621864290997,0.6534191966056824,-0.36510276794433594,False,False,False,-0.23555143214019808,False
pirl,2,0,0,0.276352938439127,200,-64.97194839769556,0.4038714027633327,80.77428055266654,0.45909105762724933,0.6528121553646095,1,0,1,0.005,0.0,0.005,146,0.21545282006263733,-1.4499893188476562,0.4487959146499634,-0.47407376766204834,0.07328815013170242,-0.10000000149011612,0.23151910535756917,0.000685833872207123,0.00048404690210531305,0.001169880774312436,1.7589107688373686,-2.400000035762787,0.0023680331658221575,0.4586720532339573,0.6513612866401672,-0.36196503043174744,False,False,False,-0.23523968889135957,False
pirl,2,0,0,0.276352938439127,200,-64.97194839769556,0.4038714027633327,80.77428055266654,0.45909105762724933,0.6528121553646095,1,0,1,0.005,0.0,0.005,147,0.22278161346912384,-1.459989309310913,0.4487959146499634,-0.47407376766204834,0.07326898723840714,-0.10000000149011612,0.23124187615916575,0.0006909352689748999,0.00048365098524265603,0.001174586254217556,1.7584508234394243,-2.400000035762787,0.0023757380745513344,0.45868195214260127,0.6492751836776733,-0.35883110761642456,False,False,False,-0.2349621246519608,False
pirl,2,0,0,0.276352938439127,200,-64.97194839769556,0.4038714027633327,80.77428055266654,0.45909105762724933,0.6528121553646095,1,0,1,0.005,0.0,0.005,148,0.23010849952697754,-1.46998929977417,0.4487959146499634,-0.47407376766204834,0.07324983924627304,-0.10000000149011612,0.23099985509744347,0.0006926579930990869,0.0004834938048683665,0.0011761517979674532,1.7579912594850238,-2.4000000357627873,0.0023780718466557983,0.45869186077529567,0.6471613645553589,-0.35570111870765686,False,False,False,-0.23471976563282448,False
pirl,2,0,0,0.276352938439127,200,-64.97194839769556,0.4038714027633327,80.77428055266654,0.45909105762724933,0.6528121553646095,1,0,1,0.005,0.0,0.005,149,0.23743346333503723,-1.4799892902374268,0.4487959146499634,-0.47407376766204834,0.0732303187251091,-0.10000000149011612,0.23079337553649604,0.0006009859130360104,0.0004899323658320524,0.0010909182788680627,1.7575234131576112,-2.4000000357627864,0.0022320845086569643,0.45870116112741505,0.64501953125,-0.35257530212402344,False,False,False,-0.23451285483339507,False
pirl,2,0,0,0.276352938439127,200,-64.97194839769556,0.4038714027633327,80.77428055266654,0.45909105762724933,0.6528121553646095,1,0,1,0.005,0.0,0.005,150,0.24475647509098053,-1.4899892807006836,0.4487959146499634,-0.47407376766204834,0.07321106642484665,-0.10000000149011612,0.23062326389642707,0.0006567481195298461,0.0004859584109591897,0.0011427065304890358,1.7570609648932334,-2.400000035762787,0.00232024668827421,0.4587108288219495,0.6428499221801758,-0.34945380687713623,False,False,False,-0.23434245367048054,False
pirl,2,0,0,0.276352938439127,200,-64.97194839769556,0.4038714027633327,80.77428055266654,0.45909105762724933,0.6528121553646095,1,0,1,0.005,0.0,0.005,151,0.25207754969596863,-1.4999892711639404,0.4487959146499634,-0.47407376766204834,0.0731918141245842,-0.10000000149011612,0.23048989548755852,0.0006584544101718887,0.00048580243272344374,0.0011442568428953325,1.7565988976595892,-2.400000035762787,0.0023225661469769487,0.45872050618089527,0.6406523585319519,-0.3463369309902191,False,False,False,-0.2342087457243447,False
pirl,2,0,0,0.276352938439127,200,-64.97194839769556,0.4038714027633327,80.77428055266654,0.45909105762724933,0.6528121553646095,1,0,1,0.005,0.0,0.005,152,0.2593967318534851,-1.5099893808364868,0.4487959146499634,-0.47407376766204834,0.07317251712083817,-0.10000000149011612,0.23039435595505398,0.0006455963308885637,0.0004866751122342498,0.0011322714431228134,1.7561358602040453,-2.4000000357627873,0.0023017751546566215,0.4587300969107063,0.6384273171424866,-0.3432246446609497,False,False,False,-0.2341128524483084,False
pirl,2,0,0,0.276352938439127,200,-64.97194839769556,0.4038714027633327,80.77428055266654,0.45909105762724933,0.6528121553646095,1,0,1,0.005,0.0,0.005,153,0.266713947057724,-1.5199893712997437,0.4487959146499634,-0.47407376766204834,0.07315295189619064,-0.10000000149011612,0.23033691802457215,0.0005779601324148336,0.0004914162814477887,0.0010693764138626225,1.7556667715682854,-2.4000000357627873,0.002194104492821039,0.45873923901275976,0.6361745595932007,-0.34011727571487427,False,False,False,-0.23405500494728212,False
pirl,2,0,0,0.276352938439127,200,-64.97194839769556,0.4038714027633327,80.77428055266654,0.45909105762724933,0.6528121553646095,1,0,1,0.005,0.0,0.005,154,0.2740292251110077,-1.5299893617630005,0.4487959146499634,-0.47407376766204834,0.07313329726457596,-0.10000000149011612,0.2303183096518137,0.0005494227392793984,0.0004933958716475875,0.001042818610926986,1.755195261564646,-2.400000035762787,0.0021484942981784896,0.4587481910723355,0.6338943243026733,-0.3370150029659271,False,False,False,-0.2340360220001011,False
pirl,2,0,0,0.276352938439127,200,-64.97194839769556,0.4038714027633327,80.77428055266654,0.45909105762724933,0.6528121553646095,1,0,1,0.005,0.0,0.005,155,0.2813425362110138,-1.5399893522262573,0.4487959146499634,-0.47407376766204834,0.0731135830283165,-0.10000000149011612,0.23033904867984,0.0005308012167032931,0.0004946750897151861,0.0010254763064184791,1.7547222511542875,-2.4000000357627864,0.0021186289388964437,0.45875701869291424,0.6315865516662598,-0.33391791582107544,False,False,False,-0.2340563945516161,False
pirl,2,0,0,0.276352938439127,200,-64.97194839769556,0.4038714027633327,80.77428055266654,0.45909105762724933,0.6528121553646095,1,0,1,0.005,0.0,0.005,156,0.2886538803577423,-1.5499893426895142,0.4487959146499634,-0.47407376766204834,0.07309367507696152,-0.10000000149011612,0.23039966944540163,0.0004806259336822701,0.0004981826335627203,0.0009788085672449904,1.7542448139985969,-2.4000000357627864,0.002038773890002284,0.4587655135841226,0.6292513608932495,-0.3308262825012207,False,False,False,-0.2341166161624705,False
pirl,2,0,0,0.276352938439127,200,-64.97194839769556,0.4038714027633327,80.77428055266654,0.45909105762724933,0.6528121553646095,1,0,1,0.005,0.0,0.005,157,0.29596322774887085,-1.559989333152771,0.4487959146499634,-0.47407376766204834,0.0730738714337349,-0.10000000149011612,0.23050086287716867,0.0004998615501472014,0.0004967880573308393,0.0009966496074780406,1.7537693909726488,-2.400000035762787,0.0020689332417328414,0.45877413413929646,0.6268889904022217,-0.32774022221565247,False,False,False,-0.2342174769599665,False
pirl,2,0,0,0.276352938439127,200,-64.97194839769556,0.4038714027633327,80.77428055266654,0.45909105762724933,0.6528121553646095,1,0,1,0.005,0.0,0.005,158,0.3032706081867218,-1.5699893236160278,0.4487959146499634,-0.47407376766204834,0.07305387407541275,-0.10000000149011612,0.23064296107661,0.00045234880846632724,0.0005001075522938755,0.0009524563607602027,1.7532897892819563,-2.400000035762787,0.001993356690468412,0.4587824397921734,0.6244993209838867,-0.32465994358062744,False,False,False,-0.23435917691457114,False
pirl,2,0,0,0.276352938439127,200,-64.97194839769556,0.4038714027633327,80.77428055266654,0.45909105762724933,0.6528121553646095,1,0,1,0.005,0.0,0.005,159,0.3105759918689728,-1.5799893140792847,0.4487959146499634,-0.47407376766204834,0.07303375750780106,-0.10000000149011612,0.23082662481198368,0.00041801749084990637,0.000502495930095072,0.0009205134209449783,1.7528072336547529,-2.400000035762787,0.001938694331954753,0.4587905176852232,0.6220825910568237,-0.3215855360031128,False,False,False,-0.23454245264375828,False
pirl,2,0,0,0.276352938439127,200,-64.97194839769556,0.4038714027633327,80.77428055266654,0.45909105762724933,0.6528121553646095,1,0,1,0.005,0.0,0.005,160,0.3178793489933014,-1.5899893045425415,0.4487959146499634,-0.47407376766204834,0.07301386445760727,-0.10000000149011612,0.2310521891505472,0.0004670124732619262,0.0004989995834967175,0.0009660120567586437,1.7523294550930064,-2.4000000357627873,0.0020159587310304462,0.4587989175132692,0.6196388006210327,-0.31851726770401,False,False,False,-0.23476771066454183,False
pirl,2,0,0,0.276352938439127,200,-64.97194839769556,0.4038714027633327,80.77428055266654,0.45909105762724933,0.6528121553646095,1,0,1,0.005,0.0,0.005,161,0.32518070936203003,-1.5999892950057983,0.4487959146499634,-0.47407376766204834,0.07299374788999557,-0.10000000149011612,0.23132027753426776,0.00041442499788607026,0.0005026775347801658,0.000917102532666236,1.7518470281502785,-2.4000000357627873,0.001932435302387445,0.45880696932702913,0.6171681880950928,-0.31545519828796387,False,False,False,-0.235035394299009,False
pirl,2,0,0,0.276352938439127,200,-64.97194839769556,0.4038714027633327,80.77428055266654,0.45909105762724933,0.6528121553646095,1,0,1,0.005,0.0,0.005,162,0.3324800729751587,-1.6099892854690552,0.4487959146499634,-0.47407376766204834,0.07297348231077194,-0.10000000149011612,0.23163093438425664,0.00037255667676995325,0.0005055982247859309,0.0008781549015558841,1.751360949371413,-2.4000000357627864,0.0018659169726903194,0.458814743981082,0.6146705150604248,-0.312399685382843,False,False,False,-0.23534565390294584,False
pirl,2,0,0,0.276352938439127,200,-64.97194839769556,0.4038714027633327,80.77428055266654,0.45909105762724933,0.6528121553646095,1,0,1,0.005,0.0,0.005,163,0.339777410030365,-1.619989275932312,0.4487959146499634,-0.47407376766204834,0.07295306771993637,-0.10000000149011612,0.23198483431989667,0.0003314281048852359,0.0005084664858444511,0.0008398945907296871,1.7508712890994977,-2.400000035762787,0.0018006075374550777,0.4588222465124881,0.6121461391448975,-0.30935075879096985,False,False,False,-0.23569915437412772,False
pirl,2,0,0,0.276352938439127,200,-64.97194839769556,0.4038714027633327,80.77428055266654,0.45909105762724933,0.6528121553646095,1,0,1,0.005,0.0,0.005,164,0.3470727205276489,-1.6299893856048584,0.4487959146499634,-0.47407376766204834,0.07293323427438736,-0.10000000149011612,0.23238232442033477,0.00046590253649608933,0.0004989333070007752,0.0009648358434968645,1.7503943385194791,-2.400000035762787,0.002012953116829726,0.45883063381714156,0.6095951199531555,-0.3063085675239563,False,False,False,-0.23609641894050729,False
pirl,2,0,0,0.276352938439127,200,-64.97194839769556,0.4038714027633327,80.77428055266654,0.45909105762724933,0.6528121553646095,1,0,1,0.005,0.0,0.005,165,0.3543660342693329,-1.6399893760681152,0.4487959146499634,-0.47407376766204834,0.0729125365614891,-0.10000000149011612,0.23282357777528884,0.0002652874739619896,0.0005130655144750766,0.0007783529884370663,1.7498990075105492,-2.4000000357627864,0.0016955835404799027,0.45883769874856023,0.6070173978805542,-0.30327335000038147,False,False,False,-0.2365371199145932,False
pirl,2,0,0,0.276352938439127,200,-64.97194839769556,0.4038714027633327,80.77428055266654,0.45909105762724933,0.6528121553646095,1,0,1,0.005,0.0,0.005,166,0.3616572916507721,-1.649989366531372,0.4487959146499634,-0.47407376766204834,0.07289179414510727,-0.10000000149011612,0.23330898478726592,0.00023798563482894854,0.000514956891279394,0.0007529425261083426,1.749401381963293,-2.4000000357627864,0.0016522289559440131,0.45884458303587666,0.6044132113456726,-0.3002452850341797,False,False,False,-0.23702213494754257,False
pirl,2,0,0,0.276352938439127,200,-64.97194839769556,0.4038714027633327,80.77428055266654,0.45909105762724933,0.6528121553646095,1,0,1,0.005,0.0,0.005,167,0.36894646286964417,-1.659989356994629,0.4487959146499634,-0.47407376766204834,0.07287115603685379,-0.10000000149011612,0.23383886464137058,0.00025874279970700744,0.0005134542134208416,0.0007721970131278491,1.7489059210515698,-2.400000035762787,0.0016848069450096192,0.4588516030648142,0.6017826795578003,-0.2972244918346405,False,False,False,-0.23755166927570823,False
pirl,2,0,0,0.276352938439127,200,-64.97194839769556,0.4038714027633327,80.77428055266654,0.45909105762724933,0.6528121553646095,1,0,1,0.005,0.0,0.005,168,0.3762335479259491,-1.6699893474578857,0.4487959146499634,-0.47407376766204834,0.07285023480653763,-0.10000000149011612,0.23441330038672584,0.00018974637204391255,0.000518290274150538,0.0007080366461944506,1.7484042978677812,-2.4000000357627864,0.0015756500488831914,0.45885816827335124,0.5991257429122925,-0.294211208820343,False,False,False,-0.23812567138640475,False
pirl,2,0,0,0.276352938439127,200,-64.97194839769556,0.4038714027633327,80.77428055266654,0.45909105762724933,0.6528121553646095,1,0,1,0.005,0.0,0.005,169,0.3835185766220093,-1.6799893379211426,0.4487959146499634,-0.47407376766204834,0.0728294625878334,-0.10000000149011612,0.23503281087388458,0.00021828955276578715,0.0005162376271108752,0.0007345271798766623,1.7479055634229712,-2.400000035762787,0.0016205198472446281,0.45886492043938143,0.5964428186416626,-0.2912054657936096,False,False,False,-0.238744841348497,False
pirl,2,0,0,0.276352938439127,200,-64.97194839769556,0.4038714027633327,80.77428055266654,0.45909105762724933,0.6528121553646095,1,0,1,0.005,0.0,0.005,170,0.3908015191555023,-1.6899893283843994,0.4487959146499634,-0.47407376766204834,0.07280854135751724,-0.10000000149011612,0.2356970879211817,0.00018207507904838526,0.0005187585342125532,0.0007008336132609384,1.7474037091649002,-2.4000000357627864,0.0015631791691380192,0.4588714336859195,0.5937334299087524,-0.2882075905799866,False,False,False,-0.2394087152279357,False
pirl,2,0,0,0.276352938439127,200,-64.97194839769556,0.4038714027633327,80.77428055266654,0.45909105762724933,0.6528121553646095,1,0,1,0.005,0.0,0.005,171,0.3980823755264282,-1.6999893188476562,0.4487959146499634,-0.47407376766204834,0.07278748601675034,-0.10000000149011612,0.2364067473717752,0.0001448557248509913,0.0005213502698948884,0.0006662059947458796,1.7468986433392382,-2.4000000357627873,0.0015042889356147895,0.45887770155648455,0.5909982919692993,-0.28521764278411865,False,False,False,-0.2401179683414447,False
pirl,2,0,0,0.276352938439127,200,-64.97194839769556,0.4038714027633327,80.77428055266654,0.45909105762724933,0.6528121553646095,1,0,1,0.005,0.0,0.005,172,0.4053611159324646,-1.709989309310913,0.4487959146499634,-0.47407376766204834,0.07276638597249985,-0.10000000149011612,0.23716161797386434,0.00012904840814714248,0.0005224297239855049,0.0006514781321326474,1.7463923537002484,-2.400000035762787,0.001479200509494113,0.4588838648919408,0.5882370471954346,-0.2822358012199402,False,False,False,-0.24087245183565298,False
pirl,2,0,0,0.276352938439127,200,-64.97194839769556,0.4038714027633327,80.77428055266654,0.45909105762724933,0.6528121553646095,1,0,1,0.005,0.0,0.005,173,0.41263774037361145,-1.71998929977417,0.4487959146499634,-0.47407376766204834,0.07274530082941055,-0.10000000149011612,0.23796190813178858,0.00012907977482827523,0.00052239063868733,0.0006514704135156052,1.745886310045007,-2.4000000357627864,0.0014790961633081145,0.4588900277926212,0.5854500532150269,-0.2792622745037079,False,False,False,-0.24167236960584035,False
pirl,2,0,0,0.276352938439127,200,-64.97194839769556,0.4038714027633327,80.77428055266654,0.45909105762724933,0.6528121553646095,1,0,1,0.005,0.0,0.005,174,0.41991227865219116,-1.7299892902374268,0.4487959146499634,-0.47407376766204834,0.07272391766309738,-0.10000000149011612,0.23880776958122987,5.498796169451148e-05,0.000527586318179154,0.0005825742798736655,1.7453736363137746,-2.400000035762787,0.0013621817211541586,0.4588957035497927,0.5826374292373657,-0.27629712224006653,False,False,False,-0.24251778486174658,False
pirl,2,0,0,0.276352938439127,200,-64.97194839769556,0.4038714027633327,80.77428055266654,0.45909105762724933,0.6528121553646095,1,0,1,0.005,0.0,0.005,175,0.42718467116355896,-1.7399892807006836,0.4487959146499634,-0.47407376766204834,0.0727025493979454,-0.10000000149011612,0.23969914423651495,5.087327789654544e-05,0.0005278397566282642,0.0005787130345248096,1.744860826953816,-2.4000000357627864,0.001355582224525272,0.45890135180906155,0.579799234867096,-0.2733405828475952,False,False,False,-0.24340877880541972,False
pirl,2,0,0,0.276352938439127,200,-64.97194839769556,0.4038714027633327,80.77428055266654,0.45909105762724933,0.6528121553646095,1,0,1,0.005,0.0,0.005,176,0.43445491790771484,-1.74998939037323,0.4487959146499634,-0.47407376766204834,0.07268138974905014,-0.10000000149011612,0.24063593054044735,9.827936035111064e-05,0.0005244548333172235,0.0006227341936683342,1.744352661223113,-2.4000000357627873,0.0014301254824890684,0.4589073106652386,0.5769354104995728,-0.27039283514022827,False,False,False,-0.24434523585642334,False
pirl,2,0,0,0.276352938439127,200,-64.97194839769556,0.4038714027633327,80.77428055266654,0.45909105762724933,0.6528121553646095,1,0,1,0.005,0.0,0.005,177,0.4417230486869812,-1.7599893808364868,0.4487959146499634,-0.47407376766204834,0.07265973836183548,-0.10000000149011612,0.24161824241595908,1.9055036871781676e-05,0.0005327044781134458,0.0005517595149852275,1.7438338549996886,-2.400000035762787,0.001311719584928547,0.4589127761635091,0.57404625415802,-0.26745399832725525,False,False,False,-0.24532709498950664,False
pirl,2,0,0,0.276352938439127,200,-64.97194839769556,0.4038714027633327,80.77428055266654,0.45909105762724933,0.6528121553646095,1,0,1,0.005,0.0,0.005,178,0.44898903369903564,-1.7699893712997437,0.4487959146499634,-0.47407376766204834,0.07263790816068649,-0.10000000149011612,0.24264600941738274,7.283104510039561e-05,0.0005364648963184183,0.0006092959414188139,1.7433103092298252,-2.4000000357627873,0.0014144828821051859,0.45891866984218455,0.5711318254470825,-0.2645242214202881,False,False,False,-0.24635453463036308,False
pirl,2,0,0,0.276352938439127,200,-64.97194839769556,0.4038714027633327,80.77428055266654,0.45909105762724933,0.6528121553646095,1,0,1,0.005,0.0,0.005,179,0.4562528133392334,-1.7799893617630005,0.4487959146499634,-0.47407376766204834,0.07261624187231064,-0.10000000149011612,0.24371916488533868,3.9731562751102746e-05,0.000534089839448678,0.0005738214021997807,1.74279008499632,-2.400000035762787,0.0013510594074013992,0.45892429925638206,0.5681922435760498,-0.2616036534309387,False,False,False,-0.2474272726325126,False
pirl,2,0,0,0.276352938439127,200,-64.97194839769556,0.4038714027633327,80.77428055266654,0.45909105762724933,0.6528121553646095,1,0,1,0.005,0.0,0.005,180,0.46351444721221924,-1.7899893522262573,0.4487959146499634,-0.47407376766204834,0.07259424775838852,-0.10000000149011612,0.24483761403159696,0.00011871993080532672,0.0005396308762825948,0.0006583508070879215,1.7422627830374349,-2.400000035762787,0.0015019554394238317,0.4589305574040463,0.5652276277542114,-0.2586924433708191,False,False,False,-0.24854541872897312,False
pirl,2,0,0,0.276352938439127,200,-64.97194839769556,0.4038714027633327,80.77428055266654,0.45909105762724933,0.6528121553646095,1,0,1,0.005,0.0,0.005,181,0.4707738757133484,-1.7999893426895142,0.4487959146499634,-0.47407376766204834,0.07257235795259476,-0.10000000149011612,0.24600126319033075,0.00010175026278396908,0.0005383948554060529,0.0006401451181900221,1.741737308082153,-2.4000000357627864,0.0014693699010270291,0.45893667977863395,0.5622382164001465,-0.2557907700538635,False,False,False,-0.2497086638909547,False
pirl,2,0,0,0.276352938439127,200,-64.97194839769556,0.4038714027633327,80.77428055266654,0.45909105762724933,0.6528121553646095,1,0,1,0.005,0.0,0.005,182,0.47803109884262085,-1.809989333152771,0.4487959146499634,-0.47407376766204834,0.07255048304796219,-0.10000000149011612,0.24720971797369964,9.949283872807923e-05,0.000538198059401522,0.0006376908981296013,1.741212294458781,-2.400000035762787,0.0014649135158150517,0.45894278358494983,0.5592237710952759,-0.2528988718986511,False,False,False,-0.25091673065255765,False
pirl,2,0,0,0.276352938439127,200,-64.97194839769556,0.4038714027633327,80.77428055266654,0.45909105762724933,0.6528121553646095,1,0,1,0.005,0.0,0.005,183,0.485286146402359,-1.8199893236160278,0.4487959146499634,-0.47407376766204834,0.0725281611084938,-0.10000000149011612,0.24846304902615557,0.00020934520525642278,0.0005459187027535892,0.000755263908010012,1.7406773422417343,-2.4000000357627873,0.0016746073616289887,0.4589497611156233,0.5561846494674683,-0.2500167489051819,False,False,False,-0.25216978611088536,False
pirl,2,0,0,0.276352938439127,200,-64.97194839769556,0.4038714027633327,80.77428055266654,0.45909105762724933,0.6528121553646095,1,0,1,0.005,0.0,0.005,184,0.4925389885902405,-1.8299893140792847,0.4487959146499634,-0.47407376766204834,0.07250604778528214,-0.10000000149011612,0.24976096278626975,0.00016950959427081147,0.0005430676299540254,0.0007125772242248369,1.7401463416903722,-2.4000000357627864,0.0015983338316630444,0.4589564208399219,0.5531209707260132,-0.2471446543931961,False,False,False,-0.25346726781697376,False
pirl,2,0,0,0.276352938439127,200,-64.97194839769556,0.4038714027633327,80.77428055266654,0.45909105762724933,0.6528121553646095,1,0,1,0.005,0.0,0.005,185,0.49978959560394287,-1.8399893045425415,0.4487959146499634,-0.47407376766204834,0.07248369604349136,-0.10000000149011612,0.25110321357955195,0.00022657388253555954,0.0005470601081323413,0.0007736339906679009,1.7396103021236191,-2.4000000357627864,0.0017070945393330191,0.45896353373383575,0.5500327348709106,-0.24428270757198334,False,False,False,-0.2548091860528494,False
pirl,2,0,0,0.276352938439127,200,-64.97194839769556,0.4038714027633327,80.77428055266654,0.45909105762724933,0.6528121553646095,1,0,1,0.005,0.0,0.005,186,0.5070379972457886,-1.8499892950057983,0.4487959146499634,-0.47407376766204834,0.07246126979589462,-0.10000000149011612,0.25248954562503734,0.00025109196030897486,0.0005487538894629013,0.0007998458497718761,1.739072245004958,-2.400000035762787,0.001753676413453156,0.4589708407188918,0.5469200611114502,-0.2414310723543167,False,False,False,-0.2561951493549165,False
pirl,2,0,0,0.276352938439127,200,-64.97194839769556,0.4038714027633327,80.77428055266654,0.45909105762724933,0.6528121553646095,1,0,1,0.005,0.0,0.005,187,0.514284074306488,-1.8599892854690552,0.4487959146499634,-0.47407376766204834,0.0724390372633934,-0.10000000149011612,0.253919925131055,0.00020882660720591563,0.0005457313217829007,0.0007545579289888163,1.7385383663038172,-2.400000035762787,0.001672808260328376,0.45897781075330985,0.54378342628479,-0.2385897934436798,False,False,False,-0.257625092417532,False
pirl,2,0,0,0.276352938439127,200,-64.97194839769556,0.4038714027633327,80.77428055266654,0.45909105762724933,0.6528121553646095,1,0,1,0.005,0.0,0.005,188,0.5215280055999756,-1.869989275932312,0.4487959146499634,-0.47407376766204834,0.07241637259721756,-0.10000000149011612,0.25539372109506553,0.0003123110342924136,0.0005530021473269995,0.000865313181619413,1.737995143759296,-2.400000035762787,0.0018700002343043545,0.45898560242095277,0.5406224131584167,-0.2357591688632965,False,False,False,-0.25909860038172167,False
pirl,2,0,0,0.276352938439127,200,-64.97194839769556,0.4038714027633327,80.77428055266654,0.45909105762724933,0.6528121553646095,1,0,1,0.005,0.0,0.005,189,0.5287696719169617,-1.8799893856048584,0.4487959146499634,-0.47407376766204834,0.07239403575658798,-0.10000000149011612,0.2569109051099369,0.00024339917249368887,0.0005480976276461334,0.0007914968001398223,1.7374585738364772,-2.4000000357627864,0.001738330305066082,0.4589928454638905,0.5374375581741333,-0.232939213514328,False,False,False,-0.2606153174130735,False
pirl,2,0,0,0.276352938439127,200,-64.97194839769556,0.4038714027633327,80.77428055266654,0.45909105762724933,0.6528121553646095,1,0,1,0.005,0.0,0.005,190,0.5360090732574463,-1.8899893760681152,0.4487959146499634,-0.47407376766204834,0.07237126678228378,-0.10000000149011612,0.2584709330065609,0.00034501385762092255,0.0005552364335254599,0.0009002502911463824,1.7369128347173899,-2.4000000357627873,0.0019318264577750446,0.4590008947407979,0.5342286825180054,-0.23013019561767578,False,False,False,-0.262175053743493,False
pirl,2,0,0,0.276352938439127,200,-64.97194839769556,0.4038714027633327,80.77428055266654,0.45909105762724933,0.6528121553646095,1,0,1,0.005,0.0,0.005,191,0.5432462096214294,-1.899989366531372,0.4487959146499634,-0.47407376766204834,0.07234840840101242,-0.10000000149011612,0.2600735967331615,0.00037630553618023835,0.0005574084284455186,0.000933713964625757,1.7363644541364682,-2.4000000357627864,0.001991183805121854,0.4590091913399859,0.5309961438179016,-0.227332204580307,False,False,False,-0.26377734882593223,False
pirl,2,0,0,0.276352938439127,200,-64.97194839769556,0.4038714027633327,80.77428055266654,0.45909105762724933,0.6528121553646095,1,0,1,0.005,0.0,0.005,192,0.5504810810089111,-1.909989356994629,0.4487959146499634,-0.47407376766204834,0.07232540100812912,-0.10000000149011612,0.2617186616983918,0.00041697521452343063,0.0005602426336091739,0.0009772178481326046,1.735812563380747,-2.4000000357627873,0.0020683731566860084,0.4590178095614721,0.5277401208877563,-0.22454527020454407,False,False,False,-0.26542205272851965,False
pirl,2,0,0,0.276352938439127,200,-64.97194839769556,0.4038714027633327,80.77428055266654,0.45909105762724933,0.6528121553646095,1,0,1,0.005,0.0,0.005,193,0.5577136278152466,-1.9199893474578857,0.4487959146499634,-0.47407376766204834,0.0723024234175682,-0.10000000149011612,0.2634054594800891,0.0004153273993309424,0.0005600882032710682,0.0009754156026020106,1.7352610895921232,-2.400000035762787,0.002064913183381353,0.4590264133664028,0.5244604349136353,-0.22176975011825562,False,False,False,-0.26710844481199725,False
pirl,2,0,0,0.276352938439127,200,-64.97194839769556,0.4038714027633327,80.77428055266654,0.45909105762724933,0.6528121553646095,1,0,1,0.005,0.0,0.005,194,0.5649438500404358,-1.9299893379211426,0.4487959146499634,-0.47407376766204834,0.07227950543165207,-0.10000000149011612,0.26513388443575536,0.000403522605721391,0.0005592166169805069,0.0009627392227018979,1.734710974720202,-2.400000035762787,0.002042114993444951,0.4590349221788755,0.5211575031280518,-0.21900558471679688,False,False,False,-0.2688364543128965,False
pirl,2,0,0,0.276352938439127,200,-64.97194839769556,0.4038714027633327,80.77428055266654,0.45909105762724933,0.6528121553646095,1,0,1,0.005,0.0,0.005,195,0.5721718072891235,-1.9399893283843994,0.4487959146499634,-0.47407376766204834,0.07225636392831802,-0.10000000149011612,0.26690334814468725,0.00045907081238253343,0.000563101771285772,0.0010221725836683055,1.734155970189817,-2.400000035762787,0.002147544661257001,0.45904387028163074,0.5178312063217163,-0.21625304222106934,False,False,False,-0.27060557065348884,False
pirl,2,0,0,0.276352938439127,200,-64.97194839769556,0.4038714027633327,80.77428055266654,0.45909105762724933,0.6528121553646095,1,0,1,0.005,0.0,0.005,196,0.5793974995613098,-1.9499893188476562,0.4487959146499634,-0.47407376766204834,0.07223301380872726,-0.10000000149011612,0.2687134930848524,0.0005158155257168459,0.0005670712010259568,0.0010828867267428026,1.7335959673032375,-2.4000000357627864,0.002255186617997466,0.45905326689253906,0.514481782913208,-0.21351224184036255,False,False,False,-0.2724153661533351,False
pirl,2,0,0,0.276352938439127,200,-64.97194839769556,0.4038714027633327,80.77428055266654,0.45909105762724933,0.6528121553646095,1,0,1,0.005,0.0,0.005,197,0.5866208076477051,-1.959989309310913,0.4487959146499634,-0.47407376766204834,0.07220981270074844,-0.10000000149011612,0.2705640154270738,0.0004866759053424159,0.000564975165629711,0.0010516510709721268,1.7330389353116384,-2.400000035762787,0.002199368710552841,0.45906243092883303,0.5111095309257507,-0.2107832431793213,False,False,False,-0.27426544978764794,False
pirl,2,0,0,0.276352938439127,200,-64.97194839769556,0.4038714027633327,80.77428055266654,0.45909105762724933,0.6528121553646095,1,0,1,0.005,0.0,0.005,198,0.5938417911529541,-1.96998929977417,0.4487959146499634,-0.47407376766204834,0.07218647748231888,-0.10000000149011612,0.27245439800268784,0.0005195336114758603,0.0005672577597871104,0.0010867913712629706,1.7324791216775752,-2.400000035762787,0.0022614997786674605,0.4590718538445775,0.5077143907546997,-0.20806622505187988,False,False,False,-0.27615545779613526,False
pirl,2,0,0,0.276352938439127,200,-64.97194839769556,0.4038714027633327,80.77428055266654,0.45909105762724933,0.6528121553646095,1,0,1,0.005,0.0,0.005,199,0.6010604500770569,-1.9799892902374268,0.4487959146499634,-0.47407376766204834,0.07216311246156693,-0.10000000149011612,0.27438418886697746,0.0005317014008165024,0.0005680791366317845,0.001099780537448287,1.7319184469481557,-2.4000000357627864,0.0022842534125746515,0.4590813715671299,0.5042964816093445,-0.20536133646965027,False,False,False,-0.2780848512716118,False
pirl,2,0,0,0.276352938439127,200,-64.97194839769556,0.4038714027633327,80.77428055266654,0.45909105762724933,0.6528121553646095,1,0,1,0.005,0.0,0.005,200,0.6082767844200134,-1.9899892807006836,0.4487959146499634,-0.47407376766204834,0.072139672935009,-0.10000000149011612,0.276352938439127,0.0005531607495158663,0.0005695567492606542,0.0011227174987765206,1.7313560495739766,-2.400000035762787,0.0023246544286556767,0.45909105762724933,0.5008559823036194,-0.20266872644424438,False,False,False,-0.2800532125086737,True
