mode,seed,episode_idx,success,final_distance,length,return,tau_effort,tau_sum_total,energy,target_radius,torque_sat1_count,torque_sat2_count,torque_sat_any_count,torque_sat1_rate,torque_sat2_rate,torque_sat_any_rate,step,theta1,theta2,target_x,target_y,action0,action1,distance,tau1,tau2,tau_sum,omega1,omega2,power,cumulative_energy,tip_x,tip_y,sat1,sat2,sat_any,reward,done
pure,2,15,1,0.04908312374547745,191,-59.54929860227901,0.4334574936400318,82.79038128524607,0.48580739376346244,0.5602242358052326,1,0,1,0.005235602094240838,0.0,0.005235602094240838,0,0.0,0.0,0.47422999143600464,-0.2982567846775055,0.0,0.0,0.604475980921945,0.0,0.0,0.0,0.0,0.0,0.0,0.0,1.0,0.0,False,False,False,0.0,False
pure,2,15,1,0.04908312374547745,191,-59.54929860227901,0.4334574936400318,82.79038128524607,0.48580739376346244,0.5602242358052326,1,0,1,0.005235602094240838,0.0,0.005235602094240838,1,0.0,0.0,0.47422999143600464,-0.2982567846775055,-0.10000000149011612,-0.10000000149011612,0.5985602781258357,20.0,3.1105159320256677,23.110515932025667,-1.6857737576570138,-2.400000035762787,41.18071350124259,0.17158630625517746,0.9999152421951294,-0.012023617513477802,True,False,True,-0.6028029190085662,False
pure,2,15,1,0.04908312374547745,191,-59.54929860227901,0.4334574936400318,82.79038128524607,0.48580739376346244,0.5602242358052326,1,0,1,0.005235602094240838,0.0,0.005235602094240838,2,-0.00702405720949173,-0.009999999776482582,0.47422999143600464,-0.2982567846775055,-0.10000000149011612,-0.10000000149011612,0.5912425766958842,7.70733011086543,0.5461881733495724,8.253518284215003,-2.400000035762787,-2.399748214650084,19.808306635571267,0.2541209172367244,0.9995849132537842,-0.027018895372748375,False,False,False,-0.5954852175786147,False
pure,2,15,1,0.04908312374547745,191,-59.54929860227901,0.4334574936400318,82.79038128524607,0.48580739376346244,0.5602242358052326,1,0,1,0.005235602094240838,0.0,0.005235602094240838,3,-0.017024056985974312,-0.019998950883746147,0.47422999143600464,-0.2982567846775055,-0.10000000149011612,-0.10000000149011612,0.5839973015982107,0.012964453801222048,0.003658842271611695,0.01662329607283374,-2.4000000357627864,-2.39991467952911,0.039895598864300455,0.254287148898659,0.9990047216415405,-0.04200625792145729,False,False,False,-0.5882399424809412,False
pure,2,15,1,0.04908312374547745,191,-59.54929860227901,0.4334574936400318,82.79038128524607,0.48580739376346244,0.5602242358052326,1,0,1,0.005235602094240838,0.0,0.005235602094240838,4,-0.027024056762456894,-0.029998594895005226,0.47422999143600464,-0.2982567846775055,-0.10000000149011612,-0.10000000149011612,0.5768296024740791,0.012838578235293366,0.003532966705674115,0.01637154494096748,-2.400000035762787,-2.3999155082770383,0.03929140981102116,0.2544508631062049,0.9981749653816223,-0.05698089301586151,False,False,False,-0.5810722433568096,False
pure,2,15,1,0.04908312374547745,191,-59.54929860227901,0.4334574936400318,82.79038128524607,0.48580739376346244,0.5602242358052326,1,0,1,0.005235602094240838,0.0,0.005235602094240838,5,-0.037024058401584625,-0.03999824449419975,0.47422999143600464,-0.2982567846775055,-0.10000000149011612,-0.10000000149011612,0.5697444582605466,0.012837951561884416,0.0035323400322740633,0.016370291594158478,-2.4000000357627864,-2.399915512402972,0.03928840184618006,0.254614564780564,0.9970958232879639,-0.07193826884031296,False,False,False,-0.5739870991432772,False
pure,2,15,1,0.04908312374547745,191,-59.54929860227901,0.4334574936400318,82.79038128524607,0.48580739376346244,0.5602242358052326,1,0,1,0.005235602094240838,0.0,0.005235602094240838,6,-0.04702405631542206,-0.04999789223074913,0.47422999143600464,-0.2982567846775055,-0.10000000149011612,-0.10000000149011612,0.5627471044750134,0.012837948441991012,0.0035323369123717585,0.01637028535436277,-2.400000035762787,-2.3999155124235125,0.0392883868710064,0.25477826639252654,0.9957677125930786,-0.08687393367290497,False,False,False,-0.5669897453577439,False
pure,2,15,1,0.04908312374547745,191,-59.54929860227901,0.4334574936400318,82.79038128524607,0.48580739376346244,0.5602242358052326,1,0,1,0.005235602094240838,0.0,0.005235602094240838,7,-0.05702405795454979,-0.05999753996729851,0.47422999143600464,-0.2982567846775055,-0.10000000149011612,-0.10000000149011612,0.5558428747177382,0.012837948426449189,0.003532336896838834,0.016370285323288023,-2.4000000357627864,-2.3999155124236147,0.03928838679642867,0.25494196800417834,0.99419105052948,-0.1017833799123764,False,False,False,-0.5600855156004687,False
pure,2,15,1,0.04908312374547745,191,-59.54929860227901,0.4334574936400318,82.79038128524607,0.48580739376346244,0.5602242358052326,1,0,1,0.005235602094240838,0.0,0.005235602094240838,8,-0.06702405959367752,-0.06999718397855759,0.47422999143600464,-0.2982567846775055,-0.10000000149011612,-0.10000000149011612,0.549037198805085,0.012837948426382013,0.0035323368967627635,0.016370285323144777,-2.400000035762787,-2.3999155124236156,0.039288386796084894,0.2551056696158287,0.9923663139343262,-0.11666218936443329,False,False,False,-0.5532798396878155,False
pure,2,15,1,0.04908312374547745,191,-59.54929860227901,0.4334574936400318,82.79038128524607,0.48580739376346244,0.5602242358052326,1,0,1,0.005235602094240838,0.0,0.005235602094240838,9,-0.07702405750751495,-0.07999683171510696,0.47422999143600464,-0.2982567846775055,-0.10000000149011612,-0.10000000149011612,0.5423358904041418,0.012837948426371815,0.0035323368967614625,0.016370285323133275,-2.4000000357627864,-2.399915512423616,0.0392883867960573,0.25526937122747895,0.9902942776679993,-0.13150586187839508,False,False,False,-0.5465785312868723,False
pure,2,15,1,0.04908312374547745,191,-59.54929860227901,0.4334574936400318,82.79038128524607,0.48580739376346244,0.5602242358052326,1,0,1,0.005235602094240838,0.0,0.005235602094240838,10,-0.08702405542135239,-0.08999648690223694,0.47422999143600464,-0.2982567846775055,-0.10000000149011612,-0.10000000149011612,0.5357446372536344,0.01283794842638067,0.0035323368967614182,0.016370285323142088,-2.400000035762787,-2.399915512423615,0.03928838679607844,0.25543307283912925,0.987975537776947,-0.1463099867105484,False,False,False,-0.5399872781363649,False
pure,2,15,1,0.04908312374547745,191,-59.54929860227901,0.4334574936400318,82.79038128524607,0.48580739376346244,0.5602242358052326,1,0,1,0.005235602094240838,0.0,0.005235602094240838,11,-0.09702406078577042,-0.09999613463878632,0.47422999143600464,-0.2982567846775055,-0.10000000149011612,-0.10000000149011612,0.5292694396371489,0.01283794842637249,0.003532336896762135,0.016370285323134625,-2.4000000357627864,-2.3999155124236164,0.03928838679606053,0.2555967744507795,0.9854109287261963,-0.1610700935125351,False,False,False,-0.5335120805198794,False
pure,2,15,1,0.04908312374547745,191,-59.54929860227901,0.4334574936400318,82.79038128524607,0.48580739376346244,0.5602242358052326,1,0,1,0.005235602094240838,0.0,0.005235602094240838,12,-0.10702405869960785,-0.1099957823753357,0.47422999143600464,-0.2982567846775055,-0.10000000149011612,-0.10000000149011612,0.5229163293453656,0.01283794842638067,0.0035323368967614182,0.016370285323142088,-2.400000035762787,-2.3999155124236156,0.03928838679607845,0.2557604760624298,0.9826012849807739,-0.17578183114528656,False,False,False,-0.5271589702280961,False
pure,2,15,1,0.04908312374547745,191,-59.54929860227901,0.4334574936400318,82.79038128524607,0.48580739376346244,0.5602242358052326,1,0,1,0.005235602094240838,0.0,0.005235602094240838,13,-0.11702405661344528,-0.11999543011188507,0.47422999143600464,-0.2982567846775055,-0.10000000149011612,-0.10000000149011612,0.5166915962143206,0.012837948426371818,0.0035323368967614625,0.016370285323133282,-2.4000000357627864,-2.399915512423616,0.0392883867960573,0.25592417767408004,0.9795476198196411,-0.19044074416160583,False,False,False,-0.5209342370970511,False
pure,2,15,1,0.04908312374547745,191,-59.54929860227901,0.4334574936400318,82.79038128524607,0.48580739376346244,0.5602242358052326,1,0,1,0.005235602094240838,0.0,0.005235602094240838,14,-0.12702405452728271,-0.12999507784843445,0.47422999143600464,-0.2982567846775055,-0.10000000149011612,-0.10000000149011612,0.5106016130678812,0.01283794842638067,0.0035323368967614182,0.016370285323142088,-2.400000035762787,-2.399915512423615,0.03928838679607844,0.25608787928573035,0.9762510061264038,-0.20504248142242432,False,False,False,-0.5148442539506117,False
pure,2,15,1,0.04908312374547745,191,-59.54929860227901,0.4334574936400318,82.79038128524607,0.48580739376346244,0.5602242358052326,1,0,1,0.005235602094240838,0.0,0.005235602094240838,15,-0.13702405989170074,-0.13999472558498383,0.47422999143600464,-0.2982567846775055,-0.10000000149011612,-0.10000000149011612,0.5046526744352531,0.012837948426372491,0.0035323368967621355,0.01637028532313463,-2.4000000357627864,-2.3999155124236164,0.03928838679606053,0.2562515808973806,0.9727123975753784,-0.2195827066898346,False,False,False,-0.5088953153179836,False
pure,2,15,1,0.04908312374547745,191,-59.54929860227901,0.4334574936400318,82.79038128524607,0.48580739376346244,0.5602242358052326,1,0,1,0.005235602094240838,0.0,0.005235602094240838,16,-0.14702406525611877,-0.1499943733215332,0.47422999143600464,-0.2982567846775055,-0.10000000149011612,-0.10000000149011612,0.4988514538897178,0.01283794842638067,0.0035323368967614182,0.016370285323142088,-2.400000035762787,-2.3999155124236156,0.03928838679607845,0.2564152825090309,0.96893310546875,-0.23405709862709045,False,False,False,-0.5030940947724483,False
pure,2,15,1,0.04908312374547745,191,-59.54929860227901,0.4334574936400318,82.79038128524607,0.48580739376346244,0.5602242358052326,1,0,1,0.005235602094240838,0.0,0.005235602094240838,17,-0.1570240557193756,-0.15999402105808258,0.47422999143600464,-0.2982567846775055,-0.10000000149011612,-0.10000000149011612,0.49320464308842293,0.012837948426371815,0.0035323368967614625,0.016370285323133275,-2.4000000357627864,-2.399915512423616,0.0392883867960573,0.25657898412068114,0.9649144411087036,-0.24846132099628448,False,False,False,-0.4974472839711534,False
pure,2,15,1,0.04908312374547745,191,-59.54929860227901,0.4334574936400318,82.79038128524607,0.48580739376346244,0.5602242358052326,1,0,1,0.005235602094240838,0.0,0.005235602094240838,18,-0.16702406108379364,-0.16999366879463196,0.47422999143600464,-0.2982567846775055,-0.10000000149011612,-0.10000000149011612,0.48771892408423584,0.012837948426382011,0.0035323368967627635,0.016370285323144773,-2.400000035762787,-2.399915512423617,0.0392883867960849,0.2567426857323315,0.9606577157974243,-0.26279109716415405,False,False,False,-0.4919615649669663,False
pure,2,15,1,0.04908312374547745,191,-59.54929860227901,0.4334574936400318,82.79038128524607,0.48580739376346244,0.5602242358052326,1,0,1,0.005235602094240838,0.0,0.005235602094240838,19,-0.17702406644821167,-0.17999331653118134,0.47422999143600464,-0.2982567846775055,-0.10000000149011612,-0.10000000149011612,0.48240119522921765,0.012837948426370469,0.0035323368967601168,0.016370285323130587,-2.4000000357627864,-2.3999155124236156,0.03928838679605083,0.2569063873439817,0.9561644792556763,-0.2770421802997589,False,False,False,-0.4866438361119481,False
pure,2,15,1,0.04908312374547745,191,-59.54929860227901,0.4334574936400318,82.79038128524607,0.48580739376346244,0.5602242358052326,1,0,1,0.005235602094240838,0.0,0.005235602094240838,20,-0.1870240569114685,-0.1899929642677307,0.47422999143600464,-0.2982567846775055,-0.10000000149011612,-0.10000000149011612,0.47725807597452274,0.012837948426391545,0.0035323368967633915,0.01637028532315494,-2.4000000357627878,-2.3999155124236164,0.0392883867961093,0.25707008895563216,0.9514360427856445,-0.2912103533744812,False,False,False,-0.4815007168572532,False
pure,2,15,1,0.04908312374547745,191,-59.54929860227901,0.4334574936400318,82.79038128524607,0.48580739376346244,0.5602242358052326,1,0,1,0.005235602094240838,0.0,0.005235602094240838,21,-0.19702406227588654,-0.1999926120042801,0.47422999143600464,-0.2982567846775055,-0.10000000149011612,-0.10000000149011612,0.47229659774590066,0.012837948426370467,0.0035323368967601168,0.016370285323130583,-2.4000000357627873,-2.399915512423615,0.03928838679605084,0.25723379056728235,0.9464741945266724,-0.3052913546562195,False,False,False,-0.4765392386286311,False
pure,2,15,1,0.04908312374547745,191,-59.54929860227901,0.4334574936400318,82.79038128524607,0.48580739376346244,0.5602242358052326,1,0,1,0.005235602094240838,0.0,0.005235602094240838,22,-0.20702406764030457,-0.20999225974082947,0.47422999143600464,-0.2982567846775055,-0.10000000149011612,-0.10000000149011612,0.46752358230614605,0.01283794842636296,0.0035323368967615063,0.016370285323124466,-2.400000035762786,-2.3999155124236164,0.03928838679603615,0.2573974921789325,0.9412806034088135,-0.31928110122680664,False,False,False,-0.4717662231888765,False
pure,2,15,1,0.04908312374547745,191,-59.54929860227901,0.4334574936400318,82.79038128524607,0.48580739376346244,0.5602242358052326,1,0,1,0.005235602094240838,0.0,0.005235602094240838,23,-0.2170240581035614,-0.21999190747737885,0.47422999143600464,-0.2982567846775055,-0.10000000149011612,-0.10000000149011612,0.46294579439660416,0.012837948426389523,0.003532336896761373,0.016370285323150897,-2.4000000357627873,-2.3999155124236147,0.039288386796099584,0.2575611937905829,0.9358569979667664,-0.3331754207611084,False,False,False,-0.4671884352793346,False
pure,2,15,1,0.04908312374547745,191,-59.54929860227901,0.4334574936400318,82.79038128524607,0.48580739376346244,0.5602242358052326,1,0,1,0.005235602094240838,0.0,0.005235602094240838,24,-0.22702406346797943,-0.22999155521392822,0.47422999143600464,-0.2982567846775055,-0.10000000149011612,-0.10000000149011612,0.4585699154162466,0.012837948426382686,0.0035323368967634366,0.016370285323146123,-2.4000000357627878,-2.3999155124236164,0.03928838679608814,0.25772489540223326,0.9302051663398743,-0.34697026014328003,False,False,False,-0.46281255629897705,False
pure,2,15,1,0.04908312374547745,191,-59.54929860227901,0.4334574936400318,82.79038128524607,0.48580739376346244,0.5602242358052326,1,0,1,0.005235602094240838,0.0,0.005235602094240838,25,-0.23702405393123627,-0.2399912029504776,0.47422999143600464,-0.2982567846775055,-0.10000000149011612,-0.10000000149011612,0.4544026301744373,0.012837948426370469,0.0035323368967601168,0.016370285323130587,-2.4000000357627873,-2.399915512423615,0.039288386796050845,0.25788859701388345,0.9243270754814148,-0.3606615960597992,False,False,False,-0.4586452710571678,False
pure,2,15,1,0.04908312374547745,191,-59.54929860227901,0.4334574936400318,82.79038128524607,0.48580739376346244,0.5602242358052326,1,0,1,0.005235602094240838,0.0,0.005235602094240838,26,-0.2470240592956543,-0.24999085068702698,0.47422999143600464,-0.2982567846775055,-0.10000000149011612,-0.10000000149011612,0.4504503927254402,0.012837948426362959,0.0035323368967615067,0.016370285323124466,-2.400000035762786,-2.3999155124236164,0.03928838679603614,0.2580522986255336,0.9182246923446655,-0.3742453157901764,False,False,False,-0.45469303360817065,False
pure,2,15,1,0.04908312374547745,191,-59.54929860227901,0.4334574936400318,82.79038128524607,0.48580739376346244,0.5602242358052326,1,0,1,0.005235602094240838,0.0,0.005235602094240838,27,-0.25702404975891113,-0.25999051332473755,0.47422999143600464,-0.2982567846775055,-0.10000000149011612,-0.10000000149011612,0.4467195880904557,0.012837948426390198,0.003532336896762046,0.016370285323152243,-2.4000000357627873,-2.3999155124236156,0.039288386796102824,0.258216000237184,0.9119001626968384,-0.38771742582321167,False,False,False,-0.45096222897318616,False
pure,2,15,1,0.04908312374547745,191,-59.54929860227901,0.4334574936400318,82.79038128524607,0.48580739376346244,0.5602242358052326,1,0,1,0.005235602094240838,0.0,0.005235602094240838,28,-0.26702407002449036,-0.26999014616012573,0.47422999143600464,-0.2982567846775055,-0.10000000149011612,-0.10000000149011612,0.443216270856437,0.012837948426371816,0.0035323368967614625,0.01637028532313328,-2.400000035762787,-2.399915512423616,0.039288386796057305,0.25837970184883424,0.9053555727005005,-0.40107405185699463,False,False,False,-0.44745891173916746,False
pure,2,15,1,0.04908312374547745,191,-59.54929860227901,0.4334574936400318,82.79038128524607,0.48580739376346244,0.5602242358052326,1,0,1,0.005235602094240838,0.0,0.005235602094240838,29,-0.2770240604877472,-0.2799898087978363,0.47422999143600464,-0.2982567846775055,-0.10000000149011612,-0.10000000149011612,0.43994622588276294,0.012837948426371142,0.0035323368967607894,0.01637028532313193,-2.4000000357627864,-2.3999155124236156,0.039288386796054064,0.2585434034604845,0.8985930681228638,-0.41431131958961487,False,False,False,-0.4441888667654934,False
pure,2,15,1,0.04908312374547745,191,-59.54929860227901,0.4334574936400318,82.79038128524607,0.48580739376346244,0.5602242358052326,1,0,1,0.005235602094240838,0.0,0.005235602094240838,30,-0.28702405095100403,-0.2899894416332245,0.47422999143600464,-0.2982567846775055,-0.10000000149011612,-0.10000000149011612,0.43691508420743075,0.012837948426381343,0.003532336896762091,0.016370285323143434,-2.400000035762787,-2.3999155124236156,0.039288386796081674,0.25870710507213485,0.8916150331497192,-0.4274253249168396,False,False,False,-0.4411577250901612,False
pure,2,15,1,0.04908312374547745,191,-59.54929860227901,0.4334574936400318,82.79038128524607,0.48580739376346244,0.5602242358052326,1,0,1,0.005235602094240838,0.0,0.005235602094240838,31,-0.29702407121658325,-0.29998910427093506,0.47422999143600464,-0.2982567846775055,-0.10000000149011612,-0.10000000149011612,0.4341280958216289,0.012837948426371816,0.0035323368967614625,0.01637028532313328,-2.4000000357627864,-2.399915512423616,0.0392883867960573,0.2588708066837851,0.8844238519668579,-0.440412312746048,False,False,False,-0.4383707367043594,False
pure,2,15,1,0.04908312374547745,191,-59.54929860227901,0.4334574936400318,82.79038128524607,0.48580739376346244,0.5602242358052326,1,0,1,0.005235602094240838,0.0,0.005235602094240838,32,-0.3070240616798401,-0.30998873710632324,0.47422999143600464,-0.2982567846775055,-0.09510895609855652,-0.10000000149011612,0.4316428605900449,1.2524937771163376,0.08573789866812047,1.3382316757844581,-2.2826149463653564,-2.400040958413311,3.0647354843671306,0.2716405378686481,0.8772432804107666,-0.45283958315849304,False,False,False,-0.43578304689985936,False
pure,2,15,1,0.04908312374547745,191,-59.54929860227901,0.4334574936400318,82.79038128524607,0.48580739376346244,0.5602242358052326,1,0,1,0.005235602094240838,0.0,0.005235602094240838,33,-0.31653496623039246,-0.3199889063835144,0.47422999143600464,-0.2982567846775055,-0.07208344340324402,-0.10000000149011612,0.4296046009340036,5.945138688826219,0.41721285968454946,6.362351548510769,-1.7300026416778564,-2.4001942809058203,11.286497556545804,0.3186676110209223,0.8709352016448975,-0.4631357789039612,False,False,False,-0.4333027654566515,False
pure,2,15,1,0.04908312374547745,191,-59.54929860227901,0.4334574936400318,82.79038128524607,0.48580739376346244,0.5602242358052326,1,0,1,0.005235602094240838,0.0,0.005235602094240838,34,-0.3237433135509491,-0.3299897313117981,0.47422999143600464,-0.2982567846775055,-0.05243685469031334,-0.10000000149011612,0.4278832473984468,5.074721037837719,0.35630177862795503,5.431022816465674,-1.2584845125675204,-2.400165841804571,7.241641190156375,0.3488411159799072,0.8654131889343262,-0.4716343283653259,False,False,False,-0.43127067443044065,False
pure,2,15,1,0.04908312374547745,191,-59.54929860227901,0.4334574936400318,82.79038128524607,0.48580739376346244,0.5602242358052326,1,0,1,0.005235602094240838,0.0,0.005235602094240838,35,-0.3289869725704193,-0.33999040722846985,0.47422999143600464,-0.2982567846775055,-0.03561019524931908,-0.10000000149011612,0.4263845333865918,4.34774548109316,0.3053003000088682,4.653045781102028,-0.8546446859836576,-2.400142089377858,4.448541671376701,0.3673767062773101,0.8605936765670776,-0.4786088466644287,False,False,False,-0.4295690707526244,False
pure,2,15,1,0.04908312374547745,191,-59.54929860227901,0.4334574936400318,82.79038128524607,0.48580739376346244,0.5602242358052326,1,0,1,0.005235602094240838,0.0,0.005235602094240838,36,-0.33254799246788025,-0.34999099373817444,0.47422999143600464,-0.2982567846775055,-0.021155115216970444,-0.10000000149011612,0.4250400328499378,3.736024627804958,0.26237111858526574,3.9983957463902238,-0.5077227652072908,-2.4001221026608337,2.5265874757280153,0.3779041540928435,0.8563977479934692,-0.4842858910560608,False,False,False,-0.4281064289671482,False
pure,2,15,1,0.04908312374547745,191,-59.54929860227901,0.4334574936400318,82.79038128524607,0.48580739376346244,0.5602242358052326,1,0,1,0.005235602094240838,0.0,0.005235602094240838,37,-0.3346635103225708,-0.35999152064323425,0.47422999143600464,-0.2982567846775055,-0.008709218353033066,-0.10000000149011612,0.42380021241171123,3.217529214874301,0.2259737282046419,3.4435029430789426,-0.20902124047279358,-2.4001051618927685,1.2148926592665945,0.38296620683978766,0.8527523875236511,-0.4888542890548706,False,False,False,-0.42681156870586634,False
pure,2,15,1,0.04908312374547745,191,-59.54929860227901,0.4334574936400318,82.79038128524607,0.48580739376346244,0.5602242358052326,1,0,1,0.005235602094240838,0.0,0.005235602094240838,38,-0.3355344533920288,-0.3699919581413269,0.47422999143600464,-0.2982567846775055,0.0020227469503879547,-0.10000000149011612,0.42262927736835215,2.775036063722957,0.19490309696476557,2.969939160687723,0.04854592680931094,-2.400090704341828,0.6025018089152607,0.38547663104360125,0.8495907783508301,-0.4924725890159607,False,False,False,-0.4256298911918852,False
pure,2,15,1,0.04908312374547745,191,-59.54929860227901,0.4334574936400318,82.79038128524607,0.48580739376346244,0.5602242358052326,1,0,1,0.005235602094240838,0.0,0.005235602094240838,39,-0.33533215522766113,-0.3799923360347748,0.47422999143600464,-0.2982567846775055,0.011284682899713516,-0.10000000149011612,0.42150142769213605,2.3953709617163685,0.16823700525377522,2.5636079669701437,0.2708323895931244,-2.400078299567793,1.0525260270174832,0.3898621561561741,0.8468519449234009,-0.4952753782272339,False,False,False,-0.4245204689621537,False
pure,2,15,1,0.04908312374547745,191,-59.54929860227901,0.4334574936400318,82.79038128524607,0.48580739376346244,0.5602242358052326,1,0,1,0.005235602094240838,0.0,0.005235602094240838,40,-0.33420369029045105,-0.3899926543235779,0.47422999143600464,-0.2982567846775055,0.019278619438409805,-0.10000000149011612,0.42039816147311027,2.0678997845717677,0.14522230652841522,2.2131220911001828,0.4626868665218353,-2.4000676001225876,1.3053334243186099,0.3953010454241683,0.8444809913635254,-0.49737685918807983,False,False,False,-0.42345340273006254,False
pure,2,15,1,0.04908312374547745,191,-59.54929860227901,0.4334574936400318,82.79038128524607,0.48580739376346244,0.5602242358052326,1,0,1,0.005235602094240838,0.0,0.005235602094240838,41,-0.3322758376598358,-0.3999929428100586,0.47422999143600464,-0.2982567846775055,0.026174459606409073,-0.10000000149011612,0.4193061630304195,1.7843687623526894,0.1252809148366384,1.9096496771893277,0.6281870305538179,-2.4000583363313033,1.421598818272213,0.40122437383363585,0.8424282073974609,-0.49887514114379883,False,False,False,-0.4224072262521125,False
pure,2,15,1,0.04908312374547745,191,-59.54929860227901,0.4334574936400318,82.79038128524607,0.48580739376346244,0.5602242358052326,1,0,1,0.005235602094240838,0.0,0.005235602094240838,42,-0.3296583890914917,-0.40999317169189453,0.47422999143600464,-0.2982567846775055,0.03211531415581703,-0.10000000149011612,0.41821617790348264,1.5378321569999007,0.10793006636004215,1.645762223359943,0.7707675397396087,-2.4000502812562807,1.4443486943066972,0.4072424933932471,0.8406491875648499,-0.4998547434806824,False,False,False,-0.4213670910973045,False
pure,2,15,1,0.04908312374547745,191,-59.54929860227901,0.4334574936400318,82.79038128524607,0.48580739376346244,0.5602242358052326,1,0,1,0.005235602094240838,0.0,0.005235602094240838,43,-0.32644686102867126,-0.41999340057373047,0.47422999143600464,-0.2982567846775055,0.03722337260842323,-0.10000000149011612,0.41712146589989296,1.3228688232430161,0.09279264360297275,1.4156614668459888,0.8933609426021575,-2.400043257772776,1.4045056975216146,0.4130946004662538,0.8391041159629822,-0.5003883838653564,False,False,False,-0.42032256300086607,False
pure,2,15,1,0.04908312374547745,191,-59.54929860227901,0.4334574936400318,82.79038128524607,0.48580739376346244,0.5602242358052326,1,0,1,0.005235602094240838,0.0,0.005235602094240838,44,-0.32272452116012573,-0.42999356985092163,0.47422999143600464,-0.2982567846775055,0.04160374775528908,-0.10000000149011612,0.4160173741421602,1.1350562447546,0.07956059038600828,1.2146168351406084,0.998489946126938,-2.400037121384193,1.3242906190017274,0.41861247804542767,0.837757408618927,-0.5005394220352173,False,False,False,-0.41926664863442403,False
pure,2,15,1,0.04908312374547745,191,-59.54929860227901,0.4334574936400318,82.79038128524607,0.48580739376346244,0.5602242358052326,1,0,1,0.005235602094240838,0.0,0.005235602094240838,45,-0.31856414675712585,-0.4399937093257904,0.47422999143600464,-0.2982567846775055,0.04534638300538063,-0.10000000149011612,0.41490073537579053,0.970468138616024,0.06795981392626174,1.0384279525422857,1.0883131921291351,-2.4000317438073355,1.2192789885230932,0.4236928071642739,0.8365775346755981,-0.5003628730773926,False,False,False,-0.41819477012506,False
pure,2,15,1,0.04908312374547745,191,-59.54929860227901,0.4334574936400318,82.79038128524607,0.48580739376346244,0.5602242358052326,1,0,1,0.005235602094240838,0.0,0.005235602094240838,46,-0.3140295147895813,-0.4499938488006592,0.47422999143600464,-0.2982567846775055,0.04853040352463722,-0.10000000149011612,0.41376919346057933,0.8263057259777339,0.057795013874872285,0.8841007398526062,1.1647296845912936,-2.400027033597883,1.101132403300884,0.42828085884469425,0.8355362415313721,-0.4999068081378937,False,False,False,-0.4171038120439009,False
pure,2,15,1,0.04908312374547745,191,-59.54929860227901,0.4334574936400318,82.79038128524607,0.48580739376346244,0.5602242358052326,1,0,1,0.005235602094240838,0.0,0.005235602094240838,47,-0.3091764748096466,-0.45999395847320557,0.47422999143600464,-0.2982567846775055,0.0512237586081028,-0.10000000149011612,0.412621272262985,0.699679084012851,0.04886387836764968,0.7485429623805007,1.2293702065944672,-2.40002289633356,0.9774390469487235,0.4323535215403139,0.8346086740493774,-0.4992132782936096,False,False,False,-0.415991952699477,False
pure,2,15,1,0.04908312374547745,191,-59.54929860227901,0.4334574936400318,82.79038128524607,0.48580739376346244,0.5602242358052326,1,0,1,0.005235602094240838,0.0,0.005235602094240838,48,-0.3040540814399719,-0.46999406814575195,0.47422999143600464,-0.2982567846775055,0.05348679795861244,-0.10000000149011612,0.4114556806750395,0.5884315419230656,0.0408363187741312,0.6292678606971968,1.2836831510066988,-2.4002723638513674,0.853377943282503,0.4359092629706577,0.8337725400924683,-0.4983190894126892,False,False,False,-0.41485784979833146,False
pure,2,15,1,0.04908312374547745,191,-59.54929860227901,0.4334574936400318,82.79038128524607,0.48580739376346244,0.5602242358052326,1,0,1,0.005235602094240838,0.0,0.005235602094240838,49,-0.29870539903640747,-0.4799951910972595,0.47422999143600464,-0.2982567846775055,0.05537313595414162,-0.10000000149011612,0.41027184475961953,0.49143302158865554,0.034200143102811685,0.5256331646914673,1.3289552628993986,-2.400227472611256,0.7351806234454025,0.4389725155683469,0.8330088257789612,-0.4972561001777649,False,False,False,-0.41370106709007054,False
pure,2,15,1,0.04908312374547745,191,-59.54929860227901,0.4334574936400318,82.79038128524607,0.48580739376346244,0.5602242358052326,1,0,1,0.005235602094240838,0.0,0.005235602094240838,50,-0.2931680977344513,-0.48999613523483276,0.47422999143600464,-0.2982567846775055,0.05692831054329872,-0.10000000149011612,0.409069198128666,0.4059520062473645,0.028163630682680962,0.43411563693004546,1.3662794530391693,-2.400187911711033,0.6222418909702674,0.4415651901140563,0.8323007822036743,-0.4960519075393677,False,False,False,-0.41252126259812266,False
pure,2,15,1,0.04908312374547745,191,-59.54929860227901,0.4334574936400318,82.79038128524607,0.48580739376346244,0.5602242358052326,1,0,1,0.005235602094240838,0.0,0.005235602094240838,51,-0.28747525811195374,-0.49999693036079407,0.47422999143600464,-0.2982567846775055,0.058193448930978775,-0.10000000149011612,0.407847127047475,0.33107873149032857,0.022875277159955278,0.35395400865028387,1.3966427743434906,-2.4001532601086835,0.5173028891261324,0.4437206188187485,0.8316330909729004,-0.49473145604133606,False,False,False,-0.4113181256774026,False
pure,2,15,1,0.04908312374547745,191,-59.54929860227901,0.4334574936400318,82.79038128524607,0.48580739376346244,0.5602242358052326,1,0,1,0.005235602094240838,0.0,0.005235602094240838,52,-0.2816559076309204,-0.509997546672821,0.47422999143600464,-0.2982567846775055,0.05920511856675148,-0.10000000149011612,0.40660542450333664,0.2656367257699397,0.01825246698437476,0.28388919275431446,1.4209228456020353,-2.4001229733292346,0.4212574576065614,0.44547585822544256,0.830993115901947,-0.49331584572792053,False,False,False,-0.4100917868265016,False
pure,2,15,1,0.04908312374547745,191,-59.54929860227901,0.4334574936400318,82.79038128524607,0.48580739376346244,0.5602242358052326,1,0,1,0.005235602094240838,0.0,0.005235602094240838,53,-0.27573540806770325,-0.5199980735778809,0.47422999143600464,-0.2982567846775055,0.059995923191308975,-0.10000000149011612,0.4053435957860921,0.20860351442727548,0.014223214739352378,0.22282672916662785,1.4399021565914154,-2.4000965781679904,0.33450573932285055,0.44686963213928776,0.8303692936897278,-0.49182388186454773,False,False,False,-0.4088421040457461,False
pure,2,15,1,0.04908312374547745,191,-59.54929860227901,0.4334574936400318,82.79038128524607,0.48580739376346244,0.5602242358052326,1,0,1,0.005235602094240838,0.0,0.005235602094240838,54,-0.26973581314086914,-0.5299984812736511,0.47422999143600464,-0.2982567846775055,0.060594383627176285,-0.10000000149011612,0.40406136463804154,0.15892572891123355,0.010713333975649364,0.1696390628868829,1.4542652070522308,-2.4000735871224554,0.2568329479659994,0.44793976942247943,0.8297519087791443,-0.49027174711227417,False,False,False,-0.4075691435061207,False
pure,2,15,1,0.04908312374547745,191,-59.54929860227901,0.4334574936400318,82.79038128524607,0.48580739376346244,0.5602242358052326,1,0,1,0.005235602094240838,0.0,0.005235602094240838,55,-0.26367637515068054,-0.5399987697601318,0.47422999143600464,-0.2982567846775055,0.06102624908089638,-0.10000000149011612,0.4027584006217231,0.11588891497139027,0.007672392401137744,0.12356130737252802,1.4646299779415128,-2.400053669540811,0.18814853251472088,0.44872372164129076,0.829132616519928,-0.48867329955101013,False,False,False,-0.40627291116387737,False
pure,2,15,1,0.04908312374547745,191,-59.54929860227901,0.4334574936400318,82.79038128524607,0.48580739376346244,0.5602242358052326,1,0,1,0.005235602094240838,0.0,0.005235602094240838,56,-0.2575737535953522,-0.5499989986419678,0.47422999143600464,-0.2982567846775055,0.061313990503549576,-0.10000000149011612,0.401434353839636,0.07864756439637188,0.005040814087468172,0.08368837848384006,1.4715357720851898,-2.400036434119023,0.12783084186417884,0.4492563501490582,0.8285040855407715,-0.48704078793525696,False,False,False,-0.404953368704796,False
pure,2,15,1,0.04908312374547745,191,-59.54929860227901,0.4334574936400318,82.79038128524607,0.48580739376346244,0.5602242358052326,1,0,1,0.005235602094240838,0.0,0.005235602094240838,57,-0.2514423429965973,-0.5599991679191589,0.47422999143600464,-0.2982567846775055,0.06147781386971474,-0.10000000149011612,0.400088726080813,0.04640178593848232,0.0025611943670764904,0.04896298030555881,1.4754675328731537,-2.4003055389289285,0.07461197764512797,0.4495672333892462,0.8278597593307495,-0.485385000705719,False,False,False,-0.403610312513866,False
pure,2,15,1,0.04908312374547745,191,-59.54929860227901,0.4334574936400318,82.79038128524607,0.48580739376346244,0.5602242358052326,1,0,1,0.005235602094240838,0.0,0.005235602094240838,58,-0.24529457092285156,-0.570000410079956,0.47422999143600464,-0.2982567846775055,0.06153646484017372,-0.10000000149011612,0.3987214005900364,0.019549253614679764,0.0009803485918610496,0.020529602206540813,1.4768751561641693,-2.400128745439671,0.031224769820950137,0.4496973365968335,0.8271950483322144,-0.48371410369873047,False,False,False,-0.4022439085854035,False
pure,2,15,1,0.04908312374547745,191,-59.54929860227901,0.4334574936400318,82.79038128524607,0.48580739376346244,0.5602242358052326,1,0,1,0.005235602094240838,0.0,0.005235602094240838,59,-0.23914092779159546,-0.5800009965896606,0.47422999143600464,-0.2982567846775055,0.06150412932038307,-0.10000000149011612,0.39733217244709046,0.004000875294945344,0.0006980726470020273,0.004698947941947372,1.476099103689194,-2.399973694533775,0.00758104442651949,0.449728924281944,0.8265056014060974,-0.4820358455181122,False,False,False,-0.40085417216384917,False
pure,2,15,1,0.04908312374547745,191,-59.54929860227901,0.4334574936400318,82.79038128524607,0.48580739376346244,0.5602242358052326,1,0,1,0.005235602094240838,0.0,0.005235602094240838,60,-0.23299051821231842,-0.5900008678436279,0.47422999143600464,-0.2982567846775055,0.061395082622766495,-0.10000000149011612,0.3959206976117878,0.023869920471716457,0.002118360407603746,0.025988280879320202,1.4734819829463957,-2.399842879391924,0.04025562988961115,0.4498966560731507,0.8257877826690674,-0.48035651445388794,False,False,False,-0.3994409847380905,False
pure,2,15,1,0.04908312374547745,191,-59.54929860227901,0.4334574936400318,82.79038128524607,0.48580739376346244,0.5602242358052326,1,0,1,0.005235602094240838,0.0,0.005235602094240838,61,-0.22685100138187408,-0.6000002026557922,0.47422999143600464,-0.2982567846775055,0.06122151389718056,-0.10000000149011612,0.39448643344247714,0.04059141629169591,0.003313937186744779,0.043905353478440684,1.4693163335323336,-2.399732787294986,0.06759419468066681,0.45017829855098684,0.8250381946563721,-0.47868168354034424,False,False,False,-0.398003998797182,False
pure,2,15,1,0.04908312374547745,191,-59.54929860227901,0.4334574936400318,82.79038128524607,0.48580739376346244,0.5602242358052326,1,0,1,0.005235602094240838,0.0,0.005235602094240838,62,-0.22072885930538177,-0.6099991202354431,0.47422999143600464,-0.2982567846775055,0.06099450960755348,-0.10000000149011612,0.393029167975131,0.05470413805071358,0.004559741001231101,0.059263879051944676,1.4638682305812836,-2.3999747185044633,0.09102291289965522,0.45055756068806874,0.8242542743682861,-0.4770161807537079,False,False,False,-0.39654318253213494,False
pure,2,15,1,0.04908312374547745,191,-59.54929860227901,0.4334574936400318,82.79038128524607,0.48580739376346244,0.5602242358052326,1,0,1,0.005235602094240838,0.0,0.005235602094240838,63,-0.2146293967962265,-0.6199989914894104,0.47422999143600464,-0.2982567846775055,0.06072467938065529,-0.10000000149011612,0.3915485799414466,0.0656220399633468,0.0051562659874181595,0.07077830595076495,1.457392305135727,-2.3999696656628875,0.10801193804778367,0.4510076104299345,0.8234341740608215,-0.4753633141517639,False,False,False,-0.3950583861125062,False
pure,2,15,1,0.04908312374547745,191,-59.54929860227901,0.4334574936400318,82.79038128524607,0.48580739376346244,0.5602242358052326,1,0,1,0.005235602094240838,0.0,0.005235602094240838,64,-0.20855693519115448,-0.6299988627433777,0.47422999143600464,-0.2982567846775055,0.060419414192438126,-0.10000000149011612,0.3900444812082836,0.07482107226341753,0.005806677814598173,0.0806277500780157,1.450065940618515,-2.3999654083199267,0.12243131442203278,0.45151774090669294,0.8225764036178589,-0.4737260639667511,False,False,False,-0.3935495427751133,False
pure,2,15,1,0.04908312374547745,191,-59.54929860227901,0.4334574936400318,82.79038128524607,0.48580739376346244,0.5602242358052326,1,0,1,0.005235602094240838,0.0,0.005235602094240838,65,-0.20251499116420746,-0.639998733997345,0.47422999143600464,-0.2982567846775055,0.060086075216531754,-0.10000000149011612,0.3885165715410332,0.08211959760613194,0.006322979191996286,0.08844257679812823,1.442065805196762,-2.3999620305379517,0.13359677362499336,0.4520743941301304,0.8216797709465027,-0.4721066355705261,False,False,False,-0.3920164720906834,False
pure,2,15,1,0.04908312374547745,191,-59.54929860227901,0.4334574936400318,82.79038128524607,0.48580739376346244,0.5602242358052326,1,0,1,0.005235602094240838,0.0,0.005235602094240838,66,-0.19650638103485107,-0.6499985456466675,0.47422999143600464,-0.2982567846775055,0.05973104014992714,-0.10000000149011612,0.38696469053208965,0.08777105236620515,0.006722925631866814,0.09449397799807197,1.4335449635982513,-2.3999594150257586,0.14195849873600855,0.4526658878748638,0.8207434415817261,-0.470506876707077,False,False,False,-0.3904591171401753,False
pure,2,15,1,0.04908312374547745,191,-59.54929860227901,0.4334574936400318,82.79038128524607,0.48580739376346244,0.5602242358052326,1,0,1,0.005235602094240838,0.0,0.005235602094240838,67,-0.19053328037261963,-0.6599984169006348,0.47422999143600464,-0.2982567846775055,0.05935973301529884,-0.10000000149011612,0.3853887059322659,0.09202143502544186,0.007023891721347092,0.09904532674678895,1.4246335923671722,-2.399957447934427,0.1479538688052095,0.45328236232821884,0.8197668790817261,-0.46892812848091125,False,False,False,-0.38887743351674714,False
pure,2,15,1,0.04908312374547745,191,-59.54929860227901,0.4334574936400318,82.79038128524607,0.48580739376346244,0.5602242358052326,1,0,1,0.005235602094240838,0.0,0.005235602094240838,68,-0.18459731340408325,-0.6699982285499573,0.47422999143600464,-0.2982567846775055,0.058977160602808,-0.10000000149011612,0.3837884162845854,0.09497811378277896,0.007233504283488135,0.1022116180662671,1.415451854467392,-2.399956079573595,0.1517970398694284,0.45391484999434145,0.8187497854232788,-0.4673711061477661,False,False,False,-0.3872712995591406,False
pure,2,15,1,0.04908312374547745,191,-59.54929860227901,0.4334574936400318,82.79038128524607,0.48580739376346244,0.5602242358052326,1,0,1,0.005235602094240838,0.0,0.005235602094240838,69,-0.17869959771633148,-0.6799980401992798,0.47422999143600464,-0.2982567846775055,0.05858713760972023,-0.10000000149011612,0.3821635926886531,0.09694886482571416,0.007373431154851637,0.10432229598056579,1.4060913026332857,-2.399955167503411,0.1540148598339236,0.4545565785769828,0.8176918029785156,-0.4658365845680237,False,False,False,-0.38564054649314605,False
pure,2,15,1,0.04908312374547745,191,-59.54929860227901,0.4334574936400318,82.79038128524607,0.48580739376346244,0.5602242358052326,1,0,1,0.005235602094240838,0.0,0.005235602094240838,70,-0.172840878367424,-0.6899978518486023,0.47422999143600464,-0.2982567846775055,0.058193329721689224,-0.10000000149011612,0.3805142952613816,0.09797189964972496,0.007446457079082333,0.10541835672880728,1.3966399133205412,-2.399954694039468,0.1547026250555477,0.45520117284804756,0.8165931701660156,-0.4643247723579407,False,False,False,-0.38398529187965247,False
pure,2,15,1,0.04908312374547745,191,-59.54929860227901,0.4334574936400318,82.79038128524607,0.48580739376346244,0.5602242358052326,1,0,1,0.005235602094240838,0.0,0.005235602094240838,71,-0.16702154278755188,-0.6999976634979248,0.47422999143600464,-0.2982567846775055,0.05779868736863136,-0.10000000149011612,0.3788402195086525,0.09823180551839744,0.007465566839554165,0.10569737235795161,1.3871684968471527,-2.3999545737541617,0.15418108728579263,0.4558435940450717,0.815453827381134,-0.4628356397151947,False,False,False,-0.3823052765985773,False
pure,2,15,1,0.04908312374547745,191,-59.54929860227901,0.4334574936400318,82.79038128524607,0.48580739376346244,0.5602242358052326,1,0,1,0.005235602094240838,0.0,0.005235602094240838,72,-0.16124168038368225,-0.7099974751472473,0.47422999143600464,-0.2982567846775055,0.0574057437479496,-0.10000000149011612,0.37714143462854594,0.09783622706816332,0.007438384363980641,0.10527461143214396,1.3777378499507904,-2.399954756829193,0.1526444590656479,0.45647961262451187,0.8142741918563843,-0.46136900782585144,False,False,False,-0.38060060762244435,False
pure,2,15,1,0.04908312374547745,191,-59.54929860227901,0.4334574936400318,82.79038128524607,0.48580739376346244,0.5602242358052326,1,0,1,0.005235602094240838,0.0,0.005235602094240838,73,-0.1555010974407196,-0.7199972867965698,0.47422999143600464,-0.2982567846775055,0.057016823440790176,-0.10000000149011612,0.37541775680915057,0.09683887717037498,0.007368716985809714,0.10420759415618469,1.3684037625789645,-2.3999552184060664,0.15019927466691474,0.457105442935624,0.8130545020103455,-0.45992445945739746,False,False,False,-0.3788711360080594,False
pure,2,15,1,0.04908312374547745,191,-59.54929860227901,0.4334574936400318,82.79038128524607,0.48580739376346244,0.5602242358052326,1,0,1,0.005235602094240838,0.0,0.005235602094240838,74,-0.1497994214296341,-0.7299970984458923,0.47422999143600464,-0.2982567846775055,0.05663350597023964,-0.10000000149011612,0.37366925507576415,0.09543221733309987,0.007270107011672257,0.10270232434477213,1.3592041432857516,-2.399955869412951,0.14715980119601874,0.4577186087739407,0.8117952346801758,-0.4585016369819641,False,False,False,-0.37711695268542716,False
pure,2,15,1,0.04908312374547745,191,-59.54929860227901,0.4334574936400318,82.79038128524607,0.48580739376346244,0.5602242358052326,1,0,1,0.005235602094240838,0.0,0.005235602094240838,75,-0.14413607120513916,-0.7399969100952148,0.47422999143600464,-0.2982567846775055,0.05625743046402931,-0.10000000149011612,0.3718959174748942,0.09360073107331379,0.0071415231239666905,0.10074225419728049,1.3501783311367037,-2.3999567170309266,0.14351702526493776,0.4583165963792113,0.8104970455169678,-0.457099586725235,False,False,False,-0.3753380693939015,False
pure,2,15,1,0.04908312374547745,191,-59.54929860227901,0.4334574936400318,82.79038128524607,0.48580739376346244,0.5602242358052326,1,0,1,0.005235602094240838,0.0,0.005235602094240838,76,-0.1385103315114975,-0.7499967217445374,0.47422999143600464,-0.2982567846775055,0.05588961020112038,-0.10000000149011612,0.37009772897902155,0.09150610461321688,0.006994321546960262,0.09850042616017715,1.341350644826889,-2.399957686431068,0.13952784818653297,0.45889796241332187,0.8091604709625244,-0.4557175636291504,False,False,False,-0.37353448384645604,False
pure,2,15,1,0.04908312374547745,191,-59.54929860227901,0.4334574936400318,82.79038128524607,0.48580739376346244,0.5602242358052326,1,0,1,0.005235602094240838,0.0,0.005235602094240838,77,-0.13292136788368225,-0.7599965333938599,0.47422999143600464,-0.2982567846775055,0.05553120747208595,-0.10000000149011612,0.36827465592160913,0.08910975294600616,0.006825839366383815,0.09593559231238998,1.332748979330063,-2.399958795470646,0.1351426655109664,0.4594610568529509,0.8077859282493591,-0.45435500144958496,False,False,False,-0.371706178022773,False
pure,2,15,1,0.04908312374547745,191,-59.54929860227901,0.4334574936400318,82.79038128524607,0.48580739376346244,0.5602242358052326,1,0,1,0.005235602094240838,0.0,0.005235602094240838,78,-0.1273682415485382,-0.7699964046478271,0.47422999143600464,-0.2982567846775055,0.05518296733498573,-0.10000000149011612,0.3664267700427872,0.08651945452543722,0.006643635974277305,0.09316309049971452,1.3243912160396578,-2.3999599942694316,0.1305300661447864,0.4600049321285542,0.8063741326332092,-0.4530109167098999,False,False,False,-0.3698532323801619,False
pure,2,15,1,0.04908312374547745,191,-59.54929860227901,0.4334574936400318,82.79038128524607,0.48580739376346244,0.5602242358052326,1,0,1,0.005235602094240838,0.0,0.005235602094240838,79,-0.12184994667768478,-0.7799962162971497,0.47422999143600464,-0.2982567846775055,0.054845426231622696,-0.10000000149011612,0.36455410719423176,0.08378913086287501,0.006451533386798973,0.09024066424967399,1.316290229558945,-2.3999612578723686,0.12577424448022587,0.46052899148055515,0.804925799369812,-0.45168420672416687,False,False,False,-0.3679756885817516,False
pure,2,15,1,0.04908312374547745,191,-59.54929860227901,0.4334574936400318,82.79038128524607,0.48580739376346244,0.5602242358052326,1,0,1,0.005235602094240838,0.0,0.005235602094240838,80,-0.11636541038751602,-0.7899960279464722,0.47422999143600464,-0.2982567846775055,0.05451912060379982,-0.10000000149011612,0.36265660506935204,0.080918752807992,0.006249543876890013,0.08716829668488202,1.3084588944911957,-2.3999625862929466,0.12087753332868376,0.46103264786942466,0.8034414649009705,-0.45037388801574707,False,False,False,-0.36607348990888683,False
pure,2,15,1,0.04908312374547745,191,-59.54929860227901,0.4334574936400318,82.79038128524607,0.48580739376346244,0.5602242358052326,1,0,1,0.005235602094240838,0.0,0.005235602094240838,81,-0.11091349273920059,-0.7999958992004395,0.47422999143600464,-0.2982567846775055,0.05420437827706337,-0.10000000149011612,0.3607345092466592,0.07796222744505017,0.006041453347170612,0.08400368079222079,1.300905078649521,-2.399963954582788,0.11592072789259786,0.4615156509023105,0.8019219636917114,-0.4490790367126465,False,False,False,-0.36414688439877024,False
pure,2,15,1,0.04908312374547745,191,-59.54929860227901,0.4334574936400318,82.79038128524607,0.48580739376346244,0.5602242358052326,1,0,1,0.005235602094240838,0.0,0.005235602094240838,82,-0.10549305379390717,-0.8099957704544067,0.47422999143600464,-0.2982567846775055,0.05390140786767006,-0.10000000149011612,0.3587877442545589,0.07495038000041518,0.0058294432280126115,0.08077982322842779,1.2936337888240812,-2.399965348475873,0.11094880580187934,0.46197793759315164,0.8003678321838379,-0.44779857993125916,False,False,False,-0.36219579747387726,False
pure,2,15,1,0.04908312374547745,191,-59.54929860227901,0.4334574936400318,82.79038128524607,0.48580739376346244,0.5602242358052326,1,0,1,0.005235602094240838,0.0,0.005235602094240838,83,-0.10010291635990143,-0.8199955821037292,0.47422999143600464,-0.2982567846775055,0.05361014977097511,-0.10000000149011612,0.35681647518528914,0.07195257953197678,0.005618397039830788,0.07757097657180757,1.2866435945034027,-2.3999667358679715,0.10606129156730754,0.46241985964134874,0.7987798452377319,-0.4465314745903015,False,False,False,-0.36022039109720205,False
pure,2,15,1,0.04908312374547745,191,-59.54929860227901,0.4334574936400318,82.79038128524607,0.48580739376346244,0.5602242358052326,1,0,1,0.005235602094240838,0.0,0.005235602094240838,84,-0.09474190324544907,-0.8299954533576965,0.47422999143600464,-0.2982567846775055,0.053330812603235245,-0.10000000149011612,0.35482071541622345,0.06889949604152305,0.005403461915932625,0.07430295795745567,1.2799395024776459,-2.3999681488452373,0.10115532317608411,0.46284134015458245,0.7971585988998413,-0.44527667760849,False,False,False,-0.3582206799872226,False
pure,2,15,1,0.04908312374547745,191,-59.54929860227901,0.4334574936400318,82.79038128524607,0.48580739376346244,0.5602242358052326,1,0,1,0.005235602094240838,0.0,0.005235602094240838,85,-0.08940882235765457,-0.8399953246116638,0.47422999143600464,-0.2982567846775055,0.053063396364450455,-0.10000000149011612,0.35280060916367884,0.06584504713692957,0.0051884025799802365,0.07103344971690981,1.2735215127468107,-2.399969562454421,0.09630709230642016,0.46324261970585917,0.7955048084259033,-0.4440331757068634,False,False,False,-0.35619680590156433,False
pure,2,15,1,0.04908312374547745,191,-59.54929860227901,0.4334574936400318,82.79038128524607,0.48580739376346244,0.5602242358052326,1,0,1,0.005235602094240838,0.0,0.005235602094240838,86,-0.08410248160362244,-0.8499951958656311,0.47422999143600464,-0.2982567846775055,0.052807871252298355,-0.10000000149011612,0.35075628554572796,0.06279696875842203,0.004973778359702582,0.06777074711812461,1.2673889100551603,-2.3999709731153045,0.09152510547949969,0.46362397431202373,0.7938191890716553,-0.4427998960018158,False,False,False,-0.3541488959466431,False
pure,2,15,1,0.04908312374547745,191,-59.54929860227901,0.4334574936400318,82.79038128524607,0.48580739376346244,0.5602242358052326,1,0,1,0.005235602094240838,0.0,0.005235602094240838,87,-0.07882169634103775,-0.8599950671195984,0.47422999143600464,-0.2982567846775055,0.052563998848199844,-0.10000000149011612,0.34868772670530745,0.05980923038748813,0.004763383551456628,0.06457261393894476,1.2615359723567963,-2.39997235585063,0.08688348445660098,0.4639859888305929,0.7921022176742554,-0.44157591462135315,False,False,False,-0.3520769269009776,False
pure,2,15,1,0.04908312374547745,191,-59.54929860227901,0.4334574936400318,82.79038128524607,0.48580739376346244,0.5602242358052326,1,0,1,0.005235602094240838,0.0,0.005235602094240838,88,-0.0735652968287468,-0.8699949383735657,0.47422999143600464,-0.2982567846775055,0.052331600338220596,-0.10000000149011612,0.34659515071103186,0.05686646887310508,0.004556154565393749,0.06142262343849883,1.255958408117294,-2.3999737177705156,0.08235657093216185,0.4643291412094769,0.7903547286987305,-0.44036006927490234,False,False,False,-0.3499811123628339,False
pure,2,15,1,0.04908312374547745,191,-59.54929860227901,0.4334574936400318,82.79038128524607,0.48580739376346244,0.5602242358052326,1,0,1,0.005235602094240838,0.0,0.005235602094240838,89,-0.06833213567733765,-0.8799948692321777,0.47422999143600464,-0.2982567846775055,0.05211052671074867,-0.10000000149011612,0.3444786163647203,0.053960997618321814,0.004351544716564052,0.058312542334885864,1.2506526410579681,-2.3999750624323446,0.07793006298828986,0.4646538498052614,0.7885771989822388,-0.4391515851020813,False,False,False,-0.34786150800478743,False
pure,2,15,1,0.04908312374547745,191,-59.54929860227901,0.4334574936400318,82.79038128524607,0.48580739376346244,0.5602242358052326,1,0,1,0.005235602094240838,0.0,0.005235602094240838,90,-0.06312108039855957,-0.889994740486145,0.47422999143600464,-0.2982567846775055,0.05190077796578407,-0.10000000149011612,0.342338187808541,0.051054297720609716,0.00414684256162142,0.05520114028223114,1.2456186711788177,-2.3999764076627934,0.07354651079889696,0.4649602936002568,0.786770224571228,-0.43794941902160645,False,False,False,-0.3457181764043843,False
pure,2,15,1,0.04908312374547745,191,-59.54929860227901,0.4334574936400318,82.79038128524607,0.48580739376346244,0.5602242358052326,1,0,1,0.005235602094240838,0.0,0.005235602094240838,91,-0.05793100222945213,-0.8999946713447571,0.47422999143600464,-0.2982567846775055,0.05170184746384621,-0.10000000149011612,0.3401740448615611,0.04827739573133813,0.003951244233110885,0.052228639964449014,1.2408443391323092,-2.399977692822335,0.06938763121964024,0.46524940873033865,0.7849345207214355,-0.4367525279521942,False,False,False,-0.3435512884399951,False
pure,2,15,1,0.04908312374547745,191,-59.54929860227901,0.4334574936400318,82.79038128524607,0.48580739376346244,0.5602242358052326,1,0,1,0.005235602094240838,0.0,0.005235602094240838,92,-0.05276081711053848,-0.9099945425987244,0.47422999143600464,-0.2982567846775055,0.051513466984033585,-0.10000000149011612,0.3379866462234114,0.04535744394835606,0.0035491746347898357,0.04890661858314589,1.2363232076168063,-2.399701408404937,0.06459341996131131,0.46551854798017744,0.7830711007118225,-0.43555986881256104,False,False,False,-0.3413612978938673,False
pure,2,15,1,0.04908312374547745,191,-59.54929860227901,0.4334574936400318,82.79038128524607,0.48580739376346244,0.5602242358052326,1,0,1,0.005235602094240838,0.0,0.005235602094240838,93,-0.047609470784664154,-0.9199933409690857,0.47422999143600464,-0.2982567846775055,0.05133507028222084,-0.10000000149011612,0.33577564555511186,0.04301612059677998,0.003590619490185388,0.046606740086965366,1.2320416867733004,-2.3997168233654262,0.06161412377540218,0.4657752734959083,0.7811799049377441,-0.43437081575393677,False,False,False,-0.3391478497098417,False
pure,2,15,1,0.04908312374547745,191,-59.54929860227901,0.4334574936400318,82.79038128524607,0.48580739376346244,0.5602242358052326,1,0,1,0.005235602094240838,0.0,0.005235602094240838,94,-0.04247596487402916,-0.929992139339447,0.47422999143600464,-0.2982567846775055,0.05116668716073036,-0.10000000149011612,0.33354139051222037,0.040445211437411414,0.003410625290090048,0.043855836727501464,1.2280004918575287,-2.399733749888235,0.0578513321552744,0.46601632071322197,0.7792617082595825,-0.43318456411361694,False,False,False,-0.33691129064940645,False
pure,2,15,1,0.04908312374547745,191,-59.54929860227901,0.4334574936400318,82.79038128524607,0.48580739376346244,0.5602242358052326,1,0,1,0.005235602094240838,0.0,0.005235602094240838,95,-0.03735929727554321,-0.9399910569190979,0.47422999143600464,-0.2982567846775055,0.0510086752474308,-0.10000000149011612,0.331283797326901,0.037780022920659115,0.0032233219310470332,0.04100334485170615,1.2242082059383392,-2.399751297133751,0.05398578506511922,0.46624126148432665,0.7773168087005615,-0.4320003092288971,False,False,False,-0.33465154096803906,False
pure,2,15,1,0.04908312374547745,191,-59.54929860227901,0.4334574936400318,82.79038128524607,0.48580739376346244,0.5602242358052326,1,0,1,0.005235602094240838,0.0,0.005235602094240838,96,-0.03225842863321304,-0.9499899744987488,0.47422999143600464,-0.2982567846775055,0.0508602000772953,-0.10000000149011612,0.32900308392657646,0.0353280809240513,0.0030496225095331315,0.03837770343358443,1.2206448018550875,-2.3997674403926363,0.050441423143325184,0.4664514340807572,0.7753459215164185,-0.43081703782081604,False,False,False,-0.33236880585266954,False
pure,2,15,1,0.04908312374547745,191,-59.54929860227901,0.4334574936400318,82.79038128524607,0.48580739376346244,0.5602242358052326,1,0,1,0.005235602094240838,0.0,0.005235602094240838,97,-0.027172407135367393,-0.9599890112876892,0.47422999143600464,-0.2982567846775055,0.050721172243356705,-0.10000000149011612,0.32669925227911883,0.032899206823957916,0.0028784154561846487,0.035777622280142564,1.2173081338405607,-2.3997834317755697,0.04695604578522549,0.46664708427152896,0.7733492851257324,-0.4296342730522156,False,False,False,-0.3300630854830306,False
pure,2,15,1,0.04908312374547745,191,-59.54929860227901,0.4334574936400318,82.79038128524607,0.48580739376346244,0.5602242358052326,1,0,1,0.005235602094240838,0.0,0.005235602094240838,98,-0.022100290283560753,-0.9699881076812744,0.47422999143600464,-0.2982567846775055,0.05059156194329262,-0.10000000149011612,0.32437254011462247,0.03047712158358588,0.0027077408990234626,0.033184862482609344,1.2141974866390226,-2.3997993784615574,0.04350327935329333,0.466828347935501,0.7713276147842407,-0.4284510314464569,False,False,False,-0.32773461624811207,False
pure,2,15,1,0.04908312374547745,191,-59.54929860227901,0.4334574936400318,82.79038128524607,0.48580739376346244,0.5602242358052326,1,0,1,0.005235602094240838,0.0,0.005235602094240838,99,-0.01704113371670246,-0.9799872636795044,0.47422999143600464,-0.2982567846775055,0.05047089233994484,-0.10000000149011612,0.3220230666357165,0.0281768322065219,0.002545108468386642,0.030721940674908542,1.2113014161586764,-2.3998145232598374,0.04023842502033124,0.4669960080397524,0.7692813873291016,-0.42726656794548035,False,False,False,-0.3253835101979857,False
pure,2,15,1,0.04908312374547745,191,-59.54929860227901,0.4334574936400318,82.79038128524607,0.48580739376346244,0.5602242358052326,1,0,1,0.005235602094240838,0.0,0.005235602094240838,100,-0.011994045227766037,-0.9899865388870239,0.47422999143600464,-0.2982567846775055,0.05035886541008949,-0.10000000149011612,0.31965092840688736,0.02595293194562683,0.0023880590887501918,0.02834099103437702,1.2086127698421478,-2.3998291651223678,0.03709797881354705,0.4671505829514755,0.7672109603881836,-0.4260803461074829,False,False,False,-0.32300985897975476,False
pure,2,15,1,0.04908312374547745,191,-59.54929860227901,0.4334574936400318,82.79038128524607,0.48580739376346244,0.5602242358052326,1,0,1,0.005235602094240838,0.0,0.005235602094240838,101,-0.006958158686757088,-0.9999858140945435,0.47422999143600464,-0.2982567846775055,0.05025545135140419,-0.10000000149011612,0.3172563001660351,0.023736179277876766,0.002231814204908498,0.025967993482785265,1.2061308324337006,-2.399843759926095,0.03398494306418513,0.4672921868809096,0.7651169300079346,-0.42489147186279297,False,False,False,-0.3206138364372496,False
pure,2,15,1,0.04908312374547745,191,-59.54929860227901,0.4334574936400318,82.79038128524607,0.48580739376346244,0.5602242358052326,1,0,1,0.005235602094240838,0.0,0.005235602094240838,102,-0.0019326136680319905,-1.0099852085113525,0.47422999143600464,-0.2982567846775055,0.050160232931375504,-0.10000000149011612,0.31483926028863807,0.021625972066247248,0.002082607468781511,0.023708579535028758,1.2038455903530123,-2.399857653248762,0.03103229258171751,0.4674214881000001,0.7629996538162231,-0.42369934916496277,False,False,False,-0.31819551491097825,False
pure,2,15,1,0.04908312374547745,191,-59.54929860227901,0.4334574936400318,82.79038128524607,0.48580739376346244,0.5602242358052326,1,0,1,0.005235602094240838,0.0,0.005235602094240838,103,0.0030834097415208817,-1.0199846029281616,0.47422999143600464,-0.2982567846775055,0.050073061138391495,-0.10000000149011612,0.3123998038070466,0.019553802285821816,0.001936383370724824,0.02149018565654664,1.201753467321396,-2.3998712961380595,0.028145920566024978,0.46753876276902523,0.7608593702316284,-0.42250344157218933,False,False,False,-0.3157548865275647,False
pure,2,15,1,0.04908312374547745,191,-59.54929860227901,0.4334574936400318,82.79038128524607,0.48580739376346244,0.5602242358052326,1,0,1,0.005235602094240838,0.0,0.005235602094240838,104,0.008090715855360031,-1.0299839973449707,0.47422999143600464,-0.2982567846775055,0.04999363794922829,-0.10000000149011612,0.3099384111656456,0.017557706420281483,0.0017953319003906959,0.01935303832067218,1.1998473107814787,-2.3998844381668523,0.02537515592095759,0.46764449258536256,0.758696973323822,-0.4213029146194458,False,False,False,-0.31329242770808025,False
pure,2,15,1,0.04908312374547745,191,-59.54929860227901,0.4334574936400318,82.79038128524607,0.48580739376346244,0.5602242358052326,1,0,1,0.005235602094240838,0.0,0.005235602094240838,105,0.01309007965028286,-1.0399835109710693,0.47422999143600464,-0.2982567846775055,0.049921873956918716,-0.10000000149011612,0.3074548679580395,0.015584201942049068,0.001656102759015139,0.017240304701064208,1.1981249749660494,-2.3998974314569654,0.022646298319272624,0.46773885216169286,0.7565124034881592,-0.42009738087654114,False,False,False,-0.3108079224815075,False
pure,2,15,1,0.04908312374547745,191,-59.54929860227901,0.4334574936400318,82.79038128524607,0.48580739376346244,0.5602242358052326,1,0,1,0.005235602094240838,0.0,0.005235602094240838,106,0.0180822666734457,-1.0499831438064575,0.47422999143600464,-0.2982567846775055,0.04985756054520607,-0.10000000149011612,0.30494940222296263,0.013663721532492026,0.0015204542508705716,0.015184175783362598,1.1965814530849457,-2.3999100756436875,0.01999870924211693,0.4678221801168683,0.7543061971664429,-0.4188861846923828,False,False,False,-0.3083015955338195,False
pure,2,15,1,0.04908312374547745,191,-59.54929860227901,0.4334574936400318,82.79038128524607,0.48580739376346244,0.5602242358052326,1,0,1,0.005235602094240838,0.0,0.005235602094240838,107,0.023068023845553398,-1.0599827766418457,0.47422999143600464,-0.2982567846775055,0.04980036988854408,-0.10000000149011612,0.3024222563892104,0.011827128214420495,0.0013905641616897512,0.013217692376110245,1.1952088773250578,-2.3999221675289935,0.01747313439214764,0.4678949848435023,0.7520788908004761,-0.4176687002182007,False,False,False,-0.30577368437642827,False
pure,2,15,1,0.04908312374547745,191,-59.54929860227901,0.4334574936400318,82.79038128524607,0.48580739376346244,0.5602242358052326,1,0,1,0.005235602094240838,0.0,0.005235602094240838,108,0.028048060834407806,-1.0699824094772339,0.47422999143600464,-0.2982567846775055,0.04975006356835365,-0.10000000149011612,0.2998733859537521,0.010051594503242585,0.0012650711279890944,0.01131666563123168,1.1940015256404877,-2.3999338574059967,0.015037706204079009,0.46795764195268597,0.7498306035995483,-0.4164445400238037,False,False,False,-0.30322414137705955,False
pure,2,15,1,0.04908312374547745,191,-59.54929860227901,0.4334574936400318,82.79038128524607,0.48580739376346244,0.5602242358052326,1,0,1,0.005235602094240838,0.0,0.005235602094240838,109,0.03302306681871414,-1.0799821615219116,0.47422999143600464,-0.2982567846775055,0.049706701189279556,-0.10000000149011612,0.2973030493217715,0.008260311211048777,0.0011388028144247995,0.009399114025473576,1.1929608285427094,-2.3999456509761408,0.012587292568151567,0.46801008900505325,0.7475618720054626,-0.41521310806274414,False,False,False,-0.3006532256114491,False
pure,2,15,1,0.04908312374547745,191,-59.54929860227901,0.4334574936400318,82.79038128524607,0.48580739376346244,0.5602242358052326,1,0,1,0.005235602094240838,0.0,0.005235602094240838,110,0.03799373656511307,-1.0899819135665894,0.47422999143600464,-0.2982567846775055,0.04967007413506508,-0.10000000149011612,0.2947113116009276,0.006521939200464879,0.001015930267143225,0.007537869467608104,1.192081779241562,-2.399957096185466,0.010212873940055442,0.4680526426464702,0.7452729940414429,-0.413973867893219,False,False,False,-0.29806099905801225,False
pure,2,15,1,0.04908312374547745,191,-59.54929860227901,0.4334574936400318,82.79038128524607,0.48580739376346244,0.5602242358052326,1,0,1,0.005235602094240838,0.0,0.005235602094240838,111,0.042960744351148605,-1.0999817848205566,0.47422999143600464,-0.2982567846775055,0.049639973789453506,-0.10000000149011612,0.2920982867834546,0.004836842933047173,0.0008967976504209605,0.005733640583468134,1.1913593709468844,-2.3999681906344086,0.007914703988529944,0.4680856205797557,0.7429642677307129,-0.41272640228271484,False,False,False,-0.2954475725797393,False
pure,2,15,1,0.04908312374547745,191,-59.54929860227901,0.4334574936400318,82.79038128524607,0.48580739376346244,0.5602242358052326,1,0,1,0.005235602094240838,0.0,0.005235602094240838,112,0.047924742102622986,-1.109981656074524,0.47422999143600464,-0.2982567846775055,0.04961604252457619,-0.10000000149011612,0.28946409898340053,0.003029463072921368,0.0007839390914070872,0.0038134021643284554,1.190806374747283,-2.400000035762787,0.005488957786709114,0.46810849123720033,0.7406360507011414,-0.4114701747894287,False,False,False,-0.2928130655968124,False
pure,2,15,1,0.04908312374547745,191,-59.54929860227901,0.4334574936400318,82.79038128524607,0.48580739376346244,0.5602242358052326,1,0,1,0.005235602094240838,0.0,0.005235602094240838,113,0.05288643389940262,-1.1199816465377808,0.47422999143600464,-0.2982567846775055,0.04959825053811073,-0.10000000149011612,0.2868089445465082,0.0017468935260685338,0.000670915977103354,0.0024178095031718878,1.190370326462806,-2.400000035762787,0.0036896485859638376,0.4681238647729752,0.7382887005805969,-0.41020482778549194,False,False,False,-0.29015767378442225,False
pure,2,15,1,0.04908312374547745,191,-59.54929860227901,0.4334574936400318,82.79038128524607,0.48580739376346244,0.5602242358052326,1,0,1,0.005235602094240838,0.0,0.005235602094240838,114,0.0578463114798069,-1.1299816370010376,0.47422999143600464,-0.2982567846775055,0.04958665743470192,-0.10000000149011612,0.28413298698393186,0.00016752363741219588,0.0005594362244835797,0.0007269598618957756,1.1900809592777826,-2.400000035762787,0.0015420136498807992,0.46813028982984967,0.7359225749969482,-0.4089299142360687,False,False,False,-0.2874815617713102,False
pure,2,15,1,0.04908312374547745,191,-59.54929860227901,0.4334574936400318,82.79038128524607,0.48580739376346244,0.5602242358052326,1,0,1,0.005235602094240838,0.0,0.005235602094240838,115,0.06280498206615448,-1.1399816274642944,0.47422999143600464,-0.2982567846775055,0.04958093538880348,-0.10000000149011612,0.2814361090388095,0.0013545657888700308,0.00045198256314999855,0.0018065483520200293,1.189932901233009,-2.4000000357627864,0.0026966005667852476,0.4681415256655446,0.7335376739501953,-0.4076451063156128,False,False,False,-0.2847846076067483,False
pure,2,15,1,0.04908312374547745,191,-59.54929860227901,0.4334574936400318,82.79038128524607,0.48580739376346244,0.5602242358052326,1,0,1,0.005235602094240838,0.0,0.005235602094240838,116,0.06776303797960281,-1.1499816179275513,0.47422999143600464,-0.2982567846775055,0.04958093538880348,-0.10000000149011612,0.27871877346231816,0.0028373437544369695,0.00034728666028533594,0.0031846304147223055,1.1899224493894365,-2.4000000357627873,0.004209707027144204,0.46815906611149105,0.7311347126960754,-0.40634986758232117,False,False,False,-0.28206727203025694,False
pure,2,15,1,0.04908312374547745,191,-59.54929860227901,0.4334574936400318,82.79038128524607,0.48580739376346244,0.5602242358052326,1,0,1,0.005235602094240838,0.0,0.005235602094240838,117,0.07272104173898697,-1.159981608390808,0.47422999143600464,-0.2982567846775055,0.04958668723702431,-0.10000000149011612,0.27598085620338303,0.004630500651804846,0.00024222397780582564,0.004872724629610672,1.1900804936885834,-2.4000305223611225,0.006092013441706923,0.4681844495008315,0.7287136912345886,-0.4050438404083252,False,False,False,-0.27932943143779615,False
pure,2,15,1,0.04908312374547745,191,-59.54929860227901,0.4334574936400318,82.79038128524607,0.48580739376346244,0.5602242358052326,1,0,1,0.005235602094240838,0.0,0.005235602094240838,118,0.07767971605062485,-1.1699817180633545,0.47422999143600464,-0.2982567846775055,0.04959786310791969,-0.10000000149011612,0.273222718633141,0.0058360516038997185,0.00014112377911842762,0.005977175383018146,1.1903487145900733,-2.400038459547706,0.007285639022424307,0.4682148063300916,0.7262751460075378,-0.40372663736343384,False,False,False,-0.2765714427301545,False
pure,2,15,1,0.04908312374547745,191,-59.54929860227901,0.4334574936400318,82.79038128524607,0.48580739376346244,0.5602242358052326,1,0,1,0.005235602094240838,0.0,0.005235602094240838,119,0.08263950049877167,-1.1799818277359009,0.47422999143600464,-0.2982567846775055,0.049614403396844864,-0.10000000149011612,0.27044433114380384,0.007224184278525448,4.3911131697910864e-05,0.007268095410223359,1.1907456815242774,-2.4000475988279844,0.008707555038383146,0.4682510878094182,0.7238191366195679,-0.4023979902267456,False,False,False,-0.2737932758525088,False
pure,2,15,1,0.04908312374547745,191,-59.54929860227901,0.4334574936400318,82.79038128524607,0.48580739376346244,0.5602242358052326,1,0,1,0.005235602094240838,0.0,0.005235602094240838,120,0.087600938975811,-1.1899820566177368,0.47422999143600464,-0.2982567846775055,0.04963633790612221,-0.10000000149011612,0.26764584065947145,0.008621449317935946,5.477073625646519e-05,0.008676220054192411,1.1912721097469334,-2.4000567982345338,0.010401944995950456,0.46829442924690134,0.7213459610939026,-0.40105751156806946,False,False,False,-0.27099507795247646,False
pure,2,15,1,0.04908312374547745,191,-59.54929860227901,0.4334574936400318,82.79038128524607,0.48580739376346244,0.5602242358052326,1,0,1,0.005235602094240838,0.0,0.005235602094240838,121,0.09256457537412643,-1.1999822854995728,0.47422999143600464,-0.2982567846775055,0.04966333881020546,-0.10000000149011612,0.2648273879623484,0.009934920277276174,0.00014798466087205558,0.01008290493814823,1.1919201314449308,-2.4000654459520434,0.012196804353875879,0.4683452492650425,0.7188558578491211,-0.3997049331665039,False,False,False,-0.26817698534191364,False
pure,2,15,1,0.04908312374547745,191,-59.54929860227901,0.4334574936400318,82.79038128524607,0.48580739376346244,0.5602242358052326,1,0,1,0.005235602094240838,0.0,0.005235602094240838,122,0.09753090888261795,-1.2099826335906982,0.47422999143600464,-0.2982567846775055,0.0496957041323185,-0.10000000149011612,0.2619892687741429,0.011325214738969086,0.00024589166926138447,0.01157110640823047,1.1926968991756441,-2.40007459946524,0.014097706851281087,0.46840398971025615,0.7163493037223816,-0.39833980798721313,False,False,False,-0.265339298212877,False
pure,2,15,1,0.04908312374547745,191,-59.54929860227901,0.4334574936400318,82.79038128524607,0.48580739376346244,0.5602242358052326,1,0,1,0.005235602094240838,0.0,0.005235602094240838,123,0.10250047594308853,-1.2199828624725342,0.47422999143600464,-0.2982567846775055,0.049732599407434464,-0.10000000149011612,0.2591314558232681,0.012501624490402919,0.0003300645058725559,0.012831688996275474,1.1935823857784271,-2.4000823447900466,0.0157139007785477,0.46846946429683345,0.7138262987136841,-0.3969619870185852,False,False,False,-0.2624819778943912,False
pure,2,15,1,0.04908312374547745,191,-59.54929860227901,0.4334574936400318,82.79038128524607,0.48580739376346244,0.5602242358052326,1,0,1,0.005235602094240838,0.0,0.005235602094240838,124,0.10747373849153519,-1.2299832105636597,0.47422999143600464,-0.2982567846775055,0.04977479949593544,-0.10000000149011612,0.25625412080413673,0.01387690866502753,0.00042637370648903315,0.014303282371516563,1.1945951879024501,-2.4000913994775166,0.01760062418011138,0.46854280023091727,0.7112871408462524,-0.39557111263275146,False,False,False,-0.2596052068097052,False
pure,2,15,1,0.04908312374547745,191,-59.54929860227901,0.4334574936400318,82.79038128524607,0.48580739376346244,0.5602242358052326,1,0,1,0.005235602094240838,0.0,0.005235602094240838,125,0.1124512180685997,-1.2399836778640747,0.47422999143600464,-0.2982567846775055,0.049821559339761734,-0.10000000149011612,0.2533574183633731,0.01506192762945731,0.0005110745666753192,0.01557300219613263,1.1957174241542816,-2.4000992014842337,0.019236438967269235,0.46862295205994753,0.7087320685386658,-0.3941669166088104,False,False,False,-0.25670912977067695,False
pure,2,15,1,0.04908312374547745,191,-59.54929860227901,0.4334574936400318,82.79038128524607,0.48580739376346244,0.5602242358052326,1,0,1,0.005235602094240838,0.0,0.005235602094240838,126,0.11743337661027908,-1.2499840259552002,0.47422999143600464,-0.2982567846775055,0.049873027950525284,-0.10000000149011612,0.25044161763156264,0.01628482876274524,0.0005974021334287635,0.016882230896174005,1.1969526708126073,-2.4001072529020946,0.02092599847463544,0.4687101437202585,0.7061614394187927,-0.3927491307258606,False,False,False,-0.2537940179195484,False
pure,2,15,1,0.04908312374547745,191,-59.54929860227901,0.4334574936400318,82.79038128524607,0.48580739376346244,0.5602242358052326,1,0,1,0.005235602094240838,0.0,0.005235602094240838,127,0.12242067605257034,-1.2599844932556152,0.47422999143600464,-0.2982567846775055,0.04992905631661415,-0.10000000149011612,0.24750669466550568,0.017470044169725956,0.000681434258117383,0.01815147842784334,1.1982973515987398,-2.400115056202163,0.0225698282836151,0.4688041846714402,0.7035752534866333,-0.39131757616996765,False,False,False,-0.2508598455249808,False
pure,2,15,1,0.04908312374547745,191,-59.54929860227901,0.4334574936400318,82.79038128524607,0.48580739376346244,0.5602242358052326,1,0,1,0.005235602094240838,0.0,0.005235602094240838,128,0.1274135857820511,-1.2699849605560303,0.47422999143600464,-0.2982567846775055,0.04998967424035072,-0.10000000149011612,0.24455291627780346,0.01866321511576654,0.0007658291285305355,0.019429044244297075,1.1997521817684171,-2.400122911880439,0.024229317091925773,0.4689051401593232,0.7009738683700562,-0.3898719549179077,False,False,False,-0.2479068798466101,False
pure,2,15,1,0.04908312374547745,191,-59.54929860227901,0.4334574936400318,82.79038128524607,0.48580739376346244,0.5602242358052326,1,0,1,0.005235602094240838,0.0,0.005235602094240838,129,0.13241255283355713,-1.2799854278564453,0.47422999143600464,-0.2982567846775055,0.050054881721735,-0.10000000149011612,0.2415805107633145,0.019856900763859393,0.000850308349644463,0.020707209113503856,1.2013171613216402,-2.400130770947445,0.02589528689306029,0.4690130371880443,0.6983575820922852,-0.3884119987487793,False,False,False,-0.24493534940281225,False
pure,2,15,1,0.04908312374547745,191,-59.54929860227901,0.4334574936400318,82.79038128524607,0.48580739376346244,0.5602242358052326,1,0,1,0.005235602094240838,0.0,0.005235602094240838,130,0.13741803169250488,-1.28998601436615,0.47422999143600464,-0.2982567846775055,0.05012420192360878,-0.10000000149011612,0.23858951308582893,0.02092831119917966,0.0009267375553791328,0.021855048754558792,1.2029808461666107,-2.4001378249707668,0.0274006553757137,0.46912720658544316,0.6957264542579651,-0.3869374990463257,False,False,False,-0.2419452831224071,False
pure,2,15,1,0.04908312374547745,191,-59.54929860227901,0.4334574936400318,82.79038128524607,0.48580739376346244,0.5602242358052326,1,0,1,0.005235602094240838,0.0,0.005235602094240838,131,0.14243045449256897,-1.2999866008758545,0.47422999143600464,-0.2982567846775055,0.050197962671518326,-0.10000000149011612,0.2355800187693238,0.022083932748571043,0.0010081638258320276,0.02309209657440307,1.2047511041164396,-2.400145433428827,0.029025382164793036,0.46924814567779644,0.6930805444717407,-0.3854483962059021,False,False,False,-0.23893678099972007,False
pure,2,15,1,0.04908312374547745,191,-59.54929860227901,0.4334574936400318,82.79038128524607,0.48580739376346244,0.5602242358052326,1,0,1,0.005235602094240838,0.0,0.005235602094240838,132,0.147450253367424,-1.309987187385559,0.47422999143600464,-0.2982567846775055,0.05027592554688454,-0.10000000149011612,0.23255249516228504,0.023179059329593923,0.0010860041117307406,0.024265063441324664,1.2066222131252289,-2.400152643596088,0.030574943506162362,0.4693755412757388,0.6904204487800598,-0.3839442729949951,False,False,False,-0.23591030725399323,False
pure,2,15,1,0.04908312374547745,191,-59.54929860227901,0.4334574936400318,82.79038128524607,0.48580739376346244,0.5602242358052326,1,0,1,0.005235602094240838,0.0,0.005235602094240838,133,0.15247784554958344,-1.3199878931045532,0.47422999143600464,-0.2982567846775055,0.050358060747385025,-0.10000000149011612,0.2295068509955659,0.02426665064933839,0.0011630771455357523,0.02542972779487414,1.2085934579372408,-2.400159804152194,0.032120086234681856,0.4695093749683833,0.687745988368988,-0.38242512941360474,False,False,False,-0.2328657706160798,False
pure,2,15,1,0.04908312374547745,191,-59.54929860227901,0.4334574936400318,82.79038128524607,0.48580739376346244,0.5602242358052326,1,0,1,0.005235602094240838,0.0,0.005235602094240838,134,0.15751364827156067,-1.3299884796142578,0.47422999143600464,-0.2982567846775055,0.05044412985444069,-0.10000000149011612,0.22644350158315985,0.0252932638097073,0.001236103961811715,0.026529367771519017,1.2106591165065765,-2.4001665632362372,0.03358837581525233,0.4696493265342802,0.6850576400756836,-0.3808906674385071,False,False,False,-0.22980358349424687,False
pure,2,15,1,0.04908312374547745,191,-59.54929860227901,0.4334574936400318,82.79038128524607,0.48580739376346244,0.5602242358052326,1,0,1,0.005235602094240838,0.0,0.005235602094240838,135,0.16255806386470795,-1.339989185333252,0.47422999143600464,-0.2982567846775055,0.050534192472696304,-0.10000000149011612,0.2233624476238825,0.026335329720954714,0.0013098764092718646,0.027645206130226578,1.2128206193447115,-2.4001734240591297,0.03508396144915181,0.469795509706985,0.6823553442955017,-0.379340797662735,False,False,False,-0.22672374703434486,False
pure,2,15,1,0.04908312374547745,191,-59.54929860227901,0.4334574936400318,82.79038128524607,0.48580739376346244,0.5602242358052326,1,0,1,0.005235602094240838,0.0,0.005235602094240838,136,0.1676114797592163,-1.349989891052246,0.47422999143600464,-0.2982567846775055,0.050628338009119034,-0.10000000149011612,0.22026395329701398,0.02740090853864066,0.0013852819597874543,0.028786190498428114,1.215080112218857,-2.40018043968786,0.036619225685364444,0.4699480898140074,0.6796393394470215,-0.3777753710746765,False,False,False,-0.2236265276508281,False
pure,2,15,1,0.04908312374547745,191,-59.54929860227901,0.4334574936400318,82.79038128524607,0.48580739376346244,0.5602242358052326,1,0,1,0.005235602094240838,0.0,0.005235602094240838,137,0.17267431318759918,-1.3599907159805298,0.47422999143600464,-0.2982567846775055,0.050726208835840225,-0.10000000149011612,0.21714822560335234,0.028374969184613165,0.0014547704185287225,0.029829739603141888,1.2174290120601654,-2.4001868527731616,0.038036231534017195,0.4701065741120658,0.6769098043441772,-0.37619420886039734,False,False,False,-0.220512127203594,False
pure,2,15,1,0.04908312374547745,191,-59.54929860227901,0.4334574936400318,82.79038128524607,0.48580739376346244,0.5602242358052326,1,0,1,0.005235602094240838,0.0,0.005235602094240838,138,0.1777469366788864,-1.369991421699524,0.47422999143600464,-0.2982567846775055,0.05082795396447182,-0.10000000149011612,0.21401559296461545,0.0293873279820876,0.0015263679813406485,0.03091369596342825,1.2198708951473236,-2.4001935180083818,0.03951232462640655,0.47027120879800915,0.6741670370101929,-0.37459713220596313,False,False,False,-0.21738087657305202,False
pure,2,15,1,0.04908312374547745,191,-59.54929860227901,0.4334574936400318,82.79038128524607,0.48580739376346244,0.5602242358052326,1,0,1,0.005235602094240838,0.0,0.005235602094240838,139,0.18282973766326904,-1.3799922466278076,0.47422999143600464,-0.2982567846775055,0.05093342438340187,-0.10000000149011612,0.21086616934193,0.030361927452173924,0.0015956622838721472,0.03195758973604607,1.222402185201645,-2.4001999346412286,0.04094439497393061,0.47044181044373384,0.6714110374450684,-0.3729841113090515,False,False,False,-0.21423288770867213,False
pure,2,15,1,0.04908312374547745,191,-59.54929860227901,0.4334574936400318,82.79038128524607,0.48580739376346244,0.5602242358052326,1,0,1,0.005235602094240838,0.0,0.005235602094240838,140,0.18792307376861572,-1.3899930715560913,0.47422999143600464,-0.2982567846775055,0.05104256048798561,-0.10000000149011612,0.20770014826775085,0.03132139039755101,0.0016637908083567661,0.03298518120590778,1.2250214517116544,-2.4002062516172176,0.042362816234036586,0.47061832217804234,0.6686419248580933,-0.37135499715805054,False,False,False,-0.21106835391939174,False
pure,2,15,1,0.04908312374547745,191,-59.54929860227901,0.4334574936400318,82.79038128524607,0.48580739376346244,0.5602242358052326,1,0,1,0.005235602094240838,0.0,0.005235602094240838,141,0.1930273324251175,-1.399993896484375,0.47422999143600464,-0.2982567846775055,0.05115522816777229,-0.10000000149011612,0.20451780205168063,0.03224664421658741,0.0017296003842604062,0.03397624460084782,1.2277254760265348,-2.400212343364884,0.04374143481245856,0.47080057815642756,0.6658598780632019,-0.36970967054367065,False,False,False,-0.20788754572667414,False
pure,2,15,1,0.04908312374547745,191,-59.54929860227901,0.4334574936400318,82.79038128524607,0.48580739376346244,0.5602242358052326,1,0,1,0.005235602094240838,0.0,0.005235602094240838,142,0.1981428563594818,-1.4099948406219482,0.47422999143600464,-0.2982567846775055,0.05127148702740669,-0.10000000149011612,0.20131952844891216,0.033187449635909805,0.0017962839345124163,0.03498373357042222,1.2305156886577604,-2.4002185375022105,0.045149151441760405,0.4709886996207682,0.6630651950836182,-0.3680480122566223,False,False,False,-0.20469086200329925,False
pure,2,15,1,0.04908312374547745,191,-59.54929860227901,0.4334574936400318,82.79038128524607,0.48580739376346244,0.5602242358052326,1,0,1,0.005235602094240838,0.0,0.005235602094240838,143,0.20327000319957733,-1.4199957847595215,0.47422999143600464,-0.2982567846775055,0.051391247659921646,-0.10000000149011612,0.19810544581474715,0.034105701481759815,0.0018615595289637563,0.03596726101072357,1.2333899438381204,-2.40022458314982,0.046533790179563043,0.47118259041318306,0.6602578163146973,-0.3663700222969055,False,False,False,-0.20147841998698168,False
pure,2,15,1,0.04908312374547745,191,-59.54929860227901,0.4334574936400318,82.79038128524607,0.48580739376346244,0.5602242358052326,1,0,1,0.005235602094240838,0.0,0.005235602094240838,144,0.2084091305732727,-1.4299967288970947,0.47422999143600464,-0.2982567846775055,0.05151427164673805,-0.10000000149011612,0.19487596173099,0.03496284114777734,0.0019227058211209332,0.03688554696889827,1.2363425195217133,-2.4002302264429933,0.04784098374269282,0.47138192784544425,0.6574380397796631,-0.36467552185058594,False,False,False,-0.19825062435379942,False
pure,2,15,1,0.04908312374547745,191,-59.54929860227901,0.4334574936400318,82.79038128524607,0.48580739376346244,0.5602242358052326,1,0,1,0.005235602094240838,0.0,0.005235602094240838,145,0.213560551404953,-1.439997673034668,0.47422999143600464,-0.2982567846775055,0.05164079740643501,-0.10000000149011612,0.19163119072011744,0.03588140630477171,0.001987625284395491,0.037869031589167206,1.23937913775444,-2.400236274153401,0.049241436714455224,0.4715871004984211,0.6546057462692261,-0.36296457052230835,False,False,False,-0.19500759342602528,False
pure,2,15,1,0.04908312374547745,191,-59.54929860227901,0.4334574936400318,82.79038128524607,0.48580739376346244,0.5602242358052326,1,0,1,0.005235602094240838,0.0,0.005235602094240838,146,0.21872463822364807,-1.4499986171722412,0.47422999143600464,-0.2982567846775055,0.05177049711346626,-0.10000000149011612,0.18837178153744322,0.036716263849050884,0.0020473154524312817,0.038763579301482165,1.2424919307231899,-2.4002417707440578,0.05053371362556462,0.47179765763852766,0.6517614722251892,-0.36123692989349365,False,False,False,-0.1917499712651072,False
pure,2,15,1,0.04908312374547745,191,-59.54929860227901,0.4334574936400318,82.79038128524607,0.48580739376346244,0.5602242358052326,1,0,1,0.005235602094240838,0.0,0.005235602094240838,147,0.2239016890525818,-1.459999680519104,0.47422999143600464,-0.2982567846775055,0.05190344527363777,-0.10000000149011612,0.18509771897175514,0.03757023064209739,0.002107881534067136,0.03967811217616453,1.2456826865673074,-2.400247393147458,0.05186002299840956,0.4720137410676877,0.6489049196243286,-0.3594926595687866,False,False,False,-0.1884777444479724,False
pure,2,15,1,0.04908312374547745,191,-59.54929860227901,0.4334574936400318,82.79038128524607,0.48580739376346244,0.5602242358052326,1,0,1,0.005235602094240838,0.0,0.005235602094240838,148,0.22909203171730042,-1.4700006246566772,0.47422999143600464,-0.2982567846775055,0.05203941836953163,-0.10000000149011612,0.181809447492474,0.03836710710816797,0.0021647758321990426,0.04053188294036701,1.24894604086876,-2.4002526396757657,0.0531144554278761,0.47223505129863713,0.6460362672805786,-0.35773178935050964,False,False,False,-0.18519135386776295,False
pure,2,15,1,0.04908312374547745,191,-59.54929860227901,0.4334574936400318,82.79038128524607,0.48580739376346244,0.5602242358052326,1,0,1,0.005235602094240838,0.0,0.005235602094240838,149,0.23429597914218903,-1.48000168800354,0.47422999143600464,-0.2982567846775055,0.05217874422669411,-0.10000000149011612,0.17850759349728082,0.03924842502221746,0.002226978530806633,0.04147540355302409,1.2522898614406592,-2.4002584421552964,0.054495728751904025,0.4724621168351034,0.6431559324264526,-0.3559541404247284,False,False,False,-0.18189143151009535,False
pure,2,15,1,0.04908312374547745,191,-59.54929860227901,0.4334574936400318,82.79038128524607,0.48580739376346244,0.5602242358052326,1,0,1,0.005235602094240838,0.0,0.005235602094240838,150,0.2395138442516327,-1.4900027513504028,0.47422999143600464,-0.2982567846775055,0.052320946007966995,-0.10000000149011612,0.17519226904970808,0.0400077786883078,0.0022815340943873118,0.04228931278269511,1.2557027041912088,-2.400263441638496,0.05571415876520117,0.4726942591632918,0.6402636766433716,-0.35415977239608765,False,False,False,-0.17857808273297948,False
pure,2,15,1,0.04908312374547745,191,-59.54929860227901,0.4334574936400318,82.79038128524607,0.48580739376346244,0.5602242358052326,1,0,1,0.005235602094240838,0.0,0.005235602094240838,151,0.24474593997001648,-1.5000039339065552,0.47422999143600464,-0.2982567846775055,0.05246615782380104,-0.10000000149011612,0.17186394264693833,0.040801368494315295,0.0023377834164301893,0.04313915191074549,1.2591877877712243,-2.4002686665278716,0.05698789321598127,0.4729317087183584,0.637359619140625,-0.3523487150669098,False,False,False,-0.1752517780452547,False
pure,2,15,1,0.04908312374547745,191,-59.54929860227901,0.4334574936400318,82.79038128524607,0.48580739376346244,0.5602242358052326,1,0,1,0.005235602094240838,0.0,0.005235602094240838,152,0.24999256432056427,-1.510004997253418,0.47422999143600464,-0.2982567846775055,0.05261436477303505,-0.10000000149011612,0.1685232858842556,0.04159162775428198,0.0023939758159954956,0.043985603570277476,1.2627447545528412,-2.400273869489376,0.058265807375357435,0.4731744829157557,0.6344441175460815,-0.3505208194255829,False,False,False,-0.17191318926572247,False
pure,2,15,1,0.04908312374547745,191,-59.54929860227901,0.4334574936400318,82.79038128524607,0.48580739376346244,0.5602242358052326,1,0,1,0.005235602094240838,0.0,0.005235602094240838,153,0.25525400042533875,-1.5200061798095703,0.47422999143600464,-0.2982567846775055,0.05276525393128395,-0.10000000149011612,0.1651705522906211,0.042301647846341515,0.002444862980447287,0.0447465108267888,1.2663660943508146,-2.4002785441669072,0.05943772472317063,0.47342214010210226,0.6315169334411621,-0.34867629408836365,False,False,False,-0.168562565676513,False
pure,2,15,1,0.04908312374547745,191,-59.54929860227901,0.4334574936400318,82.79038128524607,0.48580739376346244,0.5602242358052326,1,0,1,0.005235602094240838,0.0,0.005235602094240838,154,0.2605305314064026,-1.5300073623657227,0.47422999143600464,-0.2982567846775055,0.05291897431015968,-0.10000000149011612,0.16180648137712478,0.043049931172247376,0.002497902517319139,0.04554783368956652,1.2700553834438324,-2.4002834707644642,0.06067147096610131,0.47367493789779436,0.6285784244537354,-0.34681496024131775,False,False,False,-0.16520064947092533,False
pure,2,15,1,0.04908312374547745,191,-59.54929860227901,0.4334574936400318,82.79038128524607,0.48580739376346244,0.5602242358052326,1,0,1,0.005235602094240838,0.0,0.005235602094240838,155,0.2658224105834961,-1.540008544921875,0.47422999143600464,-0.2982567846775055,0.05307554081082344,-0.10000000149011612,0.15843148594306034,0.04380256080536934,0.002551409007953786,0.046353969813323126,1.2738129794597628,-2.400288425977528,0.061920387999181224,0.4739329395144576,0.6256284713745117,-0.34493690729141235,False,False,False,-0.1618278534482531,False
pure,2,15,1,0.04908312374547745,191,-59.54929860227901,0.4334574936400318,82.79038128524607,0.48580739376346244,0.5602242358052326,1,0,1,0.005235602094240838,0.0,0.005235602094240838,156,0.2711299657821655,-1.5500097274780273,0.47422999143600464,-0.2982567846775055,0.053234491497278214,-0.10000000149011612,0.15504640727762375,0.044436616859989043,0.0025971161810462154,0.04703373304103526,1.2776277959346773,-2.4002926005179743,0.06300729560967225,0.47419546991283124,0.6226673722267151,-0.34304216504096985,False,False,False,-0.15844501308623943,False
pure,2,15,1,0.04908312374547745,191,-59.54929860227901,0.4334574936400318,82.79038128524607,0.48580739376346244,0.5602242358052326,1,0,1,0.005235602094240838,0.0,0.005235602094240838,157,0.27645343542099,-1.5600109100341797,0.47422999143600464,-0.2982567846775055,0.05339616909623146,-0.10000000149011612,0.15165159645601456,0.045158585627202506,0.002648070749592391,0.0478066563767949,1.281508058309555,-2.400297353863988,0.0642272485962133,0.4744630834486488,0.6196948289871216,-0.3411308526992798,False,False,False,-0.15505248415394968,False
pure,2,15,1,0.04908312374547745,191,-59.54929860227901,0.4334574936400318,82.79038128524607,0.48580739376346244,0.5602242358052326,1,0,1,0.005235602094240838,0.0,0.005235602094240838,158,0.2817930281162262,-1.5700122117996216,0.47422999143600464,-0.2982567846775055,0.05356042459607124,-0.10000000149011612,0.1482481886123199,0.04584294408525736,0.0026969548076888044,0.048539898892946166,1.28545019030571,-2.4003018595887466,0.06540232683869035,0.47473559314381,0.6167113780975342,-0.3392028212547302,False,False,False,-0.15165139999733157,False
pure,2,15,1,0.04908312374547745,191,-59.54929860227901,0.4334574936400318,82.79038128524607,0.48580739376346244,0.5602242358052326,1,0,1,0.005235602094240838,0.0,0.005235602094240838,159,0.2871490716934204,-1.580013394355774,0.47422999143600464,-0.2982567846775055,0.053727034479379654,-0.10000000149011612,0.14483671267190518,0.04646987168838111,0.0027418759043834704,0.04921174759276458,1.2894488275051117,-2.4003059871964196,0.06650186271233725,0.4750126842384447,0.613716721534729,-0.33725836873054504,False,False,False,-0.14824228685954155,False
pure,2,15,1,0.04908312374547745,191,-59.54929860227901,0.4334574936400318,82.79038128524607,0.48580739376346244,0.5602242358052326,1,0,1,0.005235602094240838,0.0,0.005235602094240838,160,0.29252177476882935,-1.5900146961212158,0.47422999143600464,-0.2982567846775055,0.05389607325196266,-0.10000000149011612,0.1414180656036708,0.04711596802672836,0.0027877936955064664,0.049903761722234825,1.2935057580471037,-2.400310241008487,0.06763634569567943,0.4752945023455101,0.6107109785079956,-0.3352974057197571,False,False,False,-0.1448260428270671,False
pure,2,15,1,0.04908312374547745,191,-59.54929860227901,0.4334574936400318,82.79038128524607,0.48580739376346244,0.5602242358052326,1,0,1,0.005235602094240838,0.0,0.005235602094240838,161,0.2979114055633545,-1.6000159978866577,0.47422999143600464,-0.2982567846775055,0.05406733229756355,-0.10000000149011612,0.137993165476246,0.04770873898035355,0.002830282830517948,0.0505390218108715,1.2976159751415253,-2.4003141437333393,0.06870118976362183,0.4755807573028585,0.607694149017334,-0.3333200216293335,False,False,False,-0.14140358328632843,False
pure,2,15,1,0.04908312374547745,191,-59.54929860227901,0.4334574936400318,82.79038128524607,0.48580739376346244,0.5602242358052326,1,0,1,0.005235602094240838,0.0,0.005235602094240838,162,0.3033181130886078,-1.6100172996520996,0.47422999143600464,-0.2982567846775055,0.054240915924310684,-0.10000000149011612,0.13456392151147134,0.04855348945807069,0.0030994239409977155,0.051652913399068405,1.3017819821834562,-2.4000225064803407,0.07064474496416932,0.47587511040687586,0.6046671867370605,-0.3313261866569519,False,False,False,-0.13797681902378806,False
pure,2,15,1,0.04908312374547745,191,-59.54929860227901,0.4334574936400318,82.79038128524607,0.48580739376346244,0.5602242358052326,1,0,1,0.005235602094240838,0.0,0.005235602094240838,163,0.3087422251701355,-1.620017409324646,0.47422999143600464,-0.2982567846775055,0.05441615357995033,-0.10000000149011612,0.1311305749566018,0.04877804904122219,0.0029093519280955975,0.05168740096931779,1.3059876859188082,-2.4000226104072673,0.07068604180004132,0.4761696355810427,0.6016291379928589,-0.3293161392211914,False,False,False,-0.13454598212248678,False
pure,2,15,1,0.04908312374547745,191,-59.54929860227901,0.4334574936400318,82.79038128524607,0.48580739376346244,0.5602242358052326,1,0,1,0.005235602094240838,0.0,0.005235602094240838,164,0.3141838312149048,-1.6300175189971924,0.47422999143600464,-0.2982567846775055,0.05459344759583473,-0.10000000149011612,0.12769452208917692,0.04932877650549507,0.0029485128473661763,0.052277289352861245,1.3102427423000338,-2.4000228652857825,0.07170916965513305,0.4764684237879391,0.5985801219940186,-0.3272901177406311,False,False,False,-0.13111247489493444,False
pure,2,15,1,0.04908312374547745,191,-59.54929860227901,0.4334574936400318,82.79038128524607,0.48580739376346244,0.5602242358052326,1,0,1,0.005235602094240838,0.0,0.005235602094240838,165,0.31964316964149475,-1.6400176286697388,0.47422999143600464,-0.2982567846775055,0.054772812873125076,-0.10000000149011612,0.1242573210051878,0.04988372194482139,0.0029880748256716078,0.052871796770492994,1.3145475089550018,-2.400023122116391,0.07274597109219468,0.47677153200082323,0.5955203771591187,-0.32524794340133667,False,False,False,-0.12767785543712215,False
pure,2,15,1,0.04908312374547745,191,-59.54929860227901,0.4334574936400318,82.79038128524607,0.48580739376346244,0.5602242358052326,1,0,1,0.005235602094240838,0.0,0.005235602094240838,166,0.3251204490661621,-1.6500176191329956,0.47422999143600464,-0.2982567846775055,0.05495411530137062,-0.10000000149011612,0.12082040674226305,0.05040423543777644,0.0030252154559787295,0.05342945089375517,1.3188987672328951,-2.4000233630117784,0.07373867175469323,0.4770787764664678,0.5924497246742249,-0.32318997383117676,False,False,False,-0.12424355744557401,False
pure,2,15,1,0.04908312374547745,191,-59.54929860227901,0.4334574936400318,82.79038128524607,0.48580739376346244,0.5602242358052326,1,0,1,0.005235602094240838,0.0,0.005235602094240838,167,0.3306158781051636,-1.660017728805542,0.47422999143600464,-0.2982567846775055,0.055137310177087784,-0.10000000149011612,0.11738556131981778,0.050913413441361126,0.003061545116930346,0.05397495855829147,1.3232954442501068,-2.4000235986610643,0.0747212685871737,0.477390115085581,0.5893682241439819,-0.32111626863479614,False,False,False,-0.12081136204563546,False
pure,2,15,1,0.04908312374547745,191,-59.54929860227901,0.4334574936400318,82.79038128524607,0.48580739376346244,0.5602242358052326,1,0,1,0.005235602094240838,0.0,0.005235602094240838,168,0.3361296057701111,-1.6700178384780884,0.47422999143600464,-0.2982567846775055,0.055322546511888504,-0.10000000149011612,0.11395479126010508,0.05146136116683574,0.003100593130658155,0.05456195429749389,1.3277411162853243,-2.400023852253107,0.07576886259092842,0.47770581867970985,0.5862759351730347,-0.3190269470214844,False,False,False,-0.117383278665286,False
pure,2,15,1,0.04908312374547745,191,-59.54929860227901,0.4334574936400318,82.79038128524607,0.48580739376346244,0.5602242358052326,1,0,1,0.005235602094240838,0.0,0.005235602094240838,169,0.34166184067726135,-1.6800179481506348,0.47422999143600464,-0.2982567846775055,0.05550942197442055,-0.10000000149011612,0.11053033594404094,0.0519055183200533,0.0031323548949134437,0.05503787321496675,1.332226127386093,-2.4000240578105254,0.07666761476688533,0.4780252670745719,0.5831729173660278,-0.31692206859588623,False,False,False,-0.11396154087398878,False
pure,2,15,1,0.04908312374547745,191,-59.54929860227901,0.4334574936400318,82.79038128524607,0.48580739376346244,0.5602242358052326,1,0,1,0.005235602094240838,0.0,0.005235602094240838,170,0.3472127914428711,-1.6900180578231812,0.47422999143600464,-0.2982567846775055,0.05569795146584511,-0.10000000149011612,0.1071145788230796,0.05235370187500012,0.003164361590836349,0.05551806346583647,1.3367508351802828,-2.4000242652313752,0.07757839930815935,0.4783485104050225,0.5800590515136719,-0.3148019313812256,False,False,False,-0.11054853234671547,False
pure,2,15,1,0.04908312374547745,191,-59.54929860227901,0.4334574936400318,82.79038128524607,0.48580739376346244,0.5602242358052326,1,0,1,0.005235602094240838,0.0,0.005235602094240838,171,0.35278257727622986,-1.7000181674957275,0.47422999143600464,-0.2982567846775055,0.05588804557919502,-0.10000000149011612,0.10371041863617748,0.052778974808565124,0.0031947548397548344,0.05597372964831996,1.3413130939006808,-2.400024462049114,0.07846061975904398,0.47867542965401855,0.5769344568252563,-0.3126665949821472,False,False,False,-0.10714715070483535,False
pure,2,15,1,0.04908312374547745,191,-59.54929860227901,0.4334574936400318,82.79038128524607,0.48580739376346244,0.5602242358052326,1,0,1,0.005235602094240838,0.0,0.005235602094240838,172,0.35837140679359436,-1.710018277168274,0.47422999143600464,-0.2982567846775055,0.0560796745121479,-0.10000000149011612,0.10032084973901947,0.053196734446212916,0.003224607799389217,0.056421342245602135,1.34591218829155,-2.400024655389674,0.07933727149096285,0.4790060016185642,0.5737989544868469,-0.31051620841026306,False,False,False,-0.10376039008051594,False
pure,2,15,1,0.04908312374547745,191,-59.54929860227901,0.4334574936400318,82.79038128524607,0.48580739376346244,0.5602242358052326,1,0,1,0.005235602094240838,0.0,0.005235602094240838,173,0.36397936940193176,-1.7200183868408203,0.47422999143600464,-0.2982567846775055,0.05627274885773659,-0.10000000149011612,0.09694978052763858,0.0535915680999434,0.0032528418556970118,0.05684440995564041,1.350545972585678,-2.400024838120011,0.08018477771007887,0.4793401048590229,0.5706528425216675,-0.30835098028182983,False,False,False,-0.10039215775220314,False
pure,2,15,1,0.04908312374547745,191,-59.54929860227901,0.4334574936400318,82.79038128524607,0.48580739376346244,0.5602242358052326,1,0,1,0.005235602094240838,0.0,0.005235602094240838,174,0.3696066439151764,-1.7300184965133667,0.47422999143600464,-0.2982567846775055,0.056467268615961075,-0.10000000149011612,0.09360091159379451,0.0539865849104903,0.0032810760473788087,0.05726766095786911,1.3552144467830658,-2.400025020935114,0.08103806441247714,0.47967776346074154,0.5674957036972046,-0.30617111921310425,False,False,False,-0.09704615431165664,False
pure,2,15,1,0.04908312374547745,191,-59.54929860227901,0.4334574936400318,82.79038128524607,0.48580739376346244,0.5602242358052326,1,0,1,0.005235602094240838,0.0,0.005235602094240838,175,0.3752533793449402,-1.740018606185913,0.47422999143600464,-0.2982567846775055,0.05666281655430794,-0.10000000149011612,0.09027912210166854,0.0542738840399314,0.003301733028356015,0.05757561706828741,1.3599075973033905,-2.400025153898113,0.08173170956057657,0.4800183122505773,0.5643277168273926,-0.303976833820343,False,False,False,-0.09372725311160487,False
pure,2,15,1,0.04908312374547745,191,-59.54929860227901,0.4334574936400318,82.79038128524607,0.48580739376346244,0.5602242358052326,1,0,1,0.005235602094240838,0.0,0.005235602094240838,176,0.3809196352958679,-1.7500187158584595,0.47422999143600464,-0.2982567846775055,0.05685979500412941,-0.10000000149011612,0.08699015085847711,0.05466534816060872,0.003329670604600948,0.05799501876520967,1.3646350800991058,-2.40002533506902,0.08258954557427464,0.48036243535713674,0.5611492395401001,-0.3017681837081909,False,False,False,-0.09044119899423456,False
pure,2,15,1,0.04908312374547745,191,-59.54929860227901,0.4334574936400318,82.79038128524607,0.48580739376346244,0.5602242358052326,1,0,1,0.005235602094240838,0.0,0.005235602094240838,177,0.3866056203842163,-1.7600188255310059,0.47422999143600464,-0.2982567846775055,0.057057712227106094,-0.10000000149011612,0.0837393668157205,0.054929861370937604,0.0033487126837164305,0.05827857405465403,1.3693850934505463,-2.4000254574866196,0.08325712903739471,0.4807093400614592,0.5579594373703003,-0.2995454967021942,False,False,False,-0.08719335353497118,False
pure,2,15,1,0.04908312374547745,191,-59.54929860227901,0.4334574936400318,82.79038128524607,0.48580739376346244,0.5602242358052326,1,0,1,0.005235602094240838,0.0,0.005235602094240838,178,0.3923113942146301,-1.7700189352035522,0.47422999143600464,-0.2982567846775055,0.057256702333688736,-0.10000000149011612,0.08053461597123747,0.05522915368747701,0.003370151254908683,0.058599304942385695,1.3741608560085297,-2.4000255960001056,0.08398219038198276,0.4810592658547175,0.5547590255737305,-0.29730892181396484,False,False,False,-0.08399156519034509,False
pure,2,15,1,0.04908312374547745,191,-59.54929860227901,0.4334574936400318,82.79038128524607,0.48580739376346244,0.5602242358052326,1,0,1,0.005235602094240838,0.0,0.005235602094240838,179,0.3980370759963989,-1.7800190448760986,0.47422999143600464,-0.2982567846775055,0.057456616312265396,-0.10000000149011612,0.07738377008330963,0.05549007284036144,0.003388897203834568,0.05887897004419601,1.3789587914943695,-2.4000257167543637,0.08465196422451927,0.48141198237231964,0.551547646522522,-0.2950587272644043,False,False,False,-0.08084370325994632,False
pure,2,15,1,0.04908312374547745,191,-59.54929860227901,0.4334574936400318,82.79038128524607,0.48580739376346244,0.5602242358052326,1,0,1,0.005235602094240838,0.0,0.005235602094240838,180,0.4037827253341675,-1.790019154548645,0.47422999143600464,-0.2982567846775055,0.057657305151224136,-0.10000000149011612,0.07429633224653745,0.05571257724413542,0.003404923310188648,0.05911750055432407,1.3837753236293795,-2.400025819730147,0.08526559346488409,0.4817672556784233,0.5483253002166748,-0.2927951216697693,False,False,False,-0.07775926860320115,False
pure,2,15,1,0.04908312374547745,191,-59.54929860227901,0.4334574936400318,82.79038128524607,0.48580739376346244,0.5602242358052326,1,0,1,0.005235602094240838,0.0,0.005235602094240838,181,0.40954846143722534,-1.8000192642211914,0.47422999143600464,-0.2982567846775055,0.05785876885056496,-0.10000000149011612,0.07128328784997169,0.05593519013620731,0.0034209371644282603,0.059356127300635574,1.3886104524135592,-2.40002592275614,0.08588252755562499,0.4821250995432384,0.545091986656189,-0.29051828384399414,False,False,False,-0.07474924727971259,False
pure,2,15,1,0.04908312374547745,191,-59.54929860227901,0.4334574936400318,82.79038128524607,0.48580739376346244,0.5602242358052326,1,0,1,0.005235602094240838,0.0,0.005235602094240838,182,0.4153343439102173,-1.8100193738937378,0.47422999143600464,-0.2982567846775055,0.05806079879403114,-0.10000000149011612,0.06835718784018908,0.056103970635216376,0.0034331595803418218,0.0595371302155582,1.3934591710567474,-2.4000260008683196,0.08641826467229125,0.4824851756460396,0.5418475866317749,-0.2882285416126251,False,False,False,-0.07182618643626128,False
pure,2,15,1,0.04908312374547745,191,-59.54929860227901,0.4334574936400318,82.79038128524607,0.48580739376346244,0.5602242358052326,1,0,1,0.005235602094240838,0.0,0.005235602094240838,183,0.4211404025554657,-1.8200194835662842,0.47422999143600464,-0.2982567846775055,0.05826343968510628,-0.10000000149011612,0.06553264593866695,0.05628439370518021,0.003446174990524439,0.059730568695704644,1.3983225524425507,-2.40002608436872,0.0869746469370668,0.4828475700082774,0.5385921001434326,-0.28592607378959656,False,False,False,-0.06900470113542903,False
pure,2,15,1,0.04908312374547745,191,-59.54929860227901,0.4334574936400318,82.79038128524607,0.48580739376346244,0.5602242358052326,1,0,1,0.005235602094240838,0.0,0.005235602094240838,184,0.42696675658226013,-1.8300195932388306,0.47422999143600464,-0.2982567846775055,0.05846637859940529,-0.10000000149011612,0.06282628510804604,0.05638399360657259,0.003453505065271281,0.059837498671843875,1.403193086385727,-2.4000261304638886,0.08740613240990017,0.48321176222665196,0.5353254079818726,-0.2836112380027771,False,False,False,-0.066301409198956,False
pure,2,15,1,0.04908312374547745,191,-59.54929860227901,0.4334574936400318,82.79038128524607,0.48580739376346244,0.5602242358052326,1,0,1,0.005235602094240838,0.0,0.005235602094240838,185,0.4328134059906006,-1.840019702911377,0.47422999143600464,-0.2982567846775055,0.058669913560152054,-0.10000000149011612,0.06025721283172375,0.0565607140471024,0.0034662214906791052,0.06002693553778151,1.4080779254436493,-2.4000262122507006,0.08796091533215197,0.48357826604053594,0.5320475101470947,-0.28128427267074585,False,False,False,-0.06373542258058792,False
pure,2,15,1,0.04908312374547745,191,-59.54929860227901,0.4334574936400318,82.79038128524607,0.48580739376346244,0.5602242358052326,1,0,1,0.005235602094240838,0.0,0.005235602094240838,186,0.43868038058280945,-1.8500198125839233,0.47422999143600464,-0.2982567846775055,0.05887361243367195,-0.10000000149011612,0.05784704364313161,0.05662580192050517,0.0034711081607085646,0.060096910081213734,1.4129666984081268,-2.4000262423735865,0.08834112306014642,0.48394635405328656,0.5287584066390991,-0.27894532680511475,False,False,False,-0.06132834977878606,False
pure,2,15,1,0.04908312374547745,191,-59.54929860227901,0.4334574936400318,82.79038128524607,0.48580739376346244,0.5602242358052326,1,0,1,0.005235602094240838,0.0,0.005235602094240838,187,0.4445677399635315,-1.8600199222564697,0.47422999143600464,-0.2982567846775055,0.05907744541764259,-0.10000000149011612,0.05561967864194891,0.05668319875697,0.0034754091304523196,0.06015860788742232,1.4178586900234211,-2.400026268937035,0.08870983914428388,0.4843159783830544,0.5254579782485962,-0.27659478783607483,False,False,False,-0.05910409122267744,False
pure,2,15,1,0.04908312374547745,191,-59.54929860227901,0.4334574936400318,82.79038128524607,0.48580739376346244,0.5602242358052326,1,0,1,0.005235602094240838,0.0,0.005235602094240838,188,0.4504754841327667,-1.8700200319290161,0.47422999143600464,-0.2982567846775055,0.05928138270974159,-0.10000000149011612,0.05360129008447146,0.056732937911190044,0.003479160708348347,0.06021209861953839,1.4227531850337998,-2.400026291956482,0.08906704528344841,0.4846870910717354,0.5221461057662964,-0.27423295378685,False,False,False,-0.05708881849800562,False
pure,2,15,1,0.04908312374547745,191,-59.54929860227901,0.4334574936400318,82.79038128524607,0.48580739376346244,0.5602242358052326,1,0,1,0.005235602094240838,0.0,0.005235602094240838,189,0.4564036428928375,-1.8800201416015625,0.47422999143600464,-0.2982567846775055,0.05948539450764656,-0.10000000149011612,0.05182010590477679,0.05677501613630971,0.0034823626271405406,0.060257378763450255,1.427649468183519,-2.400026311430425,0.08941258352419254,0.4850596435030862,0.518822968006134,-0.2718600034713745,False,False,False,-0.05531075931533073,False
pure,2,15,1,0.04908312374547745,191,-59.54929860227901,0.4334574936400318,82.79038128524607,0.48580739376346244,0.5602242358052326,1,0,1,0.005235602094240838,0.0,0.005235602094240838,190,0.4623521864414215,-1.8900202512741089,0.47422999143600464,-0.2982567846775055,0.05968901887536049,-0.10000000149011612,0.05030457049716536,0.05669766649396531,0.003477158346114109,0.06017482484007942,1.4325364530086506,-2.4000262756327517,0.08956674544834206,0.48543283827578765,0.5154882073402405,-0.26947641372680664,False,False,False,-0.053798350916395815,False
pure,2,15,1,0.04908312374547745,191,-59.54929860227901,0.4334574936400318,82.79038128524607,0.48580739376346244,0.5602242358052326,1,0,1,0.005235602094240838,0.0,0.005235602094240838,191,0.4683210849761963,-1.9000203609466553,0.47422999143600464,-0.2982567846775055,0.059892673045396805,-0.10000000149011612,0.04908312374547745,0.05672817907322978,0.0034794878360111456,0.060207666909240926,1.4374241530895249,-2.4000262897540754,0.0898933170419545,0.48580739376346244,0.5121418237686157,-0.2670823335647583,False,False,False,-0.0525800394435289,True
