mode,seed,episode_idx,success,final_distance,length,return,tau_effort,tau_sum_total,energy,target_radius,torque_sat1_count,torque_sat2_count,torque_sat_any_count,torque_sat1_rate,torque_sat2_rate,torque_sat_any_rate,step,theta1,theta2,target_x,target_y,action0,action1,distance,tau1,tau2,tau_sum,omega1,omega2,power,cumulative_energy,tip_x,tip_y,sat1,sat2,sat_any,reward,done
pure,4,16,0,0.3659095889766316,200,-125.63017529763005,0.5115565817049756,102.31131634099513,0.6566254496819027,0.2310437172331056,1,0,1,0.005,0.0,0.005,0,0.0,0.0,0.2265787273645401,0.045202650129795074,0.0,0.0,0.7747410822615586,0.0,0.0,0.0,0.0,0.0,0.0,0.0,1.0,0.0,False,False,False,0.0,False
pure,4,16,0,0.3659095889766316,200,-125.63017529763005,0.5115565817049756,102.31131634099513,0.6566254496819027,0.2310437172331056,1,0,1,0.005,0.0,0.005,1,0.0,0.0,0.2265787273645401,0.045202650129795074,0.10000000149011612,0.10000000149011612,0.774047941655162,20.0,3.1105159320256677,23.110515932025667,1.6857737576570138,2.400000035762787,41.18071350124259,0.17158630625517746,0.9999152421951294,0.012023617513477802,True,False,True,-0.7782905825378925,False
pure,4,16,0,0.3659095889766316,200,-125.63017529763005,0.5115565817049756,102.31131634099513,0.6566254496819027,0.2310437172331056,1,0,1,0.005,0.0,0.005,2,0.00702405720949173,0.009999999776482582,0.2265787273645401,0.045202650129795074,0.10000000149011612,0.10000000149011612,0.7732200300798999,7.70733011086543,0.5461881733495724,8.253518284215003,2.400000035762787,2.399748214650084,19.808306635571267,0.2541209172367244,0.9995849132537842,0.027018895372748375,False,False,False,-0.7774626709626304,False
pure,4,16,0,0.3659095889766316,200,-125.63017529763005,0.5115565817049756,102.31131634099513,0.6566254496819027,0.2310437172331056,1,0,1,0.005,0.0,0.005,3,0.017024056985974312,0.019998950883746147,0.2265787273645401,0.045202650129795074,0.10000000149011612,0.10000000149011612,0.7724326094007061,0.012964453801222048,0.003658842271611695,0.01662329607283374,2.4000000357627864,2.39991467952911,0.039895598864300455,0.254287148898659,0.9990047216415405,0.04200625792145729,False,False,False,-0.7766752502834366,False
pure,4,16,0,0.3659095889766316,200,-125.63017529763005,0.5115565817049756,102.31131634099513,0.6566254496819027,0.2310437172331056,1,0,1,0.005,0.0,0.005,4,0.027024056762456894,0.029998594895005226,0.2265787273645401,0.045202650129795074,0.10000000149011612,0.10000000149011612,0.77168613048662,0.012838578235293366,0.003532966705674115,0.01637154494096748,2.400000035762787,2.3999155082770383,0.03929140981102116,0.2544508631062049,0.9981749653816223,0.05698089301586151,False,False,False,-0.7759287713693506,False
pure,4,16,0,0.3659095889766316,200,-125.63017529763005,0.5115565817049756,102.31131634099513,0.6566254496819027,0.2310437172331056,1,0,1,0.005,0.0,0.005,5,0.037024058401584625,0.03999824449419975,0.2265787273645401,0.045202650129795074,0.10000000149011612,0.10000000149011612,0.7709807979615051,0.012837951561884416,0.0035323400322740633,0.016370291594158478,2.4000000357627864,2.399915512402972,0.03928840184618006,0.254614564780564,0.9970958232879639,0.07193826884031296,False,False,False,-0.7752234388442356,False
pure,4,16,0,0.3659095889766316,200,-125.63017529763005,0.5115565817049756,102.31131634099513,0.6566254496819027,0.2310437172331056,1,0,1,0.005,0.0,0.005,6,0.04702405631542206,0.04999789223074913,0.2265787273645401,0.045202650129795074,0.10000000149011612,0.10000000149011612,0.7703169433583834,0.012837948441991012,0.0035323369123717585,0.01637028535436277,2.400000035762787,2.3999155124235125,0.0392883868710064,0.25477826639252654,0.9957677125930786,0.08687393367290497,False,False,False,-0.7745595842411139,False
pure,4,16,0,0.3659095889766316,200,-125.63017529763005,0.5115565817049756,102.31131634099513,0.6566254496819027,0.2310437172331056,1,0,1,0.005,0.0,0.005,7,0.05702405795454979,0.05999753996729851,0.2265787273645401,0.045202650129795074,0.10000000149011612,0.10000000149011612,0.7696947836391733,0.012837948426449189,0.003532336896838834,0.016370285323288023,2.4000000357627864,2.3999155124236147,0.03928838679642867,0.25494196800417834,0.99419105052948,0.1017833799123764,False,False,False,-0.7739374245219038,False
pure,4,16,0,0.3659095889766316,200,-125.63017529763005,0.5115565817049756,102.31131634099513,0.6566254496819027,0.2310437172331056,1,0,1,0.005,0.0,0.005,8,0.06702405959367752,0.06999718397855759,0.2265787273645401,0.045202650129795074,0.10000000149011612,0.10000000149011612,0.769114488059633,0.012837948426382013,0.0035323368967627635,0.016370285323144777,2.400000035762787,2.3999155124236156,0.039288386796084894,0.2551056696158287,0.9923663139343262,0.11666218936443329,False,False,False,-0.7733571289423635,False
pure,4,16,0,0.3659095889766316,200,-125.63017529763005,0.5115565817049756,102.31131634099513,0.6566254496819027,0.2310437172331056,1,0,1,0.005,0.0,0.005,9,0.07702405750751495,0.07999683171510696,0.2265787273645401,0.045202650129795074,0.08367614448070526,0.10000000149011612,0.7686085599519458,4.21035454164353,0.2945566099097054,4.504911151553235,2.008227467536926,2.4001376004123216,9.162326033491649,0.29328202808871057,0.9905075430870056,0.1298896074295044,False,False,False,-0.7725202765919413,False
pure,4,16,0,0.3659095889766316,200,-125.63017529763005,0.5115565817049756,102.31131634099513,0.6566254496819027,0.2310437172331056,1,0,1,0.005,0.0,0.005,10,0.08539167046546936,0.08999741077423096,0.2265787273645401,0.045202650129795074,0.04788264259696007,0.10000000149011612,0.7681900903067492,9.250398193763163,0.650843127253064,9.901241321016226,1.149183422327042,2.40030227344206,12.192624492196309,0.3440846301395285,0.9889535307884216,0.13954602181911469,False,False,False,-0.7715162702134751,False
pure,4,16,0,0.3659095889766316,200,-125.63017529763005,0.5115565817049756,102.31131634099513,0.6566254496819027,0.2310437172331056,1,0,1,0.005,0.0,0.005,11,0.0901799350976944,0.09999866783618927,0.2265787273645401,0.045202650129795074,0.01857612654566765,0.10000000149011612,0.7678179535253701,7.577136516625256,0.533460685059852,8.110597201685108,0.44582703709602356,2.400247603068361,4.658530053525238,0.363495172029217,0.9877136945724487,0.14628662168979645,False,False,False,-0.7708692756279167,False
pure,4,16,0,0.3659095889766316,200,-125.63017529763005,0.5115565817049756,102.31131634099513,0.6566254496819027,0.2310437172331056,1,0,1,0.005,0.0,0.005,12,0.09203755110502243,0.10999970138072968,0.2265787273645401,0.045202650129795074,-0.005342434626072645,0.10000000149011612,0.7674666638974653,6.186006653518422,0.43566881450360223,6.6216754680220244,-0.12821843102574354,2.4002021507697058,1.8388532930237766,0.3711570607501494,0.9867663979530334,0.15065303444862366,False,False,False,-0.7704709420655476,False
pure,4,16,0,0.3659095889766316,200,-125.63017529763005,0.5115565817049756,102.31131634099513,0.6566254496819027,0.2310437172331056,1,0,1,0.005,0.0,0.005,13,0.09150330722332001,0.12000054121017456,0.2265787273645401,0.045202650129795074,-0.02479836344718933,0.10000000149011612,0.767120951693495,5.033016067513128,0.354570471824411,5.38758653933754,-0.5951607227325438,2.400164479180695,3.84648093210491,0.38718406463391986,0.9860749244689941,0.15309184789657593,False,False,False,-0.7702118193916876,False
pure,4,16,0,0.3659095889766316,200,-125.63017529763005,0.5115565817049756,102.31131634099513,0.6566254496819027,0.2310437172331056,1,0,1,0.005,0.0,0.005,14,0.08902347087860107,0.1300012320280075,0.2265787273645401,0.045202650129795074,-0.04056117311120033,0.10000000149011612,0.7667716755782562,4.078906492142697,0.28738827467341177,4.366294766816109,-0.9734681546688078,2.4001333056184544,4.660455745660651,0.40660263024083926,0.9855967164039612,0.15397071838378906,False,False,False,-0.7700090647553401,False
pure,4,16,0,0.3659095889766316,200,-125.63017529763005,0.5115565817049756,102.31131634099513,0.6566254496819027,0.2310437172331056,1,0,1,0.005,0.0,0.005,15,0.08496735244989395,0.1400017887353897,0.2265787273645401,0.045202650129795074,-0.053267281502485275,0.10000000149011612,0.7664136203548442,3.2894433423858644,0.23173742726506943,3.521180769650934,-1.2784147560596466,2.4001075115385406,4.761467648011763,0.4264420787742216,0.9852890372276306,0.15359315276145935,False,False,False,-0.7698126883974801,False
pure,4,16,0,0.3659095889766316,200,-125.63017529763005,0.5115565817049756,102.31131634099513,0.6566254496819027,0.2310437172331056,1,0,1,0.005,0.0,0.005,16,0.07964062690734863,0.15000222623348236,0.2265787273645401,0.045202650129795074,-0.0634433701634407,0.10000000149011612,0.7660439279005782,2.6361431359941916,0.18564460863533286,2.8217877446295243,-1.522640883922577,2.400086166301923,4.459462371770827,0.44502317198993335,0.9851120710372925,0.15220949053764343,False,False,False,-0.7695967515633361,False
pure,4,16,0,0.3659095889766316,200,-125.63017529763005,0.5115565817049756,102.31131634099513,0.6566254496819027,0.2310437172331056,1,0,1,0.005,0.0,0.005,17,0.07329628616571426,0.16000258922576904,0.2265787273645401,0.045202650129795074,-0.071525938808918,0.10000000149011612,0.76566076582957,2.0956279860875107,0.1474834259047506,2.2431114119922615,-1.7166225314140322,2.400068506084374,3.951372544063053,0.4614872242568627,0.9850299954414368,0.15002669394016266,False,False,False,-0.7693491753815481,False
pure,4,16,0,0.3659095889766316,200,-125.63017529763005,0.5115565817049756,102.31131634099513,0.6566254496819027,0.2310437172331056,1,0,1,0.005,0.0,0.005,18,0.0661436915397644,0.17000287771224976,0.2265787273645401,0.045202650129795074,-0.07787701487541199,0.10000000149011612,0.7652633795431901,1.6486131644033555,0.11590752412378127,1.7645206885271367,-1.8690483570098877,2.400053900797177,3.3595220316779875,0.4754852327221877,0.9850122332572937,0.14721566438674927,False,False,False,-0.769065793036585,False
pure,4,16,0,0.3659095889766316,200,-125.63017529763005,0.5115565817049756,102.31131634099513,0.6566254496819027,0.2310437172331056,1,0,1,0.005,0.0,0.005,19,0.058355990797281265,0.1800031065940857,0.2265787273645401,0.045202650129795074,-0.08279827237129211,0.10000000149011612,0.7648510981847751,1.279483972016371,0.08982378094125341,1.3693077529576245,-1.9871585369110105,2.4000418402622543,2.7581183303427,0.48697739243194893,0.9850327968597412,0.143917515873909,False,False,False,-0.7687459665288436,False
pure,4,16,0,0.3659095889766316,200,-125.63017529763005,0.5115565817049756,102.31131634099513,0.6566254496819027,0.2310437172331056,1,0,1,0.005,0.0,0.005,20,0.050076164305210114,0.19000327587127686,0.2265787273645401,0.045202650129795074,-0.08654075115919113,0.10000000149011612,0.7644233201760343,0.9751501731297757,0.06831348918623475,1.0434636623160105,-2.076978027820587,2.4000318967831555,2.1893200364435,0.4960995592504635,0.9850701689720154,0.14024865627288818,False,False,False,-0.7683907342273286,False
pure,4,16,0,0.3659095889766316,200,-125.63017529763005,0.5115565817049756,102.31131634099513,0.6566254496819027,0.2310437172331056,1,0,1,0.005,0.0,0.005,21,0.04142209142446518,0.20000340044498444,0.2265787273645401,0.045202650129795074,-0.0893142819404602,0.10000000149011612,0.7639796650850984,0.7249649669593515,0.05062799252336777,0.7755929594827193,-2.143542766571045,2.4000237224976253,1.6755017940216497,0.5030808167255537,0.9851071238517761,0.13630478084087372,False,False,False,-0.7680020197177144,False
pure,4,16,0,0.3659095889766316,200,-125.63017529763005,0.5115565817049756,102.31131634099513,0.6566254496819027,0.2310437172331056,1,0,1,0.005,0.0,0.005,22,0.03249066323041916,0.21000351011753082,0.2265787273645401,0.045202650129795074,-0.09129392355680466,0.10000000149011612,0.7635195636493272,0.5197789455119325,0.03596462486272797,0.5557435703746605,-2.1910541653633118,2.4002405911997915,1.2251875760748625,0.508185764959199,0.9851297736167908,0.13216489553451538,False,False,False,-0.7675817213696545,False
pure,4,16,0,0.3659095889766316,200,-125.63017529763005,0.5115565817049756,102.31131634099513,0.6566254496819027,0.2310437172331056,1,0,1,0.005,0.0,0.005,23,0.023361269384622574,0.22000451385974884,0.2265787273645401,0.045202650129795074,-0.09262757748365402,0.10000000149011612,0.7630424339046922,0.3531482720354893,0.024394200595889072,0.3775424726313784,-2.2230618596076965,2.4001634739659705,0.8436205235953115,0.5117008504741795,0.9851274490356445,0.1278923749923706,False,False,False,-0.7671316734424081,False
pure,4,16,0,0.3659095889766316,200,-125.63017529763005,0.5115565817049756,102.31131634099513,0.6566254496819027,0.2310437172331056,1,0,1,0.005,0.0,0.005,24,0.014098511077463627,0.2300051897764206,0.2265787273645401,0.045202650129795074,-0.09343479573726654,0.10000000149011612,0.7625477860934394,0.21712537778663538,0.014770398069389788,0.23189577585602517,-2.2424350976943974,2.400100522114898,0.5223400078670939,0.5138772671736257,0.985092043876648,0.12353956699371338,False,False,False,-0.7666535207695621,False
pure,4,16,0,0.3659095889766316,200,-125.63017529763005,0.5115565817049756,102.31131634099513,0.6566254496819027,0.2310437172331056,1,0,1,0.005,0.0,0.005,25,0.004755031783133745,0.24000561237335205,0.2265787273645401,0.045202650129795074,-0.09381768852472305,0.10000000149011612,0.7620348313879777,0.10744844026917993,0.0070114310238559505,0.11445987129303589,-2.2516245245933533,2.4000497632608475,0.25876132660831486,0.5149554393678271,0.9850172996520996,0.11914867162704468,False,False,False,-0.7661484168898869,False
pure,4,16,0,0.3659095889766316,200,-125.63017529763005,0.5115565817049756,102.31131634099513,0.6566254496819027,0.2310437172331056,1,0,1,0.005,0.0,0.005,26,-0.004626736976206303,0.2500058114528656,0.2265787273645401,0.045202650129795074,-0.09386098384857178,0.10000000149011612,0.7615029281511995,0.019542797850975787,0.0007093365386166046,0.02025213438959239,-2.2526636123657227,2.4001287029357847,0.04572584858908703,0.5151459637369482,0.9848988056182861,0.1147538274526596,False,False,False,-0.7656174023583623,False
pure,4,16,0,0.3659095889766316,200,-125.63017529763005,0.5115565817049756,102.31131634099513,0.6566254496819027,0.2310437172331056,1,0,1,0.005,0.0,0.005,27,-0.01401283498853445,0.2600063383579254,0.2265787273645401,0.045202650129795074,-0.09363614022731781,0.10000000149011612,0.7609515355848713,0.04964924222887561,0.0040142065795774695,0.05366344880845308,-2.2472673654556274,2.399977057927181,0.12120912547731985,0.5156510017597704,0.9847337007522583,0.11038143187761307,False,False,False,-0.7650613963925286,False
pure,4,16,0,0.3659095889766316,200,-125.63017529763005,0.5115565817049756,102.31131634099513,0.6566254496819027,0.2310437172331056,1,0,1,0.005,0.0,0.005,28,-0.023376449942588806,0.2700062692165375,0.2265787273645401,0.045202650129795074,-0.0931994616985321,0.10000000149011612,0.7603800082364646,0.1045841647258668,0.007981662595784027,0.11256582732165082,-2.23678708076477,2.399951633861042,0.2530881126990729,0.5167055355626832,0.9845200181007385,0.10605291277170181,False,False,False,-0.7644809261122313,False
pure,4,16,0,0.3659095889766316,200,-125.63017529763005,0.5115565817049756,102.31131634099513,0.6566254496819027,0.2310437172331056,1,0,1,0.005,0.0,0.005,29,-0.03269639611244202,0.2800060510635376,0.2265787273645401,0.045202650129795074,-0.09260031580924988,0.10000000149011612,0.7597876245819111,0.14668524342545264,0.010956419208714267,0.1576416626341669,-2.222407579421997,2.3999321493408012,0.35228905947873507,0.5181734066438446,0.9842565655708313,0.10178467631340027,False,False,False,-0.7638763084553261,False
pure,4,16,0,0.3659095889766316,200,-125.63017529763005,0.5115565817049756,102.31131634099513,0.6566254496819027,0.2310437172331056,1,0,1,0.005,0.0,0.005,30,-0.041956428438425064,0.29000577330589294,0.2265787273645401,0.045202650129795074,-0.0918782576918602,0.10000000149011612,0.7591738756429022,0.17857452684105804,0.013208225684694158,0.1917827525257522,-2.205078184604644,2.399917390873622,0.4254694439865947,0.5199461959937888,0.983942985534668,0.09758920967578888,False,False,False,-0.7632478726338213,False
pure,4,16,0,0.3659095889766316,200,-125.63017529763005,0.5115565817049756,102.31131634099513,0.6566254496819027,0.2310437172331056,1,0,1,0.005,0.0,0.005,31,-0.051144253462553024,0.3000054359436035,0.2265787273645401,0.045202650129795074,-0.09106584638357162,0.10000000149011612,0.7585382092649098,0.20205648587943723,0.014865072781692013,0.21692155866112925,-2.1855803132057194,2.399906523344325,0.47728546283239826,0.5219348854222571,0.9835793375968933,0.09347571432590485,False,False,False,-0.7625957567149754,False
pure,4,16,0,0.3659095889766316,200,-125.63017529763005,0.5115565817049756,102.31131634099513,0.6566254496819027,0.2310437172331056,1,0,1,0.005,0.0,0.005,32,-0.06025083735585213,0.3100050389766693,0.2265787273645401,0.045202650129795074,-0.0901893600821495,0.10000000149011612,0.7578801668654901,0.21875135365107654,0.016041681557557252,0.2347930352086338,-2.164544641971588,2.3998987969036003,0.511995482739762,0.5240681999336727,0.9831660985946655,0.08945075422525406,False,False,False,-0.761920056439541,False
pure,4,16,0,0.3659095889766316,200,-125.63017529763005,0.5115565817049756,102.31131634099513,0.6566254496819027,0.2310437172331056,1,0,1,0.005,0.0,0.005,33,-0.06926977634429932,0.3200046122074127,0.2265787273645401,0.045202650129795074,-0.08927042782306671,0.10000000149011612,0.7571992521745957,0.22985824193661544,0.01682306095559908,0.24668130289221452,-2.142490267753601,2.3998936565984987,0.5328426035840633,0.5262883774486063,0.9827039241790771,0.08551879972219467,False,False,False,-0.7612207306189336,False
pure,4,16,0,0.3659095889766316,200,-125.63017529763005,0.5115565817049756,102.31131634099513,0.6566254496819027,0.2310437172331056,1,0,1,0.005,0.0,0.005,34,-0.07819681614637375,0.33000418543815613,0.2265787273645401,0.045202650129795074,-0.08832641690969467,0.10000000149011612,0.7564951814675227,0.2364766288237406,0.01728703820345291,0.2537636670271935,-2.1198340058326717,2.3998905935868784,0.5427781997406794,0.5285499532808592,0.9821938276290894,0.0816824734210968,False,False,False,-0.7604978558385268,False
pure,4,16,0,0.3659095889766316,200,-125.63017529763005,0.5115565817049756,102.31131634099513,0.6566254496819027,0.2310437172331056,1,0,1,0.005,0.0,0.005,35,-0.08702945709228516,0.34000372886657715,0.2265787273645401,0.045202650129795074,-0.08737114071846008,0.10000000149011612,0.7557675471782812,0.23952355140940837,0.01749854694316743,0.2570220983525758,-2.096907377243042,2.3998891834609006,0.5442532755090318,0.5308176752621468,0.9816367626190186,0.07794324308633804,False,False,False,-0.759751307505382,False
pure,4,16,0,0.3659095889766316,200,-125.63017529763005,0.5115565817049756,102.31131634099513,0.6566254496819027,0.2310437172331056,1,0,1,0.005,0.0,0.005,36,-0.0957665741443634,0.3500032424926758,0.2265787273645401,0.045202650129795074,-0.08641568571329117,0.10000000149011612,0.7550160140454532,0.23970263577668516,0.01750742935323165,0.2572100651299168,-2.0739764571189876,2.3998891005800553,0.5391535121942085,0.5330641482296227,0.9810338020324707,0.0743010938167572,False,False,False,-0.7589809738754989,False
pure,4,16,0,0.3659095889766316,200,-125.63017529763005,0.5115565817049756,102.31131634099513,0.6566254496819027,0.2310437172331056,1,0,1,0.005,0.0,0.005,37,-0.1044081375002861,0.3600027859210968,0.2265787273645401,0.045202650129795074,-0.08546862751245499,0.10000000149011612,0.7542403890648921,0.23766197098509617,0.01735953030909287,0.25502150129418905,-2.0512470602989197,2.3998900450065555,0.5291643833028072,0.5352689998267177,0.9803861379623413,0.07075553387403488,False,False,False,-0.7581868300298293,False
pure,4,16,0,0.3659095889766316,200,-125.63017529763005,0.5115565817049756,102.31131634099513,0.6566254496819027,0.2310437172331056,1,0,1,0.005,0.0,0.005,38,-0.1129550039768219,0.3700023293495178,0.2265787273645401,0.045202650129795074,-0.0845368281006813,0.10000000149011612,0.7534403782241869,0.23384382130368533,0.01708618833957419,0.2509300096432595,-2.0288838744163513,2.3998918120590176,0.5154469616703884,0.5374166955003443,0.9796948432922363,0.0673050731420517,False,False,False,-0.7573687147253084,False
pure,4,16,0,0.3659095889766316,200,-125.63017529763005,0.5115565817049756,102.31131634099513,0.6566254496819027,0.2310437172331056,1,0,1,0.005,0.0,0.005,39,-0.12140868604183197,0.38000187277793884,0.2265787273645401,0.045202650129795074,-0.08362538367509842,0.10000000149011612,0.7526158617020533,0.22870412796033576,0.01671962193398271,0.24542374989431848,-2.0070092082023625,2.3998941907263127,0.49913661432079065,0.5394964313933476,0.9789611101150513,0.06394786387681961,False,False,False,-0.7565266015709327,False
pure,4,16,0,0.3659095889766316,200,-125.63017529763005,0.5115565817049756,102.31131634099513,0.6566254496819027,0.2310437172331056,1,0,1,0.005,0.0,0.005,40,-0.12977121770381927,0.39000144600868225,0.2265787273645401,0.045202650129795074,-0.08273795992136002,0.10000000149011612,0.7517667788589919,0.22261238342870324,0.016285964865332007,0.23889834829403525,-1.9857110381126404,2.3998970100060864,0.48112850538031393,0.5415011334990989,0.9781861305236816,0.06068163365125656,False,False,False,-0.7556604934061492,False
pure,4,16,0,0.3659095889766316,200,-125.63017529763005,0.5115565817049756,102.31131634099513,0.6566254496819027,0.2310437172331056,1,0,1,0.005,0.0,0.005,41,-0.1380450278520584,0.40000101923942566,0.2265787273645401,0.045202650129795074,-0.08187742531299591,0.10000000149011612,0.7508927805503136,0.21577446480889503,0.015799812303013964,0.231574277111909,-1.9650582075119019,2.3999001746177293,0.46192735534913776,0.5434258308130536,0.9773707389831543,0.05750390142202377,False,False,False,-0.7547700889189964,False
pure,4,16,0,0.3659095889766316,200,-125.63017529763005,0.5115565817049756,102.31131634099513,0.6566254496819027,0.2310437172331056,1,0,1,0.005,0.0,0.005,42,-0.14623276889324188,0.41000059247016907,0.2265787273645401,0.045202650129795074,-0.08104550838470459,0.10000000149011612,0.7499939435351911,0.2084849477943688,0.015281935458555846,0.22376688325292465,-1.9450922012329104,2.399903548230618,0.4421976171600967,0.545268320884554,0.9765161275863647,0.054411813616752625,False,False,False,-0.7538554894555631,False
pure,4,16,0,0.3659095889766316,200,-125.63017529763005,0.5115565817049756,102.31131634099513,0.6566254496819027,0.2310437172331056,1,0,1,0.005,0.0,0.005,43,-0.1543373167514801,0.42000019550323486,0.2265787273645401,0.045202650129795074,-0.08024370670318604,0.10000000149011612,0.7490701824901286,0.20080350755906398,0.014736616952184192,0.21554012451124818,-1.9258489608764648,2.3999071032268904,0.42208373807405336,0.5470270031265292,0.9756232500076294,0.05140256881713867,False,False,False,-0.7529166289148512,False
pure,4,16,0,0.3659095889766316,200,-125.63017529763005,0.5115565817049756,102.31131634099513,0.6566254496819027,0.2310437172331056,1,0,1,0.005,0.0,0.005,44,-0.16236168146133423,0.42999979853630066,0.2265787273645401,0.045202650129795074,-0.07947239279747009,0.10000000149011612,0.7481213637079392,0.19302100506868447,0.014184311895881293,0.20720531696456576,-1.9073374271392822,2.3999107049951083,0.40219726915345794,0.5487028250813353,0.9746929407119751,0.04847315698862076,False,False,False,-0.7519533704604302,False
pure,4,16,0,0.3659095889766316,200,-125.63017529763005,0.5115565817049756,102.31131634099513,0.6566254496819027,0.2310437172331056,1,0,1,0.005,0.0,0.005,45,-0.170308917760849,0.43999943137168884,0.2265787273645401,0.045202650129795074,-0.07873188704252243,0.10000000149011612,0.7471474849643764,0.18515104906265187,0.013626058023684865,0.19877710708633672,-1.8895652890205383,2.399914347237108,0.38255636768185225,0.5502968099466763,0.9737260937690735,0.04562067985534668,False,False,False,-0.7509657096328792,False
pure,4,16,0,0.3659095889766316,200,-125.63017529763005,0.5115565817049756,102.31131634099513,0.6566254496819027,0.2310437172331056,1,0,1,0.005,0.0,0.005,46,-0.17818211019039154,0.4499990940093994,0.2265787273645401,0.045202650129795074,-0.07802208513021469,0.10000000149011612,0.7461485517259725,0.17730350392291996,0.013069568645711798,0.19037307256863176,-1.8725300431251524,2.3999179791072858,0.36337203061904655,0.5518108600742556,0.9727235436439514,0.04284214973449707,False,False,False,-0.7499536407228597,False
pure,4,16,0,0.3659095889766316,200,-125.63017529763005,0.5115565817049756,102.31131634099513,0.6566254496819027,0.2310437172331056,1,0,1,0.005,0.0,0.005,47,-0.18598432838916779,0.4599987268447876,0.2265787273645401,0.045202650129795074,-0.07734236121177673,0.10000000149011612,0.7451245153060941,0.16961337144844651,0.012524354762531262,0.1821377262109778,-1.8562166690826423,2.3999215381263532,0.3448966361276464,0.5532479293914542,0.9716860055923462,0.04013463109731674,False,False,False,-0.7489170944801359,False
pure,4,16,0,0.3659095889766316,200,-125.63017529763005,0.5115565817049756,102.31131634099513,0.6566254496819027,0.2310437172331056,1,0,1,0.005,0.0,0.005,48,-0.1937185525894165,0.46999841928482056,0.2265787273645401,0.045202650129795074,-0.0766923800110817,0.10000000149011612,0.7440753877761804,0.16200568776767946,0.01198517561620452,0.17399086338388398,-1.84061712026596,2.399925058987845,0.32695396578335173,0.5546102375822182,0.9706141948699951,0.037495292723178864,False,False,False,-0.7478560686710322,False
pure,4,16,0,0.3659095889766316,200,-125.63017529763005,0.5115565817049756,102.31131634099513,0.6566254496819027,0.2310437172331056,1,0,1,0.005,0.0,0.005,49,-0.20138779282569885,0.4799981117248535,0.2265787273645401,0.045202650129795074,-0.07607125490903854,0.10000000149011612,0.74300129874918,0.15462312033025102,0.011462021482589136,0.16608514181284015,-1.825710117816925,2.3999284756647814,0.3098050269801103,0.555901091861302,0.9695088863372803,0.03492128849029541,False,False,False,-0.7467706692156507,False
pure,4,16,0,0.3659095889766316,200,-125.63017529763005,0.5115565817049756,102.31131634099513,0.6566254496819027,0.2310437172331056,1,0,1,0.005,0.0,0.005,50,-0.20899492502212524,0.4899978041648865,0.2265787273645401,0.045202650129795074,-0.07547810673713684,0.10000000149011612,0.7419021330303337,0.14746395812319799,0.01095480440223848,0.15841876252543646,-1.811474561691284,2.3999317889490324,0.29341799223313286,0.55712366682894,0.9683705568313599,0.0324099063873291,False,False,False,-0.7456607563323165,False
pure,4,16,0,0.3659095889766316,200,-125.63017529763005,0.5115565817049756,102.31131634099513,0.6566254496819027,0.2310437172331056,1,0,1,0.005,0.0,0.005,51,-0.21654273569583893,0.4999975264072418,0.2265787273645401,0.045202650129795074,-0.07491220533847809,0.10000000149011612,0.740777942054512,0.14048982178374836,0.010460812625172435,0.1509506344089208,-1.797892928123474,2.399935016602687,0.2776909275795992,0.5582807123605217,0.9671998023986816,0.029958628118038177,False,False,False,-0.7445263624569196,False
pure,4,16,0,0.3659095889766316,200,-125.63017529763005,0.5115565817049756,102.31131634099513,0.6566254496819027,0.2310437172331056,1,0,1,0.005,0.0,0.005,52,-0.22403395175933838,0.5099972486495972,0.2265787273645401,0.045202650129795074,-0.07437236607074738,0.10000000149011612,0.7396288281103216,0.13381837987864004,0.00998829283398618,0.1438066727126262,-1.784936785697937,2.3999381041683487,0.26282863341576035,0.5593758316664207,0.9659972190856934,0.02756476402282715,False,False,False,-0.7433675610443197,False
pure,4,16,0,0.3659095889766316,200,-125.63017529763005,0.5115565817049756,102.31131634099513,0.6566254496819027,0.2310437172331056,1,0,1,0.005,0.0,0.005,53,-0.2314711958169937,0.5199970006942749,0.2265787273645401,0.045202650129795074,-0.07385772466659546,0.10000000149011612,0.7384546919631348,0.12736700563458164,0.00953146319902046,0.1368984688336021,-1.7725853919982908,2.399941089885958,0.24864384378848847,0.5604118476822061,0.9647631645202637,0.025226004421710968,False,False,False,-0.7421842318492519,False
pure,4,16,0,0.3659095889766316,200,-125.63017529763005,0.5115565817049756,102.31131634099513,0.6566254496819027,0.2310437172331056,1,0,1,0.005,0.0,0.005,54,-0.2388569563627243,0.5299967527389526,0.2265787273645401,0.045202650129795074,-0.0733671486377716,0.10000000149011612,0.7372557736749165,0.12120518721479016,0.009095170641088342,0.1303003578558785,-1.7608115673065186,2.3999439415961623,0.23524739534321792,0.5613920451628028,0.9634982943534851,0.022940009832382202,False,False,False,-0.7409765887821428,False
pure,4,16,0,0.3659095889766316,200,-125.63017529763005,0.5115565817049756,102.31131634099513,0.6566254496819027,0.2310437172331056,1,0,1,0.005,0.0,0.005,55,-0.24619367718696594,0.5399965047836304,0.2265787273645401,0.045202650129795074,-0.0728999450802803,0.10000000149011612,0.7360321125039098,0.11521943522303482,0.008671450014078277,0.1238908852371131,-1.7495986819267266,2.3999467118222326,0.2223987899465816,0.5623187067875802,0.9622030258178711,0.020704492926597595,False,False,False,-0.7397446536668775,False
pure,4,16,0,0.3659095889766316,200,-125.63017529763005,0.5115565817049756,102.31131634099513,0.6566254496819027,0.2310437172331056,1,0,1,0.005,0.0,0.005,56,-0.25348368287086487,0.5499963164329529,0.2265787273645401,0.045202650129795074,-0.07245492935180664,0.10000000149011612,0.7347835406795086,0.10953700749101762,0.008269200881327892,0.11780620837234551,-1.7389183044433594,2.3999493416688216,0.21032157055135003,0.5631950466648775,0.960877537727356,0.018517330288887024,False,False,False,-0.7384882330283464,False
pure,4,16,0,0.3659095889766316,200,-125.63017529763005,0.5115565817049756,102.31131634099513,0.6566254496819027,0.2310437172331056,1,0,1,0.005,0.0,0.005,57,-0.2607291638851166,0.5599960684776306,0.2265787273645401,0.045202650129795074,-0.07203124463558197,0.10000000149011612,0.7335103970569732,0.10407333926272427,0.007882511646626855,0.11195585090935113,-1.7287498712539675,2.399951870272778,0.19883442042017413,0.5640235234166282,0.9595224857330322,0.016376495361328125,False,False,False,-0.7372076460522773,False
pure,4,16,0,0.3659095889766316,200,-125.63017529763005,0.5115565817049756,102.31131634099513,0.6566254496819027,0.2310437172331056,1,0,1,0.005,0.0,0.005,58,-0.26793229579925537,0.5699958801269531,0.2265787273645401,0.045202650129795074,-0.0716279074549675,0.10000000149011612,0.7322126350290042,0.09886129193349738,0.007513656968049787,0.10637494890154717,-1.71906977891922,2.39995428242574,0.1879818924849349,0.5648067813019821,0.958138108253479,0.014279961585998535,False,False,False,-0.7359028251207335,False
pure,4,16,0,0.3659095889766316,200,-125.63017529763005,0.5115565817049756,102.31131634099513,0.6566254496819027,0.2310437172331056,1,0,1,0.005,0.0,0.005,59,-0.2750950753688812,0.5799956917762756,0.2265787273645401,0.045202650129795074,-0.07124406844377518,0.10000000149011612,0.7308902270454062,0.09386633764391851,0.007160213321143677,0.10102655096506219,-1.709857642650604,2.3999565941073158,0.17768227598336997,0.5655471241185795,0.9567246437072754,0.012225955724716187,False,False,False,-0.7345737234610212,False
pure,4,16,0,0.3659095889766316,200,-125.63017529763005,0.5115565817049756,102.31131634099513,0.6566254496819027,0.2310437172331056,1,0,1,0.005,0.0,0.005,60,-0.2822194993495941,0.5899955034255981,0.2265787273645401,0.045202650129795074,-0.07087909430265427,0.10000000149011612,0.7295434138467705,0.08903270916786979,0.006818242928703903,0.0958509520965737,-1.7010982632637022,2.3999588311267646,0.16781688926863614,0.5662463611571988,0.9552825689315796,0.010212630033493042,False,False,False,-0.7332205679556524,False
pure,4,16,0,0.3659095889766316,200,-125.63017529763005,0.5115565817049756,102.31131634099513,0.6566254496819027,0.2310437172331056,1,0,1,0.005,0.0,0.005,61,-0.2893073856830597,0.5999953150749207,0.2265787273645401,0.045202650129795074,-0.07053210586309433,0.10000000149011612,0.7281722176627814,0.08442407457882281,0.006492197406297098,0.09091627198511991,-1.6927705407142637,2.3999609640182897,0.15849160671990903,0.5669067428518652,0.9538121223449707,0.008238270878791809,False,False,False,-0.731843362058848,False
pure,4,16,0,0.3659095889766316,200,-125.63017529763005,0.5115565817049756,102.31131634099513,0.6566254496819027,0.2310437172331056,1,0,1,0.005,0.0,0.005,62,-0.2963606119155884,0.6099951863288879,0.2265787273645401,0.045202650129795074,-0.07020239531993866,0.10000000149011612,0.7267766214164255,0.07999626244712257,0.0061789871532250806,0.08617524960034766,-1.6848574876785278,2.399963013224575,0.1496116423972611,0.567530124695187,0.9523134827613831,0.0063012391328811646,False,False,False,-0.7304420734944104,False
pure,4,16,0,0.3659095889766316,200,-125.63017529763005,0.5115565817049756,102.31131634099513,0.6566254496819027,0.2310437172331056,1,0,1,0.005,0.0,0.005,63,-0.3033808469772339,0.6199949979782104,0.2265787273645401,0.045202650129795074,-0.0698891282081604,0.10000000149011612,0.7253567438585855,0.07578211885460506,0.005880901779936297,0.08166302063454137,-1.6773390769958496,2.3999649635443454,0.14122626751826572,0.5681185674765131,0.9507869482040405,0.004399999976158142,False,False,False,-0.7290168042494155,False
pure,4,16,0,0.3659095889766316,200,-125.63017529763005,0.5115565817049756,102.31131634099513,0.6566254496819027,0.2310437172331056,1,0,1,0.005,0.0,0.005,64,-0.3103697597980499,0.6299948692321777,0.2265787273645401,0.045202650129795074,-0.06959181278944016,0.10000000149011612,0.7239127280557192,0.07169313224457878,0.0055917256934415824,0.07728485793802037,-1.670203506946564,2.399966855941045,0.13316207723065301,0.5686734094649741,0.949232816696167,0.002532958984375,False,False,False,-0.7275676862144507,False
pure,4,16,0,0.3659095889766316,200,-125.63017529763005,0.5115565817049756,102.31131634099513,0.6566254496819027,0.2310437172331056,1,0,1,0.005,0.0,0.005,65,-0.31732892990112305,0.639994740486145,0.2265787273645401,0.045202650129795074,-0.06930999457836151,0.10000000149011612,0.7224446646425494,0.06771971039681735,0.00531075186473508,0.07303046226155242,-1.6634398698806765,2.399968694853986,0.12539330447234057,0.5691958815669422,0.9476513266563416,0.0006987452507019043,False,False,False,-0.7260947999659547,False
pure,4,16,0,0.3659095889766316,200,-125.63017529763005,0.5115565817049756,102.31131634099513,0.6566254496819027,0.2310437172331056,1,0,1,0.005,0.0,0.005,66,-0.3242599368095398,0.6499946117401123,0.2265787273645401,0.045202650129795074,-0.06904281675815582,0.10000000149011612,0.720952542262979,0.063965973738982,0.0050452926877249124,0.06901126642670691,-1.65702760219574,2.3999704320958837,0.11810193735863037,0.5696879729726032,0.9460425972938538,-0.0011039972305297852,False,False,False,-0.7245981176075416,False
pure,4,16,0,0.3659095889766316,200,-125.63017529763005,0.5115565817049756,102.31131634099513,0.6566254496819027,0.2310437172331056,1,0,1,0.005,0.0,0.005,67,-0.3311642110347748,0.6599944829940796,0.2265787273645401,0.045202650129795074,-0.06878989934921265,0.10000000149011612,0.7194364898592914,0.060308748948013406,0.004786720367830867,0.06509546931584427,-1.6509575843811033,2.399972124671767,0.11105518193165129,0.5701507028973184,0.9444068670272827,-0.002876684069633484,False,False,False,-0.7230777598113503,False
pure,4,16,0,0.3659095889766316,200,-125.63017529763005,0.5115565817049756,102.31131634099513,0.6566254496819027,0.2310437172331056,1,0,1,0.005,0.0,0.005,68,-0.338043212890625,0.6699943542480469,0.2265787273645401,0.045202650129795074,-0.068550705909729,0.10000000149011612,0.7178965224995674,0.05678851532424828,0.004537837204033221,0.0613263525282815,-1.6452169418334963,2.399973753847679,0.10432011770193766,0.5705853700544098,0.942744255065918,-0.004620552062988281,False,False,False,-0.7215337302460731,False
pure,4,16,0,0.3659095889766316,200,-125.63017529763005,0.5115565817049756,102.31131634099513,0.6566254496819027,0.2310437172331056,1,0,1,0.005,0.0,0.005,69,-0.3448982834815979,0.6799942255020142,0.2265787273645401,0.045202650129795074,-0.06832488626241684,0.10000000149011612,0.7163328510320781,0.053357187549199485,0.004295273617857919,0.057652461167057405,-1.6397972702980044,2.3999753418776666,0.09780352126343266,0.5709928847263408,0.9410550594329834,-0.006336867809295654,False,False,False,-0.7199662326074241,False
pure,4,16,0,0.3659095889766316,200,-125.63017529763005,0.5115565817049756,102.31131634099513,0.6566254496819027,0.2310437172331056,1,0,1,0.005,0.0,0.005,70,-0.3517307639122009,0.6899941563606262,0.2265787273645401,0.045202650129795074,-0.06811192631721497,0.10000000149011612,0.7147455119862475,0.05005719285528567,0.004061993871997259,0.05411918672728293,-1.6346862316131592,2.399976869126265,0.09157649528906614,0.5713744534567119,0.9393393993377686,-0.008026748895645142,False,False,False,-0.7183752931430258,False
pure,4,16,0,0.3659095889766316,200,-125.63017529763005,0.5115565817049756,102.31131634099513,0.6566254496819027,0.2310437172331056,1,0,1,0.005,0.0,0.005,71,-0.35854196548461914,0.6999940276145935,0.2265787273645401,0.045202650129795074,-0.06791141629219055,0.10000000149011612,0.7131348480520572,0.046644353006603134,0.0036188335193505596,0.05026318652595369,-1.6298739910125732,2.39969293556744,0.08470850702445176,0.5717274055693138,0.9375976324081421,-0.009692028164863586,False,False,False,-0.7167612464962329,False
pure,4,16,0,0.3659095889766316,200,-125.63017529763005,0.5115565817049756,102.31131634099513,0.6566254496819027,0.2310437172331056,1,0,1,0.005,0.0,0.005,72,-0.36533311009407043,0.7099927663803101,0.2265787273645401,0.045202650129795074,-0.06772221624851227,0.10000000149011612,0.7115006852597615,0.04397169579950353,0.0036431980773303217,0.047614893876833854,-1.6253331899642944,2.399710531985816,0.08021127739822669,0.5720616192251398,0.9358296990394592,-0.01133301854133606,False,False,False,-0.7151238979101798,False
pure,4,16,0,0.3659095889766316,200,-125.63017529763005,0.5115565817049756,102.31131634099513,0.6566254496819027,0.2310437172331056,1,0,1,0.005,0.0,0.005,73,-0.37210533022880554,0.7199915647506714,0.2265787273645401,0.045202650129795074,-0.06754493713378906,0.10000000149011612,0.7098430405573358,0.04091206345115505,0.003428798432377004,0.044340861883532055,-1.6210784912109377,2.399730676196879,0.07454985887239544,0.572372243637108,0.9340356588363647,-0.012950852513313293,False,False,False,-0.713463273497056,False
pure,4,16,0,0.3659095889766316,200,-125.63017529763005,0.5115565817049756,102.31131634099513,0.6566254496819027,0.2310437172331056,1,0,1,0.005,0.0,0.005,74,-0.37885981798171997,0.7299904227256775,0.2265787273645401,0.045202650129795074,-0.06737940013408661,0.10000000149011612,0.7081621762379968,0.037895085448763896,0.0032154257623764077,0.0411105112111403,-1.6171056032180786,2.3997505395774215,0.0689965747218579,0.5726597293651158,0.9322158098220825,-0.014546602964401245,False,False,False,-0.7117796319737995,False
pure,4,16,0,0.3659095889766316,200,-125.63017529763005,0.5115565817049756,102.31131634099513,0.6566254496819027,0.2310437172331056,1,0,1,0.005,0.0,0.005,75,-0.38559776544570923,0.7399893999099731,0.2265787273645401,0.045202650129795074,-0.06722517311573029,0.10000000149011612,0.7064580023585196,0.034988143410030904,0.0030095238043039616,0.03799766721433487,-1.6134041547775269,2.3997696784958626,0.06367217991797597,0.572925030114774,0.9303700923919678,-0.01612125337123871,False,False,False,-0.7100728746800061,False
pure,4,16,0,0.3659095889766316,200,-125.63017529763005,0.5115565817049756,102.31131634099513,0.6566254496819027,0.2310437172331056,1,0,1,0.005,0.0,0.005,76,-0.39232027530670166,0.7499884366989136,0.2265787273645401,0.045202650129795074,-0.06708206236362457,0.10000000149011612,0.7047306788100106,0.03213025297610791,0.002807382136846338,0.034937635112954245,-1.6099694967269895,2.399788494465085,0.05846585056522595,0.5731686378254625,0.9284986853599548,-0.01767580211162567,False,False,False,-0.7083431577069861,False
pure,4,16,0,0.3659095889766316,200,-125.63017529763005,0.5115565817049756,102.31131634099513,0.6566254496819027,0.2310437172331056,1,0,1,0.005,0.0,0.005,77,-0.399028480052948,0.7599875926971436,0.2265787273645401,0.045202650129795074,-0.06694979965686798,0.10000000149011612,0.7029803803931486,0.029340318066212533,0.002609962533959762,0.0319502806001723,-1.6067951917648315,2.399806863024205,0.0534072879948738,0.5733911681921078,0.926601767539978,-0.019211292266845703,False,False,False,-0.7065906502674829,False
pure,4,16,0,0.3659095889766316,200,-125.63017529763005,0.5115565817049756,102.31131634099513,0.6566254496819027,0.2310437172331056,1,0,1,0.005,0.0,0.005,78,-0.4057234525680542,0.7699867486953735,0.2265787273645401,0.045202650129795074,-0.06682813167572021,0.10000000149011612,0.7012071532978492,0.02661463293343373,0.0024171074282079916,0.02903174036164172,-1.6038751602172852,2.399824808571367,0.048487183031430924,0.5735931981214054,0.9246793985366821,-0.020728543400764465,False,False,False,-0.7048153938575463,False
pure,4,16,0,0.3659095889766316,200,-125.63017529763005,0.5115565817049756,102.31131634099513,0.6566254496819027,0.2310437172331056,1,0,1,0.005,0.0,0.005,79,-0.4124062657356262,0.7799860239028931,0.2265787273645401,0.045202650129795074,-0.06671677529811859,0.10000000149011612,0.6994110670005235,0.02396088504991999,0.002229305613682183,0.026190190663602172,-1.6012026071548462,2.39984228049328,0.043716213479524986,0.5737753490109034,0.9227316379547119,-0.022228524088859558,False,False,False,-0.7030174525891694,False
pure,4,16,0,0.3659095889766316,200,-125.63017529763005,0.5115565817049756,102.31131634099513,0.6566254496819027,0.2310437172331056,1,0,1,0.005,0.0,0.005,80,-0.41907796263694763,0.7899853587150574,0.2265787273645401,0.045202650129795074,-0.06661571562290192,0.10000000149011612,0.6975923110089897,0.021310100790728568,0.0020420422500770953,0.023352143040805663,-1.5987771749496462,2.399859732903087,0.038970717708940075,0.5739377270013574,0.9207586646080017,-0.02371211349964142,False,False,False,-0.7011970146290658,False
pure,4,16,0,0.3659095889766316,200,-125.63017529763005,0.5115565817049756,102.31131634099513,0.6566254496819027,0.2310437172331056,1,0,1,0.005,0.0,0.005,81,-0.4257395267486572,0.7999848127365112,0.2265787273645401,0.045202650129795074,-0.06652447581291199,0.10000000149011612,0.6957509623972462,0.01878085873176322,0.001862817194569168,0.02064367592633239,-1.596587419509888,2.3998763850952667,0.03445581377372155,0.5740812928920812,0.9187605381011963,-0.025180160999298096,False,False,False,-0.6993541492281244,False
pure,4,16,0,0.3659095889766316,200,-125.63017529763005,0.5115565817049756,102.31131634099513,0.6566254496819027,0.2310437172331056,1,0,1,0.005,0.0,0.005,82,-0.4323919713497162,0.8099842667579651,0.2265787273645401,0.045202650129795074,-0.06644318997859955,0.10000000149011612,0.6938869870587073,0.01621653103410306,0.0016818501333496594,0.01789838116745272,-1.5946365594863892,2.39989326828661,0.029895734068319142,0.5742058584506992,0.9167371988296509,-0.026633501052856445,False,False,False,-0.6974888238443814,False
pure,4,16,0,0.3659095889766316,200,-125.63017529763005,0.5115565817049756,102.31131634099513,0.6566254496819027,0.2310437172331056,1,0,1,0.005,0.0,0.005,83,-0.4390362799167633,0.8199838399887085,0.2265787273645401,0.045202650129795074,-0.06637157499790192,0.10000000149011612,0.6920007185080591,0.013723732905933147,0.0015054438639726185,0.015229176769905765,-1.5929177999496462,2.3999096805368128,0.025473707730268226,0.5743119988995753,0.9146889448165894,-0.02807299792766571,False,False,False,-0.6956013668516222,False
pure,4,16,0,0.3659095889766316,200,-125.63017529763005,0.5115565817049756,102.31131634099513,0.6566254496819027,0.2310437172331056,1,0,1,0.005,0.0,0.005,84,-0.4456734359264374,0.8299834728240967,0.2265787273645401,0.045202650129795074,-0.06630942225456238,0.10000000149011612,0.690092133781634,0.011283851140514658,0.0013328664175313355,0.012616717558045994,-1.591426134109497,2.3999257443927466,0.021156196027686265,0.5744001497163573,0.9126157164573669,-0.02949942648410797,False,False,False,-0.6936917512628658,False
pure,4,16,0,0.3659095889766316,200,-125.63017529763005,0.5115565817049756,102.31131634099513,0.6566254496819027,0.2310437172331056,1,0,1,0.005,0.0,0.005,85,-0.4523043930530548,0.8399831652641296,0.2265787273645401,0.045202650129795074,-0.06625662744045258,0.10000000149011612,0.6881613958405919,0.00886996704406701,0.0011622549751181385,0.010032222019185149,-1.5901590585708618,2.3999416370834963,0.01689400255204163,0.5744705413936575,0.9105176329612732,-0.030913561582565308,False,False,False,-0.6917601382511325,False
pure,4,16,0,0.3659095889766316,200,-125.63017529763005,0.5115565817049756,102.31131634099513,0.6566254496819027,0.2310437172331056,1,0,1,0.005,0.0,0.005,86,-0.45893004536628723,0.8499829173088074,0.2265787273645401,0.045202650129795074,-0.06621319055557251,0.10000000149011612,0.6862085487893685,0.006455107950408404,0.000991704592495985,0.007446812542904389,-1.5891165733337416,2.3999575361934977,0.012637967937090835,0.5745231995933954,0.9083946943283081,-0.03231610357761383,False,False,False,-0.6898065716973408,False
pure,4,16,0,0.3659095889766316,200,-125.63017529763005,0.5115565817049756,102.31131634099513,0.6566254496819027,0.2310437172331056,1,0,1,0.005,0.0,0.005,87,-0.46555137634277344,0.8599827289581299,0.2265787273645401,0.045202650129795074,-0.0661788284778595,0.10000000149011612,0.6842337866274962,0.004112025682363006,0.0008258882647767354,0.004937913947139742,-1.588291883468628,2.399972962734458,0.008513206521615552,0.5745586712872355,0.9062470197677612,-0.033707961440086365,False,False,False,-0.6878312404601226,False
pure,4,16,0,0.3659095889766316,200,-125.63017529763005,0.5115565817049756,102.31131634099513,0.6566254496819027,0.2310437172331056,1,0,1,0.005,0.0,0.005,88,-0.47216925024986267,0.8699826002120972,0.2265787273645401,0.045202650129795074,-0.0661536455154419,0.10000000149011612,0.6822372060829408,0.0016265139842859553,0.0006585916426447389,0.002285105626930694,-1.5876989573843345,2.4000000357627873,0.004163034522922297,0.5745760172644143,0.9040746688842773,-0.0350896418094635,False,False,False,-0.6858342430555827,False
pure,4,16,0,0.3659095889766316,200,-125.63017529763005,0.5115565817049756,102.31131634099513,0.6566254496819027,0.2310437172331056,1,0,1,0.005,0.0,0.005,89,-0.4787846803665161,0.879982590675354,0.2265787273645401,0.045202650129795074,-0.06613728404045105,0.10000000149011612,0.6802188985596898,0.00039619744643576974,0.0004965900889826419,0.0008927875354184116,-1.5872920242440434,2.400000035762787,0.00182069727807114,0.5745836035030729,0.9018776416778564,-0.036462053656578064,False,False,False,-0.6838156646292212,False
pure,4,16,0,0.3659095889766316,200,-125.63017529763005,0.5115565817049756,102.31131634099513,0.6566254496819027,0.2310437172331056,1,0,1,0.005,0.0,0.005,90,-0.48539838194847107,0.8899826407432556,0.2265787273645401,0.045202650129795074,-0.06612986326217651,0.10000000149011612,0.6781790430905338,0.00268698952478165,0.0003348061117051455,0.0030217956364867954,-1.5870977781711637,2.400000035762787,0.0050680497848160965,0.5746047203771764,0.8996560573577881,-0.037825778126716614,False,False,False,-0.6817756864490028,False
pure,4,16,0,0.3659095889766316,200,-125.63017529763005,0.5115565817049756,102.31131634099513,0.6566254496819027,0.2310437172331056,1,0,1,0.005,0.0,0.005,91,-0.49201127886772156,0.8999826312065125,0.2265787273645401,0.045202650129795074,-0.06613120436668396,0.10000000149011612,0.6761176642759341,0.005304596041230229,0.00017465595847451199,0.005479251999704741,-1.587148904800414,2.400034960515206,0.00883836420364829,0.5746415468946916,0.8974098563194275,-0.039181530475616455,False,False,False,-0.6797143297626275,False
pure,4,16,0,0.3659095889766316,200,-125.63017529763005,0.5115565817049756,102.31131634099513,0.6566254496819027,0.2310437172331056,1,0,1,0.005,0.0,0.005,92,-0.49862441420555115,0.9099827408790588,0.2265787273645401,0.045202650129795074,-0.06614112854003906,0.10000000149011612,0.6740350328738145,0.007337696387166759,1.5848162733045106e-05,0.0073535445498998046,-1.5873870849609366,2.4000483461765625,0.01168580083511042,0.5746902377315045,0.895139217376709,-0.040530040860176086,False,False,False,-0.67763186264581,False
pure,4,16,0,0.3659095889766316,200,-125.63017529763005,0.5115565817049756,102.31131634099513,0.6566254496819027,0.2310437172331056,1,0,1,0.005,0.0,0.005,93,-0.5052385330200195,0.9199829697608948,0.2265787273645401,0.045202650129795074,-0.06615981459617615,0.10000000149011612,0.6719311163812256,0.009604595502043359,0.0001431458039605141,0.009747741306003872,-1.5878355503082278,2.400063271137804,0.015594077170978068,0.5747552130530502,0.892844021320343,-0.041871920228004456,False,False,False,-0.6755282555013276,False
pure,4,16,0,0.3659095889766316,200,-125.63017529763005,0.5115565817049756,102.31131634099513,0.6566254496819027,0.2310437172331056,1,0,1,0.005,0.0,0.005,94,-0.5118545293807983,0.9299831986427307,0.2265787273645401,0.045202650129795074,-0.06618693470954895,0.10000000149011612,0.6698061216902196,0.01178929734329154,0.00029780335295384906,0.01208710069624539,-1.5884864330291746,2.4000776549231726,0.019441890057751234,0.5748362209282909,0.8905243873596191,-0.04320774972438812,False,False,False,-0.6734037098568141,False
pure,4,16,0,0.3659095889766316,200,-125.63017529763005,0.5115565817049756,102.31131634099513,0.6566254496819027,0.2310437172331056,1,0,1,0.005,0.0,0.005,95,-0.518473207950592,0.9399835467338562,0.2265787273645401,0.045202650129795074,-0.06622269749641418,0.10000000149011612,0.667660221141435,0.014028286302915199,0.0004556559975710639,0.014483942300486262,-1.5893447399139404,2.400092396127686,0.023389399540565337,0.57493367675971,0.8881803750991821,-0.04453824460506439,False,False,False,-0.6712584016291869,False
pure,4,16,0,0.3659095889766316,200,-125.63017529763005,0.5115565817049756,102.31131634099513,0.6566254496819027,0.2310437172331056,1,0,1,0.005,0.0,0.005,96,-0.5250954627990723,0.9499839544296265,0.2265787273645401,0.045202650129795074,-0.0662667453289032,0.10000000149011612,0.6654935053911781,0.016176498060226592,0.0006077702052900175,0.01678426826551661,-1.5904018878936768,2.400106539667206,0.027185846298824222,0.5750469511192884,0.885811984539032,-0.04586389660835266,False,False,False,-0.6690924154397822,False
pure,4,16,0,0.3659095889766316,200,-125.63017529763005,0.5115565817049756,102.31131634099513,0.6566254496819027,0.2310437172331056,1,0,1,0.005,0.0,0.005,97,-0.5317221283912659,0.9599843621253967,0.2265787273645401,0.045202650129795074,-0.06631903350353241,0.10000000149011612,0.6633061715811077,0.018313725248153397,0.0007587337860478912,0.019072459034201288,-1.5916568040847776,2.4001206108857946,0.030970217997431493,0.5751759936942776,0.8834192752838135,-0.047185495495796204,False,False,False,-0.6669059484302584,False
pure,4,16,0,0.3659095889766316,200,-125.63017529763005,0.5115565817049756,102.31131634099513,0.6566254496819027,0.2310437172331056,1,0,1,0.005,0.0,0.005,98,-0.5383540391921997,0.9699848890304565,0.2265787273645401,0.045202650129795074,-0.0663796216249466,0.10000000149011612,0.6610981895976744,0.020467213725699325,0.0009107152769592934,0.021377929002658617,-1.5931109189987183,2.4001347891665374,0.03479238108714747,0.5753209619488074,0.8810021281242371,-0.048503413796424866,False,False,False,-0.664698971381136,False
pure,4,16,0,0.3659095889766316,200,-125.63017529763005,0.5115565817049756,102.31131634099513,0.6566254496819027,0.2310437172331056,1,0,1,0.005,0.0,0.005,99,-0.5449920296669006,0.9799854159355164,0.2265787273645401,0.045202650129795074,-0.0664484053850174,0.10000000149011612,0.6588698155461999,0.022594910969941234,0.0010610673532332443,0.023655978323174478,-1.5947617292404175,2.400148797641245,0.03858021882253591,0.575481712860568,0.8785606622695923,-0.049818336963653564,False,False,False,-0.6624717388331147,False
pure,4,16,0,0.3659095889766316,200,-125.63017529763005,0.5115565817049756,102.31131634099513,0.6566254496819027,0.2310437172331056,1,0,1,0.005,0.0,0.005,100,-0.5516368746757507,0.9899860620498657,0.2265787273645401,0.045202650129795074,-0.06652535498142242,0.10000000149011612,0.6566212327478347,0.024715776671471987,0.001210844563713373,0.02592662123518536,-1.5966085195541382,2.4001627611379863,0.04236764363242081,0.5756582447090365,0.8760949373245239,-0.05113080143928528,False,False,False,-0.6602244343308625,False
pure,4,16,0,0.3659095889766316,200,-125.63017529763005,0.5115565817049756,102.31131634099513,0.6566254496819027,0.2310437172331056,1,0,1,0.005,0.0,0.005,101,-0.5582894086837769,0.9999867677688599,0.2265787273645401,0.045202650129795074,-0.06661038100719452,0.10000000149011612,0.6543525089782344,0.026814559174037866,0.001359128809424956,0.02817368798346282,-1.5986491441726685,2.4001765792418976,0.04612922121149771,0.5758504497974177,0.8736048936843872,-0.0524413138628006,False,False,False,-0.6579571238618956,False
pure,4,16,0,0.3659095889766316,200,-125.63017529763005,0.5115565817049756,102.31131634099513,0.6566254496819027,0.2310437172331056,1,0,1,0.005,0.0,0.005,102,-0.5649504065513611,1.009987473487854,0.2265787273645401,0.045202650129795074,-0.06670351326465607,0.10000000149011612,0.6520639091173952,0.028921862007986895,0.0015078674084750014,0.030429729416461895,-1.6008843183517456,2.400190453442526,0.04991972430499817,0.5760584486486886,0.8710906505584717,-0.05375047028064728,False,False,False,-0.6556700738708322,False
pure,4,16,0,0.3659095889766316,200,-125.63017529763005,0.5115565817049756,102.31131634099513,0.6566254496819027,0.2310437172331056,1,0,1,0.005,0.0,0.005,103,-0.571620762348175,1.0199882984161377,0.2265787273645401,0.045202650129795074,-0.06680445373058319,0.10000000149011612,0.6497553200843738,0.030953450040323967,0.0016516460419213985,0.03260509608224536,-1.6033068895339966,2.4002038291470082,0.05359216685871302,0.5762817493439333,0.8685519695281982,-0.05505865812301636,False,False,False,-0.6533631661358283,False
pure,4,16,0,0.3659095889766316,200,-125.63017529763005,0.5115565817049756,102.31131634099513,0.6566254496819027,0.2310437172331056,1,0,1,0.005,0.0,0.005,104,-0.578301191329956,1.0299891233444214,0.2265787273645401,0.045202650129795074,-0.06691326200962067,0.10000000149011612,0.6474272703869656,0.03300093537710911,0.001796115130733056,0.03479705050784217,-1.605918288230896,2.4002173095172217,0.057307872277496744,0.5765205321450895,0.8659892082214355,-0.056366562843322754,False,False,False,-0.6510369305057838,False
pure,4,16,0,0.3659095889766316,200,-125.63017529763005,0.5115565817049756,102.31131634099513,0.6566254496819027,0.2310437172331056,1,0,1,0.005,0.0,0.005,105,-0.584992527961731,1.0399900674819946,0.2265787273645401,0.045202650129795074,-0.06703014671802521,0.10000000149011612,0.6450795362106558,0.03510314441538647,0.0019442618163696551,0.037047406231756126,-1.608723521232605,2.4002311501809834,0.06113793186601508,0.5767752735278645,0.8634020090103149,-0.057674527168273926,False,False,False,-0.6486911476365325,False
pure,4,16,0,0.3659095889766316,200,-125.63017529763005,0.5115565817049756,102.31131634099513,0.6566254496819027,0.2310437172331056,1,0,1,0.005,0.0,0.005,106,-0.5916955471038818,1.0499910116195679,0.2265787273645401,0.045202650129795074,-0.06715457141399384,0.10000000149011612,0.6427125123030336,0.03706849526587915,0.0020836289873629394,0.03915212425324209,-1.6117097139358523,2.4002440897887003,0.06474487206323289,0.5770450438281279,0.8607906103134155,-0.05898304283618927,False,False,False,-0.6463262035584839,False
pure,4,16,0,0.3659095889766316,200,-125.63017529763005,0.5115565817049756,102.31131634099513,0.6566254496819027,0.2310437172331056,1,0,1,0.005,0.0,0.005,107,-0.5984110236167908,1.0599919557571411,0.2265787273645401,0.045202650129795074,-0.06728670001029968,0.10000000149011612,0.640326306423437,0.03907626620114646,0.00222514994967117,0.04130141615081763,-1.6148808002471922,2.4002573086845937,0.06844444446319707,0.5773302290133913,0.8581549525260925,-0.060292601585388184,False,False,False,-0.6439422089367026,False
pure,4,16,0,0.3659095889766316,200,-125.63017529763005,0.5115565817049756,102.31131634099513,0.6566254496819027,0.2310437172331056,1,0,1,0.005,0.0,0.005,108,-0.6051396727561951,1.069993019104004,0.2265787273645401,0.045202650129795074,-0.06742656230926514,0.10000000149011612,0.6379210827802985,0.04109284851048102,0.002367441876603479,0.0434602903870845,-1.618237495422363,2.400270585593398,0.07218048935288475,0.5776309810523617,0.855495035648346,-0.06160363554954529,False,False,False,-0.6415393293207257,False
pure,4,16,0,0.3659095889766316,200,-125.63017529763005,0.5115565817049756,102.31131634099513,0.6566254496819027,0.2310437172331056,1,0,1,0.005,0.0,0.005,109,-0.6118823289871216,1.0799942016601562,0.2265787273645401,0.045202650129795074,-0.06757399439811707,0.10000000149011612,0.6354969514326317,0.04306821232047871,0.0025070475113547824,0.04557525983183349,-1.6217758655548093,2.4002835911251044,0.07586461231761858,0.5779470836036851,0.852810800075531,-0.06291656196117401,False,False,False,-0.6391176725343926,False
pure,4,16,0,0.3659095889766316,200,-125.63017529763005,0.5115565817049756,102.31131634099513,0.6566254496819027,0.2310437172331056,1,0,1,0.005,0.0,0.005,110,-0.6186397671699524,1.0899953842163086,0.2265787273645401,0.045202650129795074,-0.06772905588150024,0.10000000149011612,0.6330541316685134,0.04505963243249932,0.002647511319283821,0.04770714375178314,-1.6254973411560056,2.40029670236936,0.07959912540165708,0.5782787466261919,0.8501023054122925,-0.06423170864582062,False,False,False,-0.6366774592068846,False
pure,4,16,0,0.3659095889766316,200,-125.63017529763005,0.5115565817049756,102.31131634099513,0.6566254496819027,0.2310437172331056,1,0,1,0.005,0.0,0.005,111,-0.62541264295578,1.099996566772461,0.2265787273645401,0.045202650129795074,-0.06789141893386841,0.10000000149011612,0.63059270702387,0.0469676672229012,0.0027825398146432896,0.04975020703754449,-1.629394054412842,2.400309264615786,0.08320779381888671,0.578625445767104,0.8473694324493408,-0.06554959714412689,False,False,False,-0.6342187684037796,False
pure,4,16,0,0.3659095889766316,200,-125.63017529763005,0.5115565817049756,102.31131634099513,0.6566254496819027,0.2310437172331056,1,0,1,0.005,0.0,0.005,112,-0.6322017908096313,1.1099978685379028,0.2265787273645401,0.045202650129795074,-0.0680612325668335,0.10000000149011612,0.6281133696197247,0.049142399677151345,0.003147592510313124,0.05228999218746447,-1.6334695816040037,2.4000227790299626,0.08782690876350874,0.5789913912202852,0.8446125984191895,-0.06687115132808685,False,False,False,-0.6317422949283099,False
pure,4,16,0,0.3659095889766316,200,-125.63017529763005,0.5115565817049756,102.31131634099513,0.6566254496819027,0.2310437172331056,1,0,1,0.005,0.0,0.005,113,-0.6390079259872437,1.1199979782104492,0.2265787273645401,0.045202650129795074,-0.0682377815246582,0.10000000149011612,0.62561577943784,0.05068677936691085,0.003053413276180223,0.05374019264309107,-1.6377067565917969,2.4000234937740554,0.09033834463810173,0.5793678009896106,0.841831386089325,-0.06819605827331543,False,False,False,-0.6292476875863671,False
pure,4,16,0,0.3659095889766316,200,-125.63017529763005,0.5115565817049756,102.31131634099513,0.6566254496819027,0.2310437172331056,1,0,1,0.005,0.0,0.005,114,-0.6458317041397095,1.1299980878829956,0.2265787273645401,0.045202650129795074,-0.06842160224914551,0.10000000149011612,0.6231002002218855,0.05258921204648233,0.003187511089297799,0.055776723135780124,-1.642118453979492,2.400024374226272,0.09400781988920048,0.5797595002391489,0.8390258550643921,-0.06952473521232605,False,False,False,-0.6267352195093525,False
pure,4,16,0,0.3659095889766316,200,-125.63017529763005,0.5115565817049756,102.31131634099513,0.6566254496819027,0.2310437172331056,1,0,1,0.005,0.0,0.005,115,-0.6526738405227661,1.139998197555542,0.2265787273645401,0.045202650129795074,-0.06861256062984467,0.10000000149011612,0.6205667700082137,0.054457987977630386,0.0033193476501722184,0.0577773356278026,-1.6467014551162718,2.4000252391020327,0.09764256618323573,0.5801663442649124,0.8361959457397461,-0.07085750997066498,False,False,False,-0.6242050273925139,False
pure,4,16,0,0.3659095889766316,200,-125.63017529763005,0.5115565817049756,102.31131634099513,0.6566254496819027,0.2310437172331056,1,0,1,0.005,0.0,0.005,116,-0.6595351099967957,1.1499983072280884,0.2265787273645401,0.045202650129795074,-0.06881074607372284,0.10000000149011612,0.6180157542882062,0.056350765561470506,0.0034528470324866126,0.05980361259395712,-1.6514579057693484,2.400026115085838,0.10134784033201011,0.5805886269329624,0.8333417177200317,-0.07219472527503967,False,False,False,-0.6216573787388898,False
pure,4,16,0,0.3659095889766316,200,-125.63017529763005,0.5115565817049756,102.31131634099513,0.6566254496819027,0.2310437172331056,1,0,1,0.005,0.0,0.005,117,-0.6664161682128906,1.1599984169006348,0.2265787273645401,0.045202650129795074,-0.06901583075523376,0.10000000149011612,0.6154472134559469,0.058159669871774636,0.00358044425430612,0.061740114126080756,-1.6563799381256106,2.4000269522528113,0.10492767309498942,0.5810258255708582,0.8304630517959595,-0.07353653013706207,False,False,False,-0.6190923290251807,False
pure,4,16,0,0.3659095889766316,200,-125.63017529763005,0.5115565817049756,102.31131634099513,0.6566254496819027,0.2310437172331056,1,0,1,0.005,0.0,0.005,118,-0.6733177900314331,1.1699985265731812,0.2265787273645401,0.045202650129795074,-0.0692281424999237,0.10000000149011612,0.6128614067833681,0.06005419971714391,0.0037140180873824983,0.0637682178045264,-1.6614754199981687,2.40002782904757,0.1086923234649996,0.5814787102519624,0.8275599479675293,-0.07488346099853516,False,False,False,-0.6165101440053243,False
pure,4,16,0,0.3659095889766316,200,-125.63017529763005,0.5115565817049756,102.31131634099513,0.6566254496819027,0.2310437172331056,1,0,1,0.005,0.0,0.005,119,-0.6802405714988708,1.1799986362457275,0.2265787273645401,0.045202650129795074,-0.06944712996482849,0.10000000149011612,0.6102585063955125,0.061807077059917906,0.0038376466093636304,0.06564472366928154,-1.666731119155884,2.4000286402850755,0.11222624049359656,0.5819463195873524,0.8246324062347412,-0.0762355625629425,False,False,False,-0.6139109868636664,False
pure,4,16,0,0.3659095889766316,200,-125.63017529763005,0.5115565817049756,102.31131634099513,0.6566254496819027,0.2310437172331056,1,0,1,0.005,0.0,0.005,120,-0.6871852874755859,1.189998745918274,0.2265787273645401,0.045202650129795074,-0.06967315077781677,0.10000000149011612,0.6076387616638528,0.06365324837279492,0.0039677702570121015,0.06762101862980702,-1.6721556186676025,2.4000294946993437,0.11596090255803329,0.5824294900146776,0.8216804265975952,-0.07759323716163635,False,False,False,-0.6112951143477545,False
pure,4,16,0,0.3659095889766316,200,-125.63017529763005,0.5115565817049756,102.31131634099513,0.6566254496819027,0.2310437172331056,1,0,1,0.005,0.0,0.005,121,-0.6941525936126709,1.1999988555908203,0.2265787273645401,0.045202650129795074,-0.06990575790405273,0.10000000149011612,0.6050021892931063,0.06538473213408529,0.004089844857834967,0.06947457699192025,-1.6777381896972654,2.400030296035828,0.11951421368937112,0.58292746590505,0.818703830242157,-0.07895655930042267,False,False,False,-0.6086625353391965,False
pure,4,16,0,0.3659095889766316,200,-125.63017529763005,0.5115565817049756,102.31131634099513,0.6566254496819027,0.2310437172331056,1,0,1,0.005,0.0,0.005,122,-0.701143205165863,1.2099989652633667,0.2265787273645401,0.045202650129795074,-0.0701451301574707,0.10000000149011612,0.6023492427548449,0.06716326974447984,0.004215171219200322,0.07137844096368016,-1.683483123779297,2.400031119148991,0.12318477325129043,0.583440735793597,0.8157027959823608,-0.08032599091529846,False,False,False,-0.6060137080034297,False
pure,4,16,0,0.3659095889766316,200,-125.63017529763005,0.5115565817049756,102.31131634099513,0.6566254496819027,0.2310437172331056,1,0,1,0.005,0.0,0.005,123,-0.7081577181816101,1.2199991941452026,0.2265787273645401,0.045202650129795074,-0.07039104402065277,0.10000000149011612,0.599679880460805,0.06888488830009327,0.00433649247591562,0.0732213807760089,-1.6893850564956667,2.400031915919825,0.12678082125789444,0.5839689892155049,0.8126770853996277,-0.08170153200626373,False,False,False,-0.6033485873994294,False
pure,4,16,0,0.3659095889766316,200,-125.63017529763005,0.5115565817049756,102.31131634099513,0.6566254496819027,0.2310437172331056,1,0,1,0.005,0.0,0.005,124,-0.7151967883110046,1.229999303817749,0.2265787273645401,0.045202650129795074,-0.07064354419708252,0.10000000149011612,0.596994460890494,0.07061889890959612,0.004458645974401598,0.07507754488399772,-1.6954450607299802,2.400032718425743,0.13043135956890559,0.5845124532137087,0.8096268177032471,-0.0830833911895752,False,False,False,-0.6006675331242901,False
pure,4,16,0,0.3659095889766316,200,-125.63017529763005,0.5115565817049756,102.31131634099513,0.6566254496819027,0.2310437172331056,1,0,1,0.005,0.0,0.005,125,-0.7222611308097839,1.2399994134902954,0.2265787273645401,0.045202650129795074,-0.07090233266353607,0.10000000149011612,0.5942931307578244,0.07227669570433708,0.004575424905781626,0.0768521206101187,-1.7016559839248655,2.4000334856596526,0.13397124472859887,0.5850706667334112,0.8065518736839294,-0.08447183668613434,False,False,False,-0.5979706878686109,False
pure,4,16,0,0.3659095889766316,200,-125.63017529763005,0.5115565817049756,102.31131634099513,0.6566254496819027,0.2310437172331056,1,0,1,0.005,0.0,0.005,126,-0.7293514013290405,1.2499995231628418,0.2265787273645401,0.045202650129795074,-0.07116739451885223,0.10000000149011612,0.5915761065746048,0.0739314400134446,0.004691942389150333,0.07862338240259492,-1.7080174684524536,2.400034251480862,0.13753701345074382,0.5856437376227893,0.8034522533416748,-0.08586688339710236,False,False,False,-0.5952582688147524,False
pure,4,16,0,0.3659095889766316,200,-125.63017529763005,0.5115565817049756,102.31131634099513,0.6566254496819027,0.2310437172331056,1,0,1,0.005,0.0,0.005,127,-0.7364681363105774,1.2599997520446777,0.2265787273645401,0.045202650129795074,-0.07143877446651459,0.10000000149011612,0.588843531769173,0.07559857590100087,0.004809306982265785,0.08040788288326665,-1.7145305871963503,2.4000350230369345,0.14115857592472483,0.586231898355809,0.8003278374671936,-0.08726871013641357,False,False,False,-0.5925304207321571,False
pure,4,16,0,0.3659095889766316,200,-125.63017529763005,0.5115565817049756,102.31131634099513,0.6566254496819027,0.2310437172331056,1,0,1,0.005,0.0,0.005,128,-0.7436119914054871,1.2699998617172241,0.2265787273645401,0.045202650129795074,-0.07171627879142761,0.10000000149011612,0.5860957841275453,0.07721645614878718,0.00492318922210627,0.08213964537089345,-1.721190690994263,2.400035771797332,0.14472007575924134,0.5868348986714725,0.7971787452697754,-0.08867746591567993,False,False,False,-0.5897875185011148,False
pure,4,16,0,0.3659095889766316,200,-125.63017529763005,0.5115565817049756,102.31131634099513,0.6566254496819027,0.2310437172331056,1,0,1,0.005,0.0,0.005,129,-0.7507836222648621,1.2799999713897705,0.2265787273645401,0.045202650129795074,-0.0719996839761734,0.10000000149011612,0.5833329285989285,0.07877733204489143,0.005033023457312834,0.08381035550220427,-1.7279924154281618,2.4000364941759256,0.14820607225483257,0.5874524239725344,0.7940047979354858,-0.09009316563606262,False,False,False,-0.5870296243886233,False
pure,4,16,0,0.3659095889766316,200,-125.63017529763005,0.5115565817049756,102.31131634099513,0.6566254496819027,0.2310437172331056,1,0,1,0.005,0.0,0.005,130,-0.7579836249351501,1.2900002002716064,0.2265787273645401,0.045202650129795074,-0.07228907942771912,0.10000000149011612,0.5805552360166734,0.08036211022397845,0.005144493645900015,0.08550660386987846,-1.7349379062652588,2.400037227616575,0.15177024752244406,0.5880848000038779,0.790805995464325,-0.0915159285068512,False,False,False,-0.5842570114632075,False
pure,4,16,0,0.3659095889766316,200,-125.63017529763005,0.5115565817049756,102.31131634099513,0.6566254496819027,0.2310437172331056,1,0,1,0.005,0.0,0.005,131,-0.7652125358581543,1.3000003099441528,0.2265787273645401,0.045202650129795074,-0.07258425652980804,0.10000000149011612,0.5777629137758039,0.08189375643029898,0.005252210055244735,0.08714596648554371,-1.7420221567153933,2.400037936467569,0.15526624158111832,0.5887317426771326,0.787582278251648,-0.09294581413269043,False,False,False,-0.5814698837671303,False
pure,4,16,0,0.3659095889766316,200,-125.63017529763005,0.5115565817049756,102.31131634099513,0.6566254496819027,0.2310437172331056,1,0,1,0.005,0.0,0.005,132,-0.7724709510803223,1.3100004196166992,0.2265787273645401,0.045202650129795074,-0.07288527488708496,0.10000000149011612,0.5749562570660365,0.08344159296899542,0.00536101964153288,0.0888026126105283,-1.749246597290039,2.4000386528115043,0.15882657693163627,0.5893935200810144,0.7843337059020996,-0.09438273310661316,False,False,False,-0.5786685389487994,False
pure,4,16,0,0.3659095889766316,200,-125.63017529763005,0.5115565817049756,102.31131634099513,0.6566254496819027,0.2310437172331056,1,0,1,0.005,0.0,0.005,133,-0.7797594666481018,1.3200006484985352,0.2265787273645401,0.045202650129795074,-0.07319176197052002,0.10000000149011612,0.5721354241234001,0.08489389267218055,0.005463090212344294,0.09035698288452484,-1.7566022872924805,2.400039324940671,0.16223643739043947,0.5900695052368079,0.7810600996017456,-0.09582695364952087,False,False,False,-0.5758531292092738,False
pure,4,16,0,0.3659095889766316,200,-125.63017529763005,0.5115565817049756,102.31131634099513,0.6566254496819027,0.2310437172331056,1,0,1,0.005,0.0,0.005,134,-0.7870786190032959,1.3300007581710815,0.2265787273645401,0.045202650129795074,-0.07350373268127441,0.10000000149011612,0.5693006394319892,0.0863507765205149,0.005565422627845592,0.0919161991483605,-1.7640895843505857,2.400039999191396,0.16568774237965977,0.5907598708300564,0.7777614593505859,-0.09727826714515686,False,False,False,-0.5730238799267172,False
pure,4,16,0,0.3659095889766316,200,-125.63017529763005,0.5115565817049756,102.31131634099513,0.6566254496819027,0.2310437172331056,1,0,1,0.005,0.0,0.005,135,-0.7944290041923523,1.3400009870529175,0.2265787273645401,0.045202650129795074,-0.0738213062286377,0.10000000149011612,0.566452200537076,0.08783926365008612,0.0056699478435655246,0.09350921149365166,-1.771711349487305,2.4000406880682257,0.1692339258632472,0.59146501218782,0.7744377851486206,-0.0987367331981659,False,False,False,-0.5701810913286114,False
pure,4,16,0,0.3659095889766316,200,-125.63017529763005,0.5115565817049756,102.31131634099513,0.6566254496819027,0.2310437172331056,1,0,1,0.005,0.0,0.005,136,-0.801811158657074,1.3500010967254639,0.2265787273645401,0.045202650129795074,-0.07414385676383972,0.10000000149011612,0.5635902605977889,0.08916668721649007,0.005763130151539331,0.0949298173680294,-1.779452562332153,2.4000413024042984,0.17249964043687882,0.5921837606896403,0.7710889577865601,-0.10020226240158081,False,False,False,-0.5673249065158006,False
pure,4,16,0,0.3659095889766316,200,-125.63017529763005,0.5115565817049756,102.31131634099513,0.6566254496819027,0.2310437172331056,1,0,1,0.005,0.0,0.005,137,-0.8092255592346191,1.3600013256072998,0.2265787273645401,0.045202650129795074,-0.07447171211242676,0.10000000149011612,0.5607151608510431,0.09057955659459772,0.005862234654714459,0.09644179124931218,-1.7873210906982422,2.400041956284979,0.17596436101652205,0.5929169455272091,0.7677150368690491,-0.10167479515075684,False,False,False,-0.5644556732072051,False
pure,4,16,0,0.3659095889766316,200,-125.63017529763005,0.5115565817049756,102.31131634099513,0.6566254496819027,0.2310437172331056,1,0,1,0.005,0.0,0.005,138,-0.816672682762146,1.3700014352798462,0.2265787273645401,0.045202650129795074,-0.07480460405349731,0.10000000149011612,0.5578270936850083,0.09192384741863519,0.00595651341879622,0.0978803608374314,-1.7953104972839358,2.400042578427275,0.1793277340454869,0.5936641444190652,0.7643159031867981,-0.10315433144569397,False,False,False,-0.5615735795441639,False
pure,4,16,0,0.3659095889766316,200,-125.63017529763005,0.5115565817049756,102.31131634099513,0.6566254496819027,0.2310437172331056,1,0,1,0.005,0.0,0.005,139,-0.8241531848907471,1.3800016641616821,0.2265787273645401,0.045202650129795074,-0.075142502784729,0.10000000149011612,0.5549263196362567,0.09326113912930185,0.0060502441486123175,0.09931138327791417,-1.803420066833496,2.4000431973303575,0.18270985707259832,0.5944254354902011,0.7608915567398071,-0.1046406626701355,False,False,False,-0.558678886510284,False
pure,4,16,0,0.3659095889766316,200,-125.63017529763005,0.5115565817049756,102.31131634099513,0.6566254496819027,0.2310437172331056,1,0,1,0.005,0.0,0.005,140,-0.831667423248291,1.3900017738342285,0.2265787273645401,0.045202650129795074,-0.07548496127128601,0.10000000149011612,0.5520130315022734,0.09448354449794484,0.006135862231944796,0.10061940672988964,-1.8116390705108643,2.4000437630636577,0.18589641861362563,0.5952000039010912,0.7574418783187866,-0.10613372921943665,False,False,False,-0.5557717790799407,False
pure,4,16,0,0.3659095889766316,200,-125.63017529763005,0.5115565817049756,102.31131634099513,0.6566254496819027,0.2310437172331056,1,0,1,0.005,0.0,0.005,141,-0.8392159342765808,1.4000020027160645,0.2265787273645401,0.045202650129795074,-0.07583221793174744,0.10000000149011612,0.5490875782609763,0.09576825384216105,0.006225787657156188,0.10199404149931723,-1.8199732303619385,2.4000443576314447,0.18923782484960916,0.5959884948379646,0.7539669275283813,-0.10763338208198547,False,False,False,-0.5528526111484351,False
pure,4,16,0,0.3659095889766316,200,-125.63017529763005,0.5115565817049756,102.31131634099513,0.6566254496819027,0.2310437172331056,1,0,1,0.005,0.0,0.005,142,-0.8467991352081299,1.4100022315979004,0.2265787273645401,0.045202650129795074,-0.0761839747428894,0.10000000149011612,0.546150119349448,0.09697662300398902,0.006310331077347585,0.1032869540813366,-1.8284153938293455,2.40004491686874,0.19245862836802546,0.596790405789498,0.7504665851593018,-0.10913938283920288,False,False,False,-0.5499215381295365,False
pure,4,16,0,0.3659095889766316,200,-125.63017529763005,0.5115565817049756,102.31131634099513,0.6566254496819027,0.2310437172331056,1,0,1,0.005,0.0,0.005,143,-0.8544175028800964,1.4200023412704468,0.2265787273645401,0.045202650129795074,-0.07654020190238953,0.10000000149011612,0.5432010693100974,0.09817794034580377,0.006394317316240748,0.10457225766204452,-1.8369648456573489,2.4000454728424296,0.19569607736104735,0.5976058061118358,0.7469409108161926,-0.11065176129341125,False,False,False,-0.5469789741186186,False
pure,4,16,0,0.3659095889766316,200,-125.63017529763005,0.5115565817049756,102.31131634099513,0.6566254496819027,0.2310437172331056,1,0,1,0.005,0.0,0.005,144,-0.8620715737342834,1.4300025701522827,0.2265787273645401,0.045202650129795074,-0.07690063118934631,0.10000000149011612,0.5402405435822997,0.09931056808897466,0.006473435391203898,0.10578400348017857,-1.8456151485443115,2.4000459970263432,0.1988256315732205,0.5984342462433908,0.7433897852897644,-0.11217007040977478,False,False,False,-0.5440250300847087,False
pure,4,16,0,0.3659095889766316,200,-125.63017529763005,0.5115565817049756,102.31131634099513,0.6566254496819027,0.2310437172331056,1,0,1,0.005,0.0,0.005,145,-0.86976158618927,1.4400027990341187,0.2265787273645401,0.045202650129795074,-0.07726535201072693,0.10000000149011612,0.5372688897790129,0.10046694863925973,0.006554162926044508,0.10702111156530424,-1.854368448257446,2.4000465322031355,0.20203303565149208,0.5992760505586053,0.7398132085800171,-0.11369425058364868,False,False,False,-0.5410600563229735,False
pure,4,16,0,0.3659095889766316,200,-125.63017529763005,0.5115565817049756,102.31131634099513,0.6566254496819027,0.2310437172331056,1,0,1,0.005,0.0,0.005,146,-0.8774881362915039,1.450002908706665,0.2265787273645401,0.045202650129795074,-0.0776338279247284,0.10000000149011612,0.5342862624945619,0.10148526555532612,0.006625154330401718,0.10811041988572784,-1.8632118701934817,2.4000470034836145,0.20498923323071844,0.6001301723637333,0.7362110614776611,-0.1152239441871643,False,False,False,-0.5380841975929715,False
pure,4,16,0,0.3659095889766316,200,-125.63017529763005,0.5115565817049756,102.31131634099513,0.6566254496819027,0.2310437172331056,1,0,1,0.005,0.0,0.005,147,-0.885251522064209,1.460003137588501,0.2265787273645401,0.045202650129795074,-0.07800614833831787,0.10000000149011612,0.5312931127483257,0.10252726176727243,0.006697726617391201,0.10922498838466363,-1.8721475601196287,2.4000474857229523,0.20802102489147503,0.6009969266341145,0.7325834631919861,-0.11675900220870972,False,False,False,-0.535097907596291,False
pure,4,16,0,0.3659095889766316,200,-125.63017529763005,0.5115565817049756,102.31131634099513,0.6566254496819027,0.2310437172331056,1,0,1,0.005,0.0,0.005,148,-0.8930521607398987,1.470003366470337,0.2265787273645401,0.045202650129795074,-0.07838231325149536,0.10000000149011612,0.528289608706346,0.10356988602661346,0.006770311248181386,0.11034019727479485,-1.881175518035889,2.4000479682529514,0.21108220575467038,0.601876435824759,0.7289302945137024,-0.11829906702041626,False,False,False,-0.5321013549460082,False
pure,4,16,0,0.3659095889766316,200,-125.63017529763005,0.5115565817049756,102.31131634099513,0.6566254496819027,0.2310437172331056,1,0,1,0.005,0.0,0.005,149,-0.9008903503417969,1.4800035953521729,0.2265787273645401,0.045202650129795074,-0.07876214385032654,0.10000000149011612,0.5252760660212986,0.10456688710806555,0.006839648609774347,0.1114065357178399,-1.890291452407837,2.400048429668392,0.2140773808106441,0.6027684249114701,0.7252515554428101,-0.11984387040138245,False,False,False,-0.5290948521655552,False
pure,4,16,0,0.3659095889766316,200,-125.63017529763005,0.5115565817049756,102.31131634099513,0.6566254496819027,0.2310437172331056,1,0,1,0.005,0.0,0.005,150,-0.9087665677070618,1.4900037050247192,0.2265787273645401,0.045202650129795074,-0.07914504408836365,0.10000000149011612,0.5222527512659225,0.10541031977023244,0.006898135332005691,0.11230845510223812,-1.8994810581207275,2.400048820011853,0.2167807672978677,0.6036716781085445,0.7215471863746643,-0.12139314413070679,False,False,False,-0.5260786559929046,False
pure,4,16,0,0.3659095889766316,200,-125.63017529763005,0.5115565817049756,102.31131634099513,0.6566254496819027,0.2310437172331056,1,0,1,0.005,0.0,0.005,151,-0.9166811108589172,1.5000039339065552,0.2265787273645401,0.045202650129795074,-0.07953143119812012,0.10000000149011612,0.5192199375529754,0.10636213884733409,0.0069641507761116625,0.11332628962344575,-1.9087543487548826,2.4000492605169104,0.21973349998805464,0.6045872343584947,0.7178171873092651,-0.12294644117355347,False,False,False,-0.5230530466933715,False
pure,4,16,0,0.3659095889766316,200,-125.63017529763005,0.5115565817049756,102.31131634099513,0.6566254496819027,0.2310437172331056,1,0,1,0.005,0.0,0.005,152,-0.9246342182159424,1.5100041627883911,0.2265787273645401,0.045202650129795074,-0.07992100715637207,0.10000000149011612,0.5161779979017707,0.10723750605177211,0.00702478568586377,0.11426229173763588,-1.9181041717529295,2.4000496656397843,0.2225525422628326,0.6055145366179232,0.7140616178512573,-0.12450343370437622,False,False,False,-0.520018392368886,False
pure,4,16,0,0.3659095889766316,200,-125.63017529763005,0.5115565817049756,102.31131634099513,0.6566254496819027,0.2310437172331056,1,0,1,0.005,0.0,0.005,153,-0.9326263666152954,1.520004391670227,0.2265787273645401,0.045202650129795074,-0.08031347393989563,0.10000000149011612,0.5131270970668556,0.10803632104377581,0.007079972620378579,0.11511629366415438,-1.9275233745574953,2.400050035334038,0.22523482265077932,0.6064530150456348,0.7102802991867065,-0.12606382369995117,False,False,False,-0.5169748533036471,False
pure,4,16,0,0.3659095889766316,200,-125.63017529763005,0.5115565817049756,102.31131634099513,0.6566254496819027,0.2310437172331056,1,0,1,0.005,0.0,0.005,154,-0.9406576752662659,1.530004620552063,0.2265787273645401,0.045202650129795074,-0.08070865273475647,0.10000000149011612,0.5100676185824472,0.10878937948740088,0.007131876491964544,0.11592125597936542,-1.9370076656341582,2.400050383852008,0.22784272491880356,0.6074023597327964,0.7064733505249023,-0.12762710452079773,False,False,False,-0.5139228099026281,False
pure,4,16,0,0.3659095889766316,200,-125.63017529763005,0.5115565817049756,102.31131634099513,0.6566254496819027,0.2310437172331056,1,0,1,0.005,0.0,0.005,155,-0.9487285614013672,1.5400047302246094,0.2265787273645401,0.045202650129795074,-0.08110645413398743,0.10000000149011612,0.5069999544575852,0.10951979534972751,0.007182132038264445,0.11670192738799195,-1.946554899215698,2.4000507218909157,0.2304237753822652,0.6083624587968892,0.7026408314704895,-0.12919294834136963,False,False,False,-0.5108626519396943,False
pure,4,16,0,0.3659095889766316,200,-125.63017529763005,0.5115565817049756,102.31131634099513,0.6566254496819027,0.2310437172331056,1,0,1,0.005,0.0,0.005,156,-0.9568392038345337,1.5500049591064453,0.2265787273645401,0.045202650129795074,-0.08150678873062134,0.10000000149011612,0.5039242284444824,0.11022756792320071,0.007230746411483957,0.11745831433468466,-1.9561629295349123,2.400051049450434,0.23297724269734885,0.6093331973081282,0.6987825632095337,-0.13076087832450867,False,False,False,-0.5077945022729888,False
pure,4,16,0,0.3659095889766316,200,-125.63017529763005,0.5115565817049756,102.31131634099513,0.6566254496819027,0.2310437172331056,1,0,1,0.005,0.0,0.005,157,-0.9649899005889893,1.5600051879882812,0.2265787273645401,0.045202650129795074,-0.08190956711769104,0.10000000149011612,0.5008407828378537,0.11091268825074828,0.007277718643001603,0.11819040689374988,-1.9658296108245852,2.4000513665264163,0.23550234535380782,0.6103144570804357,0.6948986053466797,-0.13233038783073425,False,False,False,-0.5047187023031572,False
pure,4,16,0,0.3659095889766316,200,-125.63017529763005,0.5115565817049756,102.31131634099513,0.6566254496819027,0.2310437172331056,1,0,1,0.005,0.0,0.005,158,-0.9731808304786682,1.5700054168701172,0.2265787273645401,0.045202650129795074,-0.08231446146965027,0.10000000149011612,0.4977500066908246,0.11151348455273524,0.007318713288825039,0.11883219784156028,-1.9755470752716067,2.400051644576957,0.23786542812653336,0.611305563030963,0.6909890174865723,-0.13390108942985535,False,False,False,-0.501635634377802,False
pure,4,16,0,0.3659095889766316,200,-125.63017529763005,0.5115565817049756,102.31131634099513,0.6566254496819027,0.2310437172331056,1,0,1,0.005,0.0,0.005,159,-0.9814122915267944,1.5800056457519531,0.2265787273645401,0.045202650129795074,-0.08272123336791992,0.10000000149011612,0.4946522629817103,0.11205301776414194,0.0073553318050437804,0.11940834956918571,-1.9853096008300783,2.400051894274734,0.24011311000084884,0.6123060343226332,0.6870538592338562,-0.13547250628471375,False,False,False,-0.49854565789895994,False
pure,4,16,0,0.3659095889766316,200,-125.63017529763005,0.5115565817049756,102.31131634099513,0.6566254496819027,0.2310437172331056,1,0,1,0.005,0.0,0.005,160,-0.9896844029426575,1.590005874633789,0.2265787273645401,0.045202650129795074,-0.08312982320785522,0.10000000149011612,0.49154776461622457,0.11257751361192062,0.0073908314855199286,0.11996834509744055,-1.9951157569885252,2.40005213701317,0.24234355219085935,0.6133157991234285,0.6830930709838867,-0.1370440423488617,False,False,False,-0.4954489839842055,False
pure,4,16,0,0.3659095889766316,200,-125.63017529763005,0.5115565817049756,102.31131634099513,0.6566254496819027,0.2310437172331056,1,0,1,0.005,0.0,0.005,161,-0.9979974031448364,1.600006103515625,0.2265787273645401,0.045202650129795074,-0.08354014158248901,0.10000000149011612,0.4884368280043463,0.11307927466120425,0.00742468613364127,0.12050396079484552,-2.0049633979797363,2.400052369229864,0.24453944231164582,0.6143347134663937,0.6791066527366638,-0.138615220785141,False,False,False,-0.492345927702413,False
pure,4,16,0,0.3659095889766316,200,-125.63017529763005,0.5115565817049756,102.31131634099513,0.6566254496819027,0.2310437172331056,1,0,1,0.005,0.0,0.005,162,-1.006351351737976,1.610006332397461,0.2265787273645401,0.045202650129795074,-0.08395177125930786,0.10000000149011612,0.4853198399225404,0.11347350203357862,0.007450932304916415,0.12092443433849503,-2.0148425102233882,2.4000525516796123,0.246513864771981,0.6153618545696102,0.675094723701477,-0.14018544554710388,False,False,False,-0.48923686823045515,False
pure,4,16,0,0.3659095889766316,200,-125.63017529763005,0.5115565817049756,102.31131634099513,0.6566254496819027,0.2310437172331056,1,0,1,0.005,0.0,0.005,163,-1.0147465467453003,1.6200065612792969,0.2265787273645401,0.045202650129795074,-0.08436483144760132,0.10000000149011612,0.4821970475277053,0.11389885283863599,0.007479290203480052,0.12137814304211604,-2.0247559547424316,2.4000527485333896,0.2485680715333013,0.6163975548676657,0.6710572242736816,-0.1417541801929474,False,False,False,-0.4861220549604045,False
pure,4,16,0,0.3659095889766316,200,-125.63017529763005,0.5115565817049756,102.31131634099513,0.6566254496819027,0.2310437172331056,1,0,1,0.005,0.0,0.005,164,-1.0231831073760986,1.6300066709518433,0.2265787273645401,0.045202650129795074,-0.08477899432182312,0.10000000149011612,0.479068891128322,0.11423977586475079,0.0075016818739463975,0.12174145773869718,-2.0346958637237553,2.400052906313708,0.2504476328085432,0.6174410866710346,0.6669942736625671,-0.1433209478855133,False,False,False,-0.48300192194225444,False
pure,4,16,0,0.3659095889766316,200,-125.63017529763005,0.5115565817049756,102.31131634099513,0.6566254496819027,0.2310437172331056,1,0,1,0.005,0.0,0.005,165,-1.0316609144210815,1.6400068998336792,0.2265787273645401,0.045202650129795074,-0.08519411087036133,0.10000000149011612,0.47593566631622625,0.11454243477494983,0.007521315525966412,0.12206375030091624,-2.044658660888672,2.4000530463852656,0.25225173754279745,0.618492135577463,0.6629059314727783,-0.14488503336906433,False,False,False,-0.47987676163859677,False
pure,4,16,0,0.3659095889766316,200,-125.63017529763005,0.5115565817049756,102.31131634099513,0.6566254496819027,0.2310437172331056,1,0,1,0.005,0.0,0.005,166,-1.0401803255081177,1.6500071287155151,0.2265787273645401,0.045202650129795074,-0.08561009168624878,0.10000000149011612,0.47279769311964903,0.11482224255883286,0.007539290066655834,0.1223615326254887,-2.0546422004699703,2.400053175881246,0.2540133221823443,0.6195505244198894,0.65879225730896,-0.14644578099250793,False,False,False,-0.47674689318359287,False
pure,4,16,0,0.3659095889766316,200,-125.63017529763005,0.5115565817049756,102.31131634099513,0.6566254496819027,0.2310437172331056,1,0,1,0.005,0.0,0.005,167,-1.048741340637207,1.660007357597351,0.2265787273645401,0.045202650129795074,-0.08602666854858398,0.10000000149011612,0.46965537915353767,0.11503294654796566,0.0075523594249931915,0.12258530597295884,-2.064640045166016,2.400053273395757,0.2556276929161879,0.6206156398070403,0.6546533107757568,-0.1480027437210083,False,False,False,-0.4736127179337024,False
pure,4,16,0,0.3659095889766316,200,-125.63017529763005,0.5115565817049756,102.31131634099513,0.6566254496819027,0.2310437172331056,1,0,1,0.005,0.0,0.005,168,-1.0573440790176392,1.670007586479187,0.2265787273645401,0.045202650129795074,-0.08644348382949829,0.10000000149011612,0.46650889821229374,0.11515137137515576,0.007558880370989734,0.12271025174614549,-2.074643611907959,2.400053328203163,0.25703977301779135,0.6216866388612811,0.650489091873169,-0.1495550274848938,False,False,False,-0.4704744029778043,False
pure,4,16,0,0.3659095889766316,200,-125.63017529763005,0.5115565817049756,102.31131634099513,0.6566254496819027,0.2310437172331056,1,0,1,0.005,0.0,0.005,169,-1.0659884214401245,1.680007815361023,0.2265787273645401,0.045202650129795074,-0.08686074614524841,0.10000000149011612,0.4633586930948239,0.11532390961911881,0.007569137269412528,0.12289304688853134,-2.0846579074859624,2.400053408054441,0.2585772338091779,0.6227640440021527,0.6462997198104858,-0.15110212564468384,False,False,False,-0.46733239558515366,False
pure,4,16,0,0.3659095889766316,200,-125.63017529763005,0.5115565817049756,102.31131634099513,0.6566254496819027,0.2310437172331056,1,0,1,0.005,0.0,0.005,170,-1.0746744871139526,1.6900080442428589,0.2265787273645401,0.045202650129795074,-0.08727815747261047,0.10000000149011612,0.4602051477131619,0.11541960843313123,0.007573971856672895,0.12299358028980413,-2.0946757793426514,2.4000534523441726,0.2599445955486582,0.6238471464836054,0.6420853137969971,-0.1526433825492859,False,False,False,-0.46418707296226164,False
pure,4,16,0,0.3659095889766316,200,-125.63017529763005,0.5115565817049756,102.31131634099513,0.6566254496819027,0.2310437172331056,1,0,1,0.005,0.0,0.005,171,-1.0834022760391235,1.7000082731246948,0.2265787273645401,0.045202650129795074,-0.0876951813697815,0.10000000149011612,0.45704870285494537,0.11537671855836516,0.0075690020025158565,0.12294572056088102,-2.104684352874756,2.400053432494595,0.2609975834725222,0.6249346364147409,0.6378461122512817,-0.15417802333831787,False,False,False,-0.4610388660619995,False
pure,4,16,0,0.3659095889766316,200,-125.63017529763005,0.5115565817049756,102.31131634099513,0.6566254496819027,0.2310437172331056,1,0,1,0.005,0.0,0.005,172,-1.0921717882156372,1.7100085020065308,0.2265787273645401,0.045202650129795074,-0.08811220526695251,0.10000000149011612,0.4538895285598379,0.11543408749339065,0.007570999514783019,0.12300508700817367,-2.1146929264068604,2.40005345904513,0.26227845186238785,0.6260274632975008,0.6335819959640503,-0.15570539236068726,False,False,False,-0.45788795162955337,False
pure,4,16,0,0.3659095889766316,200,-125.63017529763005,0.5115565817049756,102.31131634099513,0.6566254496819027,0.2310437172331056,1,0,1,0.005,0.0,0.005,173,-1.1009830236434937,1.7200087308883667,0.2265787273645401,0.045202650129795074,-0.0885286033153534,0.10000000149011612,0.45072813257350974,0.11532978592541189,0.00756162881585281,0.12289141474126469,-2.124686479568482,2.400053410774015,0.2631879498777447,0.6271240797553247,0.6292932033538818,-0.1572248637676239,False,False,False,-0.45473482489361816,False
pure,4,16,0,0.3659095889766316,200,-125.63017529763005,0.5115565817049756,102.31131634099513,0.6566254496819027,0.2310437172331056,1,0,1,0.005,0.0,0.005,174,-1.1098358631134033,1.7300089597702026,0.2265787273645401,0.045202650129795074,-0.08894431591033936,0.10000000149011612,0.44756478190381604,0.11521008383915392,0.007551089166015095,0.12276117300516902,-2.134663581848145,2.400053355375489,0.2640577871227474,0.6282243205350028,0.6249798536300659,-0.1587355136871338,False,False,False,-0.45157975152094443,False
pure,4,16,0,0.3659095889766316,200,-125.63017529763005,0.5115565817049756,102.31131634099513,0.6566254496819027,0.2310437172331056,1,0,1,0.005,0.0,0.005,175,-1.1187303066253662,1.7400091886520386,0.2265787273645401,0.045202650129795074,-0.08935940265655518,0.10000000149011612,0.44439979588126843,0.11510585509718266,0.0075415991541784005,0.12264745425136106,-2.1446256637573247,2.4000533071380783,0.2649592108812454,0.629328317247008,0.6206420063972473,-0.160236656665802,False,False,False,-0.44842305263018317,False
pure,4,16,0,0.3659095889766316,200,-125.63017529763005,0.5115565817049756,102.31131634099513,0.6566254496819027,0.2310437172331056,1,0,1,0.005,0.0,0.005,176,-1.1276662349700928,1.7500094175338745,0.2265787273645401,0.045202650129795074,-0.08977344632148743,0.10000000149011612,0.44123372052885274,0.11489379267970395,0.007524501067050671,0.12241829374675463,-2.1545627117156982,2.4000532089948807,0.26560508444734454,0.630435005098872,0.6162799596786499,-0.161727637052536,False,False,False,-0.4452652644095538,False
pure,4,16,0,0.3659095889766316,200,-125.63017529763005,0.5115565817049756,102.31131634099513,0.6566254496819027,0.2310437172331056,1,0,1,0.005,0.0,0.005,177,-1.136643648147583,1.7600096464157104,0.2265787273645401,0.045202650129795074,-0.09018641710281372,0.10000000149011612,0.43806683514614164,0.11467399607099156,0.007506793273009298,0.12218078934400085,-2.1644740104675293,2.400053107272274,0.2662255866926534,0.631544278376758,0.6118937730789185,-0.16320767998695374,False,False,False,-0.44210666571159424,False
pure,4,16,0,0.3659095889766316,200,-125.63017529763005,0.5115565817049756,102.31131634099513,0.6566254496819027,0.2310437172331056,1,0,1,0.005,0.0,0.005,178,-1.1456621885299683,1.7700098752975464,0.2265787273645401,0.045202650129795074,-0.09059792757034302,0.10000000149011612,0.43489951810783706,0.11435400109990666,0.007482009340986457,0.12183601044089312,-2.174350261688232,2.40005295917753,0.2666028708761069,0.6326551236720751,0.6074836850166321,-0.16467589139938354,False,False,False,-0.4389476273114141,False
pure,4,16,0,0.3659095889766316,200,-125.63017529763005,0.5115565817049756,102.31131634099513,0.6566254496819027,0.2310437172331056,1,0,1,0.005,0.0,0.005,179,-1.154721975326538,1.7800101041793823,0.2265787273645401,0.045202650129795074,-0.09100791811943054,0.10000000149011612,0.43173215466374043,0.11401850580349836,0.007456075138076661,0.12147458094157501,-2.1841900348663326,2.4000528039091824,0.2669330582076487,0.6337673447479403,0.6030498147010803,-0.1661316156387329,False,False,False,-0.4357885322236407,False
pure,4,16,0,0.3659095889766316,200,-125.63017529763005,0.5115565817049756,102.31131634099513,0.6566254496819027,0.2310437172331056,1,0,1,0.005,0.0,0.005,180,-1.1638227701187134,1.7900102138519287,0.2265787273645401,0.045202650129795074,-0.0914163589477539,0.10000000149011612,0.42856510294833977,0.11367523780451871,0.0074295623068083355,0.12110480011132704,-2.1939926147460933,2.4000526450436035,0.2672339728885916,0.6348808196349761,0.5985924005508423,-0.1675739288330078,False,False,False,-0.4326297376886924,False
pure,4,16,0,0.3659095889766316,200,-125.63017529763005,0.5115565817049756,102.31131634099513,0.6566254496819027,0.2310437172331056,1,0,1,0.005,0.0,0.005,181,-1.1729644536972046,1.8000104427337646,0.2265787273645401,0.045202650129795074,-0.09182298183441162,0.10000000149011612,0.42539868642572287,0.11326253120201656,0.007398139224866412,0.12066067042688297,-2.203751564025879,2.400052454041605,0.267358402483956,0.6359948129786592,0.5941115617752075,-0.16900205612182617,False,False,False,-0.4294715618062389,False
pure,4,16,0,0.3659095889766316,200,-125.63017529763005,0.5115565817049756,102.31131634099513,0.6566254496819027,0.2310437172331056,1,0,1,0.005,0.0,0.005,182,-1.1821467876434326,1.8100106716156006,0.2265787273645401,0.045202650129795074,-0.0922275185585022,0.10000000149011612,0.4222334786529355,0.11278032457744931,0.007361783332017138,0.12014210790946644,-2.2134604454040527,2.4000522308747643,0.267303451981239,0.6371085773619144,0.5896076560020447,-0.17041531205177307,False,False,False,-0.42631457232187314,False
pure,4,16,0,0.3659095889766316,200,-125.63017529763005,0.5115565817049756,102.31131634099513,0.6566254496819027,0.2310437172331056,1,0,1,0.005,0.0,0.005,183,-1.1913695335388184,1.8200109004974365,0.2265787273645401,0.045202650129795074,-0.09262993931770325,0.10000000149011612,0.41906970841246155,0.11229024052175426,0.0073248283136477495,0.11961506883540202,-2.223118543624878,2.4000520040622213,0.26721448484559157,0.638221971048771,0.5850808024406433,-0.1718127429485321,False,False,False,-0.42315899622993974,False
pure,4,16,0,0.3659095889766316,200,-125.63017529763005,0.5115565817049756,102.31131634099513,0.6566254496819027,0.2310437172331056,1,0,1,0.005,0.0,0.005,184,-1.2006324529647827,1.8300111293792725,0.2265787273645401,0.045202650129795074,-0.09303009510040283,0.10000000149011612,0.415907809972364,0.11176146282761133,0.007285128872949337,0.11904659170056067,-2.2327222824096675,2.400051759342133,0.2670169947384638,0.6393345418601812,0.5805312395095825,-0.17319360375404358,False,False,False,-0.4200052651162925,False
pure,4,16,0,0.3659095889766316,200,-125.63017529763005,0.5115565817049756,102.31131634099513,0.6566254496819027,0.2310437172331056,1,0,1,0.005,0.0,0.005,185,-1.2099355459213257,1.8400113582611084,0.2265787273645401,0.045202650129795074,-0.09342777729034424,0.10000000149011612,0.4127482218168155,0.11117854137545616,0.00724159031198412,0.11842013168744028,-2.2422666549682617,2.400051489564133,0.2666721256892852,0.6404456757172199,0.575959324836731,-0.17455697059631348,False,False,False,-0.416853812547721,False
pure,4,16,0,0.3659095889766316,200,-125.63017529763005,0.5115565817049756,102.31131634099513,0.6566254496819027,0.2310437172331056,1,0,1,0.005,0.0,0.005,186,-1.219278335571289,1.8500115871429443,0.2265787273645401,0.045202650129795074,-0.09382274746894836,0.10000000149011612,0.4095913195247645,0.11053373056532001,0.007193664951893154,0.11772739551721316,-2.2517459392547603,2.40005119114353,0.26615904308761773,0.641554671730085,0.571365237236023,-0.1759020984172821,False,False,False,-0.4137050087387557,False
pure,4,16,0,0.3659095889766316,200,-125.63017529763005,0.5115565817049756,102.31131634099513,0.6566254496819027,0.2310437172331056,1,0,1,0.005,0.0,0.005,187,-1.2286605834960938,1.8600118160247803,0.2265787273645401,0.045202650129795074,-0.0942150354385376,0.10000000149011612,0.4064375464958002,0.10989636133364385,0.007146225869876162,0.11704258720352001,-2.261160850524902,2.400050896166915,0.2656446556659815,0.6426615244620265,0.5667493343353271,-0.17722809314727783,False,False,False,-0.41055929708898564,False
pure,4,16,0,0.3659095889766316,200,-125.63017529763005,0.5115565817049756,102.31131634099513,0.6566254496819027,0.2310437172331056,1,0,1,0.005,0.0,0.005,188,-1.2380820512771606,1.8700120449066162,0.2265787273645401,0.045202650129795074,-0.09460434317588806,0.10000000149011612,0.4032871727250314,0.10918167322148895,0.007093338140274491,0.11627501136176344,-2.270504236221314,2.4000505654068625,0.2649218217813097,0.6437653653861153,0.5621117353439331,-0.1785341203212738,False,False,False,-0.4074169408879972,False
pure,4,16,0,0.3659095889766316,200,-125.63017529763005,0.5115565817049756,102.31131634099513,0.6566254496819027,0.2310437172331056,1,0,1,0.005,0.0,0.005,189,-1.2475425004959106,1.8800121545791626,0.2265787273645401,0.045202650129795074,-0.09499061107635498,0.10000000149011612,0.4001408284237596,0.108451253260313,0.007039305741341415,0.11549055900165442,-2.2797746658325195,2.4000502273660573,0.2641391070056537,0.6448659449986388,0.5574529767036438,-0.17981937527656555,False,False,False,-0.4042785690059873,False
pure,4,16,0,0.3659095889766316,200,-125.63017529763005,0.5115565817049756,102.31131634099513,0.6566254496819027,0.2310437172331056,1,0,1,0.005,0.0,0.005,190,-1.257041573524475,1.8900123834609985,0.2265787273645401,0.045202650129795074,-0.09537374973297119,0.10000000149011612,0.3969987559090038,0.10769740351009903,0.006983608836359727,0.11468101234645875,-2.288969993591309,2.4000498784818682,0.2632771345613821,0.6459629330593112,0.5527732372283936,-0.18108290433883667,False,False,False,-0.4011444206307312,False
pure,4,16,0,0.3659095889766316,200,-125.63017529763005,0.5115565817049756,102.31131634099513,0.6566254496819027,0.2310437172331056,1,0,1,0.005,0.0,0.005,191,-1.2665789127349854,1.9000126123428345,0.2265787273645401,0.045202650129795074,-0.0957534909248352,0.10000000149011612,0.39386140904439787,0.10687385806652429,0.006922994034478466,0.11379685210100275,-2.2980837821960454,2.400049497342279,0.2622206083159551,0.6470555189272943,0.5480728149414062,-0.18232396245002747,False,False,False,-0.3980149447084794,False
pure,4,16,0,0.3659095889766316,200,-125.63017529763005,0.5115565817049756,102.31131634099513,0.6566254496819027,0.2310437172331056,1,0,1,0.005,0.0,0.005,192,-1.2761542797088623,1.9100128412246704,0.2265787273645401,0.045202650129795074,-0.09612971544265747,0.10000000149011612,0.3907291830518189,0.10601909761221025,0.006860153657466669,0.11287925126967692,-2.3071131706237797,2.4000491017562773,0.2610627620622913,0.6481432804358872,0.5433520674705505,-0.18354162573814392,False,False,False,-0.39489053288483056,False
pure,4,16,0,0.3659095889766316,200,-125.63017529763005,0.5115565817049756,102.31131634099513,0.6566254496819027,0.2310437172331056,1,0,1,0.005,0.0,0.005,193,-1.2857673168182373,1.9200130701065063,0.2265787273645401,0.045202650129795074,-0.09650251269340515,0.10000000149011612,0.38760264843098696,0.10518706968758845,0.006798894077579352,0.1119859637651678,-2.316060304641723,2.4000487166909616,0.25993727367081837,0.6492263524095157,0.5386114716529846,-0.18473511934280396,False,False,False,-0.39177175655357416,False
pure,4,16,0,0.3659095889766316,200,-125.63017529763005,0.5115565817049756,102.31131634099513,0.6566254496819027,0.2310437172331056,1,0,1,0.005,0.0,0.005,194,-1.2954175472259521,1.9300132989883423,0.2265787273645401,0.045202650129795074,-0.09687146544456482,0.10000000149011612,0.3844820704263533,0.10424676945157045,0.0067300243943084126,0.11097679384587886,-2.3249151706695557,2.400048281516868,0.25851727927337426,0.6503035077398214,0.5338512659072876,-0.18590348958969116,False,False,False,-0.38865887246549974,False
pure,4,16,0,0.3659095889766316,200,-125.63017529763005,0.5115565817049756,102.31131634099513,0.6566254496819027,0.2310437172331056,1,0,1,0.005,0.0,0.005,195,-1.3051046133041382,1.9400134086608887,0.2265787273645401,0.045202650129795074,-0.0972365140914917,0.10000000149011612,0.38136795772105664,0.10329058034424074,0.006659999332771753,0.1099505796770125,-2.333676338195801,2.400047838989346,0.2570311003141562,0.6513744706577971,0.5290718674659729,-0.18704596161842346,False,False,False,-0.3855523866215369,False
pure,4,16,0,0.3659095889766316,200,-125.63017529763005,0.5115565817049756,102.31131634099513,0.6566254496819027,0.2310437172331056,1,0,1,0.005,0.0,0.005,196,-1.3148282766342163,1.9500136375427246,0.2265787273645401,0.045202650129795074,-0.09759765863418579,0.10000000149011612,0.378260758006676,0.10233393795619729,0.006589935468354133,0.10892387342455143,-2.342343807220459,2.4000473962520448,0.25551742330247373,0.652439126588224,0.524273693561554,-0.1881616711616516,False,False,False,-0.3824527471602996,False
pure,4,16,0,0.3659095889766316,200,-125.63017529763005,0.5115565817049756,102.31131634099513,0.6566254496819027,0.2310437172331056,1,0,1,0.005,0.0,0.005,197,-1.3245880603790283,1.9600138664245605,0.2265787273645401,0.045202650129795074,-0.09795486927032471,0.10000000149011612,0.3751608637495485,0.10136913598048278,0.006519297051621381,0.10788843303210416,-2.350916862487793,2.4000469497384542,0.25395703011551785,0.653497280880372,0.5194571018218994,-0.18924975395202637,False,False,False,-0.3793603447599855,False
pure,4,16,0,0.3659095889766316,200,-125.63017529763005,0.5115565817049756,102.31131634099513,0.6566254496819027,0.2310437172331056,1,0,1,0.005,0.0,0.005,198,-1.3343836069107056,1.970013976097107,0.2265787273645401,0.045202650129795074,-0.09830784797668457,0.10000000149011612,0.3720687148095841,0.10032679290971588,0.006443205588473925,0.10676999849818981,-2.3593883514404297,2.4000464673385995,0.2521738593395131,0.6545480052942866,0.5146225690841675,-0.1903092861175537,False,False,False,-0.3762756125749821,False
pure,4,16,0,0.3659095889766316,200,-125.63017529763005,0.5115565817049756,102.31131634099513,0.6566254496819027,0.2310437172331056,1,0,1,0.005,0.0,0.005,199,-1.3442143201828003,1.9800142049789429,0.2265787273645401,0.045202650129795074,-0.09865650534629822,0.10000000149011612,0.36898486507024114,0.09926079137683612,0.006365428977464994,0.10562622035430111,-2.367756128311157,2.4000459739895086,0.25030266927359995,0.6555909330829266,0.5097705125808716,-0.1913396120071411,False,False,False,-0.3731991022535736,False
pure,4,16,0,0.3659095889766316,200,-125.63017529763005,0.5115565817049756,102.31131634099513,0.6566254496819027,0.2310437172331056,1,0,1,0.005,0.0,0.005,200,-1.3540799617767334,1.9900144338607788,0.2265787273645401,0.045202650129795074,-0.09900066256523132,0.10000000149011612,0.3659095889766316,0.09814800953442726,0.006284361130308712,0.10443237066473597,-2.3760159015655518,2.4000454589903506,0.24828398375425945,0.6566254496819027,0.5049012899398804,-0.1923397183418274,False,False,False,-0.3701310837705235,True
