mode,seed,episode_idx,success,final_distance,length,return,tau_effort,tau_sum_total,energy,target_radius,torque_sat1_count,torque_sat2_count,torque_sat_any_count,torque_sat1_rate,torque_sat2_rate,torque_sat_any_rate,step,theta1,theta2,target_x,target_y,action0,action1,distance,tau1,tau2,tau_sum,omega1,omega2,power,cumulative_energy,tip_x,tip_y,sat1,sat2,sat_any,reward,done
pirl,1,11,0,0.1565330163838875,200,-92.71014876445267,0.5233649532857949,104.67299065715899,0.655518121291739,0.4000075807521751,1,0,1,0.005,0.0,0.005,0,0.0,0.0,0.35073933005332947,0.19232261180877686,0.0,0.0,0.6771465163113142,0.0,0.0,0.0,0.0,0.0,0.0,0.0,1.0,0.0,False,False,False,0.0,False
pirl,1,11,0,0.1565330163838875,200,-92.71014876445267,0.5233649532857949,104.67299065715899,0.655518121291739,0.4000075807521751,1,0,1,0.005,0.0,0.005,1,0.0,0.0,0.35073933005332947,0.19232261180877686,0.10000000149011612,0.10000000149011612,0.6737485268595484,20.0,3.1105159320256677,23.110515932025667,1.6857737576570138,2.400000035762787,41.18071350124259,0.17158630625517746,0.9999152421951294,0.012023617513477802,True,False,True,-0.7011016836743046,False
pirl,1,11,0,0.1565330163838875,200,-92.71014876445267,0.5233649532857949,104.67299065715899,0.655518121291739,0.4000075807521751,1,0,1,0.005,0.0,0.005,2,0.00702405720949173,0.009999999776482582,0.35073933005332947,0.19232261180877686,0.10000000149011612,0.10000000149011612,0.6695714260593413,7.70733011086543,0.5461881733495724,8.253518284215003,2.400000035762787,2.399748214650084,19.808306635571267,0.2541209172367244,0.9995849132537842,0.027018895372748375,False,False,False,-0.6820675852262869,False
pirl,1,11,0,0.1565330163838875,200,-92.71014876445267,0.5233649532857949,104.67299065715899,0.655518121291739,0.4000075807521751,1,0,1,0.005,0.0,0.005,3,0.017024056985974312,0.019998950883746147,0.35073933005332947,0.19232261180877686,0.10000000149011612,0.10000000149011612,0.6654645063146415,0.012964453801222048,0.003658842271611695,0.01662329607283374,2.4000000357627864,2.39991467952911,0.039895598864300455,0.254287148898659,0.9990047216415405,0.04200625792145729,False,False,False,-0.6697237704934449,False
pirl,1,11,0,0.1565330163838875,200,-92.71014876445267,0.5233649532857949,104.67299065715899,0.655518121291739,0.4000075807521751,1,0,1,0.005,0.0,0.005,4,0.027024056762456894,0.029998594895005226,0.35073933005332947,0.19232261180877686,0.10000000149011612,0.10000000149011612,0.6614304707461294,0.012838578235293366,0.003532966705674115,0.01637154494096748,2.400000035762787,2.3999155082770383,0.03929140981102116,0.2544508631062049,0.9981749653816223,0.05698089301586151,False,False,False,-0.6656894831738008,False
pirl,1,11,0,0.1565330163838875,200,-92.71014876445267,0.5233649532857949,104.67299065715899,0.655518121291739,0.4000075807521751,1,0,1,0.005,0.0,0.005,5,0.037024058401584625,0.03999824449419975,0.35073933005332947,0.19232261180877686,0.10000000149011612,0.10000000149011612,0.6574717417369615,0.012837951561884416,0.0035323400322740633,0.016370291594158478,2.4000000357627864,2.399915512402972,0.03928840184618006,0.254614564780564,0.9970958232879639,0.07193826884031296,False,False,False,-0.6617307529112862,False
pirl,1,11,0,0.1565330163838875,200,-92.71014876445267,0.5233649532857949,104.67299065715899,0.655518121291739,0.4000075807521751,1,0,1,0.005,0.0,0.005,6,0.04702405631542206,0.04999789223074913,0.35073933005332947,0.19232261180877686,0.10000000149011612,0.10000000149011612,0.6535908679934056,0.012837948441991012,0.0035323369123717585,0.01637028535436277,2.400000035762787,2.3999155124235125,0.0392883868710064,0.25477826639252654,0.9957677125930786,0.08687393367290497,False,False,False,-0.6578498791614905,False
pirl,1,11,0,0.1565330163838875,200,-92.71014876445267,0.5233649532857949,104.67299065715899,0.655518121291739,0.4000075807521751,1,0,1,0.005,0.0,0.005,7,0.05702405795454979,0.05999753996729851,0.35073933005332947,0.19232261180877686,0.10000000149011612,0.10000000149011612,0.6497903152111855,0.012837948426449189,0.003532336896838834,0.016370285323288023,2.4000000357627864,2.3999155124236147,0.03928838679642867,0.25494196800417834,0.99419105052948,0.1017833799123764,False,False,False,-0.6540493263792393,False
pirl,1,11,0,0.1565330163838875,200,-92.71014876445267,0.5233649532857949,104.67299065715899,0.655518121291739,0.4000075807521751,1,0,1,0.005,0.0,0.005,8,0.06702405959367752,0.06999718397855759,0.35073933005332947,0.19232261180877686,0.10000000149011612,0.10000000149011612,0.6460724963542931,0.012837948426382013,0.0035323368967627635,0.016370285323144777,2.400000035762787,2.3999155124236156,0.039288386796084894,0.2551056696158287,0.9923663139343262,0.11666218936443329,False,False,False,-0.6503315075223468,False
pirl,1,11,0,0.1565330163838875,200,-92.71014876445267,0.5233649532857949,104.67299065715899,0.655518121291739,0.4000075807521751,1,0,1,0.005,0.0,0.005,9,0.07702405750751495,0.07999683171510696,0.35073933005332947,0.19232261180877686,0.10000000149011612,0.10000000149011612,0.6424400303564285,0.012837948426371815,0.0035323368967614625,0.016370285323133275,2.4000000357627864,2.399915512423616,0.0392883867960573,0.25526937122747895,0.9902942776679993,0.13150586187839508,False,False,False,-0.6466990415244821,False
pirl,1,11,0,0.1565330163838875,200,-92.71014876445267,0.5233649532857949,104.67299065715899,0.655518121291739,0.4000075807521751,1,0,1,0.005,0.0,0.005,10,0.08702405542135239,0.08999648690223694,0.35073933005332947,0.19232261180877686,0.10000000149011612,0.10000000149011612,0.6388952422422812,0.01283794842638067,0.0035323368967614182,0.016370285323142088,2.400000035762787,2.399915512423615,0.03928838679607844,0.25543307283912925,0.987975537776947,0.1463099867105484,False,False,False,-0.6431542534103349,False
pirl,1,11,0,0.1565330163838875,200,-92.71014876445267,0.5233649532857949,104.67299065715899,0.655518121291739,0.4000075807521751,1,0,1,0.005,0.0,0.005,11,0.09702406078577042,0.09999613463878632,0.35073933005332947,0.19232261180877686,0.10000000149011612,0.10000000149011612,0.6354405892522631,0.01283794842637249,0.003532336896762135,0.016370285323134625,2.4000000357627864,2.3999155124236164,0.03928838679606053,0.2555967744507795,0.9854109287261963,0.1610700935125351,False,False,False,-0.6396996004203167,False
pirl,1,11,0,0.1565330163838875,200,-92.71014876445267,0.5233649532857949,104.67299065715899,0.655518121291739,0.4000075807521751,1,0,1,0.005,0.0,0.005,12,0.10702405869960785,0.1099957823753357,0.35073933005332947,0.19232261180877686,0.10000000149011612,0.10000000149011612,0.6320784064288452,0.01283794842638067,0.0035323368967614182,0.016370285323142088,2.400000035762787,2.3999155124236156,0.03928838679607845,0.2557604760624298,0.9826012849807739,0.17578183114528656,False,False,False,-0.6363374175968989,False
pirl,1,11,0,0.1565330163838875,200,-92.71014876445267,0.5233649532857949,104.67299065715899,0.655518121291739,0.4000075807521751,1,0,1,0.005,0.0,0.005,13,0.11702405661344528,0.11999543011188507,0.35073933005332947,0.19232261180877686,0.10000000149011612,0.10000000149011612,0.6288110932797025,0.012837948426371818,0.0035323368967614625,0.016370285323133282,2.4000000357627864,2.399915512423616,0.0392883867960573,0.25592417767408004,0.9795476198196411,0.19044074416160583,False,False,False,-0.6330701044477561,False
pirl,1,11,0,0.1565330163838875,200,-92.71014876445267,0.5233649532857949,104.67299065715899,0.655518121291739,0.4000075807521751,1,0,1,0.005,0.0,0.005,14,0.12702405452728271,0.12999507784843445,0.35073933005332947,0.19232261180877686,0.10000000149011612,0.10000000149011612,0.6256409803419032,0.01283794842638067,0.0035323368967614182,0.016370285323142088,2.400000035762787,2.399915512423615,0.03928838679607844,0.25608787928573035,0.9762510061264038,0.20504248142242432,False,False,False,-0.6298999915099569,False
pirl,1,11,0,0.1565330163838875,200,-92.71014876445267,0.5233649532857949,104.67299065715899,0.655518121291739,0.4000075807521751,1,0,1,0.005,0.0,0.005,15,0.13702405989170074,0.13999472558498383,0.35073933005332947,0.19232261180877686,0.10000000149011612,0.10000000149011612,0.6225701516842659,0.012837948426372491,0.0035323368967621355,0.01637028532313463,2.4000000357627864,2.3999155124236164,0.03928838679606053,0.2562515808973806,0.9727123975753784,0.2195827066898346,False,False,False,-0.6268291628523195,False
pirl,1,11,0,0.1565330163838875,200,-92.71014876445267,0.5233649532857949,104.67299065715899,0.655518121291739,0.4000075807521751,1,0,1,0.005,0.0,0.005,16,0.14702406525611877,0.1499943733215332,0.35073933005332947,0.19232261180877686,0.10000000149011612,0.10000000149011612,0.6196009164029264,0.01283794842638067,0.0035323368967614182,0.016370285323142088,2.400000035762787,2.3999155124236156,0.03928838679607845,0.2564152825090309,0.96893310546875,0.23405709862709045,False,False,False,-0.6238599275709801,False
pirl,1,11,0,0.1565330163838875,200,-92.71014876445267,0.5233649532857949,104.67299065715899,0.655518121291739,0.4000075807521751,1,0,1,0.005,0.0,0.005,17,0.1570240557193756,0.15999402105808258,0.35073933005332947,0.19232261180877686,0.10000000149011612,0.10000000149011612,0.6167354424330983,0.012837948426371815,0.0035323368967614625,0.016370285323133275,2.4000000357627864,2.399915512423616,0.0392883867960573,0.25657898412068114,0.9649144411087036,0.24846132099628448,False,False,False,-0.6209944536011519,False
pirl,1,11,0,0.1565330163838875,200,-92.71014876445267,0.5233649532857949,104.67299065715899,0.655518121291739,0.4000075807521751,1,0,1,0.005,0.0,0.005,18,0.16702406108379364,0.16999366879463196,0.35073933005332947,0.19232261180877686,0.10000000149011612,0.10000000149011612,0.6139757559843453,0.012837948426382011,0.0035323368967627635,0.016370285323144773,2.400000035762787,2.399915512423617,0.0392883867960849,0.2567426857323315,0.9606577157974243,0.26279109716415405,False,False,False,-0.618234767152399,False
pirl,1,11,0,0.1565330163838875,200,-92.71014876445267,0.5233649532857949,104.67299065715899,0.655518121291739,0.4000075807521751,1,0,1,0.005,0.0,0.005,19,0.17702406644821167,0.17999331653118134,0.35073933005332947,0.19232261180877686,0.10000000149011612,0.10000000149011612,0.6113239736944979,0.012837948426370469,0.0035323368967601168,0.016370285323130587,2.4000000357627864,2.3999155124236156,0.03928838679605083,0.2569063873439817,0.9561644792556763,0.2770421802997589,False,False,False,-0.6155829848625515,False
pirl,1,11,0,0.1565330163838875,200,-92.71014876445267,0.5233649532857949,104.67299065715899,0.655518121291739,0.4000075807521751,1,0,1,0.005,0.0,0.005,20,0.1870240569114685,0.1899929642677307,0.35073933005332947,0.19232261180877686,0.10000000149011612,0.10000000149011612,0.6087818249336918,0.012837948426391545,0.0035323368967633915,0.01637028532315494,2.4000000357627878,2.3999155124236164,0.0392883867961093,0.25707008895563216,0.9514360427856445,0.2912103533744812,False,False,False,-0.6130408361017455,False
pirl,1,11,0,0.1565330163838875,200,-92.71014876445267,0.5233649532857949,104.67299065715899,0.655518121291739,0.4000075807521751,1,0,1,0.005,0.0,0.005,21,0.19702406227588654,0.1999926120042801,0.35073933005332947,0.19232261180877686,0.10000000149011612,0.10000000149011612,0.606351341942024,0.012837948426370467,0.0035323368967601168,0.016370285323130583,2.4000000357627873,2.399915512423615,0.03928838679605084,0.25723379056728235,0.9464741945266724,0.3052913546562195,False,False,False,-0.6106103531100776,False
pirl,1,11,0,0.1565330163838875,200,-92.71014876445267,0.5233649532857949,104.67299065715899,0.655518121291739,0.4000075807521751,1,0,1,0.005,0.0,0.005,22,0.20702406764030457,0.20999225974082947,0.35073933005332947,0.19232261180877686,0.08951079845428467,0.10000000149011612,0.6041545095145888,2.70083136922493,0.18798746803728525,2.8888188372622152,2.148259162902831,2.4000882798565053,6.253272255189044,0.28328909163057003,0.9416148662567139,0.3182939887046814,False,False,False,-0.6110696128677088,False
pirl,1,11,0,0.1565330163838875,200,-92.71014876445267,0.5233649532857949,104.67299065715899,0.655518121291739,0.4000075807521751,1,0,1,0.005,0.0,0.005,23,0.21597513556480408,0.21999262273311615,0.35073933005332947,0.19232261180877686,0.06360960006713867,0.10000000149011612,0.6023308657174726,6.690109246020403,0.46994721235172565,7.160056458372129,1.5266304016113281,2.4002186212820527,11.341300215181992,0.33054450919382833,0.9374082088470459,0.3287854790687561,False,False,False,-0.6130464197774731,False
pirl,1,11,0,0.1565330163838875,200,-92.71014876445267,0.5233649532857949,104.67299065715899,0.655518121291739,0.4000075807521751,1,0,1,0.005,0.0,0.005,24,0.22233609855175018,0.229993537068367,0.35073933005332947,0.19232261180877686,0.041200149804353714,0.10000000149011612,0.6007903582437326,5.790720789999303,0.40701724665855193,6.197738036657855,0.9888035953044889,2.4001892356195103,6.702803950697108,0.3584728589883996,0.9338192343711853,0.3371221125125885,False,False,False,-0.6102327392682378,False
pirl,1,11,0,0.1565330163838875,200,-92.71014876445267,0.5233649532857949,104.67299065715899,0.655518121291739,0.4000075807521751,1,0,1,0.005,0.0,0.005,25,0.22645612061023712,0.2399943321943283,0.35073933005332947,0.19232261180877686,0.02172178402543068,0.10000000149011612,0.5994662473043644,5.035087428059069,0.3540264761673708,5.3891139042264395,0.5213228166103363,2.4001645468581274,3.4746277566210853,0.37295047464098746,0.9308040142059326,0.34359970688819885,False,False,False,-0.6079253210875124,False
pirl,1,11,0,0.1565330163838875,200,-92.71014876445267,0.5233649532857949,104.67299065715899,0.655518121291739,0.4000075807521751,1,0,1,0.005,0.0,0.005,26,0.22862829267978668,0.24999500811100006,0.35073933005332947,0.19232261180877686,0.004722733050584793,0.10000000149011612,0.5983088048624076,4.3954917163445435,0.3091569452798248,4.704648661624368,0.11334559321403509,2.400143649387605,1.2402306949338922,0.3781181025365453,0.9283144474029541,0.3484649360179901,False,False,False,-0.6060167973893072,False
pirl,1,11,0,0.1565330163838875,200,-92.71014876445267,0.5233649532857949,104.67299065715899,0.655518121291739,0.4000075807521751,1,0,1,0.005,0.0,0.005,27,0.2291005700826645,0.25999560952186584,0.35073933005332947,0.19232261180877686,-0.010161440819501877,0.10000000149011612,0.5972811460014659,3.849574015296526,0.27084619819626754,4.120420213492793,-0.24387457966804507,2.400125812652841,1.5888781964312177,0.3847384283550087,0.9263012409210205,0.3519260883331299,False,False,False,-0.6044170146660008,False
pirl,1,11,0,0.1565330163838875,200,-92.71014876445267,0.5233649532857949,104.67299065715899,0.655518121291739,0.4000075807521751,1,0,1,0.005,0.0,0.005,28,0.22808443009853363,0.26999613642692566,0.35073933005332947,0.19232261180877686,-0.023226063698530197,0.10000000149011612,0.5963556505920511,3.3797319586810923,0.23785574792944245,3.617587706610535,-0.5574255287647247,2.4001104615328304,2.4548289430920174,0.3949668822845588,0.9247155785560608,0.35416001081466675,False,False,False,-0.6030530930701565,False
pirl,1,11,0,0.1565330163838875,200,-92.71014876445267,0.5233649532857949,104.67299065715899,0.655518121291739,0.4000075807521751,1,0,1,0.005,0.0,0.005,29,0.22576181590557098,0.2799966037273407,0.35073933005332947,0.19232261180877686,-0.03471122309565544,0.10000000149011612,0.5955116468185201,2.972040024408543,0.2091942476073563,3.1812342720158995,-0.8330693542957305,2.4000971410398644,2.978001979679493,0.40737522386655667,0.9235101938247681,0.355318546295166,False,False,False,-0.601868472842469,False
pirl,1,11,0,0.1565330163838875,200,-92.71014876445267,0.5233649532857949,104.67299065715899,0.655518121291739,0.4000075807521751,1,0,1,0.005,0.0,0.005,30,0.22229069471359253,0.28999701142311096,0.35073933005332947,0.19232261180877686,-0.044813673943281174,0.10000000149011612,0.5947337360148905,2.6152669407173463,0.18408334009140284,2.799350280808749,-1.0755281746387482,2.4000854842153063,3.2546090313820364,0.4209360948306485,0.9226400852203369,0.3555333912372589,False,False,False,-0.6008205534326785,False
pirl,1,11,0,0.1565330163838875,200,-92.71014876445267,0.5233649532857949,104.67299065715899,0.655518121291739,0.4000075807521751,1,0,1,0.005,0.0,0.005,31,0.21780931949615479,0.29999735951423645,0.35073933005332947,0.19232261180877686,-0.05369490012526512,0.10000000149011612,0.5940099786114972,2.300256902101373,0.16188867096865872,2.4621455730700315,-1.2886776030063631,2.400075191912096,3.352834533942337,0.4349062387220749,0.9220623970031738,0.3549197316169739,False,False,False,-0.5998772421731536,False
pirl,1,11,0,0.1565330163838875,200,-92.71014876445267,0.5233649532857949,104.67299065715899,0.655518121291739,0.4000075807521751,1,0,1,0.005,0.0,0.005,32,0.21243983507156372,0.30999767780303955,0.35073933005332947,0.19232261180877686,-0.06148823723196983,0.10000000149011612,0.5933316551003576,2.0197061980007684,0.14210360126763805,2.1618097992684064,-1.475717693567276,2.400066025496559,3.321574197700394,0.4487461312124932,0.9217373132705688,0.35357946157455444,False,False,False,-0.5990152149474289,False
pirl,1,11,0,0.1565330163838875,200,-92.71014876445267,0.5233649532857949,104.67299065715899,0.655518121291739,0.4000075807521751,1,0,1,0.005,0.0,0.005,33,0.20629101991653442,0.3199979364871979,0.35073933005332947,0.19232261180877686,-0.06830450892448425,0.10000000149011612,0.5926914476681747,1.7677758904422658,0.12432268701881821,1.8920985774610841,-1.639308214187622,2.400057794193441,3.1963111720194304,0.4620640944292408,0.9216270446777344,0.3516034483909607,False,False,False,-0.598216582933606,False
pirl,1,11,0,0.1565330163838875,200,-92.71014876445267,0.5233649532857949,104.67299065715899,0.655518121291739,0.4000075807521751,1,0,1,0.005,0.0,0.005,34,0.19946056604385376,0.3299981951713562,0.35073933005332947,0.19232261180877686,-0.07423648238182068,0.10000000149011612,0.592083940158352,1.5397843933863526,0.1082205541898877,1.6480049475762404,-1.781675577163696,2.4000503450415756,3.0031310262183117,0.4745771403718171,0.9216969013214111,0.3490735590457916,False,False,False,-0.5974682468409718,False
pirl,1,11,0,0.1565330163838875,200,-92.71014876445267,0.5233649532857949,104.67299065715899,0.655518121291739,0.4000075807521751,1,0,1,0.005,0.0,0.005,35,0.19203691184520721,0.33999839425086975,0.35073933005332947,0.19232261180877686,-0.07936248183250427,0.10000000149011612,0.5915043723997531,1.3319883489104796,0.09353684128776196,1.4255251901982415,-1.9046995639801025,2.400043555734464,2.7615301205528175,0.48608351587412046,0.9219143986701965,0.3460642099380493,False,False,False,-0.5967598537936504,False
pirl,1,11,0,0.1565330163838875,200,-92.71014876445267,0.5233649532857949,104.67299065715899,0.655518121291739,0.4000075807521751,1,0,1,0.005,0.0,0.005,36,0.1841006726026535,0.3499985635280609,0.35073933005332947,0.19232261180877686,-0.08374911546707153,0.10000000149011612,0.5909485567301148,1.1413523507037764,0.0800602392651143,1.2214125899688906,-2.009978771209717,2.4000373270964657,2.4862415580374466,0.4964428556992765,0.9222494959831238,0.3426434099674225,False,False,False,-0.5960830914376031,False
pirl,1,11,0,0.1565330163838875,200,-92.71014876445267,0.5233649532857949,104.67299065715899,0.655518121291739,0.4000075807521751,1,0,1,0.005,0.0,0.005,37,0.1757257580757141,0.3599987328052521,0.35073933005332947,0.19232261180877686,-0.08745455741882324,0.10000000149011612,0.590412725903298,0.9656919088094961,0.06763879905539141,1.0333307078648875,-2.098909378051758,2.4000315877538787,2.189235057999631,0.5055646684409416,0.9226745367050171,0.33887404203414917,False,False,False,-0.5954314638145988,False
pirl,1,11,0,0.1565330163838875,200,-92.71014876445267,0.5233649532857949,104.67299065715899,0.655518121291739,0.4000075807521751,1,0,1,0.005,0.0,0.005,38,0.1669802963733673,0.36999887228012085,0.35073933005332947,0.19232261180877686,-0.09052982926368713,0.10000000149011612,0.5898931986024454,0.8031555988286858,0.05614353234887887,0.8592991311775647,-2.1727159023284908,2.4000262772152303,1.8797748945522401,0.5133970638349092,0.9231641888618469,0.3348139524459839,False,False,False,-0.5947992354343237,False
pirl,1,11,0,0.1565330163838875,200,-92.71014876445267,0.5233649532857949,104.67299065715899,0.655518121291739,0.4000075807521751,1,0,1,0.005,0.0,0.005,39,0.15792731940746307,0.37999898195266724,0.35073933005332947,0.19232261180877686,-0.09302130341529846,0.10000000149011612,0.5893862231924079,0.6523271994773077,0.04527720419883663,0.6976044036761443,-2.232511281967163,2.400301934975703,1.5650067932158909,0.5199179254733088,0.9236950874328613,0.3305175304412842,False,False,False,-0.5941811034790434,False
pirl,1,11,0,0.1565330163838875,200,-92.71014876445267,0.5233649532857949,104.67299065715899,0.655518121291739,0.4000075807521751,1,0,1,0.005,0.0,0.005,40,0.1486251801252365,0.39000022411346436,0.35073933005332947,0.19232261180877686,-0.09497281908988953,0.10000000149011612,0.5888883068577282,0.5132389153257805,0.035680863873191915,0.5489197791989724,-2.2793476581573486,2.400237564451916,1.2554924695235659,0.5251491440963237,0.9242466688156128,0.32603418827056885,False,False,False,-0.5935745997565198,False
pirl,1,11,0,0.1565330163838875,200,-92.71014876445267,0.5233649532857949,104.67299065715899,0.655518121291739,0.4000075807521751,1,0,1,0.005,0.0,0.005,41,0.1391279101371765,0.4000012278556824,0.35073933005332947,0.19232261180877686,-0.09642240405082703,0.10000000149011612,0.5883956569861709,0.38365466315319446,0.026514259517546046,0.4101689226707405,-2.314137697219849,2.400177592425962,0.9514686502907712,0.5291135968058687,0.9248001575469971,0.32141029834747314,False,False,False,-0.5929732652503867,False
pirl,1,11,0,0.1565330163838875,200,-92.71014876445267,0.5233649532857949,104.67299065715899,0.655518121291739,0.4000075807521751,1,0,1,0.005,0.0,0.005,42,0.12948566675186157,0.4100019633769989,0.35073933005332947,0.19232261180877686,-0.09740844368934631,0.10000000149011612,0.5879044301639936,0.26393165121913015,0.01804654820500151,0.28197819942413166,-2.3378026485443115,2.400122184215021,0.6603340339500858,0.531864988613994,0.925338864326477,0.31668904423713684,False,False,False,-0.5923744345532218,False
pirl,1,11,0,0.1565330163838875,200,-92.71014876445267,0.5233649532857949,104.67299065715899,0.655518121291739,0.4000075807521751,1,0,1,0.005,0.0,0.005,43,0.11974481493234634,0.42000246047973633,0.35073933005332947,0.19232261180877686,-0.09796854853630066,0.10000000149011612,0.5874104461729532,0.15387323811841902,0.010264218640915528,0.16413745675933455,-2.3512451648712154,2.4000712488127935,0.3864285631805996,0.5334751076272465,0.9258478879928589,0.3119102120399475,False,False,False,-0.5917743516365142,False
pirl,1,11,0,0.1565330163838875,200,-92.71014876445267,0.5233649532857949,104.67299065715899,0.655518121291739,0.4000075807521751,1,0,1,0.005,0.0,0.005,44,0.10994796454906464,0.43000277876853943,0.35073933005332947,0.19232261180877686,-0.09813964366912842,0.10000000149011612,0.5869096689872789,0.05330635746471702,0.0031550652131006637,0.05646142267781768,-2.355351448059082,2.4000247061235735,0.13312744070614893,0.5340298052968554,0.9263145327568054,0.307110071182251,False,False,False,-0.5911694921298034,False
pirl,1,11,0,0.1565330163838875,200,-92.71014876445267,0.5233649532857949,104.67299065715899,0.655518121291739,0.4000075807521751,1,0,1,0.005,0.0,0.005,45,0.1001340001821518,0.4400028586387634,0.35073933005332947,0.19232261180877686,-0.09795811772346497,0.10000000149011612,0.5863980828123638,0.037727259548417234,0.003114752938363179,0.04084201248678041,-2.350994825363159,2.399751644520752,0.09617122545957464,0.5344305187362703,0.9267280101776123,0.30232155323028564,False,False,False,-0.5906384742316175,False
pirl,1,11,0,0.1565330163838875,200,-92.71014876445267,0.5233649532857949,104.67299065715899,0.655518121291739,0.4000075807521751,1,0,1,0.005,0.0,0.005,46,0.09033818542957306,0.4500018358230591,0.35073933005332947,0.19232261180877686,-0.09745901823043823,0.10000000149011612,0.5858713032191206,0.12027223315805126,0.009272407906932248,0.1295446410649835,-2.339016437530517,2.399944373370424,0.30357199351902225,0.5356954020425996,0.9270787239074707,0.2975751757621765,False,False,False,-0.5901899330755157,False
pirl,1,11,0,0.1565330163838875,200,-92.71014876445267,0.5233649532857949,104.67299065715899,0.655518121291739,0.4000075807521751,1,0,1,0.005,0.0,0.005,47,0.08059228211641312,0.4600016176700592,0.35073933005332947,0.19232261180877686,-0.09668037295341492,0.10000000149011612,0.585325317165821,0.19249844665159793,0.01420961238231967,0.2067080590339176,-2.3203289508819585,2.399910946836893,0.4807615230721469,0.5376985750554002,0.9273592233657837,0.29289716482162476,False,False,False,-0.5897048401603007,False
pirl,1,11,0,0.1565330163838875,200,-92.71014876445267,0.5233649532857949,104.67299065715899,0.655518121291739,0.4000075807521751,1,0,1,0.005,0.0,0.005,48,0.07092424482107162,0.470001220703125,0.35073933005332947,0.19232261180877686,-0.09565597772598267,0.10000000149011612,0.5847562745362813,0.25619667337503627,0.018705486643182133,0.2749021600182184,-2.295743465423584,2.399881467084209,0.6330527894917639,0.5403362950116158,0.9275635480880737,0.28831082582473755,False,False,False,-0.5891826895277491,False
pirl,1,11,0,0.1565330163838875,200,-92.71014876445267,0.5233649532857949,104.67299065715899,0.655518121291739,0.4000075807521751,1,0,1,0.005,0.0,0.005,49,0.06135864928364754,0.48000073432922363,0.35073933005332947,0.19232261180877686,-0.0944196879863739,0.10000000149011612,0.5841604823433084,0.3111709153280283,0.022583835945082485,0.33375475127311083,-2.266072511672973,2.3998560248208927,0.759333812413336,0.5435001858966714,0.9276871085166931,0.2838362455368042,False,False,False,-0.5886202000970248,False
pirl,1,11,0,0.1565330163838875,200,-92.71014876445267,0.5233649532857949,104.67299065715899,0.655518121291739,0.4000075807521751,1,0,1,0.005,0.0,0.005,50,0.05191668123006821,0.4900001287460327,0.35073933005332947,0.19232261180877686,-0.0930040180683136,0.10000000149011612,0.5835344321941445,0.3577623941397801,0.02586895430744547,0.3836313484472256,-2.2320964336395264,2.3998344621284384,0.8606413720959754,0.547086191613738,0.9277265071868896,0.27949053049087524,False,False,False,-0.5880149862680307,False
pirl,1,11,0,0.1565330163838875,200,-92.71014876445267,0.5233649532857949,104.67299065715899,0.655518121291739,0.4000075807521751,1,0,1,0.005,0.0,0.005,51,0.042616281658411026,0.49999943375587463,0.35073933005332947,0.19232261180877686,-0.09144023060798645,0.10000000149011612,0.582874858038543,0.3962896041812983,0.028583702406651968,0.4248733065879503,-2.1945655345916752,2.3998166316065825,0.9382791514816309,0.5509956880782447,0.9276794195175171,0.2752879559993744,False,False,False,-0.5873648493301411,False
pirl,1,11,0,0.1565330163838875,200,-92.71014876445267,0.5233649532857949,104.67299065715899,0.655518121291739,0.4000075807521751,1,0,1,0.005,0.0,0.005,52,0.03347225859761238,0.5099986791610718,0.35073933005332947,0.19232261180877686,-0.08975732326507568,0.10000000149011612,0.5821789169639254,0.4273333434813571,0.030769348887046084,0.4581026923684032,-2.1541757583618164,2.3998022644600523,0.9943914824023377,0.5551389859215878,0.9275446534156799,0.2712398171424866,False,False,False,-0.5866682403308087,False
pirl,1,11,0,0.1565330163838875,200,-92.71014876445267,0.5233649532857949,104.67299065715899,0.655518121291739,0.4000075807521751,1,0,1,0.005,0.0,0.005,53,0.024496523663401604,0.5199978351593018,0.35073933005332947,0.19232261180877686,-0.08798238635063171,0.10000000149011612,0.5814439431329161,0.45138243388124843,0.032460745718423265,0.4838431795996717,-2.111577272415161,2.3997911344604614,1.031027898344131,0.5594349354980217,0.9273216724395752,0.2673551142215729,False,False,False,-0.5859236358026816,False
pirl,1,11,0,0.1565330163838875,200,-92.71014876445267,0.5233649532857949,104.67299065715899,0.655518121291739,0.4000075807521751,1,0,1,0.005,0.0,0.005,54,0.015698285773396492,0.5299969911575317,0.35073933005332947,0.19232261180877686,-0.08614054322242737,0.10000000149011612,0.5806677851553405,0.46894147614547743,0.03369378396173152,0.5026352601072089,-2.067373037338257,2.3997830080768865,1.0503347341019382,0.5638113302234464,0.9270108938217163,0.26364004611968994,False,False,False,-0.5851299881113038,False
pirl,1,11,0,0.1565330163838875,200,-92.71014876445267,0.5233649532857949,104.67299065715899,0.655518121291739,0.4000075807521751,1,0,1,0.005,0.0,0.005,55,0.007084231358021498,0.5399960875511169,0.35073933005332947,0.19232261180877686,-0.08425387740135193,0.10000000149011612,0.5798485617698812,0.4807929742281543,0.03452385171298715,0.5153168259411415,-2.0220930576324467,2.399777523163878,1.055057698699076,0.5682074039680259,0.9266132116317749,0.26009902358055115,False,False,False,-0.5842867407083445,False
pirl,1,11,0,0.1565330163838875,200,-92.71014876445267,0.5233649532857949,104.67299065715899,0.655518121291739,0.4000075807521751,1,0,1,0.005,0.0,0.005,56,-0.0013411561958491802,0.5499951839447021,0.35073933005332947,0.19232261180877686,-0.08234286308288574,0.10000000149011612,0.5789845291439008,0.4873501161181104,0.03498041952154629,0.5223305356396567,-1.9762287139892578,2.3997744884966474,1.0470604116033257,0.5725701556830398,0.9261298179626465,0.2567344605922699,False,False,False,-0.5833930291727388,False
pirl,1,11,0,0.1565330163838875,200,-92.71014876445267,0.5233649532857949,104.67299065715899,0.655518121291739,0.4000075807521751,1,0,1,0.005,0.0,0.005,57,-0.009575442411005497,0.5599942207336426,0.35073933005332947,0.19232261180877686,-0.08042454719543457,0.10000000149011612,0.5780745799790274,0.4894964962112825,0.03512586418926883,0.5246223604005513,-1.9301891326904295,2.3997734951447507,1.029114935352521,0.576858134580342,0.9255626201629639,0.25354695320129395,False,False,False,-0.5824490462289028,False
pirl,1,11,0,0.1565330163838875,200,-92.71014876445267,0.5233649532857949,104.67299065715899,0.655518121291739,0.4000075807521751,1,0,1,0.005,0.0,0.005,58,-0.01761789806187153,0.569993257522583,0.35073933005332947,0.19232261180877686,-0.07851448655128479,0.10000000149011612,0.5771177364962099,0.4876154545273092,0.0349875080265487,0.5226029625538579,-1.8843476772308347,2.3997743656971426,1.0027991740021274,0.5810364644720175,0.9249136447906494,0.25053560733795166,False,False,False,-0.5814545332141521,False
pirl,1,11,0,0.1565330163838875,200,-92.71014876445267,0.5233649532857949,104.67299065715899,0.655518121291739,0.4000075807521751,1,0,1,0.005,0.0,0.005,59,-0.025469345971941948,0.5799923539161682,0.35073933005332947,0.19232261180877686,-0.07662564516067505,0.10000000149011612,0.5761133458620097,0.48237565659255527,0.0346125342979262,0.5169881908904814,-1.839015483856201,2.3997767906931777,0.9701586579842455,0.5850787922136186,0.9241851568222046,0.24769847095012665,False,False,False,-0.5804097972248591,False
pirl,1,11,0,0.1565330163838875,200,-92.71014876445267,0.5233649532857949,104.67299065715899,0.655518121291739,0.4000075807521751,1,0,1,0.005,0.0,0.005,60,-0.033131908625364304,0.5899913907051086,0.35073933005332947,0.19232261180877686,-0.07476851344108582,0.10000000149011612,0.5750608444422662,0.4744154764526309,0.03404605872253216,0.508461535175163,-1.7944443225860593,2.3997804746912097,0.9330152252299069,0.5889663556520766,0.9233794212341309,0.24503234028816223,False,False,False,-0.5793151434125677,False
pirl,1,11,0,0.1565330163838875,200,-92.71014876445267,0.5233649532857949,104.67299065715899,0.655518121291739,0.4000075807521751,1,0,1,0.005,0.0,0.005,61,-0.040608759969472885,0.5999904870986938,0.35073933005332947,0.19232261180877686,-0.07295224070549011,0.10000000149011612,0.5739602310966143,0.46408077981510365,0.03331259984354667,0.4973933796586503,-1.7508537769317627,2.3997852576234298,0.8924806721383638,0.5926850251193198,0.9224991202354431,0.24253320693969727,False,False,False,-0.5781710901072811,False
pirl,1,11,0,0.1565330163838875,200,-92.71014876445267,0.5233649532857949,104.67299065715899,0.655518121291739,0.4000075807521751,1,0,1,0.005,0.0,0.005,62,-0.047903984785079956,0.609989583492279,0.35073933005332947,0.19232261180877686,-0.07118406891822815,0.10000000149011612,0.5728113675133836,0.4518640139679725,0.032446865888817976,0.48431087985679044,-1.7084176540374756,2.3997909115835845,0.8498381525564774,0.5962260174216384,0.9215466380119324,0.2401963472366333,False,False,False,-0.5769781307589964,False
pirl,1,11,0,0.1565330163838875,200,-92.71014876445267,0.5233649532857949,104.67299065715899,0.655518121291739,0.4000075807521751,1,0,1,0.005,0.0,0.005,63,-0.05502239242196083,0.619988739490509,0.35073933005332947,0.19232261180877686,-0.06946909427642822,0.10000000149011612,0.5716144736218489,0.4383196312959978,0.03148795582996615,0.469807587125964,-1.6672582626342773,2.399797179969253,0.8063567345568114,0.5995858371489584,0.920524537563324,0.23801657557487488,False,False,False,-0.5757371376334258,False
pirl,1,11,0,0.1565330163838875,200,-92.71014876445267,0.5233649532857949,104.67299065715899,0.655518121291739,0.4000075807521751,1,0,1,0.005,0.0,0.005,64,-0.06196930259466171,0.629987895488739,0.35073933005332947,0.19232261180877686,-0.06781145930290222,0.10000000149011612,0.5703698816760439,0.4236940934479149,0.03045332743805718,0.4541474208859721,-1.6274750232696529,2.3998039487171576,0.762633570030786,0.6027634770240867,0.9194353222846985,0.23598821461200714,False,False,False,-0.574448743560879,False
pirl,1,11,0,0.1565330163838875,200,-92.71014876445267,0.5233649532857949,104.67299065715899,0.655518121291739,0.4000075807521751,1,0,1,0.005,0.0,0.005,65,-0.06875044852495193,0.639987051486969,0.35073933005332947,0.19232261180877686,-0.06621420383453369,0.10000000149011612,0.5690780457062659,0.4082724315560523,0.029363042493136416,0.43763547404918873,-1.5891408920288081,2.399811085913937,0.7192681709649462,0.6057604277364407,0.9182814359664917,0.23410531878471375,False,False,False,-0.5731137208520937,False
pirl,1,11,0,0.1565330163838875,200,-92.71014876445267,0.5233649532857949,104.67299065715899,0.655518121291739,0.4000075807521751,1,0,1,0.005,0.0,0.005,66,-0.0753718689084053,0.6499862670898438,0.35073933005332947,0.19232261180877686,-0.06467905640602112,0.10000000149011612,0.5677395333803039,0.3923937919997606,0.028240975137091905,0.4206347671368525,-1.5522973537445066,2.3998184346015097,0.6768850576921168,0.6085807821434912,0.9170652627944946,0.23236171901226044,False,False,False,-0.5717329883489569,False
pirl,1,11,0,0.1565330163838875,200,-92.71014876445267,0.5233649532857949,104.67299065715899,0.655518121291739,0.4000075807521751,1,0,1,0.005,0.0,0.005,67,-0.08183977752923965,0.6599855422973633,0.35073933005332947,0.19232261180877686,-0.06320691108703613,0.10000000149011612,0.5663548587749877,0.3762741759927133,0.02710235898792969,0.40337653498064296,-1.5169658660888672,2.3998258948137914,0.635836024181434,0.6112300989109138,0.9157889485359192,0.23075136542320251,False,False,False,-0.5703072638704876,False
pirl,1,11,0,0.1565330163838875,200,-92.71014876445267,0.5233649532857949,104.67299065715899,0.655518121291739,0.4000075807521751,1,0,1,0.005,0.0,0.005,68,-0.08816046267747879,0.6699848175048828,0.35073933005332947,0.19232261180877686,-0.061797913163900375,0.10000000149011612,0.564924850141273,0.3601074769962434,0.025960833699757376,0.3860683106960008,-1.4831499159336088,2.399833376816237,0.5963950494366959,0.6137150782835668,0.9144548177719116,0.22926783561706543,False,False,False,-0.568837543638174,False
pirl,1,11,0,0.1565330163838875,200,-92.71014876445267,0.5233649532857949,104.67299065715899,0.655518121291739,0.4000075807521751,1,0,1,0.005,0.0,0.005,69,-0.0943402573466301,0.6799840927124023,0.35073933005332947,0.19232261180877686,-0.06045171245932579,0.10000000149011612,0.563450266448756,0.3440221435650661,0.02482543313076388,0.36884757669583,-1.4508410990238192,2.399840821162428,0.5586985526887159,0.6160429889197697,0.9130649566650391,0.2279050052165985,False,False,False,-0.567324676494815,False
pirl,1,11,0,0.1565330163838875,200,-92.71014876445267,0.5233649532857949,104.67299065715899,0.655518121291739,0.4000075807521751,1,0,1,0.005,0.0,0.005,70,-0.10038542747497559,0.6899834275245667,0.35073933005332947,0.19232261180877686,-0.05916726216673851,0.10000000149011612,0.5619318244064756,0.32819867490750615,0.023708831305673278,0.35190750621317946,-1.420014292001724,2.3998481443167243,0.5229444037975246,0.6182219239355927,0.9116212725639343,0.22665679454803467,False,False,False,-0.5657695157727761,False
pirl,1,11,0,0.1565330163838875,200,-92.71014876445267,0.5233649532857949,104.67299065715899,0.655518121291739,0.4000075807521751,1,0,1,0.005,0.0,0.005,71,-0.1063021570444107,0.6999828219413757,0.35073933005332947,0.19232261180877686,-0.057943399995565414,0.10000000149011612,0.5603703631285749,0.3126673509842632,0.022613163517240936,0.3352805145015041,-1.39064159989357,2.3998553322654588,0.4890765462534815,0.6202597428783155,0.9101256728172302,0.2255171537399292,False,False,False,-0.5641728751104427,False
pirl,1,11,0,0.1565330163838875,200,-92.71014876445267,0.5233649532857949,104.67299065715899,0.655518121291739,0.4000075807521751,1,0,1,0.005,0.0,0.005,72,-0.11209649592638016,0.7099822163581848,0.35073933005332947,0.19232261180877686,-0.056778278201818466,0.10000000149011612,0.5587667277942223,0.29760580858085567,0.021550877855153295,0.319156686436009,-1.3626786768436436,2.3998623027977324,0.45726022881472395,0.6221649938317102,0.90857994556427,0.22448031604290009,False,False,False,-0.562535724504772,False
pirl,1,11,0,0.1565330163838875,200,-92.71014876445267,0.5233649532857949,104.67299065715899,0.655518121291739,0.4000075807521751,1,0,1,0.005,0.0,0.005,73,-0.11777432262897491,0.7199816107749939,0.35073933005332947,0.19232261180877686,-0.05567028746008873,0.10000000149011612,0.5571217447996576,0.28295285308514456,0.020517686990638224,0.3034705400757828,-1.3360868990421297,2.3998690842346164,0.4272893627424896,0.6239453661764706,0.9069857597351074,0.22354058921337128,False,False,False,-0.5608587649673951,False
pirl,1,11,0,0.1565330163838875,200,-92.71014876445267,0.5233649532857949,104.67299065715899,0.655518121291739,0.4000075807521751,1,0,1,0.005,0.0,0.005,74,-0.12334135174751282,0.7299810647964478,0.35073933005332947,0.19232261180877686,-0.054617490619421005,0.10000000149011612,0.5554361575291105,0.2687936113408187,0.019519514482021307,0.28831312582284,-1.3108197748661041,2.3998756371791226,0.39918438835818704,0.6256086344612963,0.9053446054458618,0.22269245982170105,False,False,False,-0.5591427690186189,False
pirl,1,11,0,0.1565330163838875,200,-92.71014876445267,0.5233649532857949,104.67299065715899,0.655518121291739,0.4000075807521751,1,0,1,0.005,0.0,0.005,75,-0.1288031041622162,0.7399805784225464,0.35073933005332947,0.19232261180877686,-0.05361756309866905,0.10000000149011612,0.5537109795293238,0.2552286970245692,0.018563424687163897,0.27379212171173306,-1.2868215143680573,2.399881915066905,0.3729838056037733,0.627162733651312,0.9036581516265869,0.22193071246147156,False,False,False,-0.5573887926161348,False
pirl,1,11,0,0.1565330163838875,200,-92.71014876445267,0.5233649532857949,104.67299065715899,0.655518121291739,0.4000075807521751,1,0,1,0.005,0.0,0.005,76,-0.13416485488414764,0.749980092048645,0.35073933005332947,0.19232261180877686,-0.05266865715384483,0.10000000149011612,0.5519467648658684,0.2421352272879879,0.017640781244421307,0.2597760085324092,-1.264047771692276,2.3998879747685558,0.34840639327559325,0.6286144269566271,0.9019275307655334,0.22125032544136047,False,False,False,-0.5555972028739841,False
pirl,1,11,0,0.1565330163838875,200,-92.71014876445267,0.5233649532857949,104.67299065715899,0.655518121291739,0.4000075807521751,1,0,1,0.005,0.0,0.005,77,-0.13943171501159668,0.7599796056747437,0.35073933005332947,0.19232261180877686,-0.05176838859915733,0.10000000149011612,0.5501445458793703,0.22965224028273365,0.016761288596267503,0.24641352887900114,-1.242441326379776,2.399893751936754,0.3255547457995578,0.6299709050641252,0.9001542925834656,0.22064635157585144,False,False,False,-0.5537691203021664,False
pirl,1,11,0,0.1565330163838875,200,-92.71014876445267,0.5233649532857949,104.67299065715899,0.655518121291739,0.4000075807521751,1,0,1,0.005,0.0,0.005,78,-0.14460855722427368,0.7699791789054871,0.35073933005332947,0.19232261180877686,-0.05091455206274986,0.10000000149011612,0.5483050071701796,0.217733920850755,0.01592174751061181,0.2336556683613668,-1.2219492495059967,2.399899267774908,0.3042703913679924,0.6312386983614918,0.898339569568634,0.22011420130729675,False,False,False,-0.5519051243837699,False
pirl,1,11,0,0.1565330163838875,200,-92.71014876445267,0.5233649532857949,104.67299065715899,0.655518121291739,0.4000075807521751,1,0,1,0.005,0.0,0.005,79,-0.14970001578330994,0.7799787521362305,0.35073933005332947,0.19232261180877686,-0.05010524019598961,0.10000000149011612,0.546428887273438,0.20630352423831058,0.015116726950061906,0.2214202511883725,-1.2025257647037506,2.399904557800747,0.28436400515223614,0.6324235483829594,0.8964844942092896,0.21964949369430542,False,False,False,-0.550005822751348,False
pirl,1,11,0,0.1565330163838875,200,-92.71014876445267,0.5233649532857949,104.67299065715899,0.655518121291739,0.4000075807521751,1,0,1,0.005,0.0,0.005,80,-0.1547105461359024,0.7899783253669739,0.35073933005332947,0.19232261180877686,-0.04933824762701988,0.10000000149011612,0.544516909373824,0.19543840776190194,0.014351620228828693,0.20979002799073063,-1.184117943048477,2.399909586213045,0.26586471635654785,0.6335313180344451,0.8945901393890381,0.2192479819059372,False,False,False,-0.548071970378239,False
pirl,1,11,0,0.1565330163838875,200,-92.71014876445267,0.5233649532857949,104.67299065715899,0.655518121291739,0.4000075807521751,1,0,1,0.005,0.0,0.005,81,-0.15964436531066895,0.7999779582023621,0.35073933005332947,0.19232261180877686,-0.04861166700720787,0.10000000149011612,0.5425698943978433,0.1850618456170805,0.013621043586001177,0.1986828892030817,-1.166680008172989,2.3999143885207626,0.24859729404575656,0.6345671400929691,0.8926576375961304,0.21890553832054138,False,False,False,-0.5461042609308643,False
pirl,1,11,0,0.1565330163838875,200,-92.71014876445267,0.5233649532857949,104.67299065715899,0.655518121291739,0.4000075807521751,1,0,1,0.005,0.0,0.005,82,-0.16450552642345428,0.8099775910377502,0.35073933005332947,0.19232261180877686,-0.04792347177863121,0.10000000149011612,0.5405884121526607,0.17520492580983738,0.012927143051913292,0.18813206886175066,-1.1501633226871493,2.3999189503362657,0.23253837520459253,0.635536049989655,0.8906878232955933,0.21861842274665833,False,False,False,-0.5441032534174939,False
pirl,1,11,0,0.1565330163838875,200,-92.71014876445267,0.5233649532857949,104.67299065715899,0.655518121291739,0.4000075807521751,1,0,1,0.005,0.0,0.005,83,-0.16929787397384644,0.8199772834777832,0.35073933005332947,0.19232261180877686,-0.047271933406591415,0.10000000149011612,0.5385732937649647,0.16579086697823517,0.012264520069598581,0.17805538704783375,-1.1345264017581937,2.3999233071942263,0.21752802332376947,0.636442416753504,0.8886817693710327,0.21838289499282837,False,False,False,-0.5420696578928668,False
pirl,1,11,0,0.1565330163838875,200,-92.71014876445267,0.5233649532857949,104.67299065715899,0.655518121291739,0.4000075807521751,1,0,1,0.005,0.0,0.005,84,-0.17402507364749908,0.8299769759178162,0.35073933005332947,0.19232261180877686,-0.04665514454245567,0.10000000149011612,0.5365249927088719,0.156866135863329,0.011636405387617578,0.16850254125094657,-1.1197234690189362,2.3999274375896795,0.2035732223851423,0.637290638513442,0.8866401314735413,0.2181956171989441,False,False,False,-0.5400039384130408,False
pirl,1,11,0,0.1565330163838875,200,-92.71014876445267,0.5233649532857949,104.67299065715899,0.655518121291739,0.4000075807521751,1,0,1,0.005,0.0,0.005,85,-0.1786905825138092,0.8399766683578491,0.35073933005332947,0.19232261180877686,-0.046071555465459824,0.10000000149011612,0.5344443294767787,0.14833851152523556,0.011036323737142683,0.15937483526237825,-1.1057173311710355,2.3999313842027874,0.19050688277655828,0.6380844171916777,0.8845639228820801,0.21805311739444733,False,False,False,-0.5379067832465914,False
pirl,1,11,0,0.1565330163838875,200,-92.71014876445267,0.5233649532857949,104.67299065715899,0.655518121291739,0.4000075807521751,1,0,1,0.005,0.0,0.005,86,-0.18329773843288422,0.8499763607978821,0.35073933005332947,0.19232261180877686,-0.04551931843161583,0.10000000149011612,0.5323316804395213,0.14028525323547916,0.01046966822511849,0.15075492146059766,-1.09246364235878,2.399935111277698,0.1783830630957457,0.6388276799545767,0.8824536800384521,0.21795231103897095,False,False,False,-0.5357786161009807,False
pirl,1,11,0,0.1565330163838875,200,-92.71014876445267,0.5233649532857949,104.67299065715899,0.655518121291739,0.4000075807521751,1,0,1,0.005,0.0,0.005,87,-0.18784967064857483,0.8599761128425598,0.35073933005332947,0.19232261180877686,-0.04499706253409386,0.10000000149011612,0.5301879099014413,0.13258329929456178,0.009927808821901274,0.14251110811646306,-1.0799295008182523,2.39993867576778,0.16700674858132247,0.6395235414069989,0.8803104162216187,0.21789012849330902,False,False,False,-0.5336201416491442,False
pirl,1,11,0,0.1565330163838875,200,-92.71014876445267,0.5233649532857949,104.67299065715899,0.655518121291739,0.4000075807521751,1,0,1,0.005,0.0,0.005,88,-0.192349374294281,0.8699758648872375,0.35073933005332947,0.19232261180877686,-0.04450329765677452,0.10000000149011612,0.5280133672975535,0.12526362061618312,0.009412876990321298,0.1346764976065044,-1.0680791437625885,2.3999420633395903,0.15638182007844806,0.6401751323239924,0.8781346082687378,0.2178637534379959,False,False,False,-0.5314317140417611,False
pirl,1,11,0,0.1565330163838875,200,-92.71014876445267,0.5233649532857949,104.67299065715899,0.655518121291739,0.4000075807521751,1,0,1,0.005,0.0,0.005,89,-0.19679971039295197,0.8799756169319153,0.35073933005332947,0.19232261180877686,-0.04403653368353844,0.10000000149011612,0.5258086542655455,0.11832641755080134,0.008924893320418197,0.12725131087121955,-1.0568768084049227,2.3999452739004044,0.14647570207548208,0.6407854477493069,0.8759269714355469,0.21787051856517792,False,False,False,-0.5292139074212996,False
pirl,1,11,0,0.1565330163838875,200,-92.71014876445267,0.5233649532857949,104.67299065715899,0.655518121291739,0.4000075807521751,1,0,1,0.005,0.0,0.005,90,-0.2012033611536026,0.889975368976593,0.35073933005332947,0.19232261180877686,-0.04359575733542442,0.10000000149011612,0.5235742622007392,0.11164854921312592,0.008455199390845387,0.1201037486039713,-1.0462981760501864,2.3999483644402395,0.13710971534941863,0.6413567382299294,0.8736881017684937,0.2179078310728073,False,False,False,-0.5269670608201728,False
pirl,1,11,0,0.1565330163838875,200,-92.71014876445267,0.5233649532857949,104.67299065715899,0.655518121291739,0.4000075807521751,1,0,1,0.005,0.0,0.005,91,-0.20556293427944183,0.8999751806259155,0.35073933005332947,0.19232261180877686,-0.043179597705602646,0.10000000149011612,0.5213106876549523,0.10532259966125279,0.008010259455508735,0.11333285911676153,-1.0363103449344635,2.399951292110881,0.12837113211473888,0.6418916179470742,0.8714185953140259,0.21797312796115875,False,False,False,-0.5246917461456636,False
pirl,1,11,0,0.1565330163838875,200,-92.71014876445267,0.5233649532857949,104.67299065715899,0.655518121291739,0.4000075807521751,1,0,1,0.005,0.0,0.005,92,-0.20988090336322784,0.9099749326705933,0.35073933005332947,0.19232261180877686,-0.04278668388724327,0.10000000149011612,0.5190185610867646,0.09934876603824307,0.007590116579917957,0.10693888261816102,-1.0268804132938378,2.3999540568210946,0.120235233007303,0.6423925980846046,0.8691191673278809,0.2180640995502472,False,False,False,-0.5223885706272321,False
pirl,1,11,0,0.1565330163838875,200,-92.71014876445267,0.5233649532857949,104.67299065715899,0.655518121291739,0.4000075807521751,1,0,1,0.005,0.0,0.005,93,-0.21415956318378448,0.9199747443199158,0.35073933005332947,0.19232261180877686,-0.042416300624608994,0.10000000149011612,0.5166981623683805,0.09355763671589891,0.007182862071834135,0.10074049878773304,-1.0179912149906167,2.399956736975143,0.11247941049213023,0.6428612622949884,0.8667901754379272,0.21817854046821594,False,False,False,-0.5200576187351644,False
pirl,1,11,0,0.1565330163838875,200,-92.71014876445267,0.5233649532857949,104.67299065715899,0.655518121291739,0.4000075807521751,1,0,1,0.005,0.0,0.005,94,-0.21840119361877441,0.9299745559692383,0.35073933005332947,0.19232261180877686,-0.04206707701086998,0.10000000149011612,0.5143501297757567,0.08811881851124943,0.006800360306838472,0.09491917881808791,-1.0096098482608795,2.399959254078422,0.10528621463553509,0.6432999548559698,0.8644323348999023,0.2183142602443695,False,False,False,-0.5176996880883857,False
pirl,1,11,0,0.1565330163838875,200,-92.71014876445267,0.5233649532857949,104.67299065715899,0.655518121291739,0.4000075807521751,1,0,1,0.005,0.0,0.005,95,-0.22260791063308716,0.9399744272232056,0.35073933005332947,0.19232261180877686,-0.0417383573949337,0.10000000149011612,0.5119746377758988,0.08284753764602304,0.006429679580482471,0.08927721722650551,-1.0017205774784086,2.399961693644863,0.0984210679490069,0.6437100426390907,0.8620458841323853,0.21846932172775269,False,False,False,-0.5153147429314435,False
pirl,1,11,0,0.1565330163838875,200,-92.71014876445267,0.5233649532857949,104.67299065715899,0.655518121291739,0.4000075807521751,1,0,1,0.005,0.0,0.005,96,-0.22678174078464508,0.9499742388725281,0.35073933005332947,0.19232261180877686,-0.04142889007925987,0.10000000149011612,0.509572330053312,0.0778979689212427,0.006081595389556248,0.08397956431079895,-0.9942933619022369,2.3999639843218454,0.09204904330621115,0.6440935803195332,0.8596315383911133,0.21864166855812073,False,False,False,-0.5129035729001603,False
pirl,1,11,0,0.1565330163838875,200,-92.71014876445267,0.5233649532857949,104.67299065715899,0.655518121291739,0.4000075807521751,1,0,1,0.005,0.0,0.005,97,-0.23092463612556458,0.9599741101264954,0.35073933005332947,0.19232261180877686,-0.04113795980811119,0.10000000149011612,0.5071435036715267,0.07313156357180044,0.005746420919633798,0.07887798449143424,-0.9873110353946687,2.3999661902302085,0.08599481567205802,0.6444518920515001,0.8571896553039551,0.21882948279380798,False,False,False,-0.5104663143055114,False
pirl,1,11,0,0.1565330163838875,200,-92.71014876445267,0.5233649532857949,104.67299065715899,0.655518121291739,0.4000075807521751,1,0,1,0.005,0.0,0.005,98,-0.23503842949867249,0.9699739813804626,0.35073933005332947,0.19232261180877686,-0.040864672511816025,0.10000000149011612,0.504688577434097,0.06859460433085503,0.005427363959343169,0.07402196829019819,-0.9807521402835846,2.39996828995014,0.08029980640983356,0.6447864745782077,0.8547207117080688,0.21903103590011597,False,False,False,-0.5080034218070102,False
pirl,1,11,0,0.1565330163838875,200,-92.71014876445267,0.5233649532857949,104.67299065715899,0.655518121291739,0.4000075807521751,1,0,1,0.005,0.0,0.005,99,-0.23912489414215088,0.9799738526344299,0.35073933005332947,0.19232261180877686,-0.04060843214392662,0.10000000149011612,0.5022079098015177,0.06421012884271962,0.005119030735675455,0.06932915957839508,-0.9746023714542389,2.399970319100084,0.07486486566967893,0.645098411518498,0.852225124835968,0.21924462914466858,False,False,False,-0.5055151612272217,False
pirl,1,11,0,0.1565330163838875,200,-92.71014876445267,0.5233649532857949,104.67299065715899,0.655518121291739,0.4000075807521751,1,0,1,0.005,0.0,0.005,100,-0.24318572878837585,0.9899737238883972,0.35073933005332947,0.19232261180877686,-0.04036828503012657,0.10000000149011612,0.4997019158788388,0.060070673789416246,0.004827900744263441,0.06489857453367968,-0.9688388407230378,2.399972234853748,0.06978562969445182,0.6453891849755582,0.8497033715248108,0.21946856379508972,False,False,False,-0.5030020330528112,False
pirl,1,11,0,0.1565330163838875,200,-92.71014876445267,0.5233649532857949,104.67299065715899,0.655518121291739,0.4000075807521751,1,0,1,0.005,0.0,0.005,101,-0.24722255766391754,0.9999735951423645,0.35073933005332947,0.19232261180877686,-0.04014357551932335,0.10000000149011612,0.49717078657192665,0.05609929552066755,0.00454859770736591,0.06064789322803346,-0.9634458124637597,2.399974072820916,0.06496514791692495,0.6456598730918787,0.8471556901931763,0.21970145404338837,False,False,False,-0.5004641355879155,False
pirl,1,11,0,0.1565330163838875,200,-92.71014876445267,0.5233649532857949,104.67299065715899,0.655518121291739,0.4000075807521751,1,0,1,0.005,0.0,0.005,102,-0.2512369155883789,1.0099735260009766,0.35073933005332947,0.19232261180877686,-0.039933767169713974,0.10000000149011612,0.4946150545524935,0.052265208062008975,0.00427893330844774,0.05654414137045671,-0.9584104120731354,2.399975847249431,0.060360856188063854,0.645911376659329,0.8445826768875122,0.21994169056415558,False,False,False,-0.4979019602598115,False
pirl,1,11,0,0.1565330163838875,200,-92.71014876445267,0.5233649532857949,104.67299065715899,0.655518121291739,0.4000075807521751,1,0,1,0.005,0.0,0.005,103,-0.2552303075790405,1.0199733972549438,0.35073933005332947,0.19232261180877686,-0.03973802551627159,0.10000000149011612,0.4920349670504117,0.048645538986316725,0.00402431962483358,0.052669858611150304,-0.9537126123905182,2.399977522444404,0.05605214071051741,0.6461449272456228,0.8419846296310425,0.2201879471540451,False,False,False,-0.4953158252151161,False
pirl,1,11,0,0.1565330163838875,200,-92.71014876445267,0.5233649532857949,104.67299065715899,0.655518121291739,0.4000075807521751,1,0,1,0.005,0.0,0.005,104,-0.25920408964157104,1.0299732685089111,0.35073933005332947,0.19232261180877686,-0.03955593332648277,0.10000000149011612,0.4894311648363732,0.04492322466878351,0.003567938893722837,0.04849116356250635,-0.9493423998355865,2.3997042672467264,0.05120952010395842,0.6463583002460559,0.8393622636795044,0.22043855488300323,False,False,False,-0.49270583108464583,False
pirl,1,11,0,0.1565330163838875,200,-92.71014876445267,0.5233649532857949,104.67299065715899,0.655518121291739,0.4000075807521751,1,0,1,0.005,0.0,0.005,105,-0.26315969228744507,1.0399720668792725,0.35073933005332947,0.19232261180877686,-0.03938594087958336,0.10000000149011612,0.48680361065653793,0.04203223337013492,0.0035714073857080137,0.04560364075584293,-0.9452625811100006,2.3997233011476236,0.04830188692664587,0.6465595581082503,0.836715579032898,0.22069254517555237,False,False,False,-0.49007351697659407,False
pirl,1,11,0,0.1565330163838875,200,-92.71014876445267,0.5233649532857949,104.67299065715899,0.655518121291739,0.4000075807521751,1,0,1,0.005,0.0,0.005,106,-0.2670982778072357,1.0499708652496338,0.35073933005332947,0.19232261180877686,-0.03922870382666588,0.10000000149011612,0.4841524912224499,0.03875003017309309,0.00334234150289556,0.04209237167598865,-0.941488891839981,2.399744910735451,0.04450348997794474,0.6467449893164917,0.8340448141098022,0.22094875574111938,False,False,False,-0.4874171607189599,False
pirl,1,11,0,0.1565330163838875,200,-92.71014876445267,0.5233649532857949,104.67299065715899,0.655518121291739,0.4000075807521751,1,0,1,0.005,0.0,0.005,107,-0.27102115750312805,1.0599697828292847,0.35073933005332947,0.19232261180877686,-0.0390833280980587,0.10000000149011612,0.48147823225541114,0.03569482640871166,0.003126366159176735,0.03882119256788839,-0.9379998743534088,2.399765025789309,0.040984286853041854,0.6469157571783793,0.8313504457473755,0.22120609879493713,False,False,False,-0.4847380404699021,False
pirl,1,11,0,0.1565330163838875,200,-92.71014876445267,0.5233649532857949,104.67299065715899,0.655518121291739,0.4000075807521751,1,0,1,0.005,0.0,0.005,108,-0.2749294936656952,1.069968819618225,0.35073933005332947,0.19232261180877686,-0.03894975408911705,0.10000000149011612,0.4787810099342052,0.032654973101666575,0.0029124019046522483,0.035567375006318826,-0.9347940981388092,2.3997850397778038,0.03751481465092433,0.6470720689060915,0.8286327123641968,0.22146335244178772,False,False,False,-0.48203610766812205,False
pirl,1,11,0,0.1565330163838875,200,-92.71014876445267,0.5233649532857949,104.67299065715899,0.655518121291739,0.4000075807521751,1,0,1,0.005,0.0,0.005,109,-0.27882447838783264,1.079967975616455,0.35073933005332947,0.19232261180877686,-0.03882702812552452,0.10000000149011612,0.47606118506560674,0.02985958858092441,0.002714575926110935,0.03257416450703535,-0.9318486750125885,2.399803444216434,0.03433906671262346,0.6472151483507275,0.8258920311927795,0.22171945869922638,False,False,False,-0.47931195519003944,False
pirl,1,11,0,0.1565330163838875,200,-92.71014876445267,0.5233649532857949,104.67299065715899,0.655518121291739,0.4000075807521751,1,0,1,0.005,0.0,0.005,110,-0.28270718455314636,1.089967131614685,0.35073933005332947,0.19232261180877686,-0.03871491178870201,0.10000000149011612,0.4733189968657254,0.02712577714279601,0.002521894703275476,0.029647671846071488,-0.9291578829288483,2.399821443266107,0.031256226649379784,0.6473453826284332,0.8231287002563477,0.22197337448596954,False,False,False,-0.4765656245627437,False
pirl,1,11,0,0.1565330163838875,200,-92.71014876445267,0.5233649532857949,104.67299065715899,0.655518121291739,0.4000075807521751,1,0,1,0.005,0.0,0.005,111,-0.2865786552429199,1.0999664068222046,0.35073933005332947,0.19232261180877686,-0.03861298784613609,0.10000000149011612,0.47055457338070544,0.02449868552952689,0.0023364852484990496,0.02683517077802594,-0.9267117083072662,2.399838739686694,0.02831040653240488,0.6474633426556515,0.8203428983688354,0.22222423553466797,False,False,False,-0.47379728596523313,False
pirl,1,11,0,0.1565330163838875,200,-92.71014876445267,0.5233649532857949,104.67299065715899,0.655518121291739,0.4000075807521751,1,0,1,0.005,0.0,0.005,112,-0.2904399633407593,1.1099656820297241,0.35073933005332947,0.19232261180877686,-0.03852066025137901,0.10000000149011612,0.4677683246109595,0.022024613200383653,0.0021616132854967653,0.024186226485880417,-0.9244958460330964,2.399855028648736,0.025549221927433714,0.6475697977470158,0.8175351023674011,0.2224709838628769,False,False,False,-0.4710073913635112,False
pirl,1,11,0,0.1565330163838875,200,-92.71014876445267,0.5233649532857949,104.67299065715899,0.655518121291739,0.4000075807521751,1,0,1,0.005,0.0,0.005,113,-0.29429203271865845,1.1199650764465332,0.35073933005332947,0.19232261180877686,-0.03843751177191734,0.10000000149011612,0.46496025893260245,0.019657816257917547,0.001994479561057239,0.021652295818974786,-0.9225002825260163,2.399870611323948,0.02292083393524101,0.647665301221746,0.8147053718566895,0.22271284461021423,False,False,False,-0.4681958961201937,False
pirl,1,11,0,0.1565330163838875,200,-92.71014876445267,0.5233649532857949,104.67299065715899,0.655518121291739,0.4000075807521751,1,0,1,0.005,0.0,0.005,114,-0.29813578724861145,1.1299645900726318,0.35073933005332947,0.19232261180877686,-0.03836336359381676,0.10000000149011612,0.4621309034586474,0.017336730877276264,0.001830811936119908,0.019167542813396173,-0.9207207262516022,2.399885893040337,0.02035602718245841,0.6477501180016729,0.8118543028831482,0.2229488343000412,False,False,False,-0.46536325838308595,False
pirl,1,11,0,0.1565330163838875,200,-92.71014876445267,0.5233649532857949,104.67299065715899,0.655518121291739,0.4000075807521751,1,0,1,0.005,0.0,0.005,115,-0.3019721210002899,1.1399641036987305,0.35073933005332947,0.19232261180877686,-0.0382976196706295,0.10000000149011612,0.4592802644816171,0.015168478194218305,0.0016773903063827705,0.016845868500601074,-0.9191428720951081,2.3999001685266417,0.0179675678917188,0.6478249828678884,0.8089819550514221,0.22317823767662048,False,False,False,-0.4625095918637371,False
pirl,1,11,0,0.1565330163838875,200,-92.71014876445267,0.5233649532857949,104.67299065715899,0.655518121291739,0.4000075807521751,1,0,1,0.005,0.0,0.005,116,-0.3058018684387207,1.1499637365341187,0.35073933005332947,0.19232261180877686,-0.038240160793066025,0.10000000149011612,0.45640852722491326,0.013030895325356139,0.0015266580251713003,0.01455755335052744,-0.9177638590335846,2.399914242086983,0.01562313311786654,0.6478900792558795,0.8060885667800903,0.22340038418769836,False,False,False,-0.45963495027787943,False
pirl,1,11,0,0.1565330163838875,200,-92.71014876445267,0.5233649532857949,104.67299065715899,0.655518121291739,0.4000075807521751,1,0,1,0.005,0.0,0.005,117,-0.30962589383125305,1.1599633693695068,0.35073933005332947,0.19232261180877686,-0.038190510123968124,0.10000000149011612,0.45351615229994047,0.01101545109094156,0.0013840802238074634,0.012399531314749024,-0.916572242975235,2.3999275115028533,0.013418148921050864,0.6479459882097172,0.8031746745109558,0.22361432015895844,False,False,False,-0.4567398855829337,False
pirl,1,11,0,0.1565330163838875,200,-92.71014876445267,0.5233649532857949,104.67299065715899,0.655518121291739,0.4000075807521751,1,0,1,0.005,0.0,0.005,118,-0.31344494223594666,1.169963002204895,0.35073933005332947,0.19232261180877686,-0.03814813122153282,0.10000000149011612,0.45060309296134243,0.00913799081353824,0.001251130251603235,0.010389121065141475,-0.9155551493167878,2.3999398724507666,0.011368971920196404,0.6479933589260514,0.8002402782440186,0.2238195389509201,False,False,False,-0.4538243625407625,False
pirl,1,11,0,0.1565330163838875,200,-92.71014876445267,0.5233649532857949,104.67299065715899,0.655518121291739,0.4000075807521751,1,0,1,0.005,0.0,0.005,119,-0.3172597587108612,1.1799627542495728,0.35073933005332947,0.19232261180877686,-0.03811308369040489,0.10000000149011612,0.44766958221413555,0.007245201957646938,0.001117771699577787,0.008362973657224725,-0.9147140085697174,2.3999523343199947,0.009309886525214932,0.6480321501199064,0.7972856760025024,0.22401531040668488,False,False,False,-0.45088845080743795,False
pirl,1,11,0,0.1565330163838875,200,-92.71014876445267,0.5233649532857949,104.67299065715899,0.655518121291739,0.4000075807521751,1,0,1,0.005,0.0,0.005,120,-0.321071058511734,1.18996262550354,0.35073933005332947,0.19232261180877686,-0.038084711879491806,0.10000000149011612,0.4447158590614481,0.0055204461364726865,0.000995385347481987,0.006515831483954674,-0.9140330851078035,2.399963689882146,0.007434759104689076,0.6480631282828426,0.7943111658096313,0.2242010235786438,False,False,False,-0.4479325776464759,False
pirl,1,11,0,0.1565330163838875,200,-92.71014876445267,0.5233649532857949,104.67299065715899,0.655518121291739,0.4000075807521751,1,0,1,0.005,0.0,0.005,121,-0.32487952709198,1.1999623775482178,0.35073933005332947,0.19232261180877686,-0.03806307539343834,0.10000000149011612,0.441742216630333,0.003780567912128806,0.0008727468557229032,0.004653314767851709,-0.9135138094425203,2.399975145008183,0.005548171756883951,0.6480862456651629,0.7913171052932739,0.22437602281570435,False,False,False,-0.444956841805152,False
pirl,1,11,0,0.1565330163838875,200,-92.71014876445267,0.5233649532857949,104.67299065715899,0.655518121291739,0.4000075807521751,1,0,1,0.005,0.0,0.005,122,-0.32868584990501404,1.2099623680114746,0.35073933005332947,0.19232261180877686,-0.03804757818579674,0.10000000149011612,0.4387487146363629,0.0020487508077507797,0.0007600761762486738,0.0028088269839994535,-0.9131563177466638,2.4000000357627873,0.003695012593765465,0.6481016415509703,0.7883036136627197,0.22453974187374115,False,False,False,-0.4419613299205088,False
pirl,1,11,0,0.1565330163838875,200,-92.71014876445267,0.5233649532857949,104.67299065715899,0.655518121291739,0.4000075807521751,1,0,1,0.005,0.0,0.005,123,-0.3324906527996063,1.2199623584747314,0.35073933005332947,0.19232261180877686,-0.0380379818379879,0.10000000149011612,0.43573536929536205,0.0007582432591615786,0.0006514226259012903,0.001409665885062869,-0.9129169088363541,2.400000035762787,0.002255627417759576,0.6481110399985442,0.7852707505226135,0.22469185292720795,False,False,False,-0.4389464830474316,False
pirl,1,11,0,0.1565330163838875,200,-92.71014876445267,0.5233649532857949,104.67299065715899,0.655518121291739,0.4000075807521751,1,0,1,0.005,0.0,0.005,124,-0.3362944722175598,1.2299623489379883,0.35073933005332947,0.19232261180877686,-0.0380343459546566,0.10000000149011612,0.43270263895824185,0.0007652416434536278,0.0005438881579508886,0.0013091298014045163,-0.9128189088567225,2.4000000357627873,0.0020038586405221547,0.6481193894095464,0.7822190523147583,0.22483159601688385,False,False,False,-0.435913613282197,False
pirl,1,11,0,0.1565330163838875,200,-92.71014876445267,0.5233649532857949,104.67299065715899,0.655518121291739,0.4000075807521751,1,0,1,0.005,0.0,0.005,125,-0.34009790420532227,1.2399623394012451,0.35073933005332947,0.19232261180877686,-0.03803613409399986,0.10000000149011612,0.4296506031610162,0.002176697635482166,0.0004442324719931786,0.0026209301074753446,-0.9128518750935548,2.400000035762787,0.003053160466732222,0.6481321109114911,0.7791486382484436,0.22495873272418976,False,False,False,-0.43286290828425805,False
pirl,1,11,0,0.1565330163838875,200,-92.71014876445267,0.5233649532857949,104.67299065715899,0.655518121291739,0.4000075807521751,1,0,1,0.005,0.0,0.005,126,-0.34390145540237427,1.249962329864502,0.35073933005332947,0.19232261180877686,-0.03804310783743858,0.10000000149011612,0.4265793626248872,0.0037722076651125753,0.0003491205610249263,0.004121328226137502,-0.9130345880985261,2.4000248714746397,0.004282054101341166,0.6481499528035801,0.7760596871376038,0.22507253289222717,False,False,False,-0.4297932425775478,False
pirl,1,11,0,0.1565330163838875,200,-92.71014876445267,0.5233649532857949,104.67299065715899,0.655518121291739,0.4000075807521751,1,0,1,0.005,0.0,0.005,127,-0.34770575165748596,1.2599624395370483,0.35073933005332947,0.19232261180877686,-0.03805526718497276,0.10000000149011612,0.42348911129148237,0.004962077781698419,0.00025303054194277734,0.005215108323641197,-0.9133264124393462,2.4000327054206956,0.005139278274736595,0.6481713664630582,0.7729524374008179,0.2251727283000946,False,False,False,-0.42670421488786026,False
pirl,1,11,0,0.1565330163838875,200,-92.71014876445267,0.5233649532857949,104.67299065715899,0.655518121291739,0.4000075807521751,1,0,1,0.005,0.0,0.005,128,-0.35151126980781555,1.2699625492095947,0.35073933005332947,0.19232261180877686,-0.03807201609015465,0.10000000149011612,0.42038008335924537,0.006150630432264975,0.00016902358455255095,0.006319654016817527,-0.9137283861637114,2.4000405306927304,0.006025669072331978,0.6481964734175262,0.7698271870613098,0.22525881230831146,False,False,False,-0.4235964703152508,False
pirl,1,11,0,0.1565330163838875,200,-92.71014876445267,0.5233649532857949,104.67299065715899,0.655518121291739,0.4000075807521751,1,0,1,0.005,0.0,0.005,129,-0.35531848669052124,1.2799627780914307,0.35073933005332947,0.19232261180877686,-0.03809329494833946,0.10000000149011612,0.4172522989407816,0.0073242549274977605,8.598195247356835e-05,0.007410236879971329,-0.9142390787601472,2.4000482576797824,0.006902480912746115,0.6482252337546626,0.7666839957237244,0.22533059120178223,False,False,False,-0.42047000357334674,False
pirl,1,11,0,0.1565330163838875,200,-92.71014876445267,0.5233649532857949,104.67299065715899,0.655518121291739,0.4000075807521751,1,0,1,0.005,0.0,0.005,130,-0.35912781953811646,1.289962887763977,0.35073933005332947,0.19232261180877686,-0.03811904415488243,0.10000000149011612,0.4141059277556362,0.008482878153681433,3.974209201256551e-06,0.00848685236288269,-0.9148570597171783,2.400055885900482,0.007770159289801358,0.6482576094183701,0.7635231018066406,0.22538751363754272,False,False,False,-0.4173249839301083,False
pirl,1,11,0,0.1565330163838875,200,-92.71014876445267,0.5233649532857949,104.67299065715899,0.655518121291739,0.4000075807521751,1,0,1,0.005,0.0,0.005,131,-0.362939715385437,1.299963116645813,0.35073933005332947,0.19232261180877686,-0.03814896568655968,0.10000000149011612,0.4109412824552311,0.009565117727888938,7.294996866683749e-05,0.009638067696555775,-0.9155751764774321,2.4000630112214094,0.008932668873206366,0.6482948288720084,0.7603448629379272,0.22542934119701385,False,False,False,-0.4141618096984619,False
pirl,1,11,0,0.1565330163838875,200,-92.71014876445267,0.5233649532857949,104.67299065715899,0.655518121291739,0.4000075807521751,1,0,1,0.005,0.0,0.005,132,-0.3667546212673187,1.3099634647369385,0.35073933005332947,0.19232261180877686,-0.038182880729436874,0.10000000149011612,0.40775825487097983,0.010601328974524961,0.00014650542184080646,0.010747834396365768,-0.916389137506485,2.4000698334979713,0.010066565958791452,0.6483367728968367,0.7571492195129395,0.22545577585697174,False,False,False,-0.4109802548731971,False
pirl,1,11,0,0.1565330163838875,200,-92.71014876445267,0.5233649532857949,104.67299065715899,0.655518121291739,0.4000075807521751,1,0,1,0.005,0.0,0.005,133,-0.37057289481163025,1.3199636936187744,0.35073933005332947,0.19232261180877686,-0.03822031244635582,0.10000000149011612,0.4045571488827873,0.011514926056831444,0.00021178058811292553,0.01172670664494437,-0.9172874987125396,2.4000758484992386,0.01107078719524156,0.6483829011768169,0.7539365291595459,0.22546647489070892,False,False,False,-0.4077805285239835,False
pirl,1,11,0,0.1565330163838875,200,-92.71014876445267,0.5233649532857949,104.67299065715899,0.655518121291739,0.4000075807521751,1,0,1,0.005,0.0,0.005,134,-0.3743949234485626,1.3299640417099,0.35073933005332947,0.19232261180877686,-0.03826167806982994,0.10000000149011612,0.40133815179305143,0.01253564665183131,0.0002835703227613788,0.01281921697459269,-0.9182802736759186,2.4000825687874174,0.012191829226833276,0.6484337004652619,0.7507070302963257,0.22546112537384033,False,False,False,-0.404563067179617,False
pirl,1,11,0,0.1565330163838875,200,-92.71014876445267,0.5233649532857949,104.67299065715899,0.655518121291739,0.4000075807521751,1,0,1,0.005,0.0,0.005,135,-0.3782210946083069,1.3399643898010254,0.35073933005332947,0.19232261180877686,-0.03830614313483238,0.10000000149011612,0.39810122940111176,0.01334244645630315,0.00034176940466718953,0.01368421586097034,-0.9193474352359772,2.4000878806496604,0.013086620535494224,0.6484882280508265,0.7474607229232788,0.22543960809707642,False,False,False,-0.4013274867727335,False
pirl,1,11,0,0.1565330163838875,200,-92.71014876445267,0.5233649532857949,104.67299065715899,0.655518121291739,0.4000075807521751,1,0,1,0.005,0.0,0.005,136,-0.3820517063140869,1.3499647378921509,0.35073933005332947,0.19232261180877686,-0.03835400566458702,0.10000000149011612,0.39484662135192733,0.014225188591245266,0.0004039987214987165,0.014629187312743982,-0.9204961359500885,2.4000936925060716,0.014063865914652137,0.6485468274921375,0.7441979050636292,0.22540152072906494,False,False,False,-0.3980743373380272,False
pirl,1,11,0,0.1565330163838875,200,-92.71014876445267,0.5233649532857949,104.67299065715899,0.655518121291739,0.4000075807521751,1,0,1,0.005,0.0,0.005,137,-0.38588711619377136,1.3599650859832764,0.35073933005332947,0.19232261180877686,-0.03840484842658043,0.10000000149011612,0.3915744154607971,0.015001215252065568,0.00045956062507658714,0.015460775877142155,-0.9217163622379304,2.400098801762043,0.014929856456865365,0.6486090352273745,0.7409186959266663,0.22534677386283875,False,False,False,-0.3948035097590656,False
pirl,1,11,0,0.1565330163838875,200,-92.71014876445267,0.5233649532857949,104.67299065715899,0.655518121291739,0.4000075807521751,1,0,1,0.005,0.0,0.005,138,-0.3897275924682617,1.3699655532836914,0.35073933005332947,0.19232261180877686,-0.03845873102545738,0.10000000149011612,0.38828491640850227,0.01579233156092957,0.0005156369873886837,0.016307968548318254,-0.9230095446109773,2.4001040103662437,0.015814055163723913,0.64867492712389,0.7376234531402588,0.22527502477169037,False,False,False,-0.39151543770362396,False
pirl,1,11,0,0.1565330163838875,200,-92.71014876445267,0.5233649532857949,104.67299065715899,0.655518121291739,0.4000075807521751,1,0,1,0.005,0.0,0.005,139,-0.39357346296310425,1.3799660205841064,0.35073933005332947,0.19232261180877686,-0.03851541504263878,0.10000000149011612,0.3849779795424246,0.016522429529104175,0.000567774791069603,0.017090204320173778,-0.9243699610233307,2.400108817233832,0.016635558822078005,0.6487442419523153,0.7343120574951172,0.22518622875213623,False,False,False,-0.38820989394642125,False
pirl,1,11,0,0.1565330163838875,200,-92.71014876445267,0.5233649532857949,104.67299065715899,0.655518121291739,0.4000075807521751,1,0,1,0.005,0.0,0.005,140,-0.3974250257015228,1.3899664878845215,0.35073933005332947,0.19232261180877686,-0.03857466205954552,0.10000000149011612,0.381653915933241,0.01719110823484364,0.0006155918786579776,0.01780670011350162,-0.9257918894290924,2.4001132197251924,0.017392878780038402,0.6488167122805655,0.7309848666191101,0.22508010268211365,False,False,False,-0.3848871860928462,False
pirl,1,11,0,0.1565330163838875,200,-92.71014876445267,0.5233649532857949,104.67299065715899,0.655518121291739,0.4000075807521751,1,0,1,0.005,0.0,0.005,141,-0.40128248929977417,1.3999669551849365,0.35073933005332947,0.19232261180877686,-0.038636233657598495,0.10000000149011612,0.3783126460765172,0.01779834405651857,0.0006590834236688287,0.018457427480187395,-0.9272696077823639,2.4001172176848047,0.018085740985501746,0.6488920695346717,0.7276418209075928,0.22495664656162262,False,False,False,-0.3815472321513248,False
pirl,1,11,0,0.1565330163838875,200,-92.71014876445267,0.5233649532857949,104.67299065715899,0.655518121291739,0.4000075807521751,1,0,1,0.005,0.0,0.005,142,-0.4051460921764374,1.4099674224853516,0.35073933005332947,0.19232261180877686,-0.038700249046087265,0.10000000149011612,0.3749547075438106,0.018436180409562315,0.000704319349482614,0.01914049975904493,-0.9288059771060942,2.4001214171142324,0.018814086514588945,0.6489704615618158,0.7242835164070129,0.22481542825698853,False,False,False,-0.3781906693713752,False
pirl,1,11,0,0.1565330163838875,200,-92.71014876445267,0.5233649532857949,104.67299065715899,0.655518121291739,0.4000075807521751,1,0,1,0.005,0.0,0.005,143,-0.40901613235473633,1.4199678897857666,0.35073933005332947,0.19232261180877686,-0.0387665294110775,0.10000000149011612,0.37157985915761566,0.019028366483758642,0.0007466989957820495,0.019775065479540693,-0.93039670586586,2.4001253159883147,0.019496100657696927,0.6490516953145562,0.7209097146987915,0.2246566116809845,False,False,False,-0.3748171737123645,False
pirl,1,11,0,0.1565330163838875,200,-92.71014876445267,0.5233649532857949,104.67299065715899,0.655518121291739,0.4000075807521751,1,0,1,0.005,0.0,0.005,144,-0.41289278864860535,1.4299684762954712,0.35073933005332947,0.19232261180877686,-0.03883495554327965,0.10000000149011612,0.36818835947274114,0.019589850292920225,0.0007868523362431102,0.020376702629163336,-0.9320389330387117,2.400129012722783,0.02014705028634725,0.649135641357416,0.7175207138061523,0.22447994351387024,False,False,False,-0.37142701818950186,False
pirl,1,11,0,0.1565330163838875,200,-92.71014876445267,0.5233649532857949,104.67299065715899,0.655518121291739,0.4000075807521751,1,0,1,0.005,0.0,0.005,145,-0.41677626967430115,1.4399689435958862,0.35073933005332947,0.19232261180877686,-0.03890522941946983,0.10000000149011612,0.36478035737543657,0.02007466309711261,0.0008218159989616584,0.02089647909607427,-0.933725506067276,2.4001322046655855,0.020716692004898837,0.6492219609074363,0.7141166925430298,0.22428525984287262,False,False,False,-0.3680202996276812,False
pirl,1,11,0,0.1565330163838875,200,-92.71014876445267,0.5233649532857949,104.67299065715899,0.655518121291739,0.4000075807521751,1,0,1,0.005,0.0,0.005,146,-0.42066681385040283,1.4499695301055908,0.35073933005332947,0.19232261180877686,-0.03897752985358238,0.10000000149011612,0.3613558500293891,0.02060530211112899,0.0008594545281941694,0.02146475663932316,-0.9354607164859771,2.4001356983220385,0.021338258170490093,0.64931087031648,0.7106976509094238,0.2240726798772812,False,False,False,-0.3645971475640054,False
pirl,1,11,0,0.1565330163838875,200,-92.71014876445267,0.5233649532857949,104.67299065715899,0.655518121291739,0.4000075807521751,1,0,1,0.005,0.0,0.005,147,-0.42456454038619995,1.4599701166152954,0.35073933005332947,0.19232261180877686,-0.039051320403814316,0.10000000149011612,0.35791509925749565,0.02099826445170495,0.0008882347263257595,0.02188649917803071,-0.9372316896915436,2.400138285533646,0.021812125045856258,0.6494017541708378,0.7072638869285583,0.22384193539619446,False,False,False,-0.3611576231973551,False
pirl,1,11,0,0.1565330163838875,200,-92.71014876445267,0.5233649532857949,104.67299065715899,0.655518121291739,0.4000075807521751,1,0,1,0.005,0.0,0.005,148,-0.4284696877002716,1.469970703125,0.35073933005332947,0.19232261180877686,-0.039126958698034286,0.10000000149011612,0.35445815079610826,0.021482749042244703,0.0009224179347947246,0.02240516697703943,-0.9390470087528229,2.400141475315535,0.022387244770783177,0.6494950343573828,0.7038154602050781,0.22359298169612885,False,False,False,-0.3577020195241434,False
pirl,1,11,0,0.1565330163838875,200,-92.71014876445267,0.5233649532857949,104.67299065715899,0.655518121291739,0.4000075807521751,1,0,1,0.005,0.0,0.005,149,-0.43238237500190735,1.4799712896347046,0.35073933005332947,0.19232261180877686,-0.03920408710837364,0.10000000149011612,0.3509852318243954,0.02187580140988025,0.0009510048217807656,0.02282680623166102,-0.9408980906009674,2.400144063119869,0.022865448353917753,0.6495903070588575,0.7003526091575623,0.22332578897476196,False,False,False,-0.35423036596993773,False
pirl,1,11,0,0.1565330163838875,200,-92.71014876445267,0.5233649532857949,104.67299065715899,0.655518121291739,0.4000075807521751,1,0,1,0.005,0.0,0.005,150,-0.4363027811050415,1.4899718761444092,0.35073933005332947,0.19232261180877686,-0.03928258642554283,0.10000000149011612,0.34749645027644754,0.022237853582554198,0.0009771279428310348,0.02321498152538523,-0.9427820742130281,2.400146446823057,0.023310699886683495,0.649687434975052,0.6968754529953003,0.22304029762744904,False,False,False,-0.35074283291582514,False
pirl,1,11,0,0.1565330163838875,200,-92.71014876445267,0.5233649532857949,104.67299065715899,0.655518121291739,0.4000075807521751,1,0,1,0.005,0.0,0.005,151,-0.440231055021286,1.4999724626541138,0.35073933005332947,0.19232261180877686,-0.03936227783560753,0.10000000149011612,0.3439918002395012,0.022553851767449333,0.0010000749333043712,0.023553926700753704,-0.9446946680545808,2.4001485273129344,0.023706831887175837,0.6497862134412485,0.6933839917182922,0.22273647785186768,False,False,False,-0.34723939689474526,False
pirl,1,11,0,0.1565330163838875,200,-92.71014876445267,0.5233649532857949,104.67299065715899,0.655518121291739,0.4000075807521751,1,0,1,0.005,0.0,0.005,152,-0.44416728615760803,1.5099730491638184,0.35073933005332947,0.19232261180877686,-0.03944345936179161,0.10000000149011612,0.3404714008991878,0.022946458143553273,0.0010278658211631615,0.023974323964716434,-0.9466430246829988,2.4001511121809207,0.024189137836612615,0.6498870015155678,0.6898783445358276,0.22241434454917908,False,False,False,-0.34372031068026293,False
pirl,1,11,0,0.1565330163838875,200,-92.71014876445267,0.5233649532857949,104.67299065715899,0.655518121291739,0.4000075807521751,1,0,1,0.005,0.0,0.005,153,-0.4481116235256195,1.5199737548828125,0.35073933005332947,0.19232261180877686,-0.039525892585515976,0.10000000149011612,0.3369356603070693,0.023278214349633765,0.0010520060312440808,0.024330220380877846,-0.9486214220523834,2.400153296419507,0.024607188542933464,0.64998953146783,0.6863589286804199,0.22207379341125488,False,False,False,-0.34018583413582953,False
pirl,1,11,0,0.1565330163838875,200,-92.71014876445267,0.5233649532857949,104.67299065715899,0.655518121291739,0.4000075807521751,1,0,1,0.005,0.0,0.005,154,-0.4520642161369324,1.529974341392517,0.35073933005332947,0.19232261180877686,-0.03960910066962242,0.10000000149011612,0.3333844099846906,0.023487036557633865,0.001067759107737164,0.02455479566537103,-0.9506184160709382,2.4001546712770563,0.0248899965008521,0.6500932397865835,0.6828255653381348,0.22171488404273987,False,False,False,-0.33663572682180554,False
pirl,1,11,0,0.1565330163838875,200,-92.71014876445267,0.5233649532857949,104.67299065715899,0.655518121291739,0.4000075807521751,1,0,1,0.005,0.0,0.005,155,-0.4560251235961914,1.5399750471115112,0.35073933005332947,0.19232261180877686,-0.039693500846624374,0.10000000149011612,0.3298178867607279,0.023802734028635655,0.0010899922942449241,0.02489272632288058,-0.952644020318985,2.4001567497870746,0.025291684601870833,0.6501986218057579,0.6792784929275513,0.22133752703666687,False,False,False,-0.3330704749372375,False
pirl,1,11,0,0.1565330163838875,200,-92.71014876445267,0.5233649532857949,104.67299065715899,0.655518121291739,0.4000075807521751,1,0,1,0.005,0.0,0.005,156,-0.45999446511268616,1.5499756336212158,0.35073933005332947,0.19232261180877686,-0.03977873548865318,0.10000000149011612,0.32623628818414946,0.024027016773537396,0.0011066978311222951,0.025133714604659692,-0.9546896517276763,2.400158226434736,0.02559459417912911,0.650305265948171,0.6757178902626038,0.22094182670116425,False,False,False,-0.3294900614865141,False
pirl,1,11,0,0.1565330163838875,200,-92.71014876445267,0.5233649532857949,104.67299065715899,0.655518121291739,0.4000075807521751,1,0,1,0.005,0.0,0.005,157,-0.4639723300933838,1.55997633934021,0.35073933005332947,0.19232261180877686,-0.03986486420035362,0.10000000149011612,0.32263956306169717,0.02426627268358231,0.0011239683169969722,0.025390241000579284,-0.9567567408084883,2.400159801663718,0.025914623537114014,0.6504132435462423,0.6721436977386475,0.22052772343158722,False,False,False,-0.32589454887445407,False
pirl,1,11,0,0.1565330163838875,200,-92.71014876445267,0.5233649532857949,104.67299065715899,0.655518121291739,0.4000075807521751,1,0,1,0.005,0.0,0.005,158,-0.46795883774757385,1.5699769258499146,0.35073933005332947,0.19232261180877686,-0.03995164856314659,0.10000000149011612,0.3190280883636637,0.024444316792283035,0.0011372739235763496,0.025581590715859383,-0.9588395655155182,2.4001609738823695,0.026167818580418386,0.6505222761236608,0.668556272983551,0.22009526193141937,False,False,False,-0.32228423045082905,False
pirl,1,11,0,0.1565330163838875,200,-92.71014876445267,0.5233649532857949,104.67299065715899,0.655518121291739,0.4000075807521751,1,0,1,0.005,0.0,0.005,159,-0.47195398807525635,1.5799776315689087,0.35073933005332947,0.19232261180877686,-0.04003944620490074,0.10000000149011612,0.31540177343965703,0.024714189223356192,0.0011563536361234473,0.02587054285947964,-0.9609467089176178,2.4001627506864396,0.02652445572179571,0.6506327946891682,0.6649554967880249,0.21964453160762787,False,False,False,-0.31865918259118675,False
pirl,1,11,0,0.1565330163838875,200,-92.71014876445267,0.5233649532857949,104.67299065715899,0.655518121291739,0.4000075807521751,1,0,1,0.005,0.0,0.005,160,-0.4759579300880432,1.5899783372879028,0.35073933005332947,0.19232261180877686,-0.04012766107916832,0.10000000149011612,0.31176093279220657,0.024831179288851164,0.001165779947227716,0.02599695923607888,-0.9630638659000386,2.4001635209334182,0.026712074023549623,0.6507440949975997,0.661341667175293,0.21917545795440674,False,False,False,-0.31501945295433875,False
pirl,1,11,0,0.1565330163838875,200,-92.71014876445267,0.5233649532857949,104.67299065715899,0.655518121291739,0.4000075807521751,1,0,1,0.005,0.0,0.005,161,-0.47997069358825684,1.599979043006897,0.35073933005332947,0.19232261180877686,-0.04021647199988365,0.10000000149011612,0.3081057146213532,0.024993486162331883,0.0011774842745792616,0.026170970436911144,-0.9651953279972076,2.400164589540213,0.02694975213483118,0.6508563856314948,0.6577149033546448,0.21868805587291718,False,False,False,-0.3113654021060914,False
pirl,1,11,0,0.1565330163838875,200,-92.71014876445267,0.5233649532857949,104.67299065715899,0.655518121291739,0.4000075807521751,1,0,1,0.005,0.0,0.005,162,-0.4839923679828644,1.6099796295166016,0.35073933005332947,0.19232261180877686,-0.04030570015311241,0.10000000149011612,0.30443611220706296,0.02511004940888983,0.0011863836051604541,0.026296433014050286,-0.9673368036746993,2.400165356977073,0.02713739176450095,0.6509694580971802,0.6540751457214355,0.21818256378173828,False,False,False,-0.3076969249477886,False
pirl,1,11,0,0.1565330163838875,200,-92.71014876445267,0.5233649532857949,104.67299065715899,0.655518121291739,0.4000075807521751,1,0,1,0.005,0.0,0.005,163,-0.48802292346954346,1.6199803352355957,0.35073933005332947,0.19232261180877686,-0.0403955839574337,0.10000000149011612,0.30075232762535387,0.025287807881388236,0.001199107047548743,0.02648691492893698,-0.9694940149784076,2.400166527315133,0.02739443499112387,0.6510836015763098,0.6504225730895996,0.21765883266925812,False,False,False,-0.30401433980561887,False
pirl,1,11,0,0.1565330163838875,200,-92.71014876445267,0.5233649532857949,104.67299065715899,0.655518121291739,0.4000075807521751,1,0,1,0.005,0.0,0.005,164,-0.4920624792575836,1.6299810409545898,0.35073933005332947,0.19232261180877686,-0.04048594459891319,0.10000000149011612,0.2970544767662121,0.02541990774041753,0.0012091052629395283,0.02662901300335706,-0.9716626703739165,2.400167397042976,0.02760163046741322,0.651198608369924,0.6467572450637817,0.217117041349411,False,False,False,-0.30031764737825073,False
pirl,1,11,0,0.1565330163838875,200,-92.71014876445267,0.5233649532857949,104.67299065715899,0.655518121291739,0.4000075807521751,1,0,1,0.005,0.0,0.005,165,-0.49611106514930725,1.639981746673584,0.35073933005332947,0.19232261180877686,-0.04057660326361656,0.10000000149011612,0.2933430749335459,0.025505799721998592,0.001215843637238281,0.026721643359236873,-0.9738384783267962,2.4001679625443204,0.027756758135341807,0.6513142615288213,0.6430796384811401,0.216557115316391,False,False,False,-0.2966073598740577,False
pirl,1,11,0,0.1565330163838875,200,-92.71014876445267,0.5233649532857949,104.67299065715899,0.655518121291739,0.4000075807521751,1,0,1,0.005,0.0,0.005,166,-0.5001687407493591,1.6499824523925781,0.35073933005332947,0.19232261180877686,-0.04066750034689903,0.10000000149011612,0.2896177146718144,0.02557615273437247,0.0012213416875870053,0.026797494421959476,-0.9760200083255768,2.400168425739165,0.02789426256032376,0.6514304876228226,0.6393892765045166,0.21597924828529358,False,False,False,-0.2928831016318545,False
pirl,1,11,0,0.1565330163838875,200,-92.71014876445267,0.5233649532857949,104.67299065715899,0.655518121291739,0.4000075807521751,1,0,1,0.005,0.0,0.005,167,-0.5042355060577393,1.6599831581115723,0.35073933005332947,0.19232261180877686,-0.040758755058050156,0.10000000149011612,0.285878928344674,0.02567714667536286,0.001228788020753102,0.026905934696115963,-0.9782101213932037,2.400169090669795,0.028066943792734708,0.6515474332219591,0.6356866359710693,0.21538344025611877,False,False,False,-0.28914545617194154,False
pirl,1,11,0,0.1565330163838875,200,-92.71014876445267,0.5233649532857949,104.67299065715899,0.655518121291739,0.4000075807521751,1,0,1,0.005,0.0,0.005,168,-0.50831139087677,1.6699838638305664,0.35073933005332947,0.19232261180877686,-0.04085012897849083,0.10000000149011612,0.2821267887625058,0.025716957846452716,0.0012323412682751582,0.026949299114727873,-0.98040309548378,2.4001693527812322,0.02817081282336972,0.6516648116087231,0.6319717168807983,0.21476981043815613,False,False,False,-0.28539439551038914,False
pirl,1,11,0,0.1565330163838875,200,-92.71014876445267,0.5233649532857949,104.67299065715899,0.655518121291739,0.4000075807521751,1,0,1,0.005,0.0,0.005,169,-0.5123963952064514,1.6799845695495605,0.35073933005332947,0.19232261180877686,-0.04094180092215538,0.10000000149011612,0.2783614318304167,0.025802515512978526,0.0012386260875842084,0.027041141600562733,-0.9826032221317292,2.4001699160814907,0.028326547954849964,0.6517828388918684,0.6282445788383484,0.2141384482383728,False,False,False,-0.28163017134140106,False
pirl,1,11,0,0.1565330163838875,200,-92.71014876445267,0.5233649532857949,104.67299065715899,0.655518121291739,0.4000075807521751,1,0,1,0.005,0.0,0.005,170,-0.5164905786514282,1.6899852752685547,0.35073933005332947,0.19232261180877686,-0.04103359207510948,0.10000000149011612,0.2745831165685275,0.025842304392178994,0.0012421045626991659,0.02708440895487816,-0.9848062098026276,2.400170178046161,0.028430924170433195,0.6519013010759118,0.6245054006576538,0.21348941326141357,False,False,False,-0.2778529438437601,False
pirl,1,11,0,0.1565330163838875,200,-92.71014876445267,0.5233649532857949,104.67299065715899,0.655518121291739,0.4000075807521751,1,0,1,0.005,0.0,0.005,171,-0.5205939412117004,1.6999859809875488,0.35073933005332947,0.19232261180877686,-0.04112556204199791,0.10000000149011612,0.27079198808657506,0.025897228284675333,0.001246367131684892,0.027143595416360224,-0.9870134890079498,2.4001705396577395,0.02855240731596056,0.6520202694397284,0.6207542419433594,0.21282273530960083,False,False,False,-0.2740629228449591,False
pirl,1,11,0,0.1565330163838875,200,-92.71014876445267,0.5233649532857949,104.67299065715899,0.655518121291739,0.4000075807521751,1,0,1,0.005,0.0,0.005,172,-0.5247064828872681,1.709986686706543,0.35073933005332947,0.19232261180877686,-0.04121747240424156,0.10000000149011612,0.26698821040947707,0.02589087543468327,0.0012466572885859166,0.027137532723269187,-0.9892193377017974,2.400170497831423,0.028603944694987553,0.6521394525426242,0.6169911623001099,0.2121385931968689,False,False,False,-0.2702601889664799,False
pirl,1,11,0,0.1565330163838875,200,-92.71014876445267,0.5233649532857949,104.67299065715899,0.655518121291739,0.4000075807521751,1,0,1,0.005,0.0,0.005,173,-0.5288282036781311,1.719987392425537,0.35073933005332947,0.19232261180877686,-0.04130968078970909,0.10000000149011612,0.2631721204170518,0.025976284392182823,0.0012527129573048576,0.02722899734948768,-0.9914323389530181,2.400171060152601,0.028760453779051894,0.6522592877667036,0.6132164001464844,0.21143698692321777,False,False,False,-0.2664452454408934,False
pirl,1,11,0,0.1565330163838875,200,-92.71014876445267,0.5233649532857949,104.67299065715899,0.655518121291739,0.4000075807521751,1,0,1,0.005,0.0,0.005,174,-0.5329591631889343,1.7299880981445312,0.35073933005332947,0.19232261180877686,-0.04140176996588707,0.10000000149011612,0.25934360555389285,0.02595477730642828,0.001252143022097673,0.027206920328525952,-0.9936424791812898,2.4001709185528184,0.028795126536865348,0.6523792674606073,0.6094297170639038,0.21071815490722656,False,False,False,-0.2626177643969957,False
pirl,1,11,0,0.1565330163838875,200,-92.71014876445267,0.5233649532857949,104.67299065715899,0.655518121291739,0.4000075807521751,1,0,1,0.005,0.0,0.005,175,-0.5370993614196777,1.7399888038635254,0.35073933005332947,0.19232261180877686,-0.04149385914206505,0.10000000149011612,0.255503256337096,0.025963422124599383,0.0012530618803475281,0.02721648400494691,-0.9958526194095613,2.4001709754691483,0.028863304687295383,0.6524995312301377,0.6056315898895264,0.20998206734657288,False,False,False,-0.2587784826518142,False
pirl,1,11,0,0.1565330163838875,200,-92.71014876445267,0.5233649532857949,104.67299065715899,0.655518121291739,0.4000075807521751,1,0,1,0.005,0.0,0.005,176,-0.5412487387657166,1.7499895095825195,0.35073933005332947,0.19232261180877686,-0.04158588871359825,0.10000000149011612,0.25165108762500726,0.0259568807341367,0.0012531175981190408,0.027209998332255743,-0.998061329126358,2.4001709324015064,0.028914255319372948,0.6526200072939684,0.6018218994140625,0.20922881364822388,False,False,False,-0.25492736647957887,False
pirl,1,11,0,0.1565330163838875,200,-92.71014876445267,0.5233649532857949,104.67299065715899,0.655518121291739,0.4000075807521751,1,0,1,0.005,0.0,0.005,177,-0.5454073548316956,1.7599902153015137,0.35073933005332947,0.19232261180877686,-0.041677918285131454,0.10000000149011612,0.24778754710827486,0.025965609881903447,0.0012541078291572571,0.027219717711060704,-1.000270038843155,2.40017098987305,0.028982694834873684,0.652740768522447,0.5980009436607361,0.2084585726261139,False,False,False,-0.25106489671940807,False
pirl,1,11,0,0.1565330163838875,200,-92.71014876445267,0.5233649532857949,104.67299065715899,0.655518121291739,0.4000075807521751,1,0,1,0.005,0.0,0.005,178,-0.54957515001297,1.7699909210205078,0.35073933005332947,0.19232261180877686,-0.04176976904273033,0.10000000149011612,0.24391249669925008,0.025928390243866957,0.0012521364624521838,0.027180526706319142,-1.002474457025528,2.4001707448239196,0.02899789023697157,0.652861593065101,0.5941684246063232,0.20767149329185486,False,False,False,-0.24719086815656136,False
pirl,1,11,0,0.1565330163838875,200,-92.71014876445267,0.5233649532857949,104.67299065715899,0.655518121291739,0.4000075807521751,1,0,1,0.005,0.0,0.005,179,-0.5537521243095398,1.7799917459487915,0.35073933005332947,0.19232261180877686,-0.041861679404973984,0.10000000149011612,0.24002657263837487,0.025952309018183878,0.0012539813975276344,0.02720629041571151,-1.0046803057193756,2.4001709023019377,0.029083543420886437,0.6529827744960214,0.5903248190879822,0.2068675458431244,False,False,False,-0.24330603357878736,False
pirl,1,11,0,0.1565330163838875,200,-92.71014876445267,0.5233649532857949,104.67299065715899,0.655518121291739,0.4000075807521751,1,0,1,0.005,0.0,0.005,180,-0.557938277721405,1.7899924516677856,0.35073933005332947,0.19232261180877686,-0.04195341095328331,0.10000000149011612,0.2361296681011759,0.025915169084187343,0.0012520818687528639,0.027167250952940206,-1.0068818628787994,2.4001706577775686,0.02909872388682155,0.6531040191788832,0.586469829082489,0.2060469686985016,False,False,False,-0.23941015372151742,False
pirl,1,11,0,0.1565330163838875,200,-92.71014876445267,0.5233649532857949,104.67299065715899,0.655518121291739,0.4000075807521751,1,0,1,0.005,0.0,0.005,181,-0.5621336102485657,1.7999931573867798,0.35073933005332947,0.19232261180877686,-0.04204472526907921,0.10000000149011612,0.2322224529599655,0.025816338616763666,0.0012458261871107121,0.027062164803874376,-1.0090734064579012,2.4001700070909613,0.029040775398639997,0.6532250224097108,0.582603931427002,0.20520982146263123,False,False,False,-0.23550389430782334,False
pirl,1,11,0,0.1565330163838875,200,-92.71014876445267,0.5233649532857949,104.67299065715899,0.655518121291739,0.4000075807521751,1,0,1,0.005,0.0,0.005,182,-0.566338062286377,1.809993863105774,0.35073933005332947,0.19232261180877686,-0.04213615879416466,0.10000000149011612,0.2283050214632625,0.02585526618912801,0.0012483664507455486,0.02710363263987356,-1.0112678110599518,2.4001702633849025,0.029142890476338685,0.6533464511200289,0.5787270069122314,0.20435622334480286,False,False,False,-0.23158756844538303,False
pirl,1,11,0,0.1565330163838875,200,-92.71014876445267,0.5233649532857949,104.67299065715899,0.655518121291739,0.4000075807521751,1,0,1,0.005,0.0,0.005,183,-0.5705516934394836,1.819994568824768,0.35073933005332947,0.19232261180877686,-0.04222729429602623,0.10000000149011612,0.22437783744913234,0.02578748997796092,0.0012445083745959238,0.027031998352556846,-1.0134550631046295,2.4001698171553723,0.029121493720826612,0.653467790677199,0.5748392939567566,0.20348620414733887,False,False,False,-0.22766137539877024,False
pirl,1,11,0,0.1565330163838875,200,-92.71014876445267,0.5233649532857949,104.67299065715899,0.655518121291739,0.4000075807521751,1,0,1,0.005,0.0,0.005,184,-0.574774444103241,1.8299952745437622,0.35073933005332947,0.19232261180877686,-0.042318250983953476,0.10000000149011612,0.22044097880131275,0.025749849370140236,0.0012421382134214156,0.026991987583561652,-1.0156380236148836,2.4001695693346337,0.029133868463431956,0.6535891817957966,0.5709406137466431,0.20260003209114075,False,False,False,-0.223725539118469,False
pirl,1,11,0,0.1565330163838875,200,-92.71014876445267,0.5233649532857949,104.67299065715899,0.655518121291739,0.4000075807521751,1,0,1,0.005,0.0,0.005,185,-0.5790062546730042,1.8399959802627563,0.35073933005332947,0.19232261180877686,-0.042408790439367294,0.10000000149011612,0.21649501020454767,0.025650972569168467,0.0012358664590795087,0.026886839028247976,-1.017810970544815,2.400168918342972,0.02907412954834901,0.653710324002248,0.5670312643051147,0.20169779658317566,False,False,False,-0.21978052506922688,False
pirl,1,11,0,0.1565330163838875,200,-92.71014876445267,0.5233649532857949,104.67299065715899,0.655518121291739,0.4000075807521751,1,0,1,0.005,0.0,0.005,186,-0.5832471251487732,1.8499966859817505,0.35073933005332947,0.19232261180877686,-0.04249938949942589,0.10000000149011612,0.21254016274653337,0.02567451160674767,0.001237380813856368,0.026911892420604037,-1.0199853479862215,2.4001690733208543,0.029157548816923447,0.6538318137889852,0.5631111860275269,0.20077961683273315,False,False,False,-0.21582676481937485,False
pirl,1,11,0,0.1565330163838875,200,-92.71014876445267,0.5233649532857949,104.67299065715899,0.655518121291739,0.4000075807521751,1,0,1,0.005,0.0,0.005,187,-0.5874970555305481,1.8599973917007446,0.35073933005332947,0.19232261180877686,-0.042589571326971054,0.10000000149011612,0.20857698619857856,0.0255759203806257,0.001231407579107389,0.026807327959733087,-1.0221497118473053,2.400168424209378,0.02909800523599185,0.6539530554774685,0.5591806173324585,0.19984552264213562,False,False,False,-0.21186454273248523,False
pirl,1,11,0,0.1565330163838875,200,-92.71014876445267,0.5233649532857949,104.67299065715899,0.655518121291739,0.4000075807521751,1,0,1,0.005,0.0,0.005,188,-0.5917560458183289,1.8699980974197388,0.35073933005332947,0.19232261180877686,-0.04267951473593712,0.10000000149011612,0.20460588442152167,0.025522720366254897,0.0012278562460979723,0.026750576612352868,-1.0243083536624906,2.400168073947584,0.029090197040628155,0.6540742646318045,0.5552396178245544,0.19889569282531738,False,False,False,-0.20789444233553733,False
pirl,1,11,0,0.1565330163838875,200,-92.71014876445267,0.5233649532857949,104.67299065715899,0.655518121291739,0.4000075807521751,1,0,1,0.005,0.0,0.005,189,-0.5960239768028259,1.879998803138733,0.35073933005332947,0.19232261180877686,-0.04276933893561363,0.10000000149011612,0.20062722999239607,0.025500419432666063,0.0012265516049367881,0.02672697103760285,-1.026464134454727,2.4001679271212133,0.029119195784312397,0.6541955946142392,0.5512881875038147,0.19793030619621277,False,False,False,-0.20391682310284562,False
pirl,1,11,0,0.1565330163838875,200,-92.71014876445267,0.5233649532857949,104.67299065715899,0.655518121291739,0.4000075807521751,1,0,1,0.005,0.0,0.005,190,-0.6003009080886841,1.889999508857727,0.35073933005332947,0.19232261180877686,-0.04285862669348717,0.10000000149011612,0.19664130743496086,0.02537085898927396,0.001218313440651274,0.026589172429925235,-1.0286070406436922,2.4001670741125443,0.029020799989745463,0.6543165146141964,0.5473262071609497,0.1969495415687561,False,False,False,-0.19993181685494557,False
pirl,1,11,0,0.1565330163838875,200,-92.71014876445267,0.5233649532857949,104.67299065715899,0.655518121291739,0.4000075807521751,1,0,1,0.005,0.0,0.005,191,-0.6045867800712585,1.9000000953674316,0.35073933005332947,0.19232261180877686,-0.04294779524207115,0.10000000149011612,0.19264902701974404,0.02534812894618156,0.001216618608342409,0.02656474755452397,-1.0307470858097079,2.400166924460974,0.029047597785432536,0.6544375462716356,0.5433541536331177,0.1959533393383026,False,False,False,-0.19594056679354846,False
pirl,1,11,0,0.1565330163838875,200,-92.71014876445267,0.5233649532857949,104.67299065715899,0.655518121291739,0.4000075807521751,1,0,1,0.005,0.0,0.005,192,-0.6088815331459045,1.9100008010864258,0.35073933005332947,0.19232261180877686,-0.04303648695349693,0.10000000149011612,0.18865080965526435,0.025233861923225017,0.001209380875775849,0.026443242799000864,-1.0328756868839262,2.4001661721421446,0.028966157533958023,0.6545582385946938,0.5393719673156738,0.1949419379234314,False,False,False,-0.19194327890321222,False
pirl,1,11,0,0.1565330163838875,200,-92.71014876445267,0.5233649532857949,104.67299065715899,0.655518121291739,0.4000075807521751,1,0,1,0.005,0.0,0.005,193,-0.6131852269172668,1.92000150680542,0.35073933005332947,0.19232261180877686,-0.04312482103705406,0.10000000149011612,0.18464711644983275,0.025149788236059897,0.0012037047999972745,0.02635349303605717,-1.0349957048892975,2.4001656186122076,0.028919013679109314,0.6546787344850233,0.5353795886039734,0.193915456533432,False,False,False,-0.1879405444682251,False
pirl,1,11,0,0.1565330163838875,200,-92.71014876445267,0.5233649532857949,104.67299065715899,0.655518121291739,0.4000075807521751,1,0,1,0.005,0.0,0.005,194,-0.6174976825714111,1.930002212524414,0.35073933005332947,0.19232261180877686,-0.04321315512061119,0.10000000149011612,0.18063869553936024,0.025157902813428796,0.0012042470029531827,0.026362149816381977,-1.0371157228946686,2.400165672037502,0.028982048880005294,0.6547994930220233,0.5313771963119507,0.19287407398223877,False,False,False,-0.18393318252287966,False
pirl,1,11,0,0.1565330163838875,200,-92.71014876445267,0.5233649532857949,104.67299065715899,0.655518121291739,0.4000075807521751,1,0,1,0.005,0.0,0.005,195,-0.621819019317627,1.9400029182434082,0.35073933005332947,0.19232261180877686,-0.043300773948431015,0.10000000149011612,0.17662634782144532,0.02498235359173772,0.00119310178841635,0.02617545538015407,-1.0392185747623446,2.4001645162448484,0.028825766470639808,0.6549196003823177,0.52736496925354,0.19181790947914124,False,False,False,-0.17992169171335273,False
pirl,1,11,0,0.1565330163838875,200,-92.71014876445267,0.5233649532857949,104.67299065715899,0.655518121291739,0.4000075807521751,1,0,1,0.005,0.0,0.005,196,-0.62614905834198,1.9500036239624023,0.35073933005332947,0.19232261180877686,-0.043388333171606064,0.10000000149011612,0.17261069646501676,0.024974612977298936,0.0011921657994023542,0.026166778776701292,-1.0413199961185455,2.400164465281677,0.028867957877032762,0.6550398835401386,0.5233428478240967,0.19074702262878418,False,False,False,-0.175907076400732,False
pirl,1,11,0,0.1565330163838875,200,-92.71014876445267,0.5233649532857949,104.67299065715899,0.655518121291739,0.4000075807521751,1,0,1,0.005,0.0,0.005,197,-0.6304879188537598,1.9600043296813965,0.35073933005332947,0.19232261180877686,-0.04347541555762291,0.10000000149011612,0.1685926109467435,0.024860300574957216,0.0011849793957138812,0.026045279970671097,-1.0434099733829498,2.4001637126640745,0.028783630107055303,0.6551598153322514,0.5193109512329102,0.18966156244277954,False,False,False,-0.1718899100807505,False
pirl,1,11,0,0.1565330163838875,200,-92.71014876445267,0.5233649532857949,104.67299065715899,0.655518121291739,0.4000075807521751,1,0,1,0.005,0.0,0.005,198,-0.6348354816436768,1.970004916191101,0.35073933005332947,0.19232261180877686,-0.04356202110648155,0.10000000149011612,0.16457297460836537,0.024745417724784356,0.0011772554966239673,0.025922673221408322,-1.045488506555557,2.400162956290721,0.02869665485426469,0.6552793847274775,0.5152693390846252,0.18856173753738403,False,False,False,-0.16787118780940735,False
pirl,1,11,0,0.1565330163838875,200,-92.71014876445267,0.5233649532857949,104.67299065715899,0.655518121291739,0.4000075807521751,1,0,1,0.005,0.0,0.005,199,-0.6391916871070862,1.9800056219100952,0.35073933005332947,0.19232261180877686,-0.04364826902747154,0.10000000149011612,0.16055263578866533,0.024661181045161094,0.00117154674422859,0.025832727789389685,-1.0475584566593168,2.400162401687669,0.028645931202382013,0.6553987427741541,0.5112179517745972,0.1874476969242096,False,False,False,-0.16385179325936797,False
pirl,1,11,0,0.1565330163838875,200,-92.71014876445267,0.5233649532857949,104.67299065715899,0.655518121291739,0.4000075807521751,1,0,1,0.005,0.0,0.005,200,-0.6435564756393433,1.9900063276290894,0.35073933005332947,0.19232261180877686,-0.043734338134527206,0.10000000149011612,0.1565330163838875,0.024623101790799816,0.0011690221795569741,0.02579212397035679,-1.0496241152286532,2.40016215097894,0.02865084422038088,0.655518121291739,0.5071572065353394,0.1863195300102234,False,False,False,-0.15983316701882894,True
