mode,seed,episode_idx,success,final_distance,length,return,tau_effort,tau_sum_total,energy,target_radius,torque_sat1_count,torque_sat2_count,torque_sat_any_count,torque_sat1_rate,torque_sat2_rate,torque_sat_any_rate,step,theta1,theta2,target_x,target_y,action0,action1,distance,tau1,tau2,tau_sum,omega1,omega2,power,cumulative_energy,tip_x,tip_y,sat1,sat2,sat_any,reward,done
pirl,4,16,0,0.3324093585618782,200,-124.65198278367585,0.5655148282073275,113.1029656414655,0.7166530107632733,0.2310437172331056,1,0,1,0.005,0.0,0.005,0,0.0,0.0,0.2265787273645401,0.045202650129795074,0.0,0.0,0.7747410822615586,0.0,0.0,0.0,0.0,0.0,0.0,0.0,1.0,0.0,False,False,False,0.0,False
pirl,4,16,0,0.3324093585618782,200,-124.65198278367585,0.5655148282073275,113.1029656414655,0.7166530107632733,0.2310437172331056,1,0,1,0.005,0.0,0.005,1,0.0,0.0,0.2265787273645401,0.045202650129795074,0.10000000149011612,0.10000000149011612,0.774047941655162,20.0,3.1105159320256677,23.110515932025667,1.6857737576570138,2.400000035762787,41.18071350124259,0.17158630625517746,0.9999152421951294,0.012023617513477802,True,False,True,-0.8014010984699181,False
pirl,4,16,0,0.3324093585618782,200,-124.65198278367585,0.5655148282073275,113.1029656414655,0.7166530107632733,0.2310437172331056,1,0,1,0.005,0.0,0.005,2,0.00702405720949173,0.009999999776482582,0.2265787273645401,0.045202650129795074,0.09496200084686279,0.10000000149011612,0.7732455014731036,6.403914561616449,0.4541697935561195,6.8580843551725685,2.279088020324707,2.3997908010644724,15.684997453260323,0.2369404623104288,0.9995983839035034,0.02651539258658886,False,False,False,-0.7842407349834161,False
pirl,4,16,0,0.3324093585618782,200,-124.65198278367585,0.5655148282073275,113.1029656414655,0.7166530107632733,0.2310437172331056,1,0,1,0.005,0.0,0.005,3,0.01652025803923607,0.019999127835035324,0.2265787273645401,0.045202650129795074,0.07182218134403229,0.10000000149011612,0.772587450505122,5.974546995484854,0.41911518168631384,6.3936621771711675,1.7237323522567745,2.4001952417615766,11.30447821102928,0.28404245485638413,0.9991387128829956,0.03868843987584114,False,False,False,-0.7826746995682223,False
pirl,4,16,0,0.3324093585618782,200,-124.65198278367585,0.5655148282073275,113.1029656414655,0.7166530107632733,0.2310437172331056,1,0,1,0.005,0.0,0.005,4,0.023702476173639297,0.02999994158744812,0.2265787273645401,0.045202650129795074,0.04900270327925682,0.10000000149011612,0.7720479544044142,5.895639390045515,0.41426225254751825,6.309901642593033,1.1760648787021633,2.40019266361834,7.927963643504135,0.31707563670431804,0.9986193180084229,0.04857426881790161,False,False,False,-0.7816986852853028,False
pirl,4,16,0,0.3324093585618782,200,-124.65198278367585,0.5655148282073275,113.1029656414655,0.7166530107632733,0.2310437172331056,1,0,1,0.005,0.0,0.005,5,0.02860274538397789,0.04000074416399002,0.2265787273645401,0.045202650129795074,0.02657441422343254,0.10000000149011612,0.7716056083592042,5.797410017715969,0.40771978376660517,6.205129801482575,0.637785941362381,2.4001894541762265,4.676111330868294,0.33655943391626925,0.9981057643890381,0.05621371418237686,False,False,False,-0.780914861335831,False
pirl,4,16,0,0.3324093585618782,200,-124.65198278367585,0.5655148282073275,113.1029656414655,0.7166530107632733,0.2310437172331056,1,0,1,0.005,0.0,0.005,6,0.03126018866896629,0.050001535564661026,0.2265787273645401,0.045202650129795074,0.0046346671879291534,0.10000000149011612,0.7712432890008699,5.67333040209773,0.3993141783727229,6.072644580470453,0.11123201251029968,2.4001854001307374,1.5894840192566089,0.34318228399650513,0.9976464509963989,0.0616578608751297,False,False,False,-0.7803191540650011,False
pirl,4,16,0,0.3324093585618782,200,-124.65198278367585,0.5655148282073275,113.1029656414655,0.7166530107632733,0.2310437172331056,1,0,1,0.005,0.0,0.005,7,0.03172365576028824,0.06000230833888054,0.2265787273645401,0.045202650129795074,-0.016676682978868484,0.10000000149011612,0.7709481085920694,5.512430017855351,0.3882710456622862,5.900701063517637,-0.40024039149284363,2.400180143042587,3.1382176023403296,0.3562581906729232,0.997273325920105,0.06497180461883545,False,False,False,-0.7798902404418391,False
pirl,4,16,0,0.3324093585618782,200,-124.65198278367585,0.5655148282073275,113.1029656414655,0.7166530107632733,0.2310437172331056,1,0,1,0.005,0.0,0.005,8,0.03005598485469818,0.07000305503606796,0.2265787273645401,0.045202650129795074,-0.037169162184000015,0.10000000149011612,0.7707104317603307,5.301940746680502,0.37366812328826327,5.675608869968766,-0.8920598924160004,2.400173265739849,5.626516931855489,0.37970201122232106,0.9970020055770874,0.06623927503824234,False,False,False,-0.7795865706675834,False
pirl,4,16,0,0.3324093585618782,200,-124.65198278367585,0.5655148282073275,113.1029656414655,0.7166530107632733,0.2310437172331056,1,0,1,0.005,0.0,0.005,9,0.02633906900882721,0.0800037756562233,0.2265787273645401,0.045202650129795074,-0.05659784749150276,0.10000000149011612,0.770523954142757,5.028401261436574,0.35451412300503793,5.382915384441612,-1.358348339796066,2.400164328401425,7.681212657252022,0.41170706396087114,0.9968335032463074,0.06556785851716995,False,False,False,-0.7793540400827902,False
pirl,4,16,0,0.3324093585618782,200,-124.65198278367585,0.5655148282073275,113.1029656414655,0.7166530107632733,0.2310437172331056,1,0,1,0.005,0.0,0.005,10,0.020679283887147903,0.09000446647405624,0.2265787273645401,0.045202650129795074,-0.07466995716094971,0.10000000149011612,0.7703842935700962,4.679379294858245,0.3299396395004179,5.009318934358663,-1.792078971862793,2.4001529248286286,9.177722826449436,0.4499475757377438,0.9967552423477173,0.06309379637241364,False,False,False,-0.7791376801286661,False
pirl,4,16,0,0.3324093585618782,200,-124.65198278367585,0.5655148282073275,113.1029656414655,0.7166530107632733,0.2310437172331056,1,0,1,0.005,0.0,0.005,11,0.013212288729846478,0.10000509768724442,0.2265787273645401,0.045202650129795074,-0.09106014668941498,0.10000000149011612,0.7702885084150402,4.246356453688032,0.29935670468658354,4.545713158374615,-2.1854435205459595,2.400138776700533,9.998669832624588,0.49160870004034624,0.99674391746521,0.058985382318496704,False,False,False,-0.7788916536884927,False
pirl,4,16,0,0.3324093585618782,200,-124.65198278367585,0.5655148282073275,113.1029656414655,0.7166530107632733,0.2310437172331056,1,0,1,0.005,0.0,0.005,12,0.004106274340301752,0.11000567674636841,0.2265787273645401,0.045202650129795074,-0.10000000149011612,0.10000000149011612,0.7702107997977737,2.3210056206005905,0.16335753452003474,2.4843631551206253,-2.400000035762787,2.400075869833673,5.962484049204103,0.5164523835786967,0.9967394471168518,0.05398555472493172,False,False,False,-0.7769378038356248,False
pirl,4,16,0,0.3324093585618782,200,-124.65198278367585,0.5655148282073275,113.1029656414655,0.7166530107632733,0.2310437172331056,1,0,1,0.005,0.0,0.005,13,-0.005893725901842117,0.12000599503517151,0.2265787273645401,0.045202650129795074,-0.10000000149011612,0.10000000149011612,0.770115535933796,0.009316636687168848,1.1025157558494128e-05,0.009327661844727341,-2.4000000357627864,2.4000613752553988,0.022386389437206368,0.5165456602013517,0.9966849684715271,0.048985984176397324,False,False,False,-0.7743675044783712,False
pirl,4,16,0,0.3324093585618782,200,-124.65198278367585,0.5655148282073275,113.1029656414655,0.7166530107632733,0.2310437172331056,1,0,1,0.005,0.0,0.005,14,-0.0158937256783247,0.13000625371932983,0.2265787273645401,0.045202650129795074,-0.10000000149011612,0.10000000149011612,0.7700027150444068,0.009305658771014339,4.7241395088733977e-08,0.009305706012409428,-2.400000035762787,2.400061302978264,0.022333694765474955,0.5166387172628746,0.9965804815292358,0.0439872220158577,False,False,False,-0.7742546616331497,False
pirl,4,16,0,0.3324093585618782,200,-124.65198278367585,0.5655148282073275,113.1029656414655,0.7166530107632733,0.2310437172331056,1,0,1,0.005,0.0,0.005,15,-0.02589372545480728,0.14000651240348816,0.2265787273645401,0.045202650129795074,-0.10000000149011612,0.10000000149011612,0.7698723896599539,0.009305604029686727,7.499923626477605e-09,0.009305611529610354,-2.4000000357627864,2.400061302617853,0.022333468004318943,0.5167317733795592,0.9964260458946228,0.03898975998163223,False,False,False,-0.7741243361542139,False
pirl,4,16,0,0.3324093585618782,200,-124.65198278367585,0.5655148282073275,113.1029656414655,0.7166530107632733,0.2310437172331056,1,0,1,0.005,0.0,0.005,16,-0.03589372709393501,0.1500067561864853,0.2265787273645401,0.045202650129795074,-0.10000000149011612,0.10000000149011612,0.7697244889257389,0.009305603756727239,7.772892016211024e-09,0.009305611529619255,-2.400000035762787,2.400061302616057,0.022333468004357034,0.5168248294962441,0.9962216019630432,0.03399408608675003,False,False,False,-0.7739764354199989,False
pirl,4,16,0,0.3324093585618782,200,-124.65198278367585,0.5655148282073275,113.1029656414655,0.7166530107632733,0.2310437172331056,1,0,1,0.005,0.0,0.005,17,-0.045893725007772446,0.16000701487064362,0.2265787273645401,0.045202650129795074,-0.10000000149011612,0.10000000149011612,0.7695591162178124,0.009305603755357977,7.774252376298134e-09,0.009305611529610352,-2.4000000357627864,2.4000613026160473,0.02233346800433575,0.5169178856129288,0.9959672689437866,0.02900070883333683,False,False,False,-0.7738110627120725,False
pirl,4,16,0,0.3324093585618782,200,-124.65198278367585,0.5655148282073275,113.1029656414655,0.7166530107632733,0.2310437172331056,1,0,1,0.005,0.0,0.005,18,-0.05589372664690018,0.17000727355480194,0.2265787273645401,0.045202650129795074,-0.10000000149011612,0.10000000149011612,0.7693761320628095,0.009305603755359429,7.774259821819384e-09,0.00930561152961925,-2.400000035762787,2.400061302616048,0.022333468004357107,0.5170109417296137,0.9956629276275635,0.024010129272937775,False,False,False,-0.7736280785570696,False
pirl,4,16,0,0.3324093585618782,200,-124.65198278367585,0.5655148282073275,113.1029656414655,0.7166530107632733,0.2310437172331056,1,0,1,0.005,0.0,0.005,19,-0.06589372456073761,0.18000753223896027,0.2265787273645401,0.045202650129795074,-0.10000000149011612,0.10000000149011612,0.7691756907060264,0.009305603755351248,7.774259104822935e-09,0.009305611529610352,-2.4000000357627864,2.4000613026160473,0.02233346800433575,0.5171039978462985,0.9953087568283081,0.01902284100651741,False,False,False,-0.7734276372002865,False
pirl,4,16,0,0.3324093585618782,200,-124.65198278367585,0.5655148282073275,113.1029656414655,0.7166530107632733,0.2310437172331056,1,0,1,0.005,0.0,0.005,20,-0.07589372992515564,0.1900077909231186,0.2265787273645401,0.045202650129795074,-0.10000000149011612,0.10000000149011612,0.7689577035975499,0.00930560375536078,7.774258476053438e-09,0.009305611529619257,-2.400000035762787,2.4000613026160464,0.02233346800435712,0.5171970539629833,0.9949046969413757,0.014039341360330582,False,False,False,-0.77320965009181,False
pirl,4,16,0,0.3324093585618782,200,-124.65198278367585,0.5655148282073275,113.1029656414655,0.7166530107632733,0.2310437172331056,1,0,1,0.005,0.0,0.005,21,-0.08589372783899307,0.20000803470611572,0.2265787273645401,0.045202650129795074,-0.10000000149011612,0.10000000149011612,0.7687222572798943,0.009305603755349907,7.774260450080662e-09,0.009305611529610357,-2.4000000357627864,2.4000613026160473,0.02233346800433576,0.5172901100796681,0.9944508671760559,0.00906011089682579,False,False,False,-0.7729742037741544,False
pirl,4,16,0,0.3324093585618782,200,-124.65198278367585,0.5655148282073275,113.1029656414655,0.7166530107632733,0.2310437172331056,1,0,1,0.005,0.0,0.005,22,-0.0958937257528305,0.21000829339027405,0.2265787273645401,0.045202650129795074,-0.10000000149011612,0.10000000149011612,0.7684692524757052,0.009305603755359429,7.774259821819384e-09,0.00930561152961925,-2.400000035762787,2.400061302616048,0.022333468004357107,0.5173831661963529,0.9939472079277039,0.0040856897830963135,False,False,False,-0.7727211989699653,False
pirl,4,16,0,0.3324093585618782,200,-124.65198278367585,0.5655148282073275,113.1029656414655,0.7166530107632733,0.2310437172331056,1,0,1,0.005,0.0,0.005,23,-0.10589372366666794,0.22000855207443237,0.2265787273645401,0.045202650129795074,-0.10000000149011612,0.10000000149011612,0.7681988265272132,0.009305603755351242,7.774259104619647e-09,0.009305611529610347,-2.4000000357627864,2.4000613026160473,0.022333468004335735,0.5174762223130377,0.9933938980102539,-0.0008834488689899445,False,False,False,-0.7724507730214732,False
pirl,4,16,0,0.3324093585618782,200,-124.65198278367585,0.5655148282073275,113.1029656414655,0.7166530107632733,0.2310437172331056,1,0,1,0.005,0.0,0.005,24,-0.11589372903108597,0.2300088107585907,0.2265787273645401,0.045202650129795074,-0.10000000149011612,0.10000000149011612,0.7679108729011712,0.00930560375536078,7.774258476053438e-09,0.009305611529619257,-2.400000035762787,2.4000613026160464,0.02233346800435712,0.5175692784297226,0.9927908778190613,-0.005846802145242691,False,False,False,-0.7721628193954313,False
pirl,4,16,0,0.3324093585618782,200,-124.65198278367585,0.5655148282073275,113.1029656414655,0.7166530107632733,0.2310437172331056,1,0,1,0.005,0.0,0.005,25,-0.1258937269449234,0.24000905454158783,0.2265787273645401,0.045202650129795074,-0.10000000149011612,0.10000000149011612,0.7676054606302787,0.009305603755349902,7.77426045028395e-09,0.009305611529610352,-2.4000000357627864,2.4000613026160473,0.022333468004335746,0.5176623345464073,0.9921382665634155,-0.010803889483213425,False,False,False,-0.7718574071245388,False
pirl,4,16,0,0.3324093585618782,200,-124.65198278367585,0.5655148282073275,113.1029656414655,0.7166530107632733,0.2310437172331056,1,0,1,0.005,0.0,0.005,26,-0.13589373230934143,0.25000932812690735,0.2265787273645401,0.045202650129795074,-0.10000000149011612,0.10000000149011612,0.7672825913510639,0.009305603755360105,7.774259149038055e-09,0.009305611529619255,-2.400000035762787,2.4000613026160473,0.022333468004357118,0.5177553906630922,0.9914361238479614,-0.015754181891679764,False,False,False,-0.771534537845324,False
pirl,4,16,0,0.3324093585618782,200,-124.65198278367585,0.5655148282073275,113.1029656414655,0.7166530107632733,0.2310437172331056,1,0,1,0.005,0.0,0.005,27,-0.14589372277259827,0.2600095570087433,0.2265787273645401,0.045202650129795074,-0.10000000149011612,0.10000000149011612,0.7669422671724543,0.009305603755350575,7.774259777400976e-09,0.009305611529610352,-2.4000000357627864,2.4000613026160473,0.022333468004335746,0.5178484467797769,0.9906845092773438,-0.0206972174346447,False,False,False,-0.7711942136667144,False
pirl,4,16,0,0.3324093585618782,200,-124.65198278367585,0.5655148282073275,113.1029656414655,0.7166530107632733,0.2310437172331056,1,0,1,0.005,0.0,0.005,28,-0.1558937281370163,0.2700098156929016,0.2265787273645401,0.045202650129795074,-0.10000000149011612,0.10000000149011612,0.7665844231694299,0.009305603755369632,7.774258520675133e-09,0.009305611529628152,-2.4000000357627878,2.4000613026160473,0.022333468004378482,0.5179415028964618,0.9898834228515625,-0.02563248947262764,False,False,False,-0.7708363696636901,False
pirl,4,16,0,0.3324093585618782,200,-124.65198278367585,0.5655148282073275,113.1029656414655,0.7166530107632733,0.2310437172331056,1,0,1,0.005,0.0,0.005,29,-0.16589373350143433,0.28001007437705994,0.2265787273645401,0.045202650129795074,-0.10000000149011612,0.10000000149011612,0.766209289730205,0.009305603755350575,7.774259777400976e-09,0.009305611529610352,-2.4000000357627873,2.4000613026160473,0.022333468004335753,0.5180345590131465,0.9890331625938416,-0.03055952489376068,False,False,False,-0.770461236224465,False
pirl,4,16,0,0.3324093585618782,200,-124.65198278367585,0.5655148282073275,113.1029656414655,0.7166530107632733,0.2310437172331056,1,0,1,0.005,0.0,0.005,30,-0.17589372396469116,0.29001033306121826,0.2265787273645401,0.045202650129795074,-0.10000000149011612,0.10000000149011612,0.7658166127101664,0.009305603755341051,7.774260405865542e-09,0.009305611529601457,-2.400000035762786,2.4000613026160473,0.022333468004314395,0.5181276151298312,0.9881335496902466,-0.03547779470682144,False,False,False,-0.7700685592044265,False
pirl,4,16,0,0.3324093585618782,200,-124.65198278367585,0.5655148282073275,113.1029656414655,0.7166530107632733,0.2310437172331056,1,0,1,0.005,0.0,0.005,31,-0.1858937293291092,0.3000105917453766,0.2265787273645401,0.045202650129795074,-0.10000000149011612,0.10000000149011612,0.765406612567495,0.009305603755369625,7.774258520675133e-09,0.009305611529628145,-2.4000000357627873,2.4000613026160473,0.02233346800437846,0.518220671246516,0.9871848821640015,-0.04038681834936142,False,False,False,-0.7696585590617552,False
pirl,4,16,0,0.3324093585618782,200,-124.65198278367585,0.5655148282073275,113.1029656414655,0.7166530107632733,0.2310437172331056,1,0,1,0.005,0.0,0.005,32,-0.19589373469352722,0.3100108504295349,0.2265787273645401,0.045202650129795074,-0.10000000149011612,0.10000000149011612,0.7649792687275107,0.009305603755360102,7.774259148834767e-09,0.009305611529619251,-2.4000000357627878,2.4000613026160473,0.022333468004357118,0.5183137273632009,0.986187219619751,-0.04528611898422241,False,False,False,-0.7692312152217707,False
pirl,4,16,0,0.3324093585618782,200,-124.65198278367585,0.5655148282073275,113.1029656414655,0.7166530107632733,0.2310437172331056,1,0,1,0.005,0.0,0.005,33,-0.20589372515678406,0.32001110911369324,0.2265787273645401,0.045202650129795074,-0.10000000149011612,0.10000000149011612,0.7645343764371251,0.009305603755350575,7.774259777400976e-09,0.009305611529610352,-2.4000000357627873,2.4000613026160473,0.022333468004335753,0.5184067834798857,0.9851404428482056,-0.050175197422504425,False,False,False,-0.7687863229313852,False
pirl,4,16,0,0.3324093585618782,200,-124.65198278367585,0.5655148282073275,113.1029656414655,0.7166530107632733,0.2310437172331056,1,0,1,0.005,0.0,0.005,34,-0.2158937305212021,0.33001136779785156,0.2265787273645401,0.045202650129795074,-0.09739924967288971,0.10000000149011612,0.7640530605376307,0.6632890532383281,0.04723877203626271,0.7105278252745908,-2.337581992149352,2.399693063367233,1.6638511000171143,0.5253394963966237,0.9840593338012695,-0.05479838699102402,False,False,False,-0.76895142232773,False
pirl,4,16,0,0.3324093585618782,200,-124.65198278367585,0.5655148282073275,113.1029656414655,0.7166530107632733,0.2310437172331056,1,0,1,0.005,0.0,0.005,35,-0.2256336510181427,0.3400100767612457,0.2265787273645401,0.045202650129795074,-0.08864299952983856,0.10000000149011612,0.763487204343007,2.256702164453171,0.16017397462363703,2.416876139076808,-2.127431988716125,2.3999263026746855,5.185386108365807,0.5469452718481479,0.9829834699630737,-0.05854981392621994,False,False,False,-0.7699130482095066,False
pirl,4,16,0,0.3324093585618782,200,-124.65198278367585,0.5655148282073275,113.1029656414655,0.7166530107632733,0.2310437172331056,1,0,1,0.005,0.0,0.005,36,-0.23449794948101044,0.3500097692012787,0.2265787273645401,0.045202650129795074,-0.08123819530010223,0.10000000149011612,0.7628445294480827,1.9081323810697217,0.13534803694590436,2.0434804180156263,-1.9497166872024527,2.399937691473328,4.045144400096387,0.5638000401818828,0.9819146990776062,-0.061565056443214417,False,False,False,-0.7687531982263125,False
pirl,4,16,0,0.3324093585618782,200,-124.65198278367585,0.5655148282073275,113.1029656414655,0.7166530107632733,0.2310437172331056,1,0,1,0.005,0.0,0.005,37,-0.2426217794418335,0.3600095212459564,0.2265787273645401,0.045202650129795074,-0.07498094439506531,0.10000000149011612,0.7621317895616586,1.6122343923753562,0.11441828870391431,1.7266526810792704,-1.7995426654815674,2.3999473593297305,3.1758824456701893,0.5770328837055085,0.9808523058891296,-0.06395883858203888,False,False,False,-0.7676080993670188,False
pirl,4,16,0,0.3324093585618782,200,-124.65198278367585,0.5655148282073275,113.1029656414655,0.7166530107632733,0.2310437172331056,1,0,1,0.005,0.0,0.005,38,-0.2501198649406433,0.37000930309295654,0.2265787273645401,0.045202650129795074,-0.0696953684091568,0.10000000149011612,0.7613552709901044,1.3616460850559349,0.09670247813828939,1.4583485631942243,-1.6726888418197632,2.3999555467857587,2.5096918617765427,0.5874899331295774,0.9797945022583008,-0.06582816690206528,False,False,False,-0.7664703531108805,False
pirl,4,16,0,0.3324093585618782,200,-124.65198278367585,0.5655148282073275,113.1029656414655,0.7166530107632733,0.2310437172331056,1,0,1,0.005,0.0,0.005,39,-0.25708940625190735,0.38000911474227905,0.2265787273645401,0.045202650129795074,-0.06523015350103378,0.10000000149011612,0.7605205029807989,1.1500530513578489,0.0817499160549577,1.2318029674128066,-1.5655236840248108,2.399962460151662,1.9966320194381626,0.5958092332105698,0.9787387847900391,-0.06725481152534485,False,False,False,-0.7653341318900128,False
pirl,4,16,0,0.3324093585618782,200,-124.65198278367585,0.5655148282073275,113.1029656414655,0.7166530107632733,0.2310437172331056,1,0,1,0.005,0.0,0.005,40,-0.26361241936683655,0.39000895619392395,0.2265787273645401,0.045202650129795074,-0.06145644187927246,0.10000000149011612,0.7596323235981842,0.9716772120056877,0.06914926372815082,1.0408264757338386,-1.474954605102539,2.3999682882142586,1.5991358186219116,0.6024722991214944,0.97768235206604,-0.06830774247646332,False,False,False,-0.764194400560292,False
pirl,4,16,0,0.3324093585618782,200,-124.65198278367585,0.5655148282073275,113.1029656414655,0.7166530107632733,0.2310437172331056,1,0,1,0.005,0.0,0.005,41,-0.26975807547569275,0.40000882744789124,0.2265787273645401,0.045202650129795074,-0.05826524272561073,0.10000000149011612,0.7586950082509465,0.821403221525078,0.05853702001797266,0.8799402415430507,-1.3983658254146574,2.399973198106913,1.2891094730063566,0.6078435885923542,0.976622462272644,-0.06904492527246475,False,False,False,-0.7630470307348591,False
pirl,4,16,0,0.3324093585618782,200,-124.65198278367585,0.5655148282073275,113.1029656414655,0.7166530107632733,0.2310437172331056,1,0,1,0.005,0.0,0.005,42,-0.2755845785140991,0.4100086987018585,0.2265787273645401,0.045202650129795074,-0.055564846843481064,0.10000000149011612,0.7577122099578093,0.6947791557527752,0.0495972623031379,0.744376418055913,-1.3335563242435455,2.399977335287064,1.045559442526523,0.612200086269548,0.9755564332008362,-0.06951520591974258,False,False,False,-0.7618885986507266,False
pirl,4,16,0,0.3324093585618782,200,-124.65198278367585,0.5655148282073275,113.1029656414655,0.7166530107632733,0.2310437172331056,1,0,1,0.005,0.0,0.005,43,-0.281141072511673,0.4200086295604706,0.2265787273645401,0.045202650129795074,-0.053277965635061264,0.10000000149011612,0.7566871920336798,0.5878965918099337,0.041874040521857364,0.6297706323317911,-1.2786711752414703,2.3997279552509143,0.8522127316096736,0.615750972651255,0.9744818210601807,-0.06976024061441422,False,False,False,-0.7607161813593872,False
pirl,4,16,0,0.3324093585618782,200,-124.65198278367585,0.5655148282073275,113.1029656414655,0.7166530107632733,0.2310437172331056,1,0,1,0.005,0.0,0.005,44,-0.28646886348724365,0.4300074875354767,0.2265787273645401,0.045202650129795074,-0.05133885517716408,0.10000000149011612,0.7556225356402569,0.4983872185110249,0.0357633063033719,0.5341505248143968,-1.2321325242519379,2.399769380488691,0.6999027890107613,0.6186672342721332,0.973396360874176,-0.06981402635574341,False,False,False,-0.7595289421758422,False
pirl,4,16,0,0.3324093585618782,200,-124.65198278367585,0.5655148282073275,113.1029656414655,0.7166530107632733,0.2310437172331056,1,0,1,0.005,0.0,0.005,45,-0.29160276055336,0.4400065243244171,0.2265787273645401,0.045202650129795074,-0.049694519490003586,0.10000000149011612,0.754520524473932,0.42232201709731815,0.03039208942953813,0.4527141065268563,-1.1926684677600858,2.39980458371869,0.5766252285546011,0.6210698393911107,0.9722980260848999,-0.0697057768702507,False,False,False,-0.7583232521494562,False
pirl,4,16,0,0.3324093585618782,200,-124.65198278367585,0.5655148282073275,113.1029656414655,0.7166530107632733,0.2310437172331056,1,0,1,0.005,0.0,0.005,46,-0.296572208404541,0.4500057101249695,0.2265787273645401,0.045202650129795074,-0.048299480229616165,0.10000000149011612,0.7533831937147151,0.3579899273975044,0.0258499004175919,0.3838398278150963,-1.159187525510788,2.3998343568252833,0.47701293724034904,0.6230573932962788,0.9711850881576538,-0.06946033984422684,False,False,False,-0.7570986332996055,False
pirl,4,16,0,0.3324093585618782,200,-124.65198278367585,0.5655148282073275,113.1029656414655,0.7166530107632733,0.2310437172331056,1,0,1,0.005,0.0,0.005,47,-0.30140215158462524,0.4600050151348114,0.2265787273645401,0.045202650129795074,-0.0471152625977993,0.10000000149011612,0.7522121669907376,0.303584964040034,0.022009078256007574,0.32559404229604155,-1.1307663023471832,2.39985953562456,0.39610234355873875,0.6247078197277736,0.9700559377670288,-0.06909861415624619,False,False,False,-0.7558540637050621,False
pirl,4,16,0,0.3324093585618782,200,-124.65198278367585,0.5655148282073275,113.1029656414655,0.7166530107632733,0.2310437172331056,1,0,1,0.005,0.0,0.005,48,-0.30611369013786316,0.47000443935394287,0.2265787273645401,0.045202650129795074,-0.046110253781080246,0.10000000149011612,0.7510090474221975,0.25733659051171803,0.01874449513716063,0.2760810856488787,-1.106646090745926,2.39988093952674,0.32976508849640135,0.6260818409298419,0.9689093828201294,-0.0686383992433548,False,False,False,-0.7545886933692633,False
pirl,4,16,0,0.3324093585618782,200,-124.65198278367585,0.5655148282073275,113.1029656414655,0.7166530107632733,0.2310437172331056,1,0,1,0.005,0.0,0.005,49,-0.3107247054576874,0.4800039231777191,0.2265787273645401,0.045202650129795074,-0.04525759443640709,0.10000000149011612,0.7497749307929961,0.2180186231480431,0.015969343088736366,0.23398796623677948,-1.0861822664737701,2.399899136013733,0.2751327749057975,0.6272282274919494,0.9677441120147705,-0.06809481978416443,False,False,False,-0.7533018544733584,False
pirl,4,16,0,0.3324093585618782,200,-124.65198278367585,0.5655148282073275,113.1029656414655,0.7166530107632733,0.2310437172331056,1,0,1,0.005,0.0,0.005,50,-0.3152504563331604,0.4900035262107849,0.2265787273645401,0.045202650129795074,-0.04453485831618309,0.10000000149011612,0.7485110526653896,0.18448724315788417,0.01360281247863459,0.19809005563651877,-1.068836599588394,2.3999146544487058,0.229832306653503,0.6281858621030056,0.9665592908859253,-0.06748079508543015,False,False,False,-0.7519931980881384,False
pirl,4,16,0,0.3324093585618782,200,-124.65198278367585,0.5655148282073275,113.1029656414655,0.7166530107632733,0.2310437172331056,1,0,1,0.005,0.0,0.005,51,-0.31970396637916565,0.5000031590461731,0.2265787273645401,0.045202650129795074,-0.04392325505614281,0.10000000149011612,0.7472182364255003,0.15580425397008763,0.01157859180228106,0.16738284577236867,-1.0541581213474274,2.399927929032176,0.19203010550820235,0.6289859875426231,0.9653539657592773,-0.0668073371052742,False,False,False,-0.7506622529660406,False
pirl,4,16,0,0.3324093585618782,200,-124.65198278367585,0.5655148282073275,113.1029656414655,0.7166530107632733,0.2310437172331056,1,0,1,0.005,0.0,0.005,52,-0.32409629225730896,0.510002851486206,0.2265787273645401,0.045202650129795074,-0.04340668395161629,0.10000000149011612,0.7458974087431918,0.13127578839936688,0.009847621569056485,0.14112340996842337,-1.041760414838791,2.399939280888202,0.16039161360811433,0.6296542859326569,0.9641275405883789,-0.0660838708281517,False,False,False,-0.7493089643571683,False
pirl,4,16,0,0.3324093585618782,200,-124.65198278367585,0.5655148282073275,113.1029656414655,0.7166530107632733,0.2310437172331056,1,0,1,0.005,0.0,0.005,53,-0.328436940908432,0.5200026035308838,0.2265787273645401,0.045202650129795074,-0.04297223314642906,0.10000000149011612,0.7445491208303234,0.11007861720626345,0.008351835451466125,0.11843045265772958,-1.0313335955142973,2.399949091010031,0.13357175597258916,0.630210834915876,0.9628792405128479,-0.06531859189271927,False,False,False,-0.7479328157642872,False
pirl,4,16,0,0.3324093585618782,200,-124.65198278367585,0.5655148282073275,113.1029656414655,0.7166530107632733,0.2310437172331056,1,0,1,0.005,0.0,0.005,54,-0.3327341675758362,0.5300024151802063,0.2265787273645401,0.045202650129795074,-0.04260838404297829,0.10000000149011612,0.7431740784279294,0.09185349557405047,0.00706573888156798,0.09891923445561845,-1.0226012170314789,2.399957525657368,0.11088696956576852,0.6306728639557334,0.9616086483001709,-0.06451846659183502,False,False,False,-0.7465339679270582,False
pirl,4,16,0,0.3324093585618782,200,-124.65198278367585,0.5655148282073275,113.1029656414655,0.7166530107632733,0.2310437172331056,1,0,1,0.005,0.0,0.005,55,-0.336995005607605,0.5400022268295288,0.2265787273645401,0.045202650129795074,-0.04230571165680885,0.10000000149011612,0.7417727219068844,0.07606003214186381,0.005951258758209937,0.08201129090007375,-1.0153370797634125,2.399964834925145,0.09150938266487543,0.6310541530501704,0.9603152275085449,-0.06368957459926605,False,False,False,-0.7451121548999309,False
pirl,4,16,0,0.3324093585618782,200,-124.65198278367585,0.5655148282073275,113.1029656414655,0.7166530107632733,0.2310437172331056,1,0,1,0.005,0.0,0.005,56,-0.3412255644798279,0.5500020980834961,0.2265787273645401,0.045202650129795074,-0.04205605015158653,0.10000000149011612,0.7403455952256495,0.06237335898910164,0.0049854098873871435,0.06735876887648878,-1.0093452036380768,2.399971169163324,0.07492109072663658,0.6313663242615314,0.9589986801147461,-0.06283720582723618,False,False,False,-0.7436674648293391,False
pirl,4,16,0,0.3324093585618782,200,-124.65198278367585,0.5655148282073275,113.1029656414655,0.7166530107632733,0.2310437172331056,1,0,1,0.005,0.0,0.005,57,-0.3454311788082123,0.5600019693374634,0.2265787273645401,0.045202650129795074,-0.04185278341174126,0.10000000149011612,0.7388931160657487,0.05039338980516844,0.004139989324850717,0.05453337913001916,-1.00446680188179,2.399976713533191,0.06055436506749766,0.6316186341159793,0.9576587080955505,-0.06196589022874832,False,False,False,-0.7421998010533458,False
pirl,4,16,0,0.3324093585618782,200,-124.65198278367585,0.5655148282073275,113.1029656414655,0.7166530107632733,0.2310437172331056,1,0,1,0.005,0.0,0.005,58,-0.34961646795272827,0.5700018405914307,0.2265787273645401,0.045202650129795074,-0.041689906269311905,0.10000000149011612,0.73741581078023,0.03977734730148059,0.0032185226888046033,0.04299586999028519,-1.0005577504634857,2.3997381470165773,0.047523144808737,0.631816647219349,0.9562951326370239,-0.061080195009708405,False,False,False,-0.7407090749009241,False
pirl,4,16,0,0.3324093585618782,200,-124.65198278367585,0.5655148282073275,113.1029656414655,0.7166530107632733,0.2310437172331056,1,0,1,0.005,0.0,0.005,59,-0.3537854552268982,0.5800007581710815,0.2265787273645401,0.045202650129795074,-0.0415617860853672,0.10000000149011612,0.7359137086859628,0.031025904105763513,0.0028107220090163617,0.033836626114779875,-0.9974828660488129,2.3997957653506683,0.03769296652398801,0.6319737012465323,0.9549075365066528,-0.060182973742485046,False,False,False,-0.7391963365596839,False
pirl,4,16,0,0.3324093585618782,200,-124.65198278367585,0.5655148282073275,113.1029656414655,0.7166530107632733,0.2310437172331056,1,0,1,0.005,0.0,0.005,60,-0.3579416275024414,0.5899999141693115,0.2265787273645401,0.045202650129795074,-0.04146518185734749,0.10000000149011612,0.7343871621584972,0.022881248171577214,0.0022333541937889123,0.025114602365366126,-0.9951643645763398,2.399849388678406,0.02813031649404785,0.6320909108985908,0.9534958004951477,-0.05927734822034836,False,False,False,-0.7376599569033844,False
pirl,4,16,0,0.3324093585618782,200,-124.65198278367585,0.5655148282073275,113.1029656414655,0.7166530107632733,0.2310437172331056,1,0,1,0.005,0.0,0.005,61,-0.362088143825531,0.5999993085861206,0.2265787273645401,0.045202650129795074,-0.041396427899599075,0.10000000149011612,0.7328363922004542,0.015680272068425444,0.0017209094810150798,0.017401181549440523,-0.9935142695903778,2.399896798944075,0.019708579205800707,0.632173029978615,0.9520597457885742,-0.05836600810289383,False,False,False,-0.7361006840610055,False
pirl,4,16,0,0.3324093585618782,200,-124.65198278367585,0.5655148282073275,113.1029656414655,0.7166530107632733,0.2310437172331056,1,0,1,0.005,0.0,0.005,62,-0.36622780561447144,0.609998881816864,0.2265787273645401,0.045202650129795074,-0.04135207459330559,0.10000000149011612,0.7312616458684802,0.009369388983718844,0.0012714373726996566,0.0106408263564185,-0.9924497902393342,2.399938348956095,0.012350019440600383,0.6322244883929509,0.9505992531776428,-0.05745147913694382,False,False,False,-0.7345186686481953,False
pirl,4,16,0,0.3324093585618782,200,-124.65198278367585,0.5655148282073275,113.1029656414655,0.7166530107632733,0.2310437172331056,1,0,1,0.005,0.0,0.005,63,-0.3703629970550537,0.619998574256897,0.2265787273645401,0.045202650129795074,-0.04132973030209541,0.10000000149011612,0.7296631678637377,0.003676305339871202,0.0008667427613729697,0.004543048101244172,-0.9919135272502899,2.3999758314590447,0.0057267386763079214,0.6322483498041022,0.9491142630577087,-0.05653591454029083,False,False,False,-0.7329138367142367,False
pirl,4,16,0,0.3324093585618782,200,-124.65198278367585,0.5655148282073275,113.1029656414655,0.7166530107632733,0.2310437172331056,1,0,1,0.005,0.0,0.005,64,-0.3744959831237793,0.629998505115509,0.2265787273645401,0.045202650129795074,-0.04132663086056709,0.10000000149011612,0.7280410996969815,0.0012181758135967214,0.0005118205349241449,0.0017299963485208664,-0.9918305539445119,2.400000035762787,0.002436593294123519,0.632258502276161,0.9476046562194824,-0.055621206760406494,False,False,False,-0.7312889199564583,False
pirl,4,16,0,0.3324093585618782,200,-124.65198278367585,0.5655148282073275,113.1029656414655,0.7166530107632733,0.2310437172331056,1,0,1,0.005,0.0,0.005,65,-0.37862861156463623,0.6399984955787659,0.2265787273645401,0.045202650129795074,-0.04134109243750572,0.10000000149011612,0.7263956723480722,0.0059350880191756045,0.00018925742438611817,0.006124345443561723,-0.9921862185001374,2.400039111590247,0.0063429377588968315,0.6322849311834897,0.9460704326629639,-0.054709091782569885,False,False,False,-0.7296480525830508,False
pirl,4,16,0,0.3324093585618782,200,-124.65198278367585,0.5655148282073275,113.1029656414655,0.7166530107632733,0.2310437172331056,1,0,1,0.005,0.0,0.005,66,-0.38276270031929016,0.649998664855957,0.2265787273645401,0.045202650129795074,-0.041371118277311325,0.10000000149011612,0.7247269057909869,0.009880727016800187,9.870978623071101e-05,0.009979436803030898,-0.9929068386554717,2.4000650891508486,0.010047551337758656,0.6323267959807304,0.9445114135742188,-0.05380110442638397,False,False,False,-0.7279834855576658,False
pirl,4,16,0,0.3324093585618782,200,-124.65198278367585,0.5655148282073275,113.1029656414655,0.7166530107632733,0.2310437172331056,1,0,1,0.005,0.0,0.005,67,-0.38689982891082764,0.6599989533424377,0.2265787273645401,0.045202650129795074,-0.041415024548769,0.10000000149011612,0.7230351464315182,0.013476526435304347,0.0003544130222284391,0.013830939457532786,-0.9939605891704559,2.4000887634143484,0.01424575886786453,0.6323861533093464,0.9429277777671814,-0.05289861559867859,False,False,False,-0.7262960815091116,False
pirl,4,16,0,0.3324093585618782,200,-124.65198278367585,0.5655148282073275,113.1029656414655,0.7166530107632733,0.2310437172331056,1,0,1,0.005,0.0,0.005,68,-0.3910413384437561,0.6699993014335632,0.2265787273645401,0.045202650129795074,-0.041471462696790695,0.10000000149011612,0.7213203654826542,0.016724740372439945,0.0005856272566621621,0.017310367629102107,-0.9953151047229767,2.400110149221425,0.018051956637635216,0.6324613697953366,0.9413193464279175,-0.05200287699699402,False,False,False,-0.7245854279654137,False
pirl,4,16,0,0.3324093585618782,200,-124.65198278367585,0.5655148282073275,113.1029656414655,0.7166530107632733,0.2310437172331056,1,0,1,0.005,0.0,0.005,69,-0.39518848061561584,0.6799997687339783,0.2265787273645401,0.045202650129795074,-0.04153948649764061,0.10000000149011612,0.7195827480832816,0.019728826759673367,0.0007991804236529826,0.02052800718332635,-0.9969476759433745,2.4001299277252928,0.021586744839607524,0.6325513145655016,0.9396861791610718,-0.0511150062084198,False,False,False,-0.7228518107400754,False
pirl,4,16,0,0.3324093585618782,200,-124.65198278367585,0.5655148282073275,113.1029656414655,0.7166530107632733,0.2310437172331056,1,0,1,0.005,0.0,0.005,70,-0.39934241771698,0.6900002956390381,0.2265787273645401,0.045202650129795074,-0.041617777198553085,0.10000000149011612,0.7178224578682595,0.02239331185484734,0.0009892514406662012,0.023382563295513543,-0.998826652765274,2.4001474703395753,0.024741386067150865,0.6326544036741147,0.9380283355712891,-0.05023598670959473,False,False,False,-0.7210952767504293,False
pirl,4,16,0,0.3324093585618782,200,-124.65198278367585,0.5655148282073275,113.1029656414655,0.7166530107632733,0.2310437172331056,1,0,1,0.005,0.0,0.005,71,-0.4035041928291321,0.7000009417533875,0.2265787273645401,0.045202650129795074,-0.041705455631017685,0.10000000149011612,0.7160395214873423,0.024830759766625587,0.0011628140177045632,0.02599357378433015,-1.0009309351444244,2.4001635181713405,0.027644819377267836,0.63276959042152,0.9363457560539246,-0.04936668276786804,False,False,False,-0.7193159627963169,False
pirl,4,16,0,0.3324093585618782,200,-124.65198278367585,0.5655148282073275,113.1029656414655,0.7166530107632733,0.2310437172331056,1,0,1,0.005,0.0,0.005,72,-0.40767472982406616,0.7100015878677368,0.2265787273645401,0.045202650129795074,-0.041801560670137405,0.10000000149011612,0.7142340831283623,0.027020551618278144,0.0013190273826810058,0.02833957900095915,-1.0032374560832977,2.400177935468657,0.030273929887678724,0.6328957317960521,0.934638500213623,-0.04850797355175018,False,False,False,-0.7175139815476381,False
pirl,4,16,0,0.3324093585618782,200,-124.65198278367585,0.5655148282073275,113.1029656414655,0.7166530107632733,0.2310437172331056,1,0,1,0.005,0.0,0.005,73,-0.41185489296913147,0.7200023531913757,0.2265787273645401,0.045202650129795074,-0.04190550372004509,0.10000000149011612,0.7124061430043045,0.029058396391185525,0.0014641036516600018,0.030522500042845527,-1.0057320892810822,2.400191352366684,0.032739090637347694,0.6330321446737077,0.9329065084457397,-0.04766055941581726,False,False,False,-0.715689428209435,False
pirl,4,16,0,0.3324093585618782,200,-124.65198278367585,0.5655148282073275,113.1029656414655,0.7166530107632733,0.2310437172331056,1,0,1,0.005,0.0,0.005,74,-0.4160454571247101,0.7300031185150146,0.2265787273645401,0.045202650129795074,-0.042016688734292984,0.10000000149011612,0.7105559378694035,0.030942799064984833,0.0015983864608965417,0.03254118552588137,-1.0084005296230316,2.4002037590224083,0.035039188156964156,0.6331781412910285,0.931149959564209,-0.04682515561580658,False,False,False,-0.713842532349588,False
pirl,4,16,0,0.3324093585618782,200,-124.65198278367585,0.5655148282073275,113.1029656414655,0.7166530107632733,0.2310437172331056,1,0,1,0.005,0.0,0.005,75,-0.4202471077442169,0.7400040030479431,0.2265787273645401,0.045202650129795074,-0.042134497314691544,0.10000000149011612,0.7086835673663044,0.032667943329704796,0.0017214818547437874,0.03438942518444858,-1.011227935552597,2.4002151171420207,0.037166663663688336,0.6333330023896272,0.9293689131736755,-0.0460023432970047,False,False,False,-0.7119733806949541,False
pirl,4,16,0,0.3324093585618782,200,-124.65198278367585,0.5655148282073275,113.1029656414655,0.7166530107632733,0.2310437172331056,1,0,1,0.005,0.0,0.005,76,-0.4244605600833893,0.7500048875808716,0.2265787273645401,0.045202650129795074,-0.042258311063051224,0.10000000149011612,0.7067890098629633,0.0342337431812229,0.0018333536614313622,0.036067096842654266,-1.0141994655132294,2.4002254261592815,0.0391203061102232,0.6334960036650865,0.9275633096694946,-0.04519268870353699,False,False,False,-0.710081944785791,False
pirl,4,16,0,0.3324093585618782,200,-124.65198278367585,0.5655148282073275,113.1029656414655,0.7166530107632733,0.2310437172331056,1,0,1,0.005,0.0,0.005,77,-0.4286864101886749,0.7600058317184448,0.2265787273645401,0.045202650129795074,-0.042387548834085464,0.10000000149011612,0.7048722980215509,0.03564973116222469,0.001934626882391682,0.03758435804461637,-1.0173011720180511,2.4002347488351803,0.040910071962606806,0.6336664622982641,0.9257331490516663,-0.04439672827720642,False,False,False,-0.7081682616303604,False
pirl,4,16,0,0.3324093585618782,200,-124.65198278367585,0.5655148282073275,113.1029656414655,0.7166530107632733,0.2310437172331056,1,0,1,0.005,0.0,0.005,78,-0.43292516469955444,0.7700067758560181,0.2265787273645401,0.045202650129795074,-0.04252197965979576,0.10000000149011612,0.7029336907812718,0.03700604819849796,0.0020312886534351784,0.03903733685193314,-1.020527511835098,2.4002436786455417,0.04264127804077504,0.6338441342901007,0.9238786697387695,-0.04361492395401001,False,False,False,-0.7062326833902023,False
pirl,4,16,0,0.3324093585618782,200,-124.65198278367585,0.5655148282073275,113.1029656414655,0.7166530107632733,0.2310437172331056,1,0,1,0.005,0.0,0.005,79,-0.4371773600578308,0.7800078392028809,0.2265787273645401,0.045202650129795074,-0.04266129806637764,0.10000000149011612,0.7009731360441234,0.038283943037029554,0.0021225202237347206,0.040406463260764275,-1.0238711535930636,2.4002520921346195,0.044292408529031886,0.634028685992305,0.9219998121261597,-0.04284761846065521,False,False,False,-0.7042751352680662,False
pirl,4,16,0,0.3324093585618782,200,-124.65198278367585,0.5655148282073275,113.1029656414655,0.7166530107632733,0.2310437172331056,1,0,1,0.005,0.0,0.005,80,-0.44144347310066223,0.7900088429450989,0.2265787273645401,0.045202650129795074,-0.042805034667253494,0.10000000149011612,0.6989907110762494,0.03944109818171743,0.002205441077742783,0.04164653925946021,-1.0273208320140839,2.400259710689666,0.04581229316279712,0.63421957054715,0.9200966358184814,-0.04209524393081665,False,False,False,-0.7022956450852536,False
pirl,4,16,0,0.3324093585618782,200,-124.65198278367585,0.5655148282073275,113.1029656414655,0.7166530107632733,0.2310437172331056,1,0,1,0.005,0.0,0.005,81,-0.4457239806652069,0.8000099658966064,0.2265787273645401,0.045202650129795074,-0.042952824383974075,0.10000000149011612,0.6969865465246677,0.04050411168765358,0.002281606112068041,0.04278571779972162,-1.030867785215378,2.4002667094287258,0.04723084710239378,0.6344163657434099,0.9181692600250244,-0.041358187794685364,False,False,False,-0.700294366947868,False
pirl,4,16,0,0.3324093585618782,200,-124.65198278367585,0.5655148282073275,113.1029656414655,0.7166530107632733,0.2310437172331056,1,0,1,0.005,0.0,0.005,82,-0.4500192701816559,0.8100110292434692,0.2265787273645401,0.045202650129795074,-0.04310457408428192,0.10000000149011612,0.6949606400406544,0.04154309053282738,0.0023557615356659327,0.04389885206849331,-1.0345097780227661,2.400273549926787,0.04863120546948878,0.6346189957661994,0.9162176847457886,-0.04063671827316284,False,False,False,-0.6982713729133375,False
pirl,4,16,0,0.3324093585618782,200,-124.65198278367585,0.5655148282073275,113.1029656414655,0.7166530107632733,0.2310437172331056,1,0,1,0.005,0.0,0.005,83,-0.4543297290802002,0.8200122117996216,0.2265787273645401,0.045202650129795074,-0.0432598777115345,0.10000000149011612,0.6929131116274824,0.04247781973874765,0.0024229417361578453,0.0449007614749055,-1.0382370650768282,2.4002797040591366,0.04991778476983741,0.6348269865360737,0.9142420291900635,-0.03993113338947296,False,False,False,-0.6962266935575134,False
pirl,4,16,0,0.3324093585618782,200,-124.65198278367585,0.5655148282073275,113.1029656414655,0.7166530107632733,0.2310437172331056,1,0,1,0.005,0.0,0.005,84,-0.4586557149887085,0.8300133347511292,0.2265787273645401,0.045202650129795074,-0.04341839626431465,0.10000000149011612,0.6908439597425121,0.04332512406290951,0.0024838808859885086,0.045809004948898016,-1.0420415103435534,2.4002852825977308,0.05110860044870009,0.6350399390379433,0.9122422933578491,-0.03924170136451721,False,False,False,-0.6941603408733727,False
pirl,4,16,0,0.3324093585618782,200,-124.65198278367585,0.5655148282073275,113.1029656414655,0.7166530107632733,0.2310437172331056,1,0,1,0.005,0.0,0.005,85,-0.46299755573272705,0.8400145769119263,0.2265787273645401,0.045202650129795074,-0.04358043149113655,0.10000000149011612,0.6887534254494811,0.04425000614339992,0.0025495394688175603,0.046799545612217476,-1.0459303557872772,2.40029137189792,0.05240206225847147,0.6352582809640203,0.9102187156677246,-0.038568735122680664,False,False,False,-0.6920727361346055,False
pirl,4,16,0,0.3324093585618782,200,-124.65198278367585,0.5655148282073275,113.1029656414655,0.7166530107632733,0.2310437172331056,1,0,1,0.005,0.0,0.005,86,-0.4673556089401245,0.8500157594680786,0.2265787273645401,0.045202650129795074,-0.04374529793858528,0.10000000149011612,0.6866413719211535,0.04499918078794785,0.002603979291984368,0.04760316007993222,-1.0498871505260483,2.4002963043637995,0.05349438356465501,0.635481174228873,0.9081711769104004,-0.03791235387325287,False,False,False,-0.6899634652439636,False
pirl,4,16,0,0.3324093585618782,200,-124.65198278367585,0.5655148282073275,113.1029656414655,0.7166530107632733,0.2310437172331056,1,0,1,0.005,0.0,0.005,87,-0.47173011302948,0.8600170016288757,0.2265787273645401,0.045202650129795074,-0.043913111090660095,0.10000000149011612,0.6845080362740494,0.04577750814420006,0.0026595309573916987,0.048437039101591764,-1.0539146661758412,2.400301428767243,0.05462926317103447,0.6357087961587523,0.9060999155044556,-0.037272825837135315,False,False,False,-0.687832984520374,False
pirl,4,16,0,0.3324093585618782,200,-124.65198278367585,0.5655148282073275,113.1029656414655,0.7166530107632733,0.2310437172331056,1,0,1,0.005,0.0,0.005,88,-0.4761214256286621,0.8700182437896729,0.2265787273645401,0.045202650129795074,-0.044083576649427414,0.10000000149011612,0.682353353388693,0.046480530438983717,0.002710258078452414,0.04919078851743613,-1.0580058395862595,2.4003060573722115,0.05568212151426296,0.6359408049983951,0.9040048718452454,-0.03665035963058472,False,False,False,-0.6856811148739219,False
pirl,4,16,0,0.3324093585618782,200,-124.65198278367585,0.5655148282073275,113.1029656414655,0.7166530107632733,0.2310437172331056,1,0,1,0.005,0.0,0.005,89,-0.48052978515625,0.8800195455551147,0.2265787273645401,0.045202650129795074,-0.044256631284952164,0.10000000149011612,0.6801774170034542,0.047167158444554345,0.002759558687162432,0.04992671713171678,-1.0621591508388535,2.4003105780393668,0.056722826868465914,0.636177150110347,0.9018861651420593,-0.036044999957084656,False,False,False,-0.6835080121282645,False
pirl,4,16,0,0.3324093585618782,200,-124.65198278367585,0.5655148282073275,113.1029656414655,0.7166530107632733,0.2310437172331056,1,0,1,0.005,0.0,0.005,90,-0.48495545983314514,0.8900208473205566,0.2265787273645401,0.045202650129795074,-0.044432129710912704,0.10000000149011612,0.6779803558674218,0.04781658256146255,0.002806333828957995,0.05062291639042055,-1.066371113061904,2.4003148537610848,0.05772630714314335,0.6364176763901102,0.899743914604187,-0.035457074642181396,False,False,False,-0.681313781335797,False
pirl,4,16,0,0.3324093585618782,200,-124.65198278367585,0.5655148282073275,113.1029656414655,0.7166530107632733,0.2310437172331056,1,0,1,0.005,0.0,0.005,91,-0.48939865827560425,0.9000221490859985,0.2265787273645401,0.045202650129795074,-0.0446099154651165,0.10000000149011612,0.6757625071406488,0.0486513933390306,0.0030758725515880082,0.051727265890618615,-1.0706379711627976,2.4000225517905824,0.05947019254898783,0.6366654688590643,0.8975784182548523,-0.0348871648311615,False,False,False,-0.6790992064185825,False
pirl,4,16,0,0.3324093585618782,200,-124.65198278367585,0.5655148282073275,113.1029656414655,0.7166530107632733,0.2310437172331056,1,0,1,0.005,0.0,0.005,92,-0.4938596487045288,0.9100222587585449,0.2265787273645401,0.045202650129795074,-0.04478953033685684,0.10000000149011612,0.6735235526533075,0.04891963450331419,0.002888786908151946,0.05180842141146614,-1.074948728084564,2.4000226759334913,0.05951925297320381,0.6369134657464526,0.8953894376754761,-0.034334808588027954,False,False,False,-0.6768625320511195,False
pirl,4,16,0,0.3324093585618782,200,-124.65198278367585,0.5655148282073275,113.1029656414655,0.7166530107632733,0.2310437172331056,1,0,1,0.005,0.0,0.005,93,-0.49833860993385315,0.9200223088264465,0.2265787273645401,0.045202650129795074,-0.044971100986003876,0.10000000149011612,0.6712637166655084,0.049443253944981974,0.0029264303248491812,0.05236968426983116,-1.079306423664092,2.400022918266325,0.0603879214380216,0.6371650820857777,0.8931772112846375,-0.03380011022090912,False,False,False,-0.6746054875829745,False
pirl,4,16,0,0.3324093585618782,200,-124.65198278367585,0.5655148282073275,113.1029656414655,0.7166530107632733,0.2310437172331056,1,0,1,0.005,0.0,0.005,94,-0.502835750579834,0.9300224184989929,0.2265787273645401,0.045202650129795074,-0.04515507444739342,0.10000000149011612,0.6689829968126749,0.05008280350669039,0.0029723076974754376,0.05305511120416583,-1.0837217867374422,2.400023214252004,0.06140943277493172,0.63742095472234,0.8909417390823364,-0.03328324854373932,False,False,False,-0.67232772074128,False
pirl,4,16,0,0.3324093585618782,200,-124.65198278367585,0.5655148282073275,113.1029656414655,0.7166530107632733,0.2310437172331056,1,0,1,0.005,0.0,0.005,95,-0.5073512196540833,0.9400225281715393,0.2265787273645401,0.045202650129795074,-0.04534130170941353,0.10000000149011612,0.6666814268265984,0.05068412254228572,0.003015538488220758,0.05369966103050648,-1.0881912410259245,2.4000234925444683,0.06239138142400178,0.6376809188116066,0.8886830806732178,-0.03278419375419617,False,False,False,-0.670029098428504,False
pirl,4,16,0,0.3324093585618782,200,-124.65198278367585,0.5655148282073275,113.1029656414655,0.7166530107632733,0.2310437172331056,1,0,1,0.005,0.0,0.005,96,-0.5118853449821472,0.9500226378440857,0.2265787273645401,0.045202650129795074,-0.04552945867180824,0.10000000149011612,0.6643590751151998,0.0512018596783495,0.003052883458278071,0.054254743136627565,-1.0927070081233978,2.4000237321549465,0.06327562365085396,0.6379445672434851,0.8864012956619263,-0.03230319917201996,False,False,False,-0.6677096366621589,False
pirl,4,16,0,0.3324093585618782,200,-124.65198278367585,0.5655148282073275,113.1029656414655,0.7166530107632733,0.2310437172331056,1,0,1,0.005,0.0,0.005,97,-0.5164383053779602,0.9600226879119873,0.2265787273645401,0.045202650129795074,-0.04571949690580368,0.10000000149011612,0.6620159663314316,0.05170726542565207,0.0030893346581226133,0.05479660008377468,-1.0972679257392883,2.400023966058422,0.06415120109792524,0.6382118639147265,0.8840964436531067,-0.03184013068675995,False,False,False,-0.6653694363377587,False
pirl,4,16,0,0.3324093585618782,200,-124.65198278367585,0.5655148282073275,113.1029656414655,0.7166530107632733,0.2310437172331056,1,0,1,0.005,0.0,0.005,98,-0.5210102796554565,0.9700227975845337,0.2265787273645401,0.045202650129795074,-0.04591187462210655,0.10000000149011612,0.6596523041868473,0.05233139429442823,0.0031341272705440607,0.05546552156497229,-1.1018849909305573,2.4000242549073527,0.06518515939477179,0.6384834687455381,0.8817687034606934,-0.031395360827445984,False,False,False,-0.6630088470444852,False
pirl,4,16,0,0.3324093585618782,200,-124.65198278367585,0.5655148282073275,113.1029656414655,0.7166530107632733,0.2310437172331056,1,0,1,0.005,0.0,0.005,99,-0.5256014466285706,0.9800229072570801,0.2265787273645401,0.045202650129795074,-0.046105895191431046,0.10000000149011612,0.6572681183580902,0.052775660313771504,0.0031663170827860012,0.055941977396557506,-1.106541484594345,2.400024460515155,0.06599769596248098,0.6387584591453818,0.879418134689331,-0.030968770384788513,False,False,False,-0.6606275704351362,False
pirl,4,16,0,0.3324093585618782,200,-124.65198278367585,0.5655148282073275,113.1029656414655,0.7166530107632733,0.2310437172331056,1,0,1,0.005,0.0,0.005,100,-0.5302120447158813,0.9900230169296265,0.2265787273645401,0.045202650129795074,-0.04630193114280701,0.10000000149011612,0.6548634001486578,0.05331640878070506,0.0032052286914858287,0.05652163747219089,-1.111246347427368,2.400024710775356,0.0669402925787551,0.6390373770311266,0.8770447373390198,-0.030560404062271118,False,False,False,-0.6582258986240035,False
pirl,4,16,0,0.3324093585618782,200,-124.65198278367585,0.5655148282073275,113.1029656414655,0.7166530107632733,0.2310437172331056,1,0,1,0.005,0.0,0.005,101,-0.5348422527313232,1.0000231266021729,0.2265787273645401,0.045202650129795074,-0.046499885618686676,0.10000000149011612,0.6524383236645219,0.05383237663865644,0.0032424297468850003,0.057074806385541445,-1.1159972548484804,2.4000249495670096,0.0678586968404523,0.6393201216012951,0.8746486902236938,-0.030170336365699768,False,False,False,-0.6558038749040653,False
pirl,4,16,0,0.3324093585618782,200,-124.65198278367585,0.5655148282073275,113.1029656414655,0.7166530107632733,0.2310437172331056,1,0,1,0.005,0.0,0.005,102,-0.5394921898841858,1.0100232362747192,0.2265787273645401,0.045202650129795074,-0.04669982194900513,0.10000000149011612,0.6499928365631614,0.05436494221379378,0.003280788577725592,0.05764573079151937,-1.120795726776123,2.4000251960401418,0.06880597016907306,0.6396068131436663,0.8722299337387085,-0.0297987163066864,False,False,False,-0.6533614922970428,False
pirl,4,16,0,0.3324093585618782,200,-124.65198278367585,0.5655148282073275,113.1029656414655,0.7166530107632733,0.2310437172331056,1,0,1,0.005,0.0,0.005,103,-0.5441622138023376,1.0200233459472656,0.2265787273645401,0.045202650129795074,-0.046901483088731766,0.10000000149011612,0.6475271568372954,0.05483126820479724,0.003314495794615805,0.05814576399941304,-1.1256355941295624,2.400025411857372,0.06967490129715664,0.6398971252324045,0.8697887063026428,-0.029445454478263855,False,False,False,-0.6508988770197205,False
pirl,4,16,0,0.3324093585618782,200,-124.65198278367585,0.5655148282073275,113.1029656414655,0.7166530107632733,0.2310437172331056,1,0,1,0.005,0.0,0.005,104,-0.5488523244857788,1.030023455619812,0.2265787273645401,0.045202650129795074,-0.047105155885219574,0.10000000149011612,0.6450412186883931,0.05537196874445357,0.003353407352453487,0.058725376096907055,-1.1305237412452696,2.400025662095392,0.07064758896644352,0.6401914901864313,0.867324948310852,-0.02911055088043213,False,False,False,-0.648416117543451,False
pirl,4,16,0,0.3324093585618782,200,-124.65198278367585,0.5655148282073275,113.1029656414655,0.7166530107632733,0.2310437172331056,1,0,1,0.005,0.0,0.005,105,-0.5535628795623779,1.0400235652923584,0.2265787273645401,0.045202650129795074,-0.04731046035885811,0.10000000149011612,0.6425352242468362,0.055814660292190114,0.0033854526476578147,0.05920011293984793,-1.1354510486125946,2.400025866974524,0.07149998848251916,0.6404894068051085,0.8648388385772705,-0.02879425883293152,False,False,False,-0.6459132272976412,False
pirl,4,16,0,0.3324093585618782,200,-124.65198278367585,0.5655148282073275,113.1029656414655,0.7166530107632733,0.2310437172331056,1,0,1,0.005,0.0,0.005,106,-0.558293879032135,1.0500236749649048,0.2265787273645401,0.045202650129795074,-0.047517772763967514,0.10000000149011612,0.640009151924632,0.05635483134340677,0.003424315212937011,0.05977914655634378,-1.1404265463352206,2.400026116967496,0.07248699162204315,0.6407914359368669,0.8623303771018982,-0.02849641442298889,False,False,False,-0.6433903983366751,False
pirl,4,16,0,0.3324093585618782,200,-124.65198278367585,0.5655148282073275,113.1029656414655,0.7166530107632733,0.2310437172331056,1,0,1,0.005,0.0,0.005,107,-0.5630456805229187,1.0600237846374512,0.2265787273645401,0.045202650129795074,-0.047726988792419434,0.10000000149011612,0.6374630705484782,0.05686830077606858,0.0034613310247976433,0.06032963180086622,-1.1454477310180662,2.4000263546028684,0.07344695177231958,0.6410974649025849,0.8597996234893799,-0.02821710705757141,False,False,False,-0.6408475661950697,False
pirl,4,16,0,0.3324093585618782,200,-124.65198278367585,0.5655148282073275,113.1029656414655,0.7166530107632733,0.2310437172331056,1,0,1,0.005,0.0,0.005,108,-0.5678184032440186,1.0700238943099976,0.2265787273645401,0.045202650129795074,-0.04793806001543999,0.10000000149011612,0.6348971556948512,0.05736946764921,0.0034974709735300794,0.06086693862274008,-1.1505134403705597,2.400026586544577,0.07439836691946025,0.6414074580980826,0.8572467565536499,-0.02795630693435669,False,False,False,-0.638284920925181,False
pirl,4,16,0,0.3324093585618782,200,-124.65198278367585,0.5655148282073275,113.1029656414655,0.7166530107632733,0.2310437172331056,1,0,1,0.005,0.0,0.005,109,-0.5726121664047241,1.080024003982544,0.2265787273645401,0.045202650129795074,-0.04815104976296425,0.10000000149011612,0.6323114803665821,0.05788723760119093,0.0035347712307612833,0.061422008831952216,-1.1556251943111417,2.4000268261702447,0.07537949597921338,0.6417215393313294,0.854671835899353,-0.02771410346031189,False,False,False,-0.6357025678127548,False
pirl,4,16,0,0.3324093585618782,200,-124.65198278367585,0.5655148282073275,113.1029656414655,0.7166530107632733,0.2310437172331056,1,0,1,0.005,0.0,0.005,110,-0.5774272680282593,1.0900241136550903,0.2265787273645401,0.045202650129795074,-0.04836595058441162,0.10000000149011612,0.6297060467841797,0.058403322203172923,0.0035719556679936785,0.0619752778711666,-1.1607828140258787,2.4000270650159266,0.07636636297368102,0.6420397325103864,0.8520748615264893,-0.027490466833114624,False,False,False,-0.6331004895137425,False
pirl,4,16,0,0.3324093585618782,200,-124.65198278367585,0.5655148282073275,113.1029656414655,0.7166530107632733,0.2310437172331056,1,0,1,0.005,0.0,0.005,111,-0.5822638869285583,1.1000242233276367,0.2265787273645401,0.045202650129795074,-0.04858271777629852,0.10000000149011612,0.6270809846577704,0.05890808057987035,0.003608340325246919,0.06251642090511726,-1.1659852266311646,2.400027298619794,0.07734606696863025,0.6423620077894223,0.8494559526443481,-0.02728542685508728,False,False,False,-0.6304788051899178,False
pirl,4,16,0,0.3324093585618782,200,-124.65198278367585,0.5655148282073275,113.1029656414655,0.7166530107632733,0.2310437172331056,1,0,1,0.005,0.0,0.005,112,-0.5871221423149109,1.110024333000183,0.2265787273645401,0.045202650129795074,-0.04880160465836525,0.10000000149011612,0.624436300651085,0.059478584283252464,0.00364933927107979,0.06312792355433225,-1.171238511800766,2.400027562650819,0.07842212337598858,0.6426887666368223,0.8468151092529297,-0.02709895372390747,False,False,False,-0.6278376073433933,False
pirl,4,16,0,0.3324093585618782,200,-124.65198278367585,0.5655148282073275,113.1029656414655,0.7166530107632733,0.2310437172331056,1,0,1,0.005,0.0,0.005,113,-0.5920023322105408,1.1200244426727295,0.2265787273645401,0.045202650129795074,-0.04902244359254837,0.10000000149011612,0.6217722439714837,0.060006014243393226,0.003687329030608535,0.06369334327400177,-1.1765386462211609,2.4000278067471714,0.07944908696913613,0.6430198044991937,0.844152569770813,-0.026931047439575195,False,False,False,-0.6251770269508451,False
pirl,4,16,0,0.3324093585618782,200,-124.65198278367585,0.5655148282073275,113.1029656414655,0.7166530107632733,0.2310437172331056,1,0,1,0.005,0.0,0.005,114,-0.5969045758247375,1.1300245523452759,0.2265787273645401,0.045202650129795074,-0.04924529790878296,0.10000000149011612,0.6190887248072784,0.060550051994066205,0.0037264683790436946,0.0642765203731099,-1.1818871498107908,2.400028058529664,0.08050695704109052,0.6433552501535316,0.8414682149887085,-0.026781827211380005,False,False,False,-0.6224970393819985,False
pirl,4,16,0,0.3324093585618782,200,-124.65198278367585,0.5655148282073275,113.1029656414655,0.7166530107632733,0.2310437172331056,1,0,1,0.005,0.0,0.005,115,-0.6018291115760803,1.1400246620178223,0.2265787273645401,0.045202650129795074,-0.04947013035416603,0.10000000149011612,0.6163859763542563,0.061084712272943376,0.0037649501824520456,0.06484966245539542,-1.1872831284999847,2.4000283059722327,0.08156083529940185,0.6436950869672791,0.8387622833251953,-0.026651114225387573,False,False,False,-0.6197978493696923,False
pirl,4,16,0,0.3324093585618782,200,-124.65198278367585,0.5655148282073275,113.1029656414655,0.7166530107632733,0.2310437172331056,1,0,1,0.005,0.0,0.005,116,-0.6067761182785034,1.1500247716903687,0.2265787273645401,0.045202650129795074,-0.04969720169901848,0.10000000149011612,0.6136639833329891,0.06168706171431416,0.0038081828224006114,0.06549524453671476,-1.1927328407764435,2.400028584741572,0.08271593198734901,0.644039736683893,0.8360347151756287,-0.026539117097854614,False,False,False,-0.6170795279093101,False
pirl,4,16,0,0.3324093585618782,200,-124.65198278367585,0.5655148282073275,113.1029656414655,0.7166530107632733,0.2310437172331056,1,0,1,0.005,0.0,0.005,117,-0.6117458343505859,1.160024881362915,0.2265787273645401,0.045202650129795074,-0.049926407635211945,0.10000000149011612,0.6109229316136722,0.062262734529060615,0.00384955874500748,0.06611229327406809,-1.1982337832450867,2.4000288511648784,0.0838443640022128,0.644389088200569,0.8332856893539429,-0.026445716619491577,False,False,False,-0.6143421592271519,False
pirl,4,16,0,0.3324093585618782,200,-124.65198278367585,0.5655148282073275,113.1029656414655,0.7166530107632733,0.2310437172331056,1,0,1,0.005,0.0,0.005,118,-0.616738498210907,1.1700249910354614,0.2265787273645401,0.045202650129795074,-0.050157807767391205,0.10000000149011612,0.6081627761969336,0.06285408122771151,0.0038920233942114427,0.06674610462192296,-1.203787386417389,2.4000291248421113,0.08500391966744741,0.6447432711991833,0.8305151462554932,-0.0263708233833313,False,False,False,-0.6115857442903526,False
pirl,4,16,0,0.3324093585618782,200,-124.65198278367585,0.5655148282073275,113.1029656414655,0.7166530107632733,0.2310437172331056,1,0,1,0.005,0.0,0.005,119,-0.6217542290687561,1.1800251007080078,0.2265787273645401,0.045202650129795074,-0.05039142444729805,0.10000000149011612,0.6053836662299931,0.0634514894304781,0.003934914812232685,0.06738640424271078,-1.209394186735153,2.4000294013246286,0.08618177369797343,0.6451023619229248,0.8277232050895691,-0.026314467191696167,False,False,False,-0.6088104226423469,False
pirl,4,16,0,0.3324093585618782,200,-124.65198278367585,0.5655148282073275,113.1029656414655,0.7166530107632733,0.2310437172331056,1,0,1,0.005,0.0,0.005,120,-0.626793384552002,1.1900252103805542,0.2265787273645401,0.045202650129795074,-0.05062736198306084,0.10000000149011612,0.6025858304496672,0.06407615601876014,0.003979719602769048,0.06805587562152919,-1.21505668759346,2.4000296904224183,0.08740760709207827,0.6454665602858085,0.824910044670105,-0.026276826858520508,False,False,False,-0.6060164474915751,False
pirl,4,16,0,0.3324093585618782,200,-124.65198278367585,0.5655148282073275,113.1029656414655,0.7166530107632733,0.2310437172331056,1,0,1,0.005,0.0,0.005,121,-0.6318561434745789,1.2000254392623901,0.2265787273645401,0.045202650129795074,-0.050865620374679565,0.10000000149011612,0.5997692249190649,0.06470112328073037,0.004024549726825213,0.06872567300755558,-1.2207748889923096,2.40002997965936,0.08864454658972175,0.6458359125632657,0.822075605392456,-0.026257753372192383,False,False,False,-0.6032037462789135,False
pirl,4,16,0,0.3324093585618782,200,-124.65198278367585,0.5655148282073275,113.1029656414655,0.7166530107632733,0.2310437172331056,1,0,1,0.005,0.0,0.005,122,-0.6369426846504211,1.2100255489349365,0.2265787273645401,0.045202650129795074,-0.05110630393028259,0.10000000149011612,0.596934000067251,0.06535336066138173,0.004071291793979114,0.06942465245536084,-1.2265512943267822,2.400030281517005,0.08993047269826433,0.6462106228661751,0.8192200064659119,-0.026257216930389404,False,False,False,-0.6003725000776203,False
pirl,4,16,0,0.3324093585618782,200,-124.65198278367585,0.5655148282073275,113.1029656414655,0.7166530107632733,0.2310437172331056,1,0,1,0.005,0.0,0.005,123,-0.6420533061027527,1.220025658607483,0.2265787273645401,0.045202650129795074,-0.05134931206703186,0.10000000149011612,0.5940802499778075,0.06597989866825817,0.004116231161311128,0.0700961298295693,-1.2323834896087646,2.4000305714808925,0.09119161839124969,0.6465905879428053,0.8163433074951172,-0.026275187730789185,False,False,False,-0.5975227453930727,False
pirl,4,16,0,0.3324093585618782,200,-124.65198278367585,0.5655148282073275,113.1029656414655,0.7166530107632733,0.2310437172331056,1,0,1,0.005,0.0,0.005,124,-0.6471882462501526,1.2300257682800293,0.2265787273645401,0.045202650129795074,-0.051594898104667664,0.10000000149011612,0.5912080268961091,0.0666722403137005,0.004165781917897376,0.07083802223159788,-1.238277554512024,2.400030891898926,0.09255674398135469,0.6469762410427277,0.813445508480072,-0.026311755180358887,False,False,False,-0.5946546361875429,False
pirl,4,16,0,0.3324093585618782,200,-124.65198278367585,0.5655148282073275,113.1029656414655,0.7166530107632733,0.2310437172331056,1,0,1,0.005,0.0,0.005,125,-0.6523477435112,1.2400258779525757,0.2265787273645401,0.045202650129795074,-0.05184301361441612,0.10000000149011612,0.5883174829657063,0.06735240404731871,0.004214492740694165,0.07156689678801287,-1.244232326745987,2.40003120668098,0.09391695249772763,0.6473675616781348,0.8105267286300659,-0.026366829872131348,False,False,False,-0.5917682405011557,False
pirl,4,16,0,0.3324093585618782,200,-124.65198278367585,0.5655148282073275,113.1029656414655,0.7166530107632733,0.2310437172331056,1,0,1,0.005,0.0,0.005,126,-0.6575320363044739,1.250025987625122,0.2265787273645401,0.045202650129795074,-0.05209367722272873,0.10000000149011612,0.5854087250047891,0.0680377017014485,0.004263554489784086,0.0723012561912326,-1.2502482533454895,2.400031523839029,0.09529668289296467,0.6477646311901888,0.8075870275497437,-0.026440411806106567,False,False,False,-0.5888636845488632,False
pirl,4,16,0,0.3324093585618782,200,-124.65198278367585,0.5655148282073275,113.1029656414655,0.7166530107632733,0.2310437172331056,1,0,1,0.005,0.0,0.005,127,-0.6627414226531982,1.260026216506958,0.2265787273645401,0.045202650129795074,-0.05234730988740921,0.10000000149011612,0.5824819777008494,0.06883219886870184,0.004320287622670364,0.07315248649137221,-1.256335437297821,2.4000318915349794,0.09684515874089383,0.6481681526849425,0.8046265840530396,-0.026532471179962158,False,False,False,-0.5859413104391776,False
pirl,4,16,0,0.3324093585618782,200,-124.65198278367585,0.5655148282073275,113.1029656414655,0.7166530107632733,0.2310437172331056,1,0,1,0.005,0.0,0.005,128,-0.6679761409759521,1.2700263261795044,0.2265787273645401,0.045202650129795074,-0.05260346457362175,0.10000000149011612,0.5795371251423506,0.06951148755668234,0.0043689524353368245,0.07388043999201915,-1.262483149766922,2.4000322059120593,0.09824270830645082,0.648577497302886,0.8016452193260193,-0.026643067598342896,False,False,False,-0.5830007567484479,False
pirl,4,16,0,0.3324093585618782,200,-124.65198278367585,0.5655148282073275,113.1029656414655,0.7166530107632733,0.2310437172331056,1,0,1,0.005,0.0,0.005,129,-0.6732364892959595,1.2800264358520508,0.2265787273645401,0.045202650129795074,-0.052862461656332016,0.10000000149011612,0.5765743876529174,0.07027392039702966,0.00442341680121612,0.07469733719824578,-1.2686990797519684,2.4000325587685327,0.09977280248219705,0.6489932173132286,0.7986431121826172,-0.02677208185195923,False,False,False,-0.5800424604911523,False
pirl,4,16,0,0.3324093585618782,200,-124.65198278367585,0.5655148282073275,113.1029656414655,0.7166530107632733,0.2310437172331056,1,0,1,0.005,0.0,0.005,130,-0.6785227656364441,1.2900265455245972,0.2265787273645401,0.045202650129795074,-0.05312421917915344,0.10000000149011612,0.5735940110993302,0.07101554712041357,0.0044764389782601865,0.07549198609867375,-1.2749812602996826,2.400032901995864,0.10128709260005758,0.6494152468657288,0.7956204414367676,-0.026919573545455933,False,False,False,-0.5770665554479901,False
pirl,4,16,0,0.3324093585618782,200,-124.65198278367585,0.5655148282073275,113.1029656414655,0.7166530107632733,0.2310437172331056,1,0,1,0.005,0.0,0.005,131,-0.6838351488113403,1.3000266551971436,0.2265787273645401,0.045202650129795074,-0.05338916927576065,0.10000000149011612,0.5705959381853908,0.07186928465747017,0.004537327487843616,0.07640661214531379,-1.2813400626182558,2.4000332971084557,0.10297873075404222,0.6498443249105373,0.7925770878791809,-0.02708551287651062,False,False,False,-0.5740731334772551,False
pirl,4,16,0,0.3324093585618782,200,-124.65198278367585,0.5655148282073275,113.1029656414655,0.7166530107632733,0.2310437172331056,1,0,1,0.005,0.0,0.005,132,-0.6891740560531616,1.3100268840789795,0.2265787273645401,0.045202650129795074,-0.05365690588951111,0.10000000149011612,0.567580281261849,0.07261844483072623,0.0045908946024279616,0.0772093394331542,-1.2877657413482664,2.400033643822294,0.10453384694406762,0.6502798826061377,0.789513111114502,-0.02726978063583374,False,False,False,-0.5710620694658566,False
pirl,4,16,0,0.3324093585618782,200,-124.65198278367585,0.5655148282073275,113.1029656414655,0.7166530107632733,0.2310437172331056,1,0,1,0.005,0.0,0.005,133,-0.6945397853851318,1.3200269937515259,0.2265787273645401,0.045202650129795074,-0.05392814800143242,0.10000000149011612,0.5645473049471249,0.07355388124657936,0.0046575130772070535,0.0782113943237864,-1.294275552034378,2.400034076745399,0.10637718035287184,0.650723120857608,0.786428689956665,-0.027472496032714844,False,False,False,-0.5680339502109297,False
pirl,4,16,0,0.3324093585618782,200,-124.65198278367585,0.5655148282073275,113.1029656414655,0.7166530107632733,0.2310437172331056,1,0,1,0.005,0.0,0.005,134,-0.6999325752258301,1.3300271034240723,0.2265787273645401,0.045202650129795074,-0.0542021282017231,0.10000000149011612,0.5614970700044898,0.07429134679789055,0.00471026913560727,0.07900161593349782,-1.3008510768413541,2.4000344180469266,0.10794678652575201,0.6511728991347986,0.7833238244056702,-0.02769353985786438,False,False,False,-0.5649884145860262,False
pirl,4,16,0,0.3324093585618782,200,-124.65198278367585,0.5655148282073275,113.1029656414655,0.7166530107632733,0.2310437172331056,1,0,1,0.005,0.0,0.005,135,-0.705352783203125,1.3400272130966187,0.2265787273645401,0.045202650129795074,-0.05447964370250702,0.10000000149011612,0.5584296642087376,0.07523528806694518,0.004777464745680891,0.08001275281262607,-1.3075114488601685,2.4000348549061075,0.10983708241354291,0.651630553644855,0.7801985144615173,-0.027932971715927124,False,False,False,-0.5619259949609132,False
pirl,4,16,0,0.3324093585618782,200,-124.65198278367585,0.5655148282073275,113.1029656414655,0.7166530107632733,0.2310437172331056,1,0,1,0.005,0.0,0.005,136,-0.7108007669448853,1.3500274419784546,0.2265787273645401,0.045202650129795074,-0.05476037412881851,0.10000000149011612,0.5553452704523842,0.07609689121460592,0.004838931729432503,0.08093582294403842,-1.3142489790916443,2.4000352536589302,0.11162386833153053,0.6520956530962364,0.7770528793334961,-0.028190642595291138,False,False,False,-0.5588465614462934,False
pirl,4,16,0,0.3324093585618782,200,-124.65198278367585,0.5655148282073275,113.1029656414655,0.7166530107632733,0.2310437172331056,1,0,1,0.005,0.0,0.005,137,-0.7162768244743347,1.360027551651001,0.2265787273645401,0.045202650129795074,-0.05504477396607399,0.10000000149011612,0.5522439888717867,0.0770764265467886,0.004908651999133985,0.08198507854592259,-1.3210745751857755,2.4000357069911638,0.1136046475282515,0.6525690057942708,0.7738869190216064,-0.028466641902923584,False,False,False,-0.5557504351362649,False
pirl,4,16,0,0.3324093585618782,200,-124.65198278367585,0.5655148282073275,113.1029656414655,0.7166530107632733,0.2310437172331056,1,0,1,0.005,0.0,0.005,138,-0.7217812538146973,1.3700276613235474,0.2265787273645401,0.045202650129795074,-0.055332496762275696,0.10000000149011612,0.5491259675719437,0.07796686795435863,0.004972138832128361,0.082939006786487,-1.3279799222946167,2.40003611909043,0.11547174803382398,0.653050138077745,0.7707006931304932,-0.028760939836502075,False,False,False,-0.5526375385996805,False
pirl,4,16,0,0.3324093585618782,200,-124.65198278367585,0.5655148282073275,113.1029656414655,0.7166530107632733,0.2310437172331056,1,0,1,0.005,0.0,0.005,139,-0.7273145318031311,1.3800278902053833,0.2265787273645401,0.045202650129795074,-0.055624015629291534,0.10000000149011612,0.5459914141357051,0.078980073472603,0.005044215399068973,0.08402428887167197,-1.3349763751029968,2.400036588005337,0.11754283370536939,0.6535398998848507,0.7674943208694458,-0.029073476791381836,False,False,False,-0.5495083132531537,False
pirl,4,16,0,0.3324093585618782,200,-124.65198278367585,0.5655148282073275,113.1029656414655,0.7166530107632733,0.2310437172331056,1,0,1,0.005,0.0,0.005,140,-0.7328768968582153,1.3900279998779297,0.2265787273645401,0.045202650129795074,-0.05591911822557449,0.10000000149011612,0.5428403084978896,0.07993889135388096,0.005112498690384522,0.08505139004426548,-1.3420588374137876,2.4000370317494637,0.11955288177623005,0.6540380368922517,0.7642676830291748,-0.02940422296524048,False,False,False,-0.5463625468145371,False
pirl,4,16,0,0.3324093585618782,200,-124.65198278367585,0.5655148282073275,113.1029656414655,0.7166530107632733,0.2310437172331056,1,0,1,0.005,0.0,0.005,141,-0.7384688258171082,1.400028109550476,0.2265787273645401,0.045202650129795074,-0.05621787905693054,0.10000000149011612,0.5396729979402742,0.08091742711406337,0.005182138785109521,0.08609956589917289,-1.349229097366333,2.4000374846190913,0.12161347448107505,0.6545447597025895,0.7610210180282593,-0.02975320816040039,False,False,False,-0.5432006676093419,False
pirl,4,16,0,0.3324093585618782,200,-124.65198278367585,0.5655148282073275,113.1029656414655,0.7166530107632733,0.2310437172331056,1,0,1,0.005,0.0,0.005,142,-0.7440906167030334,1.410028338432312,0.2265787273645401,0.045202650129795074,-0.05652087926864624,0.10000000149011612,0.5364894556902688,0.08204675111487823,0.005262372798859676,0.08730912391373791,-1.3565011024475098,2.4000380072740217,0.12392640306527697,0.6550611197153615,0.7577542066574097,-0.030120283365249634,False,False,False,-0.5400227985601866,False
pirl,4,16,0,0.3324093585618782,200,-124.65198278367585,0.5655148282073275,113.1029656414655,0.7166530107632733,0.2310437172331056,1,0,1,0.005,0.0,0.005,143,-0.7497426867485046,1.4200284481048584,0.2265787273645401,0.045202650129795074,-0.05682769790291786,0.10000000149011612,0.5332899925741104,0.0830677999603909,0.005335033427167549,0.08840283338755846,-1.3638647496700287,2.4000384798188477,0.12609752971494048,0.6555865260891738,0.7544674277305603,-0.03050556778907776,False,False,False,-0.5368289676746726,False
pirl,4,16,0,0.3324093585618782,200,-124.65198278367585,0.5655148282073275,113.1029656414655,0.7166530107632733,0.2310437172331056,1,0,1,0.005,0.0,0.005,144,-0.7554254531860352,1.4300286769866943,0.2265787273645401,0.045202650129795074,-0.057138826698064804,0.10000000149011612,0.5300745877918698,0.08421649238200826,0.005416617957433517,0.08963311033944178,-1.371331840753555,2.4000390114375483,0.12848885192792076,0.6561218963055401,0.7511605620384216,-0.03090888261795044,False,False,False,-0.5336194143919992,False
pirl,4,16,0,0.3324093585618782,200,-124.65198278367585,0.5655148282073275,113.1029656414655,0.7166530107632733,0.2310437172331056,1,0,1,0.005,0.0,0.005,145,-0.7611393928527832,1.4400287866592407,0.2265787273645401,0.045202650129795074,-0.05745384469628334,0.10000000149011612,0.5268435546835951,0.08525691612690016,0.0054906205127460425,0.0907475366396462,-1.3788922727108002,2.400039492949142,0.1307378089139226,0.6566666371760147,0.747833788394928,-0.03133028745651245,False,False,False,-0.5303941938226318,False
pirl,4,16,0,0.3324093585618782,200,-124.65198278367585,0.5655148282073275,113.1029656414655,0.7166530107632733,0.2310437172331056,1,0,1,0.005,0.0,0.005,146,-0.7668847441673279,1.4500290155410767,0.2265787273645401,0.045202650129795074,-0.05777335166931152,0.10000000149011612,0.5235970904127272,0.0864529389040947,0.005575510609749108,0.0920284495138438,-1.3865604400634768,2.4000400464724896,0.1332536737545725,0.6572218608166588,0.7444871664047241,-0.03176981210708618,False,False,False,-0.5271537955255206,False
pirl,4,16,0,0.3324093585618782,200,-124.65198278367585,0.5655148282073275,113.1029656414655,0.7166530107632733,0.2310437172331056,1,0,1,0.005,0.0,0.005,147,-0.7726621031761169,1.460029125213623,0.2265787273645401,0.045202650129795074,-0.058097295463085175,0.10000000149011612,0.5203351905458866,0.08763611425235134,0.005659533982301481,0.09329564823465282,-1.3943350911140442,2.400040594050004,0.13577722065186212,0.6577875992360416,0.7411205768585205,-0.032227277755737305,False,False,False,-0.5238980346430415,False
pirl,4,16,0,0.3324093585618782,200,-124.65198278367585,0.5655148282073275,113.1029656414655,0.7166530107632733,0.2310437172331056,1,0,1,0.005,0.0,0.005,148,-0.778471827507019,1.470029354095459,0.2265787273645401,0.045202650129795074,-0.05842583253979683,0.10000000149011612,0.517058131921482,0.0888603358941251,0.00574642290480725,0.09460675879893235,-1.4022199809551241,2.4000411606238807,0.1383933900030153,0.6583642383610542,0.7377341389656067,-0.03270277380943298,False,False,False,-0.5206272487688438,False
pirl,4,16,0,0.3324093585618782,200,-124.65198278367585,0.5655148282073275,113.1029656414655,0.7166530107632733,0.2310437172331056,1,0,1,0.005,0.0,0.005,149,-0.7843143939971924,1.4800294637680054,0.2265787273645401,0.045202650129795074,-0.05875907093286514,0.10000000149011612,0.5137661122795834,0.09011311887954485,0.005835316695842661,0.09594843557538751,-1.4102177023887632,2.400041740416042,0.14108411909996624,0.658952088857304,0.7343279123306274,-0.033196210861206055,False,False,False,-0.517341624756058,False
pirl,4,16,0,0.3324093585618782,200,-124.65198278367585,0.5655148282073275,113.1029656414655,0.7166530107632733,0.2310437172331056,1,0,1,0.005,0.0,0.005,150,-0.7901902794837952,1.4900296926498413,0.2265787273645401,0.045202650129795074,-0.05909700319170952,0.10000000149011612,0.5104592222322815,0.09136460710565787,0.005924111754389062,0.09728871886004693,-1.4183280766010284,2.400042319608985,0.14380310638220317,0.6595512684672299,0.730901837348938,-0.03370752930641174,False,False,False,-0.5140412219276229,False
pirl,4,16,0,0.3324093585618782,200,-124.65198278367585,0.5655148282073275,113.1029656414655,0.7166530107632733,0.2310437172331056,1,0,1,0.005,0.0,0.005,151,-0.7961000204086304,1.5000298023223877,0.2265787273645401,0.045202650129795074,-0.059439875185489655,0.10000000149011612,0.5071378131820865,0.09268031014803164,0.006017402210920327,0.09869771235895197,-1.4265570044517517,2.4000429285207603,0.14665576924081983,0.6601623341724,0.7274560928344727,-0.034236788749694824,False,False,False,-0.5107264664836206,False
pirl,4,16,0,0.3324093585618782,200,-124.65198278367585,0.5655148282073275,113.1029656414655,0.7166530107632733,0.2310437172331056,1,0,1,0.005,0.0,0.005,152,-0.8020439743995667,1.5100300312042236,0.2265787273645401,0.045202650129795074,-0.059787821024656296,0.10000000149011612,0.5038018531667448,0.09403137855548141,0.006113180834497793,0.10014455938997921,-1.4349077045917513,2.4000435537997444,0.14959824981769243,0.6607856602133071,0.7239904999732971,-0.03478381037712097,False,False,False,-0.5073972982873244,False
pirl,4,16,0,0.3324093585618782,200,-124.65198278367585,0.5655148282073275,113.1029656414655,0.7166530107632733,0.2310437172331056,1,0,1,0.005,0.0,0.005,153,-0.8080227971076965,1.52003014087677,0.2265787273645401,0.045202650129795074,-0.060140836983919144,0.10000000149011612,0.50045171746104,0.09538217312134468,0.006208932038967803,0.10159110516031249,-1.4433800876140594,2.400044178951994,0.15257444059433908,0.6614213870491168,0.7205052375793457,-0.035348713397979736,False,False,False,-0.5040540555763121,False
pirl,4,16,0,0.3324093585618782,200,-124.65198278367585,0.5655148282073275,113.1029656414655,0.7166530107632733,0.2310437172331056,1,0,1,0.005,0.0,0.005,154,-0.8140368461608887,1.530030369758606,0.2265787273645401,0.045202650129795074,-0.060499485582113266,0.10000000149011612,0.497087506154897,0.09687913464536135,0.006314936884423116,0.10319407152978446,-1.4519876539707184,2.4000448717508016,0.15582343931732126,0.6620706513796056,0.7170002460479736,-0.03593131899833679,False,False,False,-0.5006970045501,False
pirl,4,16,0,0.3324093585618782,200,-124.65198278367585,0.5655148282073275,113.1029656414655,0.7166530107632733,0.2310437172331056,1,0,1,0.005,0.0,0.005,155,-0.8200867772102356,1.540030598640442,0.2265787273645401,0.045202650129795074,-0.06086333468556404,0.10000000149011612,0.49370947808389753,0.09826513401992973,0.00641316812318926,0.10467830214311899,-1.460720032453537,2.4000455131959546,0.15892974513407462,0.6627328586509976,0.7134755849838257,-0.036531656980514526,False,False,False,-0.49732612329997916,False
pirl,4,16,0,0.3324093585618782,200,-124.65198278367585,0.5655148282073275,113.1029656414655,0.7166530107632733,0.2310437172331056,1,0,1,0.005,0.0,0.005,156,-0.8261731266975403,1.5500307083129883,0.2265787273645401,0.045202650129795074,-0.06123267859220505,0.10000000149011612,0.49031782698514115,0.09972791586230503,0.006516737228053902,0.10624465309035894,-1.4695842862129211,2.4000461901762904,0.16219904840457855,0.66340868801935,0.7099312543869019,-0.037149667739868164,False,False,False,-0.49394181200707454,False
pirl,4,16,0,0.3324093585618782,200,-124.65198278367585,0.5655148282073275,113.1029656414655,0.7166530107632733,0.2310437172331056,1,0,1,0.005,0.0,0.005,157,-0.8322964310646057,1.5600309371948242,0.2265787273645401,0.045202650129795074,-0.06160790100693703,0.10000000149011612,0.4869128977113423,0.10129070840599207,0.006627337447296646,0.10791804585328871,-1.4785896241664886,2.4000469134419142,0.16567331125829554,0.6640989934829262,0.7063673734664917,-0.03778544068336487,False,False,False,-0.49054444759813987,False
pirl,4,16,0,0.3324093585618782,200,-124.65198278367585,0.5655148282073275,113.1029656414655,0.7166530107632733,0.2310437172331056,1,0,1,0.005,0.0,0.005,158,-0.8384571671485901,1.5700311660766602,0.2265787273645401,0.045202650129795074,-0.06198897585272789,0.10000000149011612,0.48349467929559925,0.10284758634225967,0.006737529467456363,0.10958511580971603,-1.4877354204654696,2.4000476339702383,0.1691803887679338,0.6648039117694593,0.7027837634086609,-0.038438647985458374,False,False,False,-0.48713390618868596,False
pirl,4,16,0,0.3324093585618782,200,-124.65198278367585,0.5655148282073275,113.1029656414655,0.7166530107632733,0.2310437172331056,1,0,1,0.005,0.0,0.005,159,-0.8446561098098755,1.5800312757492065,0.2265787273645401,0.045202650129795074,-0.06237594410777092,0.10000000149011612,0.48006354962235065,0.10441585807869302,0.006848493881386698,0.11126435196007972,-1.497022658586502,2.4000483597716507,0.17274962196648425,0.6655237018609863,0.699180543422699,-0.03910946846008301,False,False,False,-0.48371058594029126,False
pirl,4,16,0,0.3324093585618782,200,-124.65198278367585,0.5655148282073275,113.1029656414655,0.7166530107632733,0.2310437172331056,1,0,1,0.005,0.0,0.005,160,-0.8508936762809753,1.5900315046310425,0.2265787273645401,0.045202650129795074,-0.06276920437812805,0.10000000149011612,0.47661972239625133,0.10608803457790371,0.006966737886704913,0.11305477246460863,-1.506460905075073,2.400049133660536,0.17653798981729063,0.6662592768185583,0.695557713508606,-0.03979775309562683,False,False,False,-0.480274807175363,False
pirl,4,16,0,0.3324093585618782,200,-124.65198278367585,0.5655148282073275,113.1029656414655,0.7166530107632733,0.2310437172331056,1,0,1,0.005,0.0,0.005,161,-0.857170581817627,1.6000317335128784,0.2265787273645401,0.045202650129795074,-0.06316883862018585,0.10000000149011612,0.47316338839814276,0.1077823047255911,0.007086539671191949,0.11486884439678305,-1.5160521268844602,2.400049917774435,0.1804116412748909,0.667010991990537,0.6919152140617371,-0.040503501892089844,False,False,False,-0.47682667560050784,False
pirl,4,16,0,0.3324093585618782,200,-124.65198278367585,0.5655148282073275,113.1029656414655,0.7166530107632733,0.2310437172331056,1,0,1,0.005,0.0,0.005,162,-0.8634874820709229,1.6100319623947144,0.2265787273645401,0.045202650129795074,-0.0635749101638794,0.10000000149011612,0.46969490858686797,0.10949383855773046,0.007207531401860593,0.11670136995959104,-1.5257978439331052,2.400050709878026,0.1843639036528483,0.6677791749224239,0.6882531642913818,-0.04122662544250488,False,False,False,-0.47336654921194593,False
pirl,4,16,0,0.3324093585618782,200,-124.65198278367585,0.5655148282073275,113.1029656414655,0.7166530107632733,0.2310437172331056,1,0,1,0.005,0.0,0.005,163,-0.8698449730873108,1.6200321912765503,0.2265787273645401,0.045202650129795074,-0.06398756802082062,0.10000000149011612,0.4662144307435386,0.11124480871902735,0.007331268494058221,0.11857607721308558,-1.5357016324996948,2.400051520232881,0.18843425645132644,0.6685643176576378,0.6845714449882507,-0.04196709394454956,False,False,False,-0.4698946030951276,False
pirl,4,16,0,0.3324093585618782,200,-124.65198278367585,0.5655148282073275,113.1029656414655,0.7166530107632733,0.2310437172331056,1,0,1,0.005,0.0,0.005,164,-0.8762437701225281,1.6300324201583862,0.2265787273645401,0.045202650129795074,-0.06440714001655579,0.10000000149011612,0.4627222841016013,0.11308149451366836,0.007461009705048945,0.1205425042187173,-1.5457713603973386,2.400052370257219,0.19270494963727217,0.6693672549477931,0.6808701157569885,-0.0427248477935791,False,False,False,-0.46641122295060095,False
pirl,4,16,0,0.3324093585618782,200,-124.65198278367585,0.5655148282073275,113.1029656414655,0.7166530107632733,0.2310437172331056,1,0,1,0.005,0.0,0.005,165,-0.8826844692230225,1.6400325298309326,0.2265787273645401,0.045202650129795074,-0.06483377516269684,0.10000000149011612,0.45921867492723634,0.11495771085078149,0.00759352195587782,0.1225512328066593,-1.5560106039047241,2.400053238576424,0.19710027404683492,0.670188506089655,0.6771491169929504,-0.04349973797798157,False,False,False,-0.46291656920265506,False
pirl,4,16,0,0.3324093585618782,200,-124.65198278367585,0.5655148282073275,113.1029656414655,0.7166530107632733,0.2310437172331056,1,0,1,0.005,0.0,0.005,166,-0.889167845249176,1.6500327587127686,0.2265787273645401,0.045202650129795074,-0.06526744365692139,0.10000000149011612,0.45570404838104284,0.1168272198099748,0.0077255380582041365,0.12455275786817895,-1.5664186477661135,2.4000541037914327,0.20154204499760497,0.6710282646104784,0.673408567905426,-0.04429188370704651,False,False,False,-0.45941103817733264,False
pirl,4,16,0,0.3324093585618782,200,-124.65198278367585,0.5655148282073275,113.1029656414655,0.7166530107632733,0.2310437172331056,1,0,1,0.005,0.0,0.005,167,-0.8956945538520813,1.6600329875946045,0.2265787273645401,0.045202650129795074,-0.06570861488580704,0.10000000149011612,0.45217850655066694,0.11881911616484024,0.00786611550853084,0.1266852316733711,-1.577006757259369,2.4000550256477373,0.20625765914211402,0.6718876715235705,0.669648289680481,-0.04510107636451721,False,False,False,-0.45589487972579884,False
pirl,4,16,0,0.3324093585618782,200,-124.65198278367585,0.5655148282073275,113.1029656414655,0.7166530107632733,0.2310437172331056,1,0,1,0.005,0.0,0.005,168,-0.9022654294967651,1.6700332164764404,0.2265787273645401,0.045202650129795074,-0.06615734845399857,0.10000000149011612,0.44864243273668153,0.12082752619649076,0.008007852272073634,0.12883537846856438,-1.5877763628959654,2.4000559551466276,0.21106638361550584,0.6727671147886352,0.66586834192276,-0.04592728614807129,False,False,False,-0.4523683663315646,False
pirl,4,16,0,0.3324093585618782,200,-124.65198278367585,0.5655148282073275,113.1029656414655,0.7166530107632733,0.2310437172331056,1,0,1,0.005,0.0,0.005,169,-0.9088811874389648,1.6800334453582764,0.2265787273645401,0.045202650129795074,-0.06661372631788254,0.10000000149011612,0.44509614718215423,0.12285820961907352,0.008151116453680385,0.1310093260727539,-1.5987294316291807,2.4000568949537175,0.21598017888150645,0.6736670322006414,0.6620687246322632,-0.04677039384841919,False,False,False,-0.4488318270477253,False
pirl,4,16,0,0.3324093585618782,200,-124.65198278367585,0.5655148282073275,113.1029656414655,0.7166530107632733,0.2310437172331056,1,0,1,0.005,0.0,0.005,170,-0.9155425429344177,1.6900336742401123,0.2265787273645401,0.045202650129795074,-0.06707809865474701,0.10000000149011612,0.44153995641936167,0.12498055801745873,0.00830078553795188,0.1332813435554106,-1.609874367713928,2.4000578771836647,0.2211253625320639,0.6745883878778584,0.6582493782043457,-0.0476304292678833,False,False,False,-0.44528565049873686,False
pirl,4,16,0,0.3324093585618782,200,-124.65198278367585,0.5655148282073275,113.1029656414655,0.7166530107632733,0.2310437172331056,1,0,1,0.005,0.0,0.005,171,-0.9222503304481506,1.7000340223312378,0.2265787273645401,0.045202650129795074,-0.06755051016807556,0.10000000149011612,0.4379742677504256,0.1271156416949859,0.008451331592720483,0.1355669732877064,-1.6212122440338137,2.400058865307542,0.22636512803688882,0.6755315759113454,0.6544103622436523,-0.04850727319717407,False,False,False,-0.44173016131723153,False
pirl,4,16,0,0.3324093585618782,200,-124.65198278367585,0.5655148282073275,113.1029656414655,0.7166530107632733,0.2310437172331056,1,0,1,0.005,0.0,0.005,172,-0.9290053844451904,1.7100342512130737,0.2265787273645401,0.045202650129795074,-0.06803136318922043,0.10000000149011612,0.4343992054171209,0.1293559424320892,0.008609227281141078,0.13796516971323028,-1.63275271654129,2.4000599021262277,0.2318689275925103,0.6764976964429809,0.650551438331604,-0.049400776624679565,False,False,False,-0.4381655918636419,False
pirl,4,16,0,0.3324093585618782,200,-124.65198278367585,0.5655148282073275,113.1029656414655,0.7166530107632733,0.2310437172331056,1,0,1,0.005,0.0,0.005,173,-0.935808539390564,1.7200344800949097,0.2265787273645401,0.045202650129795074,-0.06852081418037415,0.10000000149011612,0.4308153556492862,0.13163796173988326,0.008770036638620015,0.1404079983785033,-1.6444995403289797,2.400060958252407,0.23752719010987694,0.6774873930684386,0.646672785282135,-0.05031096935272217,False,False,False,-0.4345924644566666,False
pirl,4,16,0,0.3324093585618782,200,-124.65198278367585,0.5655148282073275,113.1029656414655,0.7166530107632733,0.2310437172331056,1,0,1,0.005,0.0,0.005,174,-0.9426606297492981,1.7300347089767456,0.2265787273645401,0.045202650129795074,-0.06901896744966507,0.10000000149011612,0.4272229132997908,0.13394821848591917,0.008932788546429218,0.1428810070323484,-1.6564552187919648,2.4000620274469675,0.2433184721483851,0.6785012200357236,0.642774224281311,-0.05123761296272278,False,False,False,-0.4310109630732025,False
pirl,4,16,0,0.3324093585618782,200,-124.65198278367585,0.5655148282073275,113.1029656414655,0.7166530107632733,0.2310437172331056,1,0,1,0.005,0.0,0.005,175,-0.9495625495910645,1.7400349378585815,0.2265787273645401,0.045202650129795074,-0.06952592730522156,0.10000000149011612,0.42362243337170796,0.13628673204643826,0.009097477194840008,0.14538420924127826,-1.668622255325315,2.4000631097188756,0.24924559360508897,0.6795397433424114,0.6388558745384216,-0.052180707454681396,False,False,False,-0.42742164697672025,False
pirl,4,16,0,0.3324093585618782,200,-124.65198278367585,0.5655148282073275,113.1029656414655,0.7166530107632733,0.2310437172331056,1,0,1,0.005,0.0,0.005,176,-0.9565151333808899,1.750035285949707,0.2265787273645401,0.045202650129795074,-0.07004231214523315,0.10000000149011612,0.4200141280654633,0.13878648715891162,0.009273447708950397,0.148059934867862,-1.6810154914855957,2.4000642666139154,0.25555910539756166,0.6806045729482346,0.6349174976348877,-0.05314019322395325,False,False,False,-0.4238248827674487,False
pirl,4,16,0,0.3324093585618782,200,-124.65198278367585,0.5655148282073275,113.1029656414655,0.7166530107632733,0.2310437172331056,1,0,1,0.005,0.0,0.005,177,-0.9635193347930908,1.760035514831543,0.2265787273645401,0.045202650129795074,-0.0705680400133133,0.10000000149011612,0.4163984907535661,0.14126648391425584,0.00944801694528798,0.15071450085954383,-1.693632960319519,2.4000654143647204,0.2619294320503483,0.6816959455817777,0.630959153175354,-0.054115891456604004,False,False,False,-0.4202209710289141,False
pirl,4,16,0,0.3324093585618782,200,-124.65198278367585,0.5655148282073275,113.1029656414655,0.7166530107632733,0.2310437172331056,1,0,1,0.005,0.0,0.005,178,-0.9705761671066284,1.770035743713379,0.2265787273645401,0.045202650129795074,-0.07110351324081421,0.10000000149011612,0.4127760470218068,0.14385191428393876,0.009629922876825922,0.1534818371607647,-1.7064843177795437,2.4000666109105557,0.2685934921704222,0.6828150851324878,0.6269809007644653,-0.055107682943344116,False,False,False,-0.41661058021754815,False
pirl,4,16,0,0.3324093585618782,200,-124.65198278367585,0.5655148282073275,113.1029656414655,0.7166530107632733,0.2310437172331056,1,0,1,0.005,0.0,0.005,179,-0.9776865243911743,1.7800360918045044,0.2265787273645401,0.045202650129795074,-0.07164888083934784,0.10000000149011612,0.40914695258031053,0.14647736851685336,0.009814604932444139,0.1562919734492975,-1.719573140144348,2.4000678259795687,0.27543426606366594,0.683962727907753,0.622982382774353,-0.05611550807952881,False,False,False,-0.41299380099053695,False
pirl,4,16,0,0.3324093585618782,200,-124.65198278367585,0.5655148282073275,113.1029656414655,0.7166530107632733,0.2310437172331056,1,0,1,0.005,0.0,0.005,180,-0.9848513603210449,1.7900363206863403,0.2265787273645401,0.045202650129795074,-0.07220420986413956,0.10000000149011612,0.4055119560336388,0.14912165967404672,0.010000548874350972,0.1591222085483977,-1.7329010367393494,2.4000690497663735,0.2824150864834537,0.6851394574347675,0.6189638376235962,-0.05713927745819092,False,False,False,-0.4093713626040265,False
pirl,4,16,0,0.3324093585618782,200,-124.65198278367585,0.5655148282073275,113.1029656414655,0.7166530107632733,0.2310437172331056,1,0,1,0.005,0.0,0.005,181,-0.992071807384491,1.8000366687774658,0.2265787273645401,0.045202650129795074,-0.0727701187133789,0.10000000149011612,0.40187133580772355,0.15192739837979816,0.01019776885531469,0.16212516723511283,-1.746482849121094,2.4000703482716443,0.2898139582300742,0.6863470155940594,0.6149250268936157,-0.05817878246307373,False,False,False,-0.40574370907273605,False
pirl,4,16,0,0.3324093585618782,200,-124.65198278367585,0.5655148282073275,113.1029656414655,0.7166530107632733,0.2310437172331056,1,0,1,0.005,0.0,0.005,182,-0.9993488192558289,1.8100368976593018,0.2265787273645401,0.045202650129795074,-0.0733465850353241,0.10000000149011612,0.3982255887120979,0.1547290082562081,0.010394668028453933,0.16512367628466204,-1.7603180408477783,2.4000716448660793,0.2973202126687763,0.6875858498135127,0.6108658909797668,-0.059233903884887695,False,False,False,-0.40211116271518293,False
pirl,4,16,0,0.3324093585618782,200,-124.65198278367585,0.5655148282073275,113.1029656414655,0.7166530107632733,0.2310437172331056,1,0,1,0.005,0.0,0.005,183,-1.0066834688186646,1.8200372457504272,0.2265787273645401,0.045202650129795074,-0.07393418252468109,0.10000000149011612,0.39457520400455676,0.15768060139072176,0.010602021540286721,0.16828262293100849,-1.7744203805923462,2.400073010873269,0.3052372984912937,0.6888576718905597,0.6067863702774048,-0.06030440330505371,False,False,False,-0.39847438952281916,False
pirl,4,16,0,0.3324093585618782,200,-124.65198278367585,0.5655148282073275,113.1029656414655,0.7166530107632733,0.2310437172331056,1,0,1,0.005,0.0,0.005,184,-1.0140769481658936,1.8300374746322632,0.2265787273645401,0.045202650129795074,-0.07453262805938721,0.10000000149011612,0.3909209305188927,0.16056072020411524,0.010804307808168316,0.17136502801228357,-1.788783073425293,2.4000743438019025,0.31313944053101916,0.6901624195594389,0.6026865243911743,-0.06139048933982849,False,False,False,-0.39483389978565353,False
pirl,4,16,0,0.3324093585618782,200,-124.65198278367585,0.5655148282073275,113.1029656414655,0.7166530107632733,0.2310437172331056,1,0,1,0.005,0.0,0.005,185,-1.0215301513671875,1.8400378227233887,0.2265787273645401,0.045202650129795074,-0.07514256238937378,0.10000000149011612,0.3872629828167525,0.16360821202429388,0.011018240235225499,0.17462645225951937,-1.8034214973449707,2.4000757541913242,0.3214991779492055,0.6915019994675606,0.5985660552978516,-0.06249156594276428,False,False,False,-0.3911901770371089,False
pirl,4,16,0,0.3324093585618782,200,-124.65198278367585,0.5655148282073275,113.1029656414655,0.7166530107632733,0.2310437172331056,1,0,1,0.005,0.0,0.005,186,-1.0290443897247314,1.8500381708145142,0.2265787273645401,0.045202650129795074,-0.07576434314250946,0.10000000149011612,0.3836021488721951,0.16675003521114126,0.011238757105550834,0.1779887923166921,-1.818344235420227,2.4000772082376187,0.3301828500602497,0.6928777613428116,0.5944250226020813,-0.06360778212547302,False,False,False,-0.3875439407591373,False
pirl,4,16,0,0.3324093585618782,200,-124.65198278367585,0.5655148282073275,113.1029656414655,0.7166530107632733,0.2310437172331056,1,0,1,0.005,0.0,0.005,187,-1.036620855331421,1.8600385189056396,0.2265787273645401,0.045202650129795074,-0.07639799267053604,0.10000000149011612,0.3799388850459164,0.16989951544601767,0.011459736586797813,0.18135925203281547,-1.833551824092865,2.4000786658276207,0.33902383575651723,0.6942903606584638,0.5902632474899292,-0.06473881006240845,False,False,False,-0.38389555719849244,False
pirl,4,16,0,0.3324093585618782,200,-124.65198278367585,0.5655148282073275,113.1029656414655,0.7166530107632733,0.2310437172331056,1,0,1,0.005,0.0,0.005,188,-1.0442606210708618,1.8700387477874756,0.2265787273645401,0.045202650129795074,-0.07704400271177292,0.10000000149011612,0.3762737931098956,0.17317804369489262,0.011689678598417687,0.1848677222933103,-1.8490560650825503,2.4000801831414758,0.3482720779845274,0.6957414943167327,0.5860806107521057,-0.065884530544281,False,False,False,-0.38024577053501446,False
pirl,4,16,0,0.3324093585618782,200,-124.65198278367585,0.5655148282073275,113.1029656414655,0.7166530107632733,0.2310437172331056,1,0,1,0.005,0.0,0.005,189,-1.0519649982452393,1.880039095878601,0.2265787273645401,0.045202650129795074,-0.07770244777202606,0.10000000149011612,0.37260759434168284,0.1764778365386709,0.01192104034280895,0.18839887688147985,-1.8648587465286253,2.400081710296657,0.3577177079320738,0.6972319847664497,0.5818771123886108,-0.06704473495483398,False,False,False,-0.37659519119038515,False
pirl,4,16,0,0.3324093585618782,200,-124.65198278367585,0.5655148282073275,113.1029656414655,0.7166530107632733,0.2310437172331056,1,0,1,0.005,0.0,0.005,190,-1.0597352981567383,1.8900394439697266,0.2265787273645401,0.045202650129795074,-0.07837375998497009,0.10000000149011612,0.36894087115539625,0.17989138155035522,0.012160282564722841,0.19205166411507807,-1.880970239639282,2.4000832900967217,0.367556026050259,0.6987634682083257,0.5776525735855103,-0.06821921467781067,False,False,False,-0.3729445108088416,False
pirl,4,16,0,0.3324093585618782,200,-124.65198278367585,0.5655148282073275,113.1029656414655,0.7166530107632733,0.2310437172331056,1,0,1,0.005,0.0,0.005,191,-1.0675727128982544,1.900039792060852,0.2265787273645401,0.045202650129795074,-0.07905818521976471,0.10000000149011612,0.3652743347280715,0.1833706156011065,0.012404050572023477,0.19577466617313,-1.8973964452743532,2.4000849002979003,0.3776975286897544,0.7003372079111997,0.5734069347381592,-0.06940770149230957,False,False,False,-0.36929439719622564,False
pirl,4,16,0,0.3324093585618782,200,-124.65198278367585,0.5655148282073275,113.1029656414655,0.7166530107632733,0.2310437172331056,1,0,1,0.005,0.0,0.005,192,-1.075478434562683,1.9100401401519775,0.2265787273645401,0.045202650129795074,-0.07975618541240692,0.10000000149011612,0.3616086175619111,0.18697145920022717,0.012656253269246708,0.1996277124694739,-1.9141484498977663,2.400086566780374,0.3882672322605275,0.7019549880456185,0.5691399574279785,-0.07061010599136353,False,False,False,-0.365645554754094,False
pirl,4,16,0,0.3324093585618782,200,-124.65198278367585,0.5655148282073275,113.1029656414655,0.7166530107632733,0.2310437172331056,1,0,1,0.005,0.0,0.005,193,-1.0834541320800781,1.920040488243103,0.2265787273645401,0.045202650129795074,-0.08046779036521912,0.10000000149011612,0.3579445215286841,0.19058225327000186,0.01290905289062907,0.20349130616063094,-1.931226968765259,2.4000882378679638,0.39904045328789284,0.7036176566009847,0.5648516416549683,-0.0718260407447815,False,False,False,-0.36199866988068596,False
pirl,4,16,0,0.3324093585618782,200,-124.65198278367585,0.5655148282073275,113.1029656414655,0.7166530107632733,0.2310437172331056,1,0,1,0.005,0.0,0.005,194,-1.0915008783340454,1.930040955543518,0.2265787273645401,0.045202650129795074,-0.08119341731071472,0.10000000149011612,0.3542828887756142,0.19430319026222145,0.013169449680038924,0.20747263994226037,-1.9486420154571533,2.4000899599300665,0.4102352242371956,0.7053269700353064,0.5605418682098389,-0.07305547595024109,False,False,False,-0.3583547030917916,False
pirl,4,16,0,0.3324093585618782,200,-124.65198278367585,0.5655148282073275,113.1029656414655,0.7166530107632733,0.2310437172331056,1,0,1,0.005,0.0,0.005,195,-1.0996202230453491,1.9400413036346436,0.2265787273645401,0.045202650129795074,-0.08193342387676239,0.10000000149011612,0.35062432277027156,0.1981189713137364,0.01343639343660424,0.21155536475034065,-1.9664021730422976,2.4000917258863237,0.421830152425183,0.7070845956704114,0.5562103986740112,-0.07429787516593933,False,False,False,-0.35471425134068363,False
pirl,4,16,0,0.3324093585618782,200,-124.65198278367585,0.5655148282073275,113.1029656414655,0.7166530107632733,0.2310437172331056,1,0,1,0.005,0.0,0.005,196,-1.1078135967254639,1.950041651725769,0.2265787273645401,0.045202650129795074,-0.08268795907497406,0.10000000149011612,0.3469698827007263,0.2019757114400651,0.013706083640914617,0.2156817950809797,-1.9845110177993774,2.400093510798568,0.4337189070856985,0.7088917577832684,0.5518572330474854,-0.07555326819419861,False,False,False,-0.35107832283545076,False
pirl,4,16,0,0.3324093585618782,200,-124.65198278367585,0.5655148282073275,113.1029656414655,0.7166530107632733,0.2310437172331056,1,0,1,0.005,0.0,0.005,197,-1.1160823106765747,1.9600419998168945,0.2265787273645401,0.045202650129795074,-0.0834575742483139,0.10000000149011612,0.34332012203049644,0.20597749648880043,0.01398581192125968,0.21996330841006012,-2.0029817819595337,2.4000953628380874,0.44613645529844204,0.7107506596803452,0.5474820137023926,-0.07682105898857117,False,False,False,-0.34744759761627125,False
pirl,4,16,0,0.3324093585618782,200,-124.65198278367585,0.5655148282073275,113.1029656414655,0.7166530107632733,0.2310437172331056,1,0,1,0.005,0.0,0.005,198,-1.124428153038025,1.9700424671173096,0.2265787273645401,0.045202650129795074,-0.08424247801303864,0.10000000149011612,0.3396762056943961,0.2100358268366946,0.014269382266036914,0.22430520910273152,-2.0218194723129272,2.4000972410469767,0.4589024295899351,0.7126627531369699,0.5430848002433777,-0.07810115814208984,False,False,False,-0.34382315218081205,False
pirl,4,16,0,0.3324093585618782,200,-124.65198278367585,0.5655148282073275,113.1029656414655,0.7166530107632733,0.2310437172331056,1,0,1,0.005,0.0,0.005,199,-1.13285231590271,1.980042815208435,0.2265787273645401,0.045202650129795074,-0.08504296839237213,0.10000000149011612,0.3360388743037248,0.21417385472002975,0.014558384954924852,0.2287322396749546,-2.0410312414169316,2.400099156140136,0.47207709602335024,0.7146297410370672,0.5386652946472168,-0.07939308881759644,False,False,False,-0.34020576305875966,False
pirl,4,16,0,0.3324093585618782,200,-124.65198278367585,0.5655148282073275,113.1029656414655,0.7166530107632733,0.2310437172331056,1,0,1,0.005,0.0,0.005,200,-1.1413567066192627,1.99004328250885,0.2265787273645401,0.045202650129795074,-0.08585919439792633,0.10000000149011612,0.3324093585618782,0.21835312231661386,0.014850115355628643,0.2332032376722425,-2.0606206655502324,2.4001010903191724,0.48558473428944193,0.7166530107632733,0.5342235565185547,-0.08069667220115662,False,False,False,-0.33659662560250797,True
