mode,seed,episode_idx,success,final_distance,length,return,tau_effort,tau_sum_total,energy,target_radius,torque_sat1_count,torque_sat2_count,torque_sat_any_count,torque_sat1_rate,torque_sat2_rate,torque_sat_any_rate,step,theta1,theta2,target_x,target_y,action0,action1,distance,tau1,tau2,tau_sum,omega1,omega2,power,cumulative_energy,tip_x,tip_y,sat1,sat2,sat_any,reward,done
pure,4,17,1,0.04898040313658731,199,-63.95836527526609,0.45719962511220597,90.98272539732899,0.5211606761092289,0.5374392983538656,1,0,1,0.005025125628140704,0.0,0.005025125628140704,0,0.0,0.0,0.5195232629776001,0.13761024177074432,0.0,0.0,0.4997944312013642,0.0,0.0,0.0,0.0,0.0,0.0,0.0,1.0,0.0,False,False,False,0.0,False
pure,4,17,1,0.04898040313658731,199,-63.95836527526609,0.45719962511220597,90.98272539732899,0.5211606761092289,0.5374392983538656,1,0,1,0.005025125628140704,0.0,0.005025125628140704,1,0.0,0.0,0.5195232629776001,0.13761024177074432,0.10000000149011612,0.0233767069876194,0.49742302241548725,20.0,1.809378926579975,21.809378926579974,1.8156428886540894,0.5610409677028656,37.32799347699139,0.15553330615413077,0.9999611377716064,0.008733897469937801,True,False,True,-0.5005039026848954,False
pure,4,17,1,0.04898040313658731,199,-63.95836527526609,0.45719962511220597,90.98272539732899,0.5211606761092289,0.5374392983538656,1,0,1,0.005025125628140704,0.0,0.005025125628140704,2,0.007565178908407688,0.0023376706521958113,0.5195232629776001,0.13761024177074432,0.10000000149011612,0.040468137711286545,0.4942682232309538,6.618649721772981,0.7580096742072786,7.37665939598026,2.4000000357627864,0.9710190543441597,16.62080140598899,0.22478664534575155,0.999779462814331,0.020755376666784286,False,False,False,-0.49750456433486523,False
pure,4,17,1,0.04898040313658731,199,-63.95836527526609,0.45719962511220597,90.98272539732899,0.5211606761092289,0.5374392983538656,1,0,1,0.005025125628140704,0.0,0.005025125628140704,3,0.017565179616212845,0.006383583415299654,0.5195232629776001,0.13761024177074432,0.10000000149011612,0.0684959664940834,0.49089205422870125,0.5232602465032122,0.513954634973593,1.0372148814768052,2.400000035762787,1.6436610292632374,2.100591814636261,0.2335391112400693,0.9993939995765686,0.03417385742068291,False,False,False,-0.4945283337073704,False
pure,4,17,1,0.04898040313658731,199,-63.95836527526609,0.45719962511220597,90.98272539732899,0.5211606761092289,0.5374392983538656,1,0,1,0.005025125628140704,0.0,0.005025125628140704,4,0.027565179392695427,0.013232170604169369,0.5195232629776001,0.13761024177074432,0.10000000149011612,0.10000000149011612,0.4872953424567938,0.5874903105333089,0.5781846990036985,1.1656750095370074,2.4000000357627864,2.399728143279248,2.797462860502848,0.2451952064921645,0.9987235069274902,0.049157556146383286,False,False,False,-0.49153798333952425,False
pure,4,17,1,0.04898040313658731,199,-63.95836527526609,0.45719962511220597,90.98272539732899,0.5211606761092289,0.5374392983538656,1,0,1,0.005025125628140704,0.0,0.005025125628140704,5,0.03756517916917801,0.023231038823723793,0.5195232629776001,0.13761024177074432,0.10000000149011612,0.10000000149011612,0.4838921102421391,0.012979631148289147,0.0036740196186698946,0.01665365076695904,2.400000035762787,2.3999145796034833,0.039968448468676844,0.2453617416941173,0.9978033900260925,0.06412762403488159,False,False,False,-0.48813475112486954,False
pure,4,17,1,0.04898040313658731,199,-63.95836527526609,0.45719962511220597,90.98272539732899,0.5211606761092289,0.5374392983538656,1,0,1,0.005025125628140704,0.0,0.005025125628140704,6,0.04756518080830574,0.03323068097233772,0.5195232629776001,0.13761024177074432,0.10000000149011612,0.10000000149011612,0.4806875789213084,0.012838653795933887,0.0035330422663235315,0.01637169606225742,2.4000000357627864,2.399915507779557,0.03929177249397783,0.2455254574128422,0.9966340065002441,0.07907915860414505,False,False,False,-0.4849302198040389,False
pure,4,17,1,0.04898040313658731,199,-63.95836527526609,0.45719962511220597,90.98272539732899,0.5211606761092289,0.5374392983538656,1,0,1,0.005025125628140704,0.0,0.005025125628140704,7,0.05756517872214317,0.0432303287088871,0.5195232629776001,0.13761024177074432,0.10000000149011612,0.10000000149011612,0.4776866609664571,0.012837951938073402,0.003532340408454149,0.01637029234652755,2.400000035762787,2.399915512400495,0.039288403651825315,0.2456891590947248,0.9952157735824585,0.0940076932311058,False,False,False,-0.4819293018491876,False
pure,4,17,1,0.04898040313658731,199,-63.95836527526609,0.45719962511220597,90.98272539732899,0.5211606761092289,0.5374392983538656,1,0,1,0.005025125628140704,0.0,0.005025125628140704,8,0.0675651803612709,0.053229980170726776,0.5195232629776001,0.13761024177074432,0.10000000149011612,0.10000000149011612,0.47489390442188156,0.012837948443854563,0.0035323369142442086,0.01637028535809877,2.4000000357627864,2.3999155124235,0.03928838687997259,0.24585286070672469,0.9935490489006042,0.1089087501168251,False,False,False,-0.479136545304612,False
pure,4,17,1,0.04898040313658731,199,-63.95836527526609,0.45719962511220597,90.98272539732899,0.5211606761092289,0.5374392983538656,1,0,1,0.005025125628140704,0.0,0.005025125628140704,9,0.07756517827510834,0.06322962790727615,0.5195232629776001,0.13761024177074432,0.10000000149011612,0.10000000149011612,0.47231381699567027,0.012837948426468133,0.0035323368968488826,0.016370285323317017,2.400000035762787,2.3999155124236147,0.03928838679649826,0.24601656231837676,0.9916344881057739,0.12377789616584778,False,False,False,-0.47655645787840073,False
pure,4,17,1,0.04898040313658731,199,-63.95836527526609,0.45719962511220597,90.98272539732899,0.5211606761092289,0.5374392983538656,1,0,1,0.005025125628140704,0.0,0.005025125628140704,10,0.08756517618894577,0.07322927564382553,0.5195232629776001,0.13761024177074432,0.10000000149011612,0.10000000149011612,0.4699505475293668,0.012837948426372486,0.0035323368967621355,0.01637028532313462,2.4000000357627864,2.399915512423616,0.03928838679606052,0.246180263930027,0.9894727468490601,0.1386106163263321,False,False,False,-0.4741931884120973,False
pure,4,17,1,0.04898040313658731,199,-63.95836527526609,0.45719962511220597,90.98272539732899,0.5211606761092289,0.5374392983538656,1,0,1,0.005025125628140704,0.0,0.005025125628140704,11,0.0975651815533638,0.08322892338037491,0.5195232629776001,0.13761024177074432,0.10000000149011612,0.10000000149011612,0.4678078514261675,0.012837948426381338,0.003532336896762091,0.01637028532314343,2.400000035762787,2.399915512423616,0.03928838679608166,0.24634396554167734,0.9870644807815552,0.15340253710746765,False,False,False,-0.47205049230889795,False
pure,4,17,1,0.04898040313658731,199,-63.95836527526609,0.45719962511220597,90.98272539732899,0.5211606761092289,0.5374392983538656,1,0,1,0.005025125628140704,0.0,0.005025125628140704,12,0.10756517946720123,0.09322857111692429,0.5195232629776001,0.13761024177074432,0.10000000149011612,0.10000000149011612,0.4658893080158089,0.012837948426371142,0.0035323368967607894,0.01637028532313193,2.4000000357627864,2.3999155124236156,0.039288386796054064,0.24650766715332756,0.9844105839729309,0.1681491881608963,False,False,False,-0.4701319488985394,False
pure,4,17,1,0.04898040313658731,199,-63.95836527526609,0.45719962511220597,90.98272539732899,0.5211606761092289,0.5374392983538656,1,0,1,0.005025125628140704,0.0,0.005025125628140704,13,0.11756517738103867,0.10322821885347366,0.5195232629776001,0.13761024177074432,0.10000000149011612,0.10000000149011612,0.46419793937243053,0.012837948426381343,0.0035323368967620904,0.016370285323143434,2.400000035762787,2.3999155124236156,0.039288386796081674,0.2466713687649779,0.9815118312835693,0.18284618854522705,False,False,False,-0.468440580255161,False
pure,4,17,1,0.04898040313658731,199,-63.95836527526609,0.45719962511220597,90.98272539732899,0.5211606761092289,0.5374392983538656,1,0,1,0.005025125628140704,0.0,0.005025125628140704,14,0.1275651752948761,0.11322786659002304,0.5195232629776001,0.13761024177074432,0.10000000149011612,0.10000000149011612,0.4627366575628324,0.012837948426371816,0.0035323368967614625,0.01637028532313328,2.4000000357627864,2.399915512423616,0.0392883867960573,0.24683507037662814,0.9783693552017212,0.19748911261558533,False,False,False,-0.46697929844556285,False
pure,4,17,1,0.04898040313658731,199,-63.95836527526609,0.45719962511220597,90.98272539732899,0.5211606761092289,0.5374392983538656,1,0,1,0.005025125628140704,0.0,0.005025125628140704,15,0.13756518065929413,0.12322751432657242,0.5195232629776001,0.13761024177074432,0.05619051679968834,0.10000000149011612,0.46174648721045225,11.321610689467818,0.7968394901182034,12.118450179586022,1.3485724031925201,2.400026158592964,17.18044735598931,0.31842026769325027,0.9759037494659424,0.20780049264431,False,False,False,-0.4651876552057859,False
pure,4,17,1,0.04898040313658731,199,-63.95836527526609,0.45719962511220597,90.98272539732899,0.5211606761092289,0.5374392983538656,1,0,1,0.005025125628140704,0.0,0.005025125628140704,16,0.14318422973155975,0.1332276165485382,0.5195232629776001,0.13761024177074432,0.014059994369745255,0.10000000149011612,0.4610598725662713,10.893963763323935,0.7675213871739658,11.661485150497901,0.3374398648738861,2.4000251718651624,5.518128309399425,0.34141246898241456,0.9742152690887451,0.2139737606048584,False,False,False,-0.46408938003938244,False
pure,4,17,1,0.04898040313658731,199,-63.95836527526609,0.45719962511220597,90.98272539732899,0.5211606761092289,0.5374392983538656,1,0,1,0.005025125628140704,0.0,0.005025125628140704,17,0.14459022879600525,0.1432277262210846,0.5195232629776001,0.13761024177074432,-0.01565142348408699,0.10000000149011612,0.46052620293386876,7.684896620906188,0.5413959189965669,8.226292539902754,-0.37563416361808777,2.400251123907481,4.186195877735998,0.35885495180631455,0.9731130599975586,0.2172386348247528,False,False,False,-0.46356272572465834,False
pure,4,17,1,0.04898040313658731,199,-63.95836527526609,0.45719962511220597,90.98272539732899,0.5211606761092289,0.5374392983538656,1,0,1,0.005025125628140704,0.0,0.005025125628140704,18,0.14302508533000946,0.1532287746667862,0.5195232629776001,0.13761024177074432,-0.03653385862708092,0.10000000149011612,0.4600709464174253,5.4028085682306175,0.380828920077276,5.783637488307893,-0.876812607049942,2.400176561387848,5.651307313970176,0.3824020656145236,0.9724340438842773,0.21846258640289307,False,False,False,-0.4632648862671596,False
pure,4,17,1,0.04898040313658731,199,-63.95836527526609,0.45719962511220597,90.98272539732899,0.5211606761092289,0.5374392983538656,1,0,1,0.005025125628140704,0.0,0.005025125628140704,19,0.13937170803546906,0.16322951018810272,0.5195232629776001,0.13761024177074432,-0.05112425610423088,0.10000000149011612,0.4596562250355412,3.776599219417946,0.26613817915569643,4.042737398573642,-1.2269821465015411,2.4001234283519177,5.272584295687983,0.4043711668465569,0.9720486402511597,0.21826152503490448,False,False,False,-0.4630255455920626,False
pure,4,17,1,0.04898040313658731,199,-63.95836527526609,0.45719962511220597,90.98272539732899,0.5211606761092289,0.5374392983538656,1,0,1,0.005025125628140704,0.0,0.005025125628140704,20,0.13425928354263306,0.17323002219200134,0.5195232629776001,0.13761024177074432,-0.061225634068250656,0.10000000149011612,0.45926214096092344,2.616600427878753,0.1842706423579582,2.800871070236711,-1.4694152176380155,2.4000855277842477,4.287137789122025,0.42223424096789863,0.9718586802482605,0.21707335114479065,False,False,False,-0.46277977091216205,False
pure,4,17,1,0.04898040313658731,199,-63.95836527526609,0.45719962511220597,90.98272539732899,0.5211606761092289,0.5374392983538656,1,0,1,0.005025125628140704,0.0,0.005025125628140704,21,0.12813670933246613,0.18323038518428802,0.5195232629776001,0.13761024177074432,-0.068120077252388,0.10000000149011612,0.458877393973332,1.7879851312223332,0.1257630357895673,1.9137481670119005,-1.6348818540573118,2.4000584544886974,3.2249830836685893,0.43567167048318445,0.9717916250228882,0.2152104526758194,False,False,False,-0.46250731281683977,False
pure,4,17,1,0.04898040313658731,199,-63.95836527526609,0.45719962511220597,90.98272539732899,0.5211606761092289,0.5374392983538656,1,0,1,0.005025125628140704,0.0,0.005025125628140704,22,0.12132470309734344,0.19323062896728516,0.5195232629776001,0.13761024177074432,-0.07272253930568695,0.10000000149011612,0.45849484259672735,1.1957957819585114,0.08393629800415983,1.2797320799626712,-1.7453409433364868,2.4000391059232764,2.2885217357376737,0.44520717771542473,0.971794843673706,0.2128959596157074,False,False,False,-0.46220425116308306,False
pure,4,17,1,0.04898040313658731,199,-63.95836527526609,0.45719962511220597,90.98272539732899,0.5211606761092289,0.5374392983538656,1,0,1,0.005025125628140704,0.0,0.005025125628140704,23,0.11405245214700699,0.20323078334331512,0.5195232629776001,0.13761024177074432,-0.0756867378950119,0.10000000149011612,0.4581092728108196,0.7724965106681764,0.05403282202298096,0.8265293326911574,-1.8164817094802859,2.4000252754927676,1.5329059208274416,0.4515942857188724,0.9718305468559265,0.21028918027877808,False,False,False,-0.46187167042792127,False
pure,4,17,1,0.04898040313658731,199,-63.95836527526609,0.45719962511220597,90.98272539732899,0.5211606761092289,0.5374392983538656,1,0,1,0.005025125628140704,0.0,0.005025125628140704,24,0.10648377984762192,0.2132308930158615,0.5195232629776001,0.13761024177074432,-0.07748089730739594,0.10000000149011612,0.45771679201998633,0.46999531551974366,0.03251798818197943,0.5025133037017231,-1.8595415353775024,2.400217551169079,0.9520260566049136,0.4555610609547262,0.971872091293335,0.20750445127487183,False,False,False,-0.4615119152692787,False
pure,4,17,1,0.04898040313658731,199,-63.95836527526609,0.45719962511220597,90.98272539732899,0.5211606761092289,0.5374392983538656,1,0,1,0.005025125628140704,0.0,0.005025125628140704,25,0.09873569011688232,0.22323179244995117,0.5195232629776001,0.13761024177074432,-0.07844293117523193,0.10000000149011612,0.45731432164925806,0.2551562045340562,0.017547605490196162,0.27270381002425237,-1.8826303482055662,2.400118122908902,0.5224811401394365,0.4577380657053072,0.9719011783599854,0.2046222686767578,False,False,False,-0.46112718994635815,False
pure,4,17,1,0.04898040313658731,199,-63.95836527526609,0.45719962511220597,90.98272539732899,0.5211606761092289,0.5374392983538656,1,0,1,0.005025125628140704,0.0,0.005025125628140704,26,0.09089139848947525,0.2332322895526886,0.5195232629776001,0.13761024177074432,-0.0788106918334961,0.10000000149011612,0.4568990063231978,0.1015064236480422,0.0066739602531956585,0.10818038390123785,-1.891456604003906,2.4000470132756515,0.20801281373031033,0.4586047857625168,0.9719048738479614,0.20170065760612488,False,False,False,-0.46071869413671823,False
pure,4,17,1,0.04898040313658731,199,-63.95836527526609,0.45719962511220597,90.98272539732899,0.5211606761092289,0.5374392983538656,1,0,1,0.005025125628140704,0.0,0.005025125628140704,27,0.08301032334566116,0.24323248863220215,0.5195232629776001,0.13761024177074432,-0.07875847816467285,0.10000000149011612,0.4564685001983846,0.007085895007977305,0.0009800827609202345,0.00806597776889754,-1.8902034759521484,2.3999533831756907,0.015745936312173366,0.4586703938304842,0.9718745350837708,0.19878065586090088,False,False,False,-0.46028721839334613,False
pure,4,17,1,0.04898040313658731,199,-63.95836527526609,0.45719962511220597,90.98272539732899,0.5211606761092289,0.5374392983538656,1,0,1,0.005025125628140704,0.0,0.005025125628140704,28,0.07513447850942612,0.25323230028152466,0.5195232629776001,0.13761024177074432,-0.07841116189956665,0.10000000149011612,0.4560206020384663,0.08351992108361413,0.006449657449172864,0.08996957853278699,-1.8818678855895996,2.3999613824635553,0.1726523861023644,0.45938977877257736,0.9718042612075806,0.1958913654088974,False,False,False,-0.45983288203772243,False
pure,4,17,1,0.04898040313658731,199,-63.95836527526609,0.45719962511220597,90.98272539732899,0.5211606761092289,0.5374392983538656,1,0,1,0.005025125628140704,0.0,0.005025125628140704,29,0.06729336082935333,0.26323214173316956,0.5195232629776001,0.13761024177074432,-0.07785997539758682,0.10000000149011612,0.4555536356338002,0.13628619950482512,0.010152096459648671,0.1464382959644738,-1.8686394095420837,2.3999369620531597,0.2790341549072709,0.46055242108469097,0.9716905355453491,0.1930527687072754,False,False,False,-0.45935573486170544,False
pure,4,17,1,0.04898040313658731,199,-63.95836527526609,0.45719962511220597,90.98272539732899,0.5211606761092289,0.5374392983538656,1,0,1,0.005025125628140704,0.0,0.005025125628140704,30,0.05950736626982689,0.2732318639755249,0.5195232629776001,0.13761024177074432,-0.0771695077419281,0.10000000149011612,0.45506602383445216,0.1723984992140891,0.012706244925016565,0.18510474413910566,-1.8520681858062742,2.399920249159894,0.34978775016149477,0.4620098700436972,0.9715311527252197,0.19027858972549438,False,False,False,-0.45885543263743833,False
pure,4,17,1,0.04898040313658731,199,-63.95836527526609,0.45719962511220597,90.98272539732899,0.5211606761092289,0.5374392983538656,1,0,1,0.005025125628140704,0.0,0.005025125628140704,31,0.05179041624069214,0.2832315266132355,0.5195232629776001,0.13761024177074432,-0.07638697326183319,0.10000000149011612,0.454556276011904,0.19631137692612557,0.014397090656703594,0.21070846758282916,-1.8332873582839968,2.399909182199992,0.3944468756699794,0.46365339869232214,0.9713248014450073,0.187578022480011,False,False,False,-0.4583313881938059,False
pure,4,17,1,0.04898040313658731,199,-63.95836527526609,0.45719962511220597,90.98272539732899,0.5211606761092289,0.5374392983538656,1,0,1,0.005025125628140704,0.0,0.005025125628140704,32,0.04415171593427658,0.29323115944862366,0.5195232629776001,0.13761024177074432,-0.07554636895656586,0.10000000149011612,0.4540234323183356,0.21143854668696963,0.015466232918554559,0.2269047796055242,-1.8131128549575803,2.3999021812951575,0.4204793931493512,0.4654053961637778,0.9710712432861328,0.18495683372020721,False,False,False,-0.45778328988350014,False
pure,4,17,1,0.04898040313658731,199,-63.95836527526609,0.45719962511220597,90.98272539732899,0.5211606761092289,0.5374392983538656,1,0,1,0.005025125628140704,0.0,0.005025125628140704,33,0.036597080528736115,0.30323076248168945,0.5195232629776001,0.13761024177074432,-0.07467217743396759,0.10000000149011612,0.45346634140416875,0.22023743362714118,0.01608765501322787,0.23632508864036905,-1.7921322584152224,2.399898109140809,0.4333033421605364,0.46721082675611336,0.9707703590393066,0.18241852521896362,False,False,False,-0.4572104488144805,False
pure,4,17,1,0.04898040313658731,199,-63.95836527526609,0.45719962511220597,90.98272539732899,0.5211606761092289,0.5374392983538656,1,0,1,0.005025125628140704,0.0,0.005025125628140704,34,0.029129862785339355,0.31323033571243286,0.5195232629776001,0.13761024177074432,-0.07378236949443817,0.10000000149011612,0.4528841693038392,0.2243898498558242,0.016380465294954166,0.24077031515077835,-1.7707768678665161,2.3998961873886704,0.43665577171774717,0.4690302258049373,0.9704225659370422,0.1799645870923996,False,False,False,-0.45661236652082676,False
pure,4,17,1,0.04898040313658731,199,-63.95836527526609,0.45719962511220597,90.98272539732899,0.5211606761092289,0.5374392983538656,1,0,1,0.005025125628140704,0.0,0.005025125628140704,35,0.02175162546336651,0.3232298791408539,0.5195232629776001,0.13761024177074432,-0.07288965582847595,0.10000000149011612,0.4522762532544498,0.22525449278569581,0.01644077572397497,0.2416952685096708,-1.749351739883423,2.3998957872290254,0.43350548726995974,0.47083649866856214,0.9700285196304321,0.17759554088115692,False,False,False,-0.45598861269775676,False
pure,4,17,1,0.04898040313658731,199,-63.95836527526609,0.45719962511220597,90.98272539732899,0.5211606761092289,0.5374392983538656,1,0,1,0.005025125628140704,0.0,0.005025125628140704,36,0.014462660066783428,0.3332294523715973,0.5195232629776001,0.13761024177074432,-0.0720033049583435,0.10000000149011612,0.4516418768508606,0.22372047855002786,0.01633156148907209,0.24005204003909994,-1.7280793190002441,2.399896497175953,0.4258007894301787,0.4726106686245212,0.9695888757705688,0.17531077563762665,False,False,False,-0.4553386361195021,False
pure,4,17,1,0.04898040313658731,199,-63.95836527526609,0.45719962511220597,90.98272539732899,0.5211606761092289,0.5374392983538656,1,0,1,0.005025125628140704,0.0,0.005025125628140704,37,0.007262329570949078,0.3432290256023407,0.5195232629776001,0.13761024177074432,-0.07112982869148254,0.10000000149011612,0.45098058415062814,0.22049994385734964,0.01610318858395335,0.236603132441303,-1.7071158885955808,2.399897987650196,0.4150649674706964,0.47434010598898246,0.969104528427124,0.17310917377471924,False,False,False,-0.45466209304936317,False
pure,4,17,1,0.04898040313658731,199,-63.95836527526609,0.45719962511220597,90.98272539732899,0.5211606761092289,0.5374392983538656,1,0,1,0.005025125628140704,0.0,0.005025125628140704,38,0.0001493468735134229,0.3532285988330841,0.5195232629776001,0.13761024177074432,-0.07027371972799301,0.10000000149011612,0.45029188723730995,0.21611456218325747,0.015792565959761615,0.2319071281430191,-1.6865692734718323,2.3999000172195233,0.40239275944687203,0.47601674248667775,0.9685763120651245,0.1709890365600586,False,False,False,-0.4539585693316455,False
pure,4,17,1,0.04898040313658731,199,-63.95836527526609,0.45719962511220597,90.98272539732899,0.5211606761092289,0.5374392983538656,1,0,1,0.005025125628140704,0.0,0.005025125628140704,39,-0.006878024898469448,0.3632281720638275,0.5195232629776001,0.13761024177074432,-0.06943841278553009,0.10000000149011612,0.4495754733946708,0.21083762868841108,0.015419073644242163,0.22625670233265324,-1.6665219068527224,2.399902459402021,0.3883697997586347,0.4776349499856721,0.9680051803588867,0.16894835233688354,False,False,False,-0.453227804776707,False
pure,4,17,1,0.04898040313658731,199,-63.95836527526609,0.45719962511220597,90.98272539732899,0.5211606761092289,0.5374392983538656,1,0,1,0.005025125628140704,0.0,0.005025125628140704,40,-0.013821866363286972,0.3732277750968933,0.5195232629776001,0.13761024177074432,-0.06862565129995346,0.10000000149011612,0.44883104657733225,0.20510628414045046,0.015013523465751525,0.22011980760620198,-1.647015631198883,2.3999051118874744,0.3738442877493411,0.479192634517961,0.9673920273780823,0.16698504984378815,False,False,False,-0.45246952591442846,False
pure,4,17,1,0.04898040313658731,199,-63.95836527526609,0.45719962511220597,90.98272539732899,0.5211606761092289,0.5374392983538656,1,0,1,0.005025125628140704,0.0,0.005025125628140704,41,-0.020684432238340378,0.3832273781299591,0.5195232629776001,0.13761024177074432,-0.06783686578273773,0.10000000149011612,0.44805830817124603,0.1990014524742833,0.014581737483367276,0.21358318995765058,-1.6280847787857058,2.399907937224018,0.3589860632544778,0.48068840978152133,0.966737687587738,0.1650967299938202,False,False,False,-0.45168345067105053,False
pure,4,17,1,0.04898040313658731,199,-63.95836527526609,0.45719962511220597,90.98272539732899,0.5211606761092289,0.5374392983538656,1,0,1,0.005025125628140704,0.0,0.005025125628140704,42,-0.02746811881661415,0.3932270109653473,0.5195232629776001,0.13761024177074432,-0.06707282364368439,0.10000000149011612,0.447257037000513,0.19269454060843336,0.014135780417607189,0.20683032102604054,-1.6097477674484255,2.399910856083954,0.34411421942736004,0.4821222190291353,0.9660429954528809,0.16328097879886627,False,False,False,-0.4508693614469527,False
pure,4,17,1,0.04898040313658731,199,-63.95836527526609,0.45719962511220597,90.98272539732899,0.5211606761092289,0.5374392983538656,1,0,1,0.005025125628140704,0.0,0.005025125628140704,43,-0.03417539969086647,0.4032266438007355,0.5195232629776001,0.13761024177074432,-0.0663335844874382,0.10000000149011612,0.4464272060562932,0.18636863056515163,0.013688566324591445,0.20005719688974308,-1.5920060276985166,2.399913783736312,0.3295513622356151,0.48349534970511704,0.9653089046478271,0.16153539717197418,False,False,False,-0.4500272240807378,False
pure,4,17,1,0.04898040313658731,199,-63.95836527526609,0.45719962511220597,90.98272539732899,0.5211606761092289,0.5374392983538656,1,0,1,0.005025125628140704,0.0,0.005025125628140704,44,-0.04080875962972641,0.41322627663612366,0.5195232629776001,0.13761024177074432,-0.06561893224716187,0.10000000149011612,0.4455686233474119,0.1800951290419797,0.013245162633606516,0.1933402916755862,-1.5748543739318848,2.3999166871338318,0.3154108885237827,0.4848095617406328,0.9645361304283142,0.1598576456308365,False,False,False,-0.4491568347348077,False
pure,4,17,1,0.04898040313658731,199,-63.95836527526609,0.45719962511220597,90.98272539732899,0.5211606761092289,0.5374392983538656,1,0,1,0.005025125628140704,0.0,0.005025125628140704,45,-0.047370653599500656,0.42322590947151184,0.5195232629776001,0.13761024177074432,-0.06492861360311508,0.10000000149011612,0.4446811559459255,0.17388377161906868,0.012806265423433523,0.1866900370425022,-1.558286726474762,2.3999195617708504,0.3016947801662914,0.486066623324659,0.9637253880500793,0.158245250582695,False,False,False,-0.4482580475172088,False
pure,4,17,1,0.04898040313658731,199,-63.95836527526609,0.45719962511220597,90.98272539732899,0.5211606761092289,0.5374392983538656,1,0,1,0.005025125628140704,0.0,0.005025125628140704,46,-0.053863514214754105,0.4332256019115448,0.5195232629776001,0.13761024177074432,-0.06426224112510681,0.10000000149011612,0.4437648004075021,0.16776932476833561,0.012374310608212303,0.18014363537654793,-1.5422937870025633,2.3999223915573324,0.28844697234855343,0.48726848570944464,0.9628774523735046,0.1566958874464035,False,False,False,-0.4473308449020118,False
pure,4,17,1,0.04898040313658731,199,-63.95836527526609,0.45719962511220597,90.98272539732899,0.5211606761092289,0.5374392983538656,1,0,1,0.005025125628140704,0.0,0.005025125628140704,47,-0.060289736837148666,0.44322526454925537,0.5195232629776001,0.13761024177074432,-0.06361901015043259,0.10000000149011612,0.4428194933673667,0.16185980157635024,0.011956891589625315,0.17381669316597556,-1.5268562436103823,2.3999251265044603,0.2758322931872196,0.4884177869310581,0.9619929790496826,0.15520726144313812,False,False,False,-0.44637514251380433,False
pure,4,17,1,0.04898040313658731,199,-63.95836527526609,0.45719962511220597,90.98272539732899,0.5211606761092289,0.5374392983538656,1,0,1,0.005025125628140704,0.0,0.005025125628140704,48,-0.06665164232254028,0.45322495698928833,0.5195232629776001,0.13761024177074432,-0.06299825012683868,0.10000000149011612,0.4418452902468003,0.15612069169412518,0.0115516079242469,0.16767229961837207,-1.5119580030441282,2.399927782583738,0.26377095403863215,0.4895168325728857,0.9610726833343506,0.15377721190452576,False,False,False,-0.4453909781159915,False
pure,4,17,1,0.04898040313658731,199,-63.95836527526609,0.45719962511220597,90.98272539732899,0.5211606761092289,0.5374392983538656,1,0,1,0.005025125628140704,0.0,0.005025125628140704,49,-0.07295146584510803,0.4632246494293213,0.5195232629776001,0.13761024177074432,-0.06239902600646019,0.10000000149011612,0.44084211240201737,0.15062050808821809,0.011163255135396705,0.1617837632236148,-1.4975766241550448,2.399930328087134,0.2523567865908843,0.49056831918368105,0.9601171016693115,0.15240342915058136,False,False,False,-0.44437825093656325,False
pure,4,17,1,0.04898040313658731,199,-63.95836527526609,0.45719962511220597,90.98272539732899,0.5211606761092289,0.5374392983538656,1,0,1,0.005025125628140704,0.0,0.005025125628140704,50,-0.07919136434793472,0.47322437167167664,0.5195232629776001,0.13761024177074432,-0.061820659786462784,0.10000000149011612,0.439810060295156,0.14529294022748754,0.010787186036183803,0.15608012626367135,-1.483695834875107,2.3999327937033867,0.2414590517722979,0.4915743985660656,0.959126889705658,0.15108397603034973,False,False,False,-0.4433370442268167,False
pure,4,17,1,0.04898040313658731,199,-63.95836527526609,0.45719962511220597,90.98272539732899,0.5211606761092289,0.5374392983538656,1,0,1,0.005025125628140704,0.0,0.005025125628140704,51,-0.08537343144416809,0.483224093914032,0.5195232629776001,0.13761024177074432,-0.061262089759111404,0.10000000149011612,0.4387490968193711,0.1402373159414542,0.010430353250364762,0.15066766919181895,-1.4702901542186742,2.399935133463239,0.2312217161027565,0.4925378223831604,0.9581025242805481,0.14981690049171448,False,False,False,-0.44226729808112986,False
pure,4,17,1,0.04898040313658731,199,-63.95836527526609,0.45719962511220597,90.98272539732899,0.5211606761092289,0.5374392983538656,1,0,1,0.005025125628140704,0.0,0.005025125628140704,52,-0.09149964153766632,0.49322381615638733,0.5195232629776001,0.13761024177074432,-0.06072262302041054,0.10000000149011612,0.4376592235280664,0.13535843941300998,0.010086090728889024,0.145444530141899,-1.457342952489853,2.3999373914236366,0.2214696540121269,0.49346061260821095,0.9570444822311401,0.14860022068023682,False,False,False,-0.44116899773613527,False
pure,4,17,1,0.04898040313658731,199,-63.95836527526609,0.45719962511220597,90.98272539732899,0.5211606761092289,0.5374392983538656,1,0,1,0.005025125628140704,0.0,0.005025125628140704,53,-0.09757190197706223,0.5032235383987427,0.5195232629776001,0.13761024177074432,-0.06020130589604378,0.10000000149011612,0.43654072155218865,0.13072382941596564,0.009759107006556553,0.1404829364225222,-1.4448313415050507,2.3999395363366687,0.2122951525661223,0.49434517574390313,0.9559534788131714,0.1474321186542511,False,False,False,-0.44004240375917697,False
pure,4,17,1,0.04898040313658731,199,-63.95836527526609,0.45719962511220597,90.98272539732899,0.5211606761092289,0.5374392983538656,1,0,1,0.005025125628140704,0.0,0.005025125628140704,54,-0.10359203070402145,0.5132232904434204,0.5195232629776001,0.13761024177074432,-0.05969757214188576,0.10000000149011612,0.43539337128754546,0.12623344351793236,0.00944238618855295,0.1356758297064853,-1.4327417314052582,2.399941614502302,0.2035210979812403,0.495193180318825,0.9548296928405762,0.14631086587905884,False,False,False,-0.4388872831350176,False
pure,4,17,1,0.04898040313658731,199,-63.95836527526609,0.45719962511220597,90.98272539732899,0.5211606761092289,0.5374392983538656,1,0,1,0.005025125628140704,0.0,0.005025125628140704,55,-0.10956179350614548,0.5232230424880981,0.5195232629776001,0.13761024177074432,-0.059210214763879776,0.10000000149011612,0.43421740282527427,0.12205305449157854,0.00914754287705062,0.13120059736862916,-1.4210451543331146,2.3999435492003456,0.1953964881756245,0.4960073323528901,0.9536737203598022,0.1452348232269287,False,False,False,-0.43770384293250064,False
pure,4,17,1,0.04898040313658731,199,-63.95836527526609,0.45719962511220597,90.98272539732899,0.5211606761092289,0.5374392983538656,1,0,1,0.005025125628140704,0.0,0.005025125628140704,56,-0.11548281461000443,0.5332227945327759,0.5195232629776001,0.13761024177074432,-0.05873890593647957,0.10000000149011612,0.4330128340962666,0.1179554986469679,0.008858658926182341,0.12681415757315023,-1.4097337424755099,2.3999454455629166,0.1875461446968416,0.49678877462246024,0.9524859189987183,0.14420220255851746,False,False,False,-0.4364920916947859,False
pure,4,17,1,0.04898040313658731,199,-63.95836527526609,0.45719962511220597,90.98272539732899,0.5211606761092289,0.5374392983538656,1,0,1,0.005025125628140704,0.0,0.005025125628140704,57,-0.12135670334100723,0.5432226061820984,0.5195232629776001,0.13761024177074432,-0.05828271433711052,0.10000000149011612,0.4317797766741158,0.11409683810773133,0.00858662549871315,0.12268346360644448,-1.3987851440906522,2.3999472313639383,0.18020441022520642,0.49753962633173193,0.9512667059898376,0.14321166276931763,False,False,False,-0.43525212289055604,False
pure,4,17,1,0.04898040313658731,199,-63.95836527526609,0.45719962511220597,90.98272539732899,0.5211606761092289,0.5374392983538656,1,0,1,0.005025125628140704,0.0,0.005025125628140704,58,-0.12718497216701508,0.5532223582267761,0.5195232629776001,0.13761024177074432,-0.05784084275364876,0.10000000149011612,0.43051824360392615,0.11044256657727805,0.008329064536187099,0.11877163111346514,-1.3881802260875702,2.3999489225730426,0.1733035165006009,0.4982617243171511,0.9500163793563843,0.14226166903972626,False,False,False,-0.43398393369517846,False
pure,4,17,1,0.04898040313658731,199,-63.95836527526609,0.45719962511220597,90.98272539732899,0.5211606761092289,0.5374392983538656,1,0,1,0.005025125628140704,0.0,0.005025125628140704,59,-0.13296906650066376,0.5632221698760986,0.5195232629776001,0.13761024177074432,-0.057412777096033096,0.10000000149011612,0.42922851005449303,0.1069195544522154,0.008080820960627412,0.11500037541284282,-1.377906650304794,2.3999505530348553,0.16671873586076655,0.49895638571657097,0.9487354755401611,0.14135074615478516,False,False,False,-0.4326877881015778,False
pure,4,17,1,0.04898040313658731,199,-63.95836527526609,0.45719962511220597,90.98272539732899,0.5211606761092289,0.5374392983538656,1,0,1,0.005025125628140704,0.0,0.005025125628140704,60,-0.13871033489704132,0.5732219815254211,0.5195232629776001,0.13761024177074432,-0.056997913867235184,0.10000000149011612,0.42791039721889845,0.10355097345922207,0.00784349642564224,0.1113944698848643,-1.3679499328136442,2.3999521120254217,0.1604765629987142,0.49962503806239894,0.947424054145813,0.14047762751579285,False,False,False,-0.43136349545641295,False
pure,4,17,1,0.04898040313658731,199,-63.95836527526609,0.45719962511220597,90.98272539732899,0.5211606761092289,0.5374392983538656,1,0,1,0.005025125628140704,0.0,0.005025125628140704,61,-0.1444101333618164,0.5832217335700989,0.5195232629776001,0.13761024177074432,-0.056595537811517715,0.10000000149011612,0.4265642213209226,0.10036581857964641,0.0076191338903041795,0.10798495246995059,-1.358292907476425,2.399953586125769,0.1546117472330072,0.5002692536758698,0.9460826516151428,0.1396409571170807,False,False,False,-0.4300113579018667,False
pure,4,17,1,0.04898040313658731,199,-63.95836527526609,0.45719962511220597,90.98272539732899,0.5211606761092289,0.5374392983538656,1,0,1,0.005025125628140704,0.0,0.005025125628140704,62,-0.1500696837902069,0.5932215452194214,0.5195232629776001,0.13761024177074432,-0.05620523914694786,0.10000000149011612,0.4251899600286405,0.09728518792635787,0.007402194275836597,0.10468738220219446,-1.3489257395267489,2.3999550118519535,0.14899542731955692,0.500890067956368,0.944711446762085,0.13883963227272034,False,False,False,-0.4286313443888347,False
pure,4,17,1,0.04898040313658731,199,-63.95836527526609,0.45719962511220597,90.98272539732899,0.5211606761092289,0.5374392983538656,1,0,1,0.005025125628140704,0.0,0.005025125628140704,63,-0.15569020807743073,0.6032213568687439,0.5195232629776001,0.13761024177074432,-0.05582654848694801,0.10000000149011612,0.42378784455343527,0.09432452784602424,0.007193735075319336,0.10151826292134358,-1.3398371636867523,2.3999563820553558,0.14364415826013732,0.501488585282452,0.9433108568191528,0.138072207570076,False,False,False,-0.42722367674096867,False
pure,4,17,1,0.04898040313658731,199,-63.95836527526609,0.45719962511220597,90.98272539732899,0.5211606761092289,0.5374392983538656,1,0,1,0.005025125628140704,0.0,0.005025125628140704,64,-0.16127285361289978,0.6132211685180664,0.5195232629776001,0.13761024177074432,-0.05545888468623161,0.10000000149011612,0.4223577652525777,0.0915128121016412,0.006995795888493403,0.0985086079901346,-1.3310132324695587,2.39995768332682,0.1385943779413607,0.5020660618572077,0.9418809413909912,0.13733772933483124,False,False,False,-0.4257882345867032,False
pure,4,17,1,0.04898040313658731,199,-63.95836527526609,0.45719962511220597,90.98272539732899,0.5211606761092289,0.5374392983538656,1,0,1,0.005025125628140704,0.0,0.005025125628140704,65,-0.1668187528848648,0.6232210397720337,0.5195232629776001,0.13761024177074432,-0.055101800709962845,0.10000000149011612,0.4208999835553961,0.08881544063293825,0.006805952362340168,0.09562139299527841,-1.3224432170391085,2.3999589316793712,0.13378738319395142,0.5026235092871825,0.9404221177101135,0.1366349756717682,False,False,False,-0.42432527019115257,False
pure,4,17,1,0.04898040313658731,199,-63.95836527526609,0.45719962511220597,90.98272539732899,0.5211606761092289,0.5374392983538656,1,0,1,0.005025125628140704,0.0,0.005025125628140704,66,-0.17232893407344818,0.6332208514213562,0.5195232629776001,0.13761024177074432,-0.054755110293626785,0.10000000149011612,0.41941453557307434,0.08616501707314787,0.0066194539632597115,0.09278447103640758,-1.3141226470470428,2.3999601583042716,0.12911782610057135,0.5031615002292682,0.9389345645904541,0.13596293330192566,False,False,False,-0.4228348149716349,False
pure,4,17,1,0.04898040313658731,199,-63.95836527526609,0.45719962511220597,90.98272539732899,0.5211606761092289,0.5374392983538656,1,0,1,0.005025125628140704,0.0,0.005025125628140704,67,-0.17780444025993347,0.6432206630706787,0.5195232629776001,0.13761024177074432,-0.05441810563206673,0.10000000149011612,0.41790164873912883,0.08369643528092591,0.006445758795306644,0.09014219407623256,-1.3060345351696014,2.399961300772194,0.12478000661032464,0.5036814169234779,0.9374186396598816,0.13532046973705292,False,False,False,-0.42131708406820845,False
pure,4,17,1,0.04898040313658731,199,-63.95836527526609,0.45719962511220597,90.98272539732899,0.5211606761092289,0.5374392983538656,1,0,1,0.005025125628140704,0.0,0.005025125628140704,68,-0.18324625492095947,0.653220534324646,0.5195232629776001,0.13761024177074432,-0.054090652614831924,0.10000000149011612,0.41636132225688927,0.08126145274732839,0.006274489736667315,0.08753594248399571,-1.298175662755966,2.3999624276902662,0.12055017989770539,0.5041837093397183,0.9358744621276855,0.13470670580863953,False,False,False,-0.419772072884407,False
pure,4,17,1,0.04898040313658731,199,-63.95836527526609,0.45719962511220597,90.98272539732899,0.5211606761092289,0.5374392983538656,1,0,1,0.005025125628140704,0.0,0.005025125628140704,69,-0.1886553168296814,0.6632203459739685,0.5195232629776001,0.13761024177074432,-0.053772393614053726,0.10000000149011612,0.41479362602695863,0.07891784938100975,0.00610965805566315,0.0850275074366729,-1.2905374467372897,2.3999635123177545,0.11650939624849611,0.5046691651574204,0.9343022108078003,0.1341206133365631,False,False,False,-0.4181998443917934,False
pure,4,17,1,0.04898040313658731,199,-63.95836527526609,0.45719962511220597,90.98272539732899,0.5211606761092289,0.5374392983538656,1,0,1,0.005025125628140704,0.0,0.005025125628140704,70,-0.19403254985809326,0.6732202172279358,0.5195232629776001,0.13761024177074432,-0.05346307530999184,0.10000000149011612,0.41319875917846793,0.07663871485615993,0.005949389869604232,0.08258810472576417,-1.2831138074398039,2.399964567108847,0.11261451809934732,0.5051383923161678,0.9327021837234497,0.1335611790418625,False,False,False,-0.41660059280211564,False
pure,4,17,1,0.04898040313658731,199,-63.95836527526609,0.45719962511220597,90.98272539732899,0.5211606761092289,0.5374392983538656,1,0,1,0.005025125628140704,0.0,0.005025125628140704,71,-0.1993788629770279,0.6832200884819031,0.5195232629776001,0.13761024177074432,-0.05316247418522835,0.10000000149011612,0.411576808681434,0.07441636686411848,0.005793135092828748,0.08020950195694723,-1.2758993804454801,2.399965595618941,0.10885112129049407,0.5055919386548782,0.9310745596885681,0.13302761316299438,False,False,False,-0.41497439949745496,False
pure,4,17,1,0.04898040313658731,199,-63.95836527526609,0.45719962511220597,90.98272539732899,0.5211606761092289,0.5374392983538656,1,0,1,0.005025125628140704,0.0,0.005025125628140704,72,-0.20469510555267334,0.6932199001312256,0.5195232629776001,0.13761024177074432,-0.052869994193315506,0.10000000149011612,0.40992787270201525,0.0723471820070972,0.005647664649295421,0.07799484665639261,-1.268879860639572,2.399966553244624,0.10535408848508228,0.506030914023566,0.9294195175170898,0.13251885771751404,False,False,False,-0.41332135370327316,False
pure,4,17,1,0.04898040313658731,199,-63.95836527526609,0.45719962511220597,90.98272539732899,0.5211606761092289,0.5374392983538656,1,0,1,0.005025125628140704,0.0,0.005025125628140704,73,-0.20998211205005646,0.7032197713851929,0.5195232629776001,0.13761024177074432,-0.052585724741220474,0.10000000149011612,0.40825217292569965,0.07025398428384584,0.005500555551928753,0.0757545398357746,-1.2620573937892907,2.399967521983541,0.10186571498607953,0.5064553545026746,0.9277373552322388,0.13203418254852295,False,False,False,-0.4116416764345059,False
pure,4,17,1,0.04898040313658731,199,-63.95836527526609,0.45719962511220597,90.98272539732899,0.5211606761092289,0.5374392983538656,1,0,1,0.005025125628140704,0.0,0.005025125628140704,74,-0.2152406871318817,0.7132196426391602,0.5195232629776001,0.13761024177074432,-0.0523095466196537,0.10000000149011612,0.4065497022458411,0.06819066324682381,0.005355536177938874,0.07354619942476269,-1.2554291188716897,2.3999684768954292,0.09846166227916246,0.5068656114288378,0.9260281324386597,0.1315726637840271,False,False,False,-0.4099353572317458,False
pure,4,17,1,0.04898040313658731,199,-63.95836527526609,0.45719962511220597,90.98272539732899,0.5211606761092289,0.5374392983538656,1,0,1,0.005025125628140704,0.0,0.005025125628140704,75,-0.22047163546085358,0.7232195138931274,0.5195232629776001,0.13761024177074432,-0.05204087868332863,0.10000000149011612,0.40482063773246996,0.0662767283292478,0.005221023736554905,0.07149775206580271,-1.2489810883998862,2.39996936267092,0.0953086772937569,0.5072627309175618,0.9242920875549316,0.13113349676132202,False,False,False,-0.408202564447844,False
pure,4,17,1,0.04898040313658731,199,-63.95836527526609,0.45719962511220597,90.98272539732899,0.5211606761092289,0.5374392983538656,1,0,1,0.005025125628140704,0.0,0.005025125628140704,76,-0.22567573189735413,0.7332193851470947,0.5195232629776001,0.13761024177074432,-0.05177988484501839,0.10000000149011612,0.40306504310027497,0.06431959291986687,0.005083519853709551,0.06940311277357643,-1.2427172362804415,2.3999702684397426,0.09213136325998608,0.5076466115978118,0.9225293397903442,0.13071590662002563,False,False,False,-0.40644336246804136,False
pure,4,17,1,0.04898040313658731,199,-63.95836527526609,0.45719962511220597,90.98272539732899,0.5211606761092289,0.5374392983538656,1,0,1,0.005025125628140704,0.0,0.005025125628140704,77,-0.23085370659828186,0.743219256401062,0.5195232629776001,0.13761024177074432,-0.05152622237801552,0.10000000149011612,0.401283109306894,0.0624502107942702,0.004952164992815354,0.06740237578708555,-1.2366293370723724,2.3999711335960514,0.08911281580611002,0.5080179149970039,0.9207401275634766,0.1303189992904663,False,False,False,-0.404657936438523,False
pure,4,17,1,0.04898040313658731,199,-63.95836527526609,0.45719962511220597,90.98272539732899,0.5211606761092289,0.5374392983538656,1,0,1,0.005025125628140704,0.0,0.005025125628140704,78,-0.23600633442401886,0.7532191276550293,0.5195232629776001,0.13761024177074432,-0.05127965286374092,0.10000000149011612,0.3994749118866716,0.06064169200878189,0.004825111490966278,0.06546680349974816,-1.230711668729782,2.399971970584603,0.0862125702999902,0.5083771340399205,0.9189245700836182,0.12994199991226196,False,False,False,-0.40284635719976764,False
pure,4,17,1,0.04898040313658731,199,-63.95836527526609,0.45719962511220597,90.98272539732899,0.5211606761092289,0.5374392983538656,1,0,1,0.005025125628140704,0.0,0.005025125628140704,79,-0.24113430082798004,0.7632189989089966,0.5195232629776001,0.13761024177074432,-0.051040295511484146,0.10000000149011612,0.39764064959861317,0.05880156305591428,0.004695849744191159,0.06349741280010544,-1.2249670922756195,2.399972822202446,0.0832998914810699,0.5087242169210916,0.9170829057693481,0.1295841932296753,False,False,False,-0.4010088244048504,False
pure,4,17,1,0.04898040313658731,199,-63.95836527526609,0.45719962511220597,90.98272539732899,0.5211606761092289,0.5374392983538656,1,0,1,0.005025125628140704,0.0,0.005025125628140704,80,-0.2462383359670639,0.7732189297676086,0.5195232629776001,0.13761024177074432,-0.05080783739686012,0.10000000149011612,0.3957803477758444,0.057041547394788845,0.004572201484154868,0.06161374887894371,-1.2193880975246427,2.3999736367435895,0.0805289469814449,0.5090597542001809,0.9152151942253113,0.1292448341846466,False,False,False,-0.3991453577989615,False
pure,4,17,1,0.04898040313658731,199,-63.95836527526609,0.45719962511220597,90.98272539732899,0.5211606761092289,0.5374392983538656,1,0,1,0.005025125628140704,0.0,0.005025125628140704,81,-0.25131911039352417,0.7832188010215759,0.5195232629776001,0.13761024177074432,-0.05058212950825691,0.10000000149011612,0.3938942151083495,0.055319328550103984,0.004451228509407384,0.05977055705951137,-1.213971108198166,2.3999744337922397,0.07783890120629303,0.5093840829552071,0.9133216738700867,0.1289231777191162,False,False,False,-0.3972561636133935,False
pure,4,17,1,0.04898040313658731,199,-63.95836527526609,0.45719962511220597,90.98272539732899,0.5211606761092289,0.5374392983538656,1,0,1,0.005025125628140704,0.0,0.005025125628140704,82,-0.25637733936309814,0.7932186722755432,0.5195232629776001,0.13761024177074432,-0.05036294832825661,0.10000000149011612,0.3919823467932246,0.053654181098067306,0.0043342712719231305,0.05798845236999044,-1.2087107598781586,2.3999752044280576,0.07525452958756565,0.5096976434951553,0.9114024639129639,0.12861841917037964,False,False,False,-0.39534133235137675,False
pure,4,17,1,0.04898040313658731,199,-63.95836527526609,0.45719962511220597,90.98272539732899,0.5211606761092289,0.5374392983538656,1,0,1,0.005025125628140704,0.0,0.005025125628140704,83,-0.2614136338233948,0.8032186031341553,0.5195232629776001,0.13761024177074432,-0.05015042796730995,0.10000000149011612,0.3900448359333949,0.05195364511618405,0.004214836445163901,0.05616848156134795,-1.2036102712154386,2.399975991441806,0.07264744716516822,0.5100003411916769,0.9094576835632324,0.1283300220966339,False,False,False,-0.39340095868045855,False
pure,4,17,1,0.04898040313658731,199,-63.95836527526609,0.45719962511220597,90.98272539732899,0.5211606761092289,0.5374392983538656,1,0,1,0.005025125628140704,0.0,0.005025125628140704,84,-0.266428679227829,0.8132184743881226,0.5195232629776001,0.13761024177074432,-0.0499441958963871,0.10000000149011612,0.38808184644260585,0.050348711346874485,0.004102100265108649,0.05445081161198313,-1.1986607015132906,2.39997673421053,0.07019596686099434,0.510292824386931,0.9074875116348267,0.12805712223052979,False,False,False,-0.39143520025589645,False
pure,4,17,1,0.04898040313658731,199,-63.95836527526609,0.45719962511220597,90.98272539732899,0.5211606761092289,0.5374392983538656,1,0,1,0.005025125628140704,0.0,0.005025125628140704,85,-0.2714230716228485,0.8232184052467346,0.5195232629776001,0.13761024177074432,-0.04974450543522835,0.10000000149011612,0.38609359827888023,0.048677603662416094,0.003984734028463694,0.05266233769087979,-1.1938681304454801,2.3999775076047642,0.06767791172111495,0.510574815685769,0.9054921865463257,0.1277991533279419,False,False,False,-0.3894442794944049,False
pure,4,17,1,0.04898040313658731,199,-63.95836527526609,0.45719962511220597,90.98272539732899,0.5211606761092289,0.5374392983538656,1,0,1,0.005025125628140704,0.0,0.005025125628140704,86,-0.2763975262641907,0.8332182765007019,0.5195232629776001,0.13761024177074432,-0.04955080524086952,0.10000000149011612,0.38408045333249846,0.046929739092981315,0.003658691416425902,0.050588430509407215,-1.1892193257808685,2.3996910566235337,0.06458948175416983,0.5108439385264114,0.9034720659255981,0.127554789185524,False,False,False,-0.3874285504631547,False
pure,4,17,1,0.04898040313658731,199,-63.95836527526609,0.45719962511220597,90.98272539732899,0.5211606761092289,0.5374392983538656,1,0,1,0.005025125628140704,0.0,0.005025125628140704,87,-0.28135260939598083,0.8432170152664185,0.5195232629776001,0.13761024177074432,-0.049362052232027054,0.10000000149011612,0.38204214411466414,0.04589290412996231,0.0037934642776312807,0.04968636840759359,-1.184689253568649,2.3996978830065605,0.06347199853411542,0.5111084051869702,0.9014269113540649,0.12732413411140442,False,False,False,-0.3853877311447173,False
pure,4,17,1,0.04898040313658731,199,-63.95836527526609,0.45719962511220597,90.98272539732899,0.5211606761092289,0.5374392983538656,1,0,1,0.005025125628140704,0.0,0.005025125628140704,88,-0.2862888276576996,0.853215754032135,0.5195232629776001,0.13761024177074432,-0.04917946830391884,0.10000000149011612,0.37997890383851435,0.04431893950980432,0.0036854113567628306,0.04800435086656715,-1.1803072392940521,2.3997082457795686,0.06115387716317066,0.5113632130084834,0.8993569612503052,0.1271064430475235,False,False,False,-0.38332206972789673,False
pure,4,17,1,0.04898040313658731,199,-63.95836527526609,0.45719962511220597,90.98272539732899,0.5211606761092289,0.5374392983538656,1,0,1,0.005025125628140704,0.0,0.005025125628140704,89,-0.2912067770957947,0.8632145524024963,0.5195232629776001,0.13761024177074432,-0.04900330677628517,0.10000000149011612,0.3778908469420784,0.042676422243191216,0.0035703234580049745,0.04624674570119619,-1.1760793626308441,2.399719059894052,0.05875863272329848,0.5116080406448305,0.8972623348236084,0.1269010603427887,False,False,False,-0.3812316840034836,False
pure,4,17,1,0.04898040313658731,199,-63.95836527526609,0.45719962511220597,90.98272539732899,0.5211606761092289,0.5374392983538656,1,0,1,0.005025125628140704,0.0,0.005025125628140704,90,-0.29610708355903625,0.8732133507728577,0.5195232629776001,0.13761024177074432,-0.04883300140500069,0.10000000149011612,0.37577808821933256,0.04117864790496756,0.0034644501366185134,0.044643098041586074,-1.1719920337200165,2.399728921040412,0.056574788492329275,0.5118437689302151,0.8951431512832642,0.12670740485191345,False,False,False,-0.3791166802717923,False
pure,4,17,1,0.04898040313658731,199,-63.95836527526609,0.45719962511220597,90.98272539732899,0.5211606761092289,0.5374392983538656,1,0,1,0.005025125628140704,0.0,0.005025125628140704,91,-0.30099040269851685,0.8832122087478638,0.5195232629776001,0.13761024177074432,-0.04866882041096687,0.10000000149011612,0.3736407495089459,0.03961192162975744,0.003354689696230144,0.042966611325987586,-1.168051689863205,2.399739236157123,0.054319152487542516,0.5120700987322465,0.892999529838562,0.12652473151683807,False,False,False,-0.37697718305370087,False
pure,4,17,1,0.04898040313658731,199,-63.95836527526609,0.45719962511220597,90.98272539732899,0.5211606761092289,0.5374392983538656,1,0,1,0.005025125628140704,0.0,0.005025125628140704,92,-0.30585727095603943,0.8932111263275146,0.5195232629776001,0.13761024177074432,-0.048510242253541946,0.10000000149011612,0.3714790679627443,0.0381784643343939,0.003253384747185683,0.04143184908157958,-1.1642458140850067,2.3997486738486566,0.052256423022090104,0.5122878338281719,0.890831708908081,0.12635250389575958,False,False,False,-0.3748134223484779,False
pure,4,17,1,0.04898040313658731,199,-63.95836527526609,0.45719962511220597,90.98272539732899,0.5211606761092289,0.5374392983538656,1,0,1,0.005025125628140704,0.0,0.005025125628140704,93,-0.31070831418037415,0.9032101035118103,0.5195232629776001,0.13761024177074432,-0.04835725203156471,0.10000000149011612,0.36929304654821804,0.03674891399123122,0.0031529448162656345,0.03990185880749686,-1.160574048757553,2.3997580858173366,0.05021614071521562,0.5124970677478187,0.8886396884918213,0.12619011104106903,False,False,False,-0.37262540022954393,False
pure,4,17,1,0.04898040313658731,199,-63.95836527526609,0.45719962511220597,90.98272539732899,0.5211606761092289,0.5374392983538656,1,0,1,0.005025125628140704,0.0,0.005025125628140704,94,-0.3155440390110016,0.913209080696106,0.5195232629776001,0.13761024177074432,-0.04820990934967995,0.10000000149011612,0.3670829303320495,0.035303449486109056,0.003051459671906176,0.03835490915801523,-1.1570378243923187,2.3997676025627364,0.0481702204481189,0.5126977769996859,0.8864237070083618,0.1260368824005127,False,False,False,-0.3704133622106162,False
pure,4,17,1,0.04898040313658731,199,-63.95836527526609,0.45719962511220597,90.98272539732899,0.5211606761092289,0.5374392983538656,1,0,1,0.005025125628140704,0.0,0.005025125628140704,95,-0.3203650116920471,0.9232081174850464,0.5195232629776001,0.13761024177074432,-0.04806818440556526,0.10000000149011612,0.36484884621974517,0.03386498461341886,0.0029503477432147466,0.036815332356633604,-1.1536364257335663,2.399777073223488,0.04614805667915016,0.5128900605691823,0.8841838836669922,0.12589217722415924,False,False,False,-0.36817743385609675,False
pure,4,17,1,0.04898040313658731,199,-63.95836527526609,0.45719962511220597,90.98272539732899,0.5211606761092289,0.5374392983538656,1,0,1,0.005025125628140704,0.0,0.005025125628140704,96,-0.3251718282699585,0.9332072138786316,0.5195232629776001,0.13761024177074432,-0.04793163016438484,0.10000000149011612,0.36259085456103457,0.03254104825463405,0.00285680817522026,0.03539785642985431,-1.1503591239452362,2.39978578984379,0.04428961942566363,0.5130746006501226,0.8819202780723572,0.12575562298297882,False,False,False,-0.3659176694807447,False
pure,4,17,1,0.04898040313658731,199,-63.95836527526609,0.45719962511220597,90.98272539732899,0.5211606761092289,0.5374392983538656,1,0,1,0.005025125628140704,0.0,0.005025125628140704,97,-0.3299649953842163,0.9432063102722168,0.5195232629776001,0.13761024177074432,-0.047800321131944656,0.10000000149011612,0.3603091458611881,0.031197961970930988,0.002762524852222878,0.03396048682315386,-1.147207707166672,2.399794632544645,0.04242003473358042,0.5132513507948459,0.8796330690383911,0.1256265491247177,False,False,False,-0.36363426003686544,False
pure,4,17,1,0.04898040313658731,199,-63.95836527526609,0.45719962511220597,90.98272539732899,0.5211606761092289,0.5374392983538656,1,0,1,0.005025125628140704,0.0,0.005025125628140704,98,-0.33474501967430115,0.9532054662704468,0.5195232629776001,0.13761024177074432,-0.04767434671521187,0.10000000149011612,0.3580039093077368,0.02983121780972874,0.0026665773501958487,0.03249779515992459,-1.1441843211650846,2.399803631005806,0.0405316737065101,0.513420232768623,0.8773224353790283,0.12550437450408936,False,False,False,-0.36132739538254205,False
pure,4,17,1,0.04898040313658731,199,-63.95836527526609,0.45719962511220597,90.98272539732899,0.5211606761092289,0.5374392983538656,1,0,1,0.005025125628140704,0.0,0.005025125628140704,99,-0.3395124673843384,0.9632046222686768,0.5195232629776001,0.13761024177074432,-0.04755318537354469,0.10000000149011612,0.35567509417742565,0.028598064199693067,0.0025793164530388867,0.031177380652731953,-1.1412764489650726,2.399811749924606,0.03882817108787746,0.5135820168148225,0.874988317489624,0.12538860738277435,False,False,False,-0.35899701764196235,False
pure,4,17,1,0.04898040313658731,199,-63.95836527526609,0.45719962511220597,90.98272539732899,0.5211606761092289,0.5374392983538656,1,0,1,0.005025125628140704,0.0,0.005025125628140704,100,-0.3442677855491638,0.9732038378715515,0.5195232629776001,0.13761024177074432,-0.04743734374642372,0.10000000149011612,0.35332306793579626,0.02723465184715604,0.0024840714841774373,0.029718723331333477,-1.138496249914169,2.399820726449586,0.036967875229416546,0.5137360496282785,0.8726310729980469,0.1252787560224533,False,False,False,-0.3566435005391555,False
pure,4,17,1,0.04898040313658731,199,-63.95836527526609,0.45719962511220597,90.98272539732899,0.5211606761092289,0.5374392983538656,1,0,1,0.005025125628140704,0.0,0.005025125628140704,101,-0.34901151061058044,0.983203113079071,0.5195232629776001,0.13761024177074432,-0.047326210886240005,0.10000000149011612,0.35094784864910417,0.02602731997558996,0.0023984995682594006,0.02842581954384936,-1.13582906126976,2.399828675361506,0.035318574456993115,0.5138832103551826,0.8702507019042969,0.1251741349697113,False,False,False,-0.35426685364671523,False
pure,4,17,1,0.04898040313658731,199,-63.95836527526609,0.45719962511220597,90.98272539732899,0.5211606761092289,0.5374392983538656,1,0,1,0.005025125628140704,0.0,0.005025125628140704,102,-0.35374414920806885,0.9932023882865906,0.5195232629776001,0.13761024177074432,-0.04721987619996071,0.10000000149011612,0.3485496212273224,0.024797264542975973,0.0023121412187602254,0.027109405761736198,-1.133277028799057,2.399836773882316,0.03365093180679789,0.5140234225710443,0.8678473830223083,0.12507443130016327,False,False,False,-0.35186726276868424,False
pure,4,17,1,0.04898040313658731,199,-63.95836527526609,0.45719962511220597,90.98272539732899,0.5211606761092289,0.5374392983538656,1,0,1,0.005025125628140704,0.0,0.005025125628140704,103,-0.35846611857414246,1.0032017230987549,0.5195232629776001,0.13761024177074432,-0.04711836948990822,0.10000000149011612,0.34612852369145986,0.02355893096922983,0.0022251161944454425,0.025784047163675272,-1.1308408677577975,2.399844926905306,0.03198133575170464,0.5141566781366764,0.8654212355613708,0.12497900426387787,False,False,False,-0.3494448661495888,False
pure,4,17,1,0.04898040313658731,199,-63.95836527526609,0.45719962511220597,90.98272539732899,0.5211606761092289,0.5374392983538656,1,0,1,0.005025125628140704,0.0,0.005025125628140704,104,-0.36317795515060425,1.013201117515564,0.5195232629776001,0.13761024177074432,-0.047021690756082535,0.10000000149011612,0.34368456584641416,0.022320061757319865,0.0021380020316141774,0.02445806378893404,-1.1285205781459808,2.399853083454865,0.03031953976662666,0.5142830095523707,0.8629722595214844,0.12488749623298645,False,False,False,-0.34699967314729174,False
pure,4,17,1,0.04898040313658731,199,-63.95836527526609,0.45719962511220597,90.98272539732899,0.5211606761092289,0.5374392983538656,1,0,1,0.005025125628140704,0.0,0.005025125628140704,105,-0.3678801357746124,1.0232003927230835,0.5195232629776001,0.13761024177074432,-0.046929407864809036,0.10000000149011612,0.3412181234992759,0.021191942271093094,0.002058175143758295,0.02325011741485139,-1.1263057887554166,2.3998605108430113,0.028807940506806934,0.5144030426378158,0.8605008125305176,0.12479934096336365,False,False,False,-0.3445320535339133,False
pure,4,17,1,0.04898040313658731,199,-63.95836527526609,0.45719962511220597,90.98272539732899,0.5211606761092289,0.5374392983538656,1,0,1,0.005025125628140704,0.0,0.005025125628140704,106,-0.3725730776786804,1.0331999063491821,0.5195232629776001,0.13761024177074432,-0.046841833740472794,0.10000000149011612,0.33872915105556123,0.019983369251591436,0.0019735426581096657,0.021956911909701102,-1.1242040097713468,2.3998684679264835,0.02720162663668573,0.514516382748802,0.8580068349838257,0.12471412122249603,False,False,False,-0.34204196596180075,False
pure,4,17,1,0.04898040313658731,199,-63.95836527526609,0.45719962511220597,90.98272539732899,0.5211606761092289,0.5374392983538656,1,0,1,0.005025125628140704,0.0,0.005025125628140704,107,-0.37725725769996643,1.0431993007659912,0.5195232629776001,0.13761024177074432,-0.04675837233662605,0.10000000149011612,0.336217787127664,0.01892735849686925,0.0018985833298652422,0.02082594182673449,-1.122200936079025,2.399875420560364,0.025796662889919206,0.5146238688441767,0.8554904460906982,0.12463130056858063,False,False,False,-0.33952954077320324,False
pure,4,17,1,0.04898040313658731,199,-63.95836527526609,0.45719962511220597,90.98272539732899,0.5211606761092289,0.5374392983538656,1,0,1,0.005025125628140704,0.0,0.005025125628140704,108,-0.3819330930709839,1.0531988143920898,0.5195232629776001,0.13761024177074432,-0.04667961969971657,0.10000000149011612,0.33368428420591156,0.017718248178736056,0.0018142216841510593,0.019532469862887116,-1.1203108727931976,2.399883381181339,0.024203866551059224,0.5147247182881394,0.8529518842697144,0.12455050647258759,False,False,False,-0.3369950376110057,False
pure,4,17,1,0.04898040313658731,199,-63.95836527526609,0.45719962511220597,90.98272539732899,0.5211606761092289,0.5374392983538656,1,0,1,0.005025125628140704,0.0,0.005025125628140704,109,-0.386601060628891,1.0631983280181885,0.5195232629776001,0.13761024177074432,-0.04660484567284584,0.10000000149011612,0.3311287204887414,0.01669586457887317,0.00174144807540297,0.018437312654276138,-1.1185162961483,2.39989011241852,0.022853880627204663,0.5148199427907527,0.8503912091255188,0.1244712769985199,False,False,False,-0.3344385257329488,False
pure,4,17,1,0.04898040313658731,199,-63.95836527526609,0.45719962511220597,90.98272539732899,0.5211606761092289,0.5374392983538656,1,0,1,0.005025125628140704,0.0,0.005025125628140704,110,-0.3912615478038788,1.073197841644287,0.5195232629776001,0.13761024177074432,-0.046534303575754166,0.10000000149011612,0.3285511734427294,0.015608796133113613,0.0016652633348823553,0.01727405946799597,-1.1168232858180998,2.3998972695320937,0.021428727915484867,0.5149092291570673,0.8478084802627563,0.12439319491386414,False,False,False,-0.3318600852878174,False
pure,4,17,1,0.04898040313658731,199,-63.95836527526609,0.45719962511220597,90.98272539732899,0.5211606761092289,0.5374392983538656,1,0,1,0.005025125628140704,0.0,0.005025125628140704,111,-0.3959149718284607,1.0831974744796753,0.5195232629776001,0.13761024177074432,-0.046468157321214676,0.10000000149011612,0.3259519603651257,0.014478781554586147,0.0015859297914548758,0.016064711346041025,-1.1152357757091522,2.3999047093972745,0.01995333555363824,0.5149923680552074,0.8452039957046509,0.12431582808494568,False,False,False,-0.32926003536100107,False
pure,4,17,1,0.04898040313658731,199,-63.95836527526609,0.45719962511220597,90.98272539732899,0.5211606761092289,0.5374392983538656,1,0,1,0.005025125628140704,0.0,0.005025125628140704,112,-0.40056177973747253,1.093196988105774,0.5195232629776001,0.13761024177074432,-0.04640570655465126,0.10000000149011612,0.3233310404373728,0.01352840454469017,0.001518230052172588,0.015046634596862759,-1.11373695731163,2.3999109665526768,0.018710701066842896,0.5150703293096526,0.8425776958465576,0.12423878908157349,False,False,False,-0.32663832664028036,False
pure,4,17,1,0.04898040313658731,199,-63.95836527526609,0.45719962511220597,90.98272539732899,0.5211606761092289,0.5374392983538656,1,0,1,0.005025125628140704,0.0,0.005025125628140704,113,-0.40520235896110535,1.103196620941162,0.5195232629776001,0.13761024177074432,-0.04634735360741615,0.10000000149011612,0.3206886108342181,0.012474977440916756,0.0014445560266067197,0.013919533467523476,-1.1123364865779874,2.399917902176144,0.0173431884457189,0.5151425925948431,0.8399297595024109,0.1241617202758789,False,False,False,-0.3239951603237163,False
pure,4,17,1,0.04898040313658731,199,-63.95836527526609,0.45719962511220597,90.98272539732899,0.5211606761092289,0.5374392983538656,1,0,1,0.005025125628140704,0.0,0.005025125628140704,114,-0.40983709692955017,1.1131963729858398,0.5195232629776001,0.13761024177074432,-0.046292994171381,0.10000000149011612,0.3180248747946493,0.011447477478121313,0.0013720976379178477,0.01281957511603916,-1.1110318601131437,2.3999246670987766,0.01601144316302745,0.5152093069413557,0.837260365486145,0.12408414483070374,False,False,False,-0.3213307389797441,False
pure,4,17,1,0.04898040313658731,199,-63.95836527526609,0.45719962511220597,90.98272539732899,0.5211606761092289,0.5374392983538656,1,0,1,0.005025125628140704,0.0,0.005025125628140704,115,-0.41446641087532043,1.123196005821228,0.5195232629776001,0.13761024177074432,-0.04624216631054878,0.10000000149011612,0.3153398524660107,0.01053862374656762,0.001307571594622195,0.011846195341189816,-1.1098119914531706,2.3999306508704543,0.014833972155495248,0.5152711151586703,0.83456951379776,0.12400572001934052,False,False,False,-0.31864507627370325,False
pure,4,17,1,0.04898040313658731,199,-63.95836527526609,0.45719962511220597,90.98272539732899,0.5211606761092289,0.5374392983538656,1,0,1,0.005025125628140704,0.0,0.005025125628140704,116,-0.41909059882164,1.1331957578659058,0.5195232629776001,0.13761024177074432,-0.04619536176323891,0.10000000149011612,0.3126338006858239,0.00950341776410846,0.0012352504439920409,0.010738668208100502,-1.108688682317734,2.399937466528492,0.013500855539486808,0.5153273687234181,0.831857442855835,0.12392616271972656,False,False,False,-0.3159384353016028,False
pure,4,17,1,0.04898040313658731,199,-63.95836527526609,0.45719962511220597,90.98272539732899,0.5211606761092289,0.5374392983538656,1,0,1,0.005025125628140704,0.0,0.005025125628140704,117,-0.4237101376056671,1.1431955099105835,0.5195232629776001,0.13761024177074432,-0.04615210369229317,0.10000000149011612,0.30990674771410603,0.00858993318515045,0.0011703551667738385,0.009760288351924289,-1.1076504886150362,2.3999434807890516,0.012323429942409066,0.5153787163481781,0.8291241526603699,0.12384499609470367,False,False,False,-0.3132108385120072,False
pure,4,17,1,0.04898040313658731,199,-63.95836527526609,0.45719962511220597,90.98272539732899,0.5211606761092289,0.5374392983538656,1,0,1,0.005025125628140704,0.0,0.005025125628140704,118,-0.428325355052948,1.1531952619552612,0.5195232629776001,0.13761024177074432,-0.04611219838261604,0.10000000149011612,0.3071589521961697,0.007726569463149527,0.001109319446452525,0.008835888909602052,-1.106692761182785,2.3999491650605793,0.011213248772942741,0.5154254382180654,0.8263698816299438,0.12376195192337036,False,False,False,-0.31046254142098506,False
pure,4,17,1,0.04898040313658731,199,-63.95836527526609,0.45719962511220597,90.98272539732899,0.5211606761092289,0.5374392983538656,1,0,1,0.005025125628140704,0.0,0.005025125628140704,119,-0.43293657898902893,1.163195013999939,0.5195232629776001,0.13761024177074432,-0.04607594385743141,0.10000000149011612,0.3043904384670976,0.006786399746401174,0.0010434381619192803,0.007829837908320455,-1.1058226525783539,2.399955355012525,0.010008759573345016,0.5154671413829544,0.8235946297645569,0.12367670238018036,False,False,False,-0.30769357238693273,False
pure,4,17,1,0.04898040313658731,199,-63.95836527526609,0.45719962511220597,90.98272539732899,0.5211606761092289,0.5374392983538656,1,0,1,0.005025125628140704,0.0,0.005025125628140704,120,-0.43754416704177856,1.1731947660446167,0.5195232629776001,0.13761024177074432,-0.04604298248887062,0.10000000149011612,0.3016013499705714,0.005937548330042701,0.0009832090811332718,0.006920757411175972,-1.105031579732895,2.3999609437369678,0.008920841805134862,0.5155043115571424,0.8207985162734985,0.12358894944190979,False,False,False,-0.3049040703831834,False
pure,4,17,1,0.04898040313658731,199,-63.95836527526609,0.45719962511220597,90.98272539732899,0.5211606761092289,0.5374392983538656,1,0,1,0.005025125628140704,0.0,0.005025125628140704,121,-0.44214847683906555,1.183194637298584,0.5195232629776001,0.13761024177074432,-0.04601355269551277,0.10000000149011612,0.29879207887015924,0.00502744709387923,0.0009193524245222648,0.0059467995184014945,-1.1043252646923067,2.3999669357220506,0.007758352263804087,0.5155366380249082,0.8179818987846375,0.12349820137023926,False,False,False,-0.3020944300319968,False
pure,4,17,1,0.04898040313658731,199,-63.95836527526609,0.45719962511220597,90.98272539732899,0.5211606761092289,0.5374392983538656,1,0,1,0.005025125628140704,0.0,0.005025125628140704,122,-0.44674983620643616,1.1931945085525513,0.5195232629776001,0.13761024177074432,-0.04598723724484444,0.10000000149011612,0.2959624047474548,0.004224098393459142,0.0008622387862192074,0.005086337179678349,-1.1036936938762663,2.399972224862685,0.006731459897299135,0.5155646857744803,0.8151445388793945,0.1234043687582016,False,False,False,-0.2992644259975835,False
pure,4,17,1,0.04898040313658731,199,-63.95836527526609,0.45719962511220597,90.98272539732899,0.5211606761092289,0.5374392983538656,1,0,1,0.005025125628140704,0.0,0.005025125628140704,123,-0.45134854316711426,1.2031943798065186,0.5195232629776001,0.13761024177074432,-0.04596428945660591,0.10000000149011612,0.29311266005374775,0.0031344043018926987,0.0008013232366839091,0.003935727538576608,-1.1031650408284384,2.400000035762787,0.0053809410463692255,0.5155871063621735,0.8122867345809937,0.12330703437328339,False,False,False,-0.29641439363695965,False
pure,4,17,1,0.04898040313658731,199,-63.95836527526609,0.45719962511220597,90.98272539732899,0.5211606761092289,0.5374392983538656,1,0,1,0.005025125628140704,0.0,0.005025125628140704,124,-0.45594507455825806,1.2131943702697754,0.5195232629776001,0.13761024177074432,-0.04594423249363899,0.10000000149011612,0.2902430536706647,0.002643030630491736,0.000747042269378128,0.003390072899869864,-1.102680210109821,2.4000000357627864,0.00470731904418114,0.5156067201915243,0.8094086647033691,0.12320591509342194,False,False,False,-0.2935445360202989,False
pure,4,17,1,0.04898040313658731,199,-63.95836527526609,0.45719962511220597,90.98272539732899,0.5211606761092289,0.5374392983538656,1,0,1,0.005025125628140704,0.0,0.005025125628140704,125,-0.4605395793914795,1.2231943607330322,0.5195232629776001,0.13761024177074432,-0.04592734947800636,0.10000000149011612,0.2873536162755741,0.0018470195617561562,0.0006909060161428915,0.002537925577899048,-1.1022694067912846,2.4000000357627873,0.0036940876201205213,0.5156221122232748,0.806510329246521,0.12310075759887695,False,False,False,-0.2906548871777309,False
pure,4,17,1,0.04898040313658731,199,-63.95836527526609,0.45719962511220597,90.98272539732899,0.5211606761092289,0.5374392983538656,1,0,1,0.005025125628140704,0.0,0.005025125628140704,126,-0.46513235569000244,1.233194351196289,0.5195232629776001,0.13761024177074432,-0.04591342434287071,0.10000000149011612,0.28444449803153626,0.001081162272299409,0.0006368872815765033,0.0017180495538759123,-1.10192980515341,2.4000000357627864,0.0027198944306145775,0.5156334451167357,0.8035918474197388,0.12299133837223053,False,False,False,-0.2877455945901071,False
pure,4,17,1,0.04898040313658731,199,-63.95836527526609,0.45719962511220597,90.98272539732899,0.5211606761092289,0.5374392983538656,1,0,1,0.005025125628140704,0.0,0.005025125628140704,127,-0.46972373127937317,1.2431944608688354,0.5195232629776001,0.13761024177074432,-0.045902516692876816,0.10000000149011612,0.28151585343281527,0.00030282734130627597,0.0005819758192403846,0.0008848031605466606,-1.1016625352062184,2.400000035762787,0.0017303555235432312,0.5156406549314171,0.800653338432312,0.12287738919258118,False,False,False,-0.2848168134222438,False
pure,4,17,1,0.04898040313658731,199,-63.95836527526609,0.45719962511220597,90.98272539732899,0.5211606761092289,0.5374392983538656,1,0,1,0.005025125628140704,0.0,0.005025125628140704,128,-0.47431400418281555,1.2531944513320923,0.5195232629776001,0.13761024177074432,-0.0458943210542202,0.10000000149011612,0.2785679004095535,0.0004032163275792509,0.0005321578831768335,0.0009353742107560845,-1.1014608630996354,2.4000000357627873,0.001721305942847157,0.5156478270395123,0.797694981098175,0.12275861203670502,False,False,False,-0.28186875780448717,False
pure,4,17,1,0.04898040313658731,199,-63.95836527526609,0.45719962511220597,90.98272539732899,0.5211606761092289,0.5374392983538656,1,0,1,0.005025125628140704,0.0,0.005025125628140704,129,-0.4789034128189087,1.2631944417953491,0.5195232629776001,0.13761024177074432,-0.045889053493738174,0.10000000149011612,0.2756007348201551,0.001156361670225637,0.00047900290216149017,0.001635364572387127,-1.1013291328577464,2.400000035762787,0.002423141777857591,0.5156579234635867,0.7947168350219727,0.12263481318950653,False,False,False,-0.27890152650096794,False
pure,4,17,1,0.04898040313658731,199,-63.95836527526609,0.45719962511220597,90.98272539732899,0.5211606761092289,0.5374392983538656,1,0,1,0.005025125628140704,0.0,0.005025125628140704,130,-0.48349228501319885,1.273194432258606,0.5195232629776001,0.13761024177074432,-0.04588629677891731,0.10000000149011612,0.27261457728520366,0.0018127789654255916,0.0004326675516462325,0.002245446517071824,-1.1012583447308844,2.4000000357627873,0.0030347401022519076,0.5156705682140128,0.7917190790176392,0.12250573933124542,False,False,False,-0.2759153343208167,False
pure,4,17,1,0.04898040313658731,199,-63.95836527526609,0.45719962511220597,90.98272539732899,0.5211606761092289,0.5374392983538656,1,0,1,0.005025125628140704,0.0,0.005025125628140704,131,-0.48808085918426514,1.2831944227218628,0.5195232629776001,0.13761024177074432,-0.04588628187775612,0.10000000149011612,0.26960953311559605,0.0025181371327075218,0.000382866005590685,0.0029010031382982067,-1.1012530151561708,2.400000035762787,0.0036919845370808725,0.5156859514829173,0.7887017726898193,0.1223711222410202,False,False,False,-0.2729102901512091,False
pure,4,17,1,0.04898040313658731,199,-63.95836527526609,0.45719962511220597,90.98272539732899,0.5211606761092289,0.5374392983538656,1,0,1,0.005025125628140704,0.0,0.005025125628140704,132,-0.4926694333553314,1.2931944131851196,0.5195232629776001,0.13761024177074432,-0.04588887467980385,0.10000000149011612,0.2665856496049793,0.003420588100350288,0.0003350691762685805,0.0037556572766188684,-1.1013329923152921,2.4000225564583504,0.004571380109055376,0.5157049989000384,0.7856649160385132,0.12223072350025177,False,False,False,-0.26988643882710056,False
pure,4,17,1,0.04898040313658731,199,-63.95836527526609,0.45719962511220597,90.98272539732899,0.5211606761092289,0.5374392983538656,1,0,1,0.005025125628140704,0.0,0.005025125628140704,133,-0.4972583055496216,1.303194522857666,0.5195232629776001,0.13761024177074432,-0.04589380696415901,0.10000000149011612,0.2635432048700454,0.003849835526389926,0.0002908170851269549,0.00414065261151688,-1.1014513671398165,2.4000253825661186,0.004938374989794202,0.5157255754624959,0.7826087474822998,0.12208448350429535,False,False,False,-0.2668440560064914,False
pure,4,17,1,0.04898040313658731,199,-63.95836527526609,0.45719962511220597,90.98272539732899,0.5211606761092289,0.5374392983538656,1,0,1,0.005025125628140704,0.0,0.005025125628140704,134,-0.5018476843833923,1.3131946325302124,0.5195232629776001,0.13761024177074432,-0.04590124264359474,0.10000000149011612,0.26048237413915953,0.004496920447137063,0.00024611594419541655,0.004743036391332479,-1.1016298234462738,2.4000296428868815,0.005544627239887636,0.5157486780759954,0.7795333862304688,0.12193211913108826,False,False,False,-0.2637833182588514,False
pure,4,17,1,0.04898040313658731,199,-63.95836527526609,0.45719962511220597,90.98272539732899,0.5211606761092289,0.5374392983538656,1,0,1,0.005025125628140704,0.0,0.005025125628140704,135,-0.5064378380775452,1.3231947422027588,0.5195232629776001,0.13761024177074432,-0.04591094329953194,0.10000000149011612,0.2574032113175869,0.005083962629090071,0.00020435143167459458,0.0052883140607646656,-1.1018626391887667,2.4000335078942645,0.006092278763431439,0.5157740625708431,0.77643883228302,0.12177345156669617,False,False,False,-0.2607042768072367,False
pure,4,17,1,0.04898040313658731,199,-63.95836527526609,0.45719962511220597,90.98272539732899,0.5211606761092289,0.5374392983538656,1,0,1,0.005025125628140704,0.0,0.005025125628140704,136,-0.5110288858413696,1.3331948518753052,0.5195232629776001,0.13761024177074432,-0.04592307284474373,0.10000000149011612,0.2543060158974352,0.005713126766460433,0.0001600791246310915,0.005873205891091525,-1.1021537482738495,2.400037650226981,0.006680940006148021,0.5158018998208688,0.7733253240585327,0.12160824239253998,False,False,False,-0.2576072333789291,False
pure,4,17,1,0.04898040313658731,199,-63.95836527526609,0.45719962511220597,90.98272539732899,0.5211606761092289,0.5374392983538656,1,0,1,0.005025125628140704,0.0,0.005025125628140704,137,-0.5156211853027344,1.3431950807571411,0.5195232629776001,0.13761024177074432,-0.045937467366456985,0.10000000149011612,0.25119090476904027,0.006300545310984005,0.00011835488839794074,0.006418900199381946,-1.1024992167949677,2.400041517712285,0.007230402916720334,0.5158320264996884,0.7701929211616516,0.12143638730049133,False,False,False,-0.2544923024055731,False
pure,4,17,1,0.04898040313658731,199,-63.95836527526609,0.45719962511220597,90.98272539732899,0.5211606761092289,0.5374392983538656,1,0,1,0.005025125628140704,0.0,0.005025125628140704,138,-0.5202149748802185,1.3531951904296875,0.5195232629776001,0.13761024177074432,-0.045953866094350815,0.10000000149011612,0.24805800285860732,0.006820849736575781,8.124320723075901e-05,0.00690209294380654,-1.1028927862644196,2.400044943327187,0.007717653319356861,0.515864183388519,0.7670416831970215,0.1212577223777771,False,False,False,-0.25135960590764717,False
pure,4,17,1,0.04898040313658731,199,-63.95836527526609,0.45719962511220597,90.98272539732899,0.5211606761092289,0.5374392983538656,1,0,1,0.005025125628140704,0.0,0.005025125628140704,139,-0.5248103737831116,1.3631954193115234,0.5195232629776001,0.13761024177074432,-0.0459725446999073,0.10000000149011612,0.24490762435703473,0.007411985597444936,3.976396950928159e-05,0.007451749566954218,-1.103341072797775,2.4000488352868055,0.008273383609353684,0.5158986558202246,0.7638718485832214,0.12107199430465698,False,False,False,-0.24820946142881112,False
pure,4,17,1,0.04898040313658731,199,-63.95836527526609,0.45719962511220597,90.98272539732899,0.5211606761092289,0.5374392983538656,1,0,1,0.005025125628140704,0.0,0.005025125628140704,140,-0.5294076204299927,1.3731956481933594,0.5195232629776001,0.13761024177074432,-0.04599318280816078,0.10000000149011612,0.2417398338244468,0.007921225924983517,3.348183379893426e-06,0.00792457410836341,-1.1038363873958588,2.4000521880571624,0.008751773223627156,0.5159351215419897,0.7606834173202515,0.12087920308113098,False,False,False,-0.24504192950587572,False
pure,4,17,1,0.04898040313658731,199,-63.95836527526609,0.45719962511220597,90.98272539732899,0.5211606761092289,0.5374392983538656,1,0,1,0.005025125628140704,0.0,0.005025125628140704,141,-0.5340068936347961,1.3831957578659058,0.5195232629776001,0.13761024177074432,-0.046015892177820206,0.10000000149011612,0.23855477889541354,0.008459023231010367,3.457758780799705e-05,0.008493600818818364,-1.1043814122676852,2.400055728842854,0.009424976159976535,0.5159743922759896,0.7574764490127563,0.12067908048629761,False,False,False,-0.24185715933803287,False
pure,4,17,1,0.04898040313658731,199,-63.95836527526609,0.45719962511220597,90.98272539732899,0.5211606761092289,0.5374392983538656,1,0,1,0.005025125628140704,0.0,0.005025125628140704,142,-0.5386084914207458,1.3931959867477417,0.5195232629776001,0.13761024177074432,-0.0460406132042408,0.10000000149011612,0.23535271345754183,0.00898182468361586,7.165511121618313e-05,0.009053479794832042,-1.1049747169017792,2.400059170897849,0.010096665693855951,0.5160164617163807,0.7542511224746704,0.12047162652015686,False,False,False,-0.2386554039188198,False
pure,4,17,1,0.04898040313658731,199,-63.95836527526609,0.45719962511220597,90.98272539732899,0.5211606761092289,0.5374392983538656,1,0,1,0.005025125628140704,0.0,0.005025125628140704,143,-0.5432125926017761,1.4031963348388672,0.5195232629776001,0.13761024177074432,-0.04606717452406883,0.10000000149011612,0.23213398294359897,0.009460637039054922,0.00010576889158271745,0.00956640593063764,-1.1056121885776522,2.400062323334498,0.010713647553756842,0.5160611019145214,0.7510076761245728,0.12025648355484009,False,False,False,-0.23543700689286445,False
pure,4,17,1,0.04898040313658731,199,-63.95836527526609,0.45719962511220597,90.98272539732899,0.5211606761092289,0.5374392983538656,1,0,1,0.005025125628140704,0.0,0.005025125628140704,144,-0.5478193163871765,1.4131965637207031,0.5195232629776001,0.13761024177074432,-0.04609556868672371,0.10000000149011612,0.2288984865444469,0.00993749544583041,0.00013955600276720619,0.010077051448597616,-1.1062936484813692,2.400065462906609,0.011328731635917586,0.5161083049630043,0.747745931148529,0.12003380060195923,False,False,False,-0.23220186700399392,False
pure,4,17,1,0.04898040313658731,199,-63.95836527526609,0.45719962511220597,90.98272539732899,0.5211606761092289,0.5374392983538656,1,0,1,0.005025125628140704,0.0,0.005025125628140704,145,-0.5524288415908813,1.423196792602539,0.5195232629776001,0.13761024177074432,-0.04612576588988304,0.10000000149011612,0.22564663951400374,0.010406854740343323,0.00017284630857187266,0.010579701048915195,-1.1070183813571932,2.4000685531055668,0.011935422479398031,0.5161580358900018,0.7444661855697632,0.1198032796382904,False,False,False,-0.22895039928260896,False
pure,4,17,1,0.04898040313658731,199,-63.95836527526609,0.45719962511220597,90.98272539732899,0.5211606761092289,0.5374392983538656,1,0,1,0.005025125628140704,0.0,0.005025125628140704,146,-0.5570414066314697,1.4331971406936646,0.5195232629776001,0.13761024177074432,-0.04615769162774086,0.10000000149011612,0.2223785453848242,0.01085717631540428,0.0002048527279339869,0.011062029043338268,-1.1077845990657804,2.40007151796272,0.012519073909237946,0.5162101986979569,0.7411684393882751,0.11956492066383362,False,False,False,-0.2256827063671946,False
pure,4,17,1,0.04898040313658731,199,-63.95836527526609,0.45719962511220597,90.98272539732899,0.5211606761092289,0.5374392983538656,1,0,1,0.005025125628140704,0.0,0.005025125628140704,147,-0.561657190322876,1.4431973695755005,0.5195232629776001,0.13761024177074432,-0.04619123414158821,0.10000000149011612,0.2190945754942028,0.01127880527725259,0.00023488435771504992,0.01151368963496764,-1.1085896193981168,2.400074293911537,0.013067306358568734,0.5162646458077843,0.737852931022644,0.11931845545768738,False,False,False,-0.22239915825394077,False
pure,4,17,1,0.04898040313658731,199,-63.95836527526609,0.45719962511220597,90.98272539732899,0.5211606761092289,0.5374392983538656,1,0,1,0.005025125628140704,0.0,0.005025125628140704,148,-0.5662763118743896,1.453197717666626,0.5195232629776001,0.13761024177074432,-0.04622635617852211,0.10000000149011612,0.21579483615992393,0.011690862788217904,0.00026415706596610226,0.011955019854184006,-1.1094325482845304,2.4000770068431985,0.013604220994997784,0.5163213300619302,0.7345196604728699,0.11906406283378601,False,False,False,-0.2190998610371145,False
pure,4,17,1,0.04898040313658731,199,-63.95836527526609,0.45719962511220597,90.98272539732899,0.5211606761092289,0.5374392983538656,1,0,1,0.005025125628140704,0.0,0.005025125628140704,149,-0.5708989500999451,1.4631980657577515,0.5195232629776001,0.13761024177074432,-0.04626324400305748,0.10000000149011612,0.2124796022268079,0.012150981340418929,0.0002965612870373339,0.012447542627456263,-1.1103178560733795,2.400080036202342,0.014203222375610362,0.5163805101551618,0.7311687469482422,0.11880144476890564,False,False,False,-0.2157850915731929,False
pure,4,17,1,0.04898040313658731,199,-63.95836527526609,0.45719962511220597,90.98272539732899,0.5211606761092289,0.5374392983538656,1,0,1,0.005025125628140704,0.0,0.005025125628140704,150,-0.5755252838134766,1.473198413848877,0.5195232629776001,0.13761024177074432,-0.046301696449518204,0.10000000149011612,0.20914919937700305,0.012559729590677105,0.0003258072577894265,0.012885536848466531,-1.1112407147884371,2.4000827273462724,0.014738847259757968,0.5164419220187442,0.7278003692626953,0.11853054165840149,False,False,False,-0.21245517308563266,False
pure,4,17,1,0.04898040313658731,199,-63.95836527526609,0.45719962511220597,90.98272539732899,0.5211606761092289,0.5374392983538656,1,0,1,0.005025125628140704,0.0,0.005025125628140704,151,-0.5801554322242737,1.4831987619400024,0.5195232629776001,0.13761024177074432,-0.04634148254990578,0.10000000149011612,0.20580372488605428,0.012908919994315189,0.00035089118495193656,0.013259811179267125,-1.1121955811977386,2.40008502636929,0.015199412454600611,0.5165052529039716,0.7244144678115845,0.11825132369995117,False,False,False,-0.20911020039128708,False
pure,4,17,1,0.04898040313658731,199,-63.95836527526609,0.45719962511220597,90.98272539732899,0.5211606761092289,0.5374392983538656,1,0,1,0.005025125628140704,0.0,0.005025125628140704,152,-0.5847895741462708,1.493199110031128,0.5195232629776001,0.13761024177074432,-0.046382684260606766,0.10000000149011612,0.20244358830205295,0.013279045948548743,0.000377083587890402,0.013656129536439144,-1.1131844222545624,2.4000874632291778,0.015687060684212252,0.5165706156568225,0.7210112810134888,0.11796373128890991,False,False,False,-0.2057505837087998,False
pure,4,17,1,0.04898040313658731,199,-63.95836527526609,0.45719962511220597,90.98272539732899,0.5211606761092289,0.5374392983538656,1,0,1,0.005025125628140704,0.0,0.005025125628140704,153,-0.5894278883934021,1.5031994581222534,0.5195232629776001,0.13761024177074432,-0.04642518237233162,0.10000000149011612,0.1990689789271895,0.01361873030015014,0.0004013705150269083,0.014020100815177048,-1.1142043769359586,2.4000896996656165,0.016137374147603214,0.5166378547157708,0.7175908088684082,0.11766767501831055,False,False,False,-0.20237651099925677,False
pure,4,17,1,0.04898040313658731,199,-63.95836527526609,0.45719962511220597,90.98272539732899,0.5211606761092289,0.5374392983538656,1,0,1,0.005025125628140704,0.0,0.005025125628140704,154,-0.5940703749656677,1.513199806213379,0.5195232629776001,0.13761024177074432,-0.04646923020482063,0.10000000149011612,0.19568033923387276,0.014023606486045849,0.0004298205211099781,0.014453427007155826,-1.1152615249156954,2.400092365316392,0.016671597705617498,0.5167073197062109,0.7141532897949219,0.11736306548118591,False,False,False,-0.19898842808782805,False
pure,4,17,1,0.04898040313658731,199,-63.95836527526609,0.45719962511220597,90.98272539732899,0.5211606761092289,0.5374392983538656,1,0,1,0.005025125628140704,0.0,0.005025125628140704,155,-0.5987172722816467,1.5232001543045044,0.5195232629776001,0.13761024177074432,-0.04651465639472008,0.10000000149011612,0.19227794481426055,0.01438484916813357,0.0004557013534747101,0.01484055052160828,-1.1163517534732816,2.4000947436900026,0.017152278015461656,0.5167787875312753,0.7106987833976746,0.11704987287521362,False,False,False,-0.19558660810797984,False
pure,4,17,1,0.04898040313658731,199,-63.95836527526609,0.45719962511220597,90.98272539732899,0.5211606761092289,0.5374392983538656,1,0,1,0.005025125628140704,0.0,0.005025125628140704,156,-0.6033687591552734,1.5332006216049194,0.5195232629776001,0.13761024177074432,-0.04656117781996727,0.10000000149011612,0.18886196130899996,0.014673128647187951,0.0004765710109412354,0.015149699658129187,-1.1174682676792143,2.4000966416836205,0.017540572133691198,0.516851873248499,0.7072272300720215,0.11672815680503845,False,False,False,-0.192171213347598,False
pure,4,17,1,0.04898040313658731,199,-63.95836527526609,0.45719962511220597,90.98272539732899,0.5211606761092289,0.5374392983538656,1,0,1,0.005025125628140704,0.0,0.005025125628140704,157,-0.6080248951911926,1.543200969696045,0.5195232629776001,0.13761024177074432,-0.04660896584391594,0.10000000149011612,0.18543296284578642,0.015005270167922406,0.0004999979410288295,0.015505268108951236,-1.1186151802539823,2.400098828459068,0.017985167466145466,0.5169268114462746,0.7037389278411865,0.1163976788520813,False,False,False,-0.18874282039306958,False
pure,4,17,1,0.04898040313658731,199,-63.95836527526609,0.45719962511220597,90.98272539732899,0.5211606761092289,0.5374392983538656,1,0,1,0.005025125628140704,0.0,0.005025125628140704,158,-0.6126857995986938,1.55320143699646,0.5195232629776001,0.13761024177074432,-0.04665789380669594,0.10000000149011612,0.18199127318801925,0.015305152281921464,0.0005215054733860271,0.01582665775530749,-1.1197894513607027,2.4001008028428865,0.018390213782125606,0.5170034373370335,0.7002339363098145,0.11605852842330933,False,False,False,-0.1853017509961371,False
pure,4,17,1,0.04898040313658731,199,-63.95836527526609,0.45719962511220597,90.98272539732899,0.5211606761092289,0.5374392983538656,1,0,1,0.005025125628140704,0.0,0.005025125628140704,159,-0.6173515915870667,1.5632017850875854,0.5195232629776001,0.13761024177074432,-0.0467078797519207,0.10000000149011612,0.17853731269186573,0.015583891238053978,0.000541471961822458,0.016125363199876435,-1.1209891140460966,2.400102638022975,0.018768960716322416,0.5170816413400181,0.6967123746871948,0.11571067571640015,False,False,False,-0.18184842484241562,False
pure,4,17,1,0.04898040313658731,199,-63.95836527526609,0.45719962511220597,90.98272539732899,0.5211606761092289,0.5374392983538656,1,0,1,0.005025125628140704,0.0,0.005025125628140704,160,-0.6220223307609558,1.5732022523880005,0.5195232629776001,0.13761024177074432,-0.04675930365920067,0.10000000149011612,0.17507129242937436,0.015960451943796947,0.0005677960575673045,0.01652824800136425,-1.122223287820816,2.4001051172484082,0.019273961078794706,0.5171619495111798,0.6931741237640381,0.11535409092903137,False,False,False,-0.17838305769781937,False
pure,4,17,1,0.04898040313658731,199,-63.95836527526609,0.45719962511220597,90.98272539732899,0.5211606761092289,0.5374392983538656,1,0,1,0.005025125628140704,0.0,0.005025125628140704,161,-0.6266983151435852,1.5832027196884155,0.5195232629776001,0.13761024177074432,-0.046811413019895554,0.10000000149011612,0.17159393867248152,0.01614392572207731,0.0005818438895476737,0.016725769611624985,-1.123473912477493,2.400106325215279,0.019533766593319464,0.5172433402053186,0.6896195411682129,0.11498865485191345,False,False,False,-0.17490636644655322,False
pure,4,17,1,0.04898040313658731,199,-63.95836527526609,0.45719962511220597,90.98272539732899,0.5211606761092289,0.5374392983538656,1,0,1,0.005025125628140704,0.0,0.005025125628140704,162,-0.6313794255256653,1.593203067779541,0.5195232629776001,0.13761024177074432,-0.04686463251709938,0.10000000149011612,0.16810562144033628,0.01643583544296899,0.0006021475068714149,0.017037982949840404,-1.1247511804103851,2.4001082471099253,0.01993144451272898,0.5173263878907883,0.6860486268997192,0.11461451649665833,False,False,False,-0.17141872647218423,False
pure,4,17,1,0.04898040313658731,199,-63.95836527526609,0.45719962511220597,90.98272539732899,0.5211606761092289,0.5374392983538656,1,0,1,0.005025125628140704,0.0,0.005025125628140704,163,-0.6360659003257751,1.603203535079956,0.5195232629776001,0.13761024177074432,-0.046919066458940506,0.10000000149011612,0.16460684610696955,0.016755251527819957,0.0006247739000097572,0.017380025427829713,-1.1260575950145721,2.4001103501028003,0.020366904543168685,0.5174112499930515,0.6824614405632019,0.11423152685165405,False,False,False,-0.16792064448984784,False
pure,4,17,1,0.04898040313658731,199,-63.95836527526609,0.45719962511220597,90.98272539732899,0.5211606761092289,0.5374392983538656,1,0,1,0.005025125628140704,0.0,0.005025125628140704,164,-0.6407577991485596,1.613204002380371,0.5195232629776001,0.13761024177074432,-0.04697417840361595,0.10000000149011612,0.16109825385940182,0.016936831065476457,0.0006384401859977453,0.017575271251474203,-1.1273802816867828,2.400111545598244,0.020626577039065383,0.5174971940640477,0.6788581609725952,0.11383971571922302,False,False,False,-0.16441275475752462,False
pure,4,17,1,0.04898040313658731,199,-63.95836527526609,0.45719962511220597,90.98272539732899,0.5211606761092289,0.5374392983538656,1,0,1,0.005025125628140704,0.0,0.005025125628140704,165,-0.6454552412033081,1.6232044696807861,0.5195232629776001,0.13761024177074432,-0.04703030362725258,0.10000000149011612,0.1575803404613091,0.017204105280815993,0.0006571192871945992,0.017861224568010592,-1.128727287054062,2.400113305296009,0.020995903824170284,0.5175846769966485,0.6752387881278992,0.11343920230865479,False,False,False,-0.16089555773275627,False
pure,4,17,1,0.04898040313658731,199,-63.95836527526609,0.45719962511220597,90.98272539732899,0.5211606761092289,0.5374392983538656,1,0,1,0.005025125628140704,0.0,0.005025125628140704,166,-0.6501582264900208,1.6332049369812012,0.5195232629776001,0.13761024177074432,-0.047087427228689194,0.10000000149011612,0.15405394768057598,0.01746807486862947,0.0006759824532644295,0.0181440573218939,-1.1300982534885409,2.4001150432365472,0.021363076555889142,0.5176736898156313,0.6716035604476929,0.11302971839904785,False,False,False,-0.15736989451287522,False
pure,4,17,1,0.04898040313658731,199,-63.95836527526609,0.45719962511220597,90.98272539732899,0.5211606761092289,0.5374392983538656,1,0,1,0.005025125628140704,0.0,0.005025125628140704,167,-0.6548669934272766,1.6432054042816162,0.5195232629776001,0.13761024177074432,-0.04714541509747505,0.10000000149011612,0.15051960312696536,0.017697606487818807,0.0006925616112662929,0.0183901680990851,-1.1314899623394012,2.400116554442096,0.02168689268657097,0.5177640518684921,0.6679524183273315,0.11261150240898132,False,False,False,-0.15383629136653978,False
pure,4,17,1,0.04898040313658731,199,-63.95836527526609,0.45719962511220597,90.98272539732899,0.5211606761092289,0.5374392983538656,1,0,1,0.005025125628140704,0.0,0.005025125628140704,168,-0.6595815420150757,1.6532059907913208,0.5195232629776001,0.13761024177074432,-0.0472041554749012,0.10000000149011612,0.14697824915658947,0.017898285736312497,0.000707079731677088,0.018605365467989583,-1.1328997313976286,2.4001178756874872,0.021974037806680925,0.5178556103593532,0.6642856001853943,0.11218443512916565,False,False,False,-0.15029568930875775,False
pure,4,17,1,0.04898040313658731,199,-63.95836527526609,0.45719962511220597,90.98272539732899,0.5211606761092289,0.5374392983538656,1,0,1,0.005025125628140704,0.0,0.005025125628140704,169,-0.6643019318580627,1.6632064580917358,0.5195232629776001,0.13761024177074432,-0.047263581305742264,0.10000000149011612,0.14343056242232158,0.018081637524542112,0.0007203225937637293,0.01880196011830584,-1.1343259513378143,2.4001190828511914,0.022239330689872945,0.5179482742372277,0.6606030464172363,0.11174866557121277,False,False,False,-0.14674876409833265,False
pure,4,17,1,0.04898040313658731,199,-63.95836527526609,0.45719962511220597,90.98272539732899,0.5211606761092289,0.5374392983538656,1,0,1,0.005025125628140704,0.0,0.005025125628140704,170,-0.6690282821655273,1.6732069253921509,0.5195232629776001,0.13761024177074432,-0.04732392355799675,0.10000000149011612,0.13987758326713118,0.018324433675393284,0.0007374076546878976,0.01906184133008118,-1.1357741653919218,2.4001206813886475,0.022582285726580154,0.5180423670944218,0.656904935836792,0.11130407452583313,False,False,False,-0.14319655898396047,False
pure,4,17,1,0.04898040313658731,199,-63.95836527526609,0.45719962511220597,90.98272539732899,0.5211606761092289,0.5374392983538656,1,0,1,0.005025125628140704,0.0,0.005025125628140704,171,-0.673760712146759,1.683207392692566,0.5195232629776001,0.13761024177074432,-0.047384921461343765,0.10000000149011612,0.1363204139033935,0.01850049052960431,0.0007503697343079406,0.01925086026391225,-1.1372381150722504,2.40012184052348,0.022840441765579516,0.5181375356017783,0.6531914472579956,0.11085072159767151,False,False,False,-0.13964017260173772,False
pure,4,17,1,0.04898040313658731,199,-63.95836527526609,0.45719962511220597,90.98272539732899,0.5211606761092289,0.5374392983538656,1,0,1,0.005025125628140704,0.0,0.005025125628140704,172,-0.678499162197113,1.6932079792022705,0.5195232629776001,0.13761024177074432,-0.04744674637913704,0.10000000149011612,0.1327599565931582,0.018720398513641524,0.0007659152345348674,0.01948631374817639,-1.138721913099289,2.4001232883682992,0.023155619000758167,0.5182340173476149,0.6494624614715576,0.11038872599601746,False,False,False,-0.1360805101194405,False
pure,4,17,1,0.04898040313658731,199,-63.95836527526609,0.45719962511220597,90.98272539732899,0.5211606761092289,0.5374392983538656,1,0,1,0.005025125628140704,0.0,0.005025125628140704,173,-0.6832438707351685,1.7032084465026855,0.5195232629776001,0.13761024177074432,-0.04750896617770195,0.10000000149011612,0.12919773619293662,0.01882936619116419,0.000774349157258898,0.019603715348423086,-1.1402151882648468,2.4001240057969464,0.023328063317771732,0.518331217611439,0.6457183361053467,0.1099180281162262,False,False,False,-0.13251909013509244,False
pure,4,17,1,0.04898040313658731,199,-63.95836527526609,0.45719962511220597,90.98272539732899,0.5211606761092289,0.5374392983538656,1,0,1,0.005025125628140704,0.0,0.005025125628140704,174,-0.6879947781562805,1.7132089138031006,0.5195232629776001,0.13761024177074432,-0.04757191613316536,0.10000000149011612,0.12563480838784535,0.01902413522467305,0.0007879268775691995,0.019812062102242248,-1.1417259871959686,2.40012528813027,0.023611472793990795,0.5184295987480806,0.6419588327407837,0.1094386875629425,False,False,False,-0.12895697325119337,False
pure,4,17,1,0.04898040313658731,199,-63.95836527526609,0.45719962511220597,90.98272539732899,0.5211606761092289,0.5374392983538656,1,0,1,0.005025125628140704,0.0,0.005025125628140704,175,-0.692751944065094,1.7232095003128052,0.5195232629776001,0.13761024177074432,-0.04763570800423622,0.10000000149011612,0.12207322723823323,0.019248179335147456,0.0008038369045373051,0.02005201623968476,-1.143256992101669,2.400126763206794,0.023934926077967475,0.5185293276067388,0.6381845474243164,0.1089506447315216,False,False,False,-0.12539621464567913,False
pure,4,17,1,0.04898040313658731,199,-63.95836527526609,0.45719962511220597,90.98272539732899,0.5211606761092289,0.5374392983538656,1,0,1,0.005025125628140704,0.0,0.005025125628140704,176,-0.6975155472755432,1.7332099676132202,0.5195232629776001,0.13761024177074432,-0.04769984260201454,0.10000000149011612,0.11851419286698234,0.019343950126869795,0.0008114241313997103,0.020155374258269503,-1.144796222448349,2.4001273937489063,0.02409240231819116,0.5186297126163979,0.6343950629234314,0.10845404863357544,False,False,False,-0.12183800818294417,False
pure,4,17,1,0.04898040313658731,199,-63.95836527526609,0.45719962511220597,90.98272539732899,0.5211606761092289,0.5374392983538656,1,0,1,0.005025125628140704,0.0,0.005025125628140704,177,-0.7022855281829834,1.7432105541229248,0.5195232629776001,0.13761024177074432,-0.04776492342352867,0.10000000149011612,0.11495984366342506,0.019594479806425216,0.000828622828520784,0.020423102634946,-1.1463581621646879,2.400129043202882,0.024451093576060356,0.5187315921729648,0.6305906772613525,0.107948899269104,False,False,False,-0.11828450007543048,False
pure,4,17,1,0.04898040313658731,199,-63.95836527526609,0.45719962511220597,90.98272539732899,0.5211606761092289,0.5374392983538656,1,0,1,0.005025125628140704,0.0,0.005025125628140704,178,-0.7070620059967041,1.7532111406326294,0.5195232629776001,0.13761024177074432,-0.047830354422330856,0.10000000149011612,0.1114124268716606,0.01969243806419988,0.0008364804763080929,0.020528918540507975,-1.1479285061359406,2.400129688146978,0.024613172633953878,0.5188341470589396,0.6267715692520142,0.10743525624275208,False,False,False,-0.11473792974412764,False
pure,4,17,1,0.04898040313658731,199,-63.95836527526609,0.45719962511220597,90.98272539732899,0.5211606761092289,0.5374392983538656,1,0,1,0.005025125628140704,0.0,0.005025125628140704,179,-0.7118450403213501,1.7632116079330444,0.5195232629776001,0.13761024177074432,-0.047896016389131546,0.10000000149011612,0.10787422883382893,0.019758986638472628,0.0008415562798407472,0.020600542918313376,-1.1495043933391573,2.4001301262939108,0.0247328865290716,0.5189372007528107,0.6229376792907715,0.10691320896148682,False,False,False,-0.1112005821900711,False
pure,4,17,1,0.04898040313658731,199,-63.95836527526609,0.45719962511220597,90.98272539732899,0.5211606761092289,0.5374392983538656,1,0,1,0.005025125628140704,0.0,0.005025125628140704,180,-0.7166346311569214,1.773212194442749,0.5195232629776001,0.13761024177074432,-0.04796275869011879,0.10000000149011612,0.10434806547662341,0.020044060692916945,0.0008609002776039706,0.020904960970520914,-1.1511062085628507,2.40013200318344,0.02513911701625409,0.5190419470737118,0.6190891265869141,0.10638272762298584,False,False,False,-0.10767528429230773,False
pure,4,17,1,0.04898040313658731,199,-63.95836527526609,0.45719962511220597,90.98272539732899,0.5211606761092289,0.5374392983538656,1,0,1,0.005025125628140704,0.0,0.005025125628140704,181,-0.7214308977127075,1.783212661743164,0.5195232629776001,0.13761024177074432,-0.048029575496912,0.10000000149011612,0.10083722822444927,0.020071403704888274,0.0008642638789679333,0.020935667583856208,-1.1527098119258878,2.4001321832061824,0.02521085154044388,0.5191469922884636,0.615226149559021,0.10584384202957153,False,False,False,-0.10416531428771507,False
pure,4,17,1,0.04898040313658731,199,-63.95836527526609,0.45719962511220597,90.98272539732899,0.5211606761092289,0.5374392983538656,1,0,1,0.005025125628140704,0.0,0.005025125628140704,182,-0.7262338995933533,1.7932132482528687,0.5195232629776001,0.13761024177074432,-0.048096802085638046,0.10000000149011612,0.09734515303082517,0.020183784774521537,0.0008720362357190813,0.02105582101024062,-1.1543232500553129,2.400132923108147,0.025391614918835303,0.5192527906839588,0.6113487482070923,0.105296790599823,False,False,False,-0.10067411260016015,False
pure,4,17,1,0.04898040313658731,199,-63.95836527526609,0.45719962511220597,90.98272539732899,0.5211606761092289,0.5374392983538656,1,0,1,0.005025125628140704,0.0,0.005025125628140704,183,-0.7310435771942139,1.8032138347625732,0.5195232629776001,0.13761024177074432,-0.048164788633584976,0.10000000149011612,0.0938758601868914,0.02038678238743751,0.0008861822808166753,0.021272964668254183,-1.1559549272060392,2.400134259617339,0.025693158003089623,0.5193598455089716,0.6074568629264832,0.1047414243221283,False,False,False,-0.09720570443816647,False
pure,4,17,1,0.04898040313658731,199,-63.95836527526609,0.45719962511220597,90.98272539732899,0.5211606761092289,0.5374392983538656,1,0,1,0.005025125628140704,0.0,0.005025125628140704,184,-0.7358600497245789,1.8132144212722778,0.5195232629776001,0.13761024177074432,-0.04823299124836922,0.10000000149011612,0.09043419474003923,0.02045029689999216,0.000891551190004089,0.02134184808999625,-1.1575917899608612,2.4001346777884143,0.02581293872184532,0.5194673994203126,0.6035507917404175,0.10417795181274414,False,False,False,-0.09376492747305049,False
pure,4,17,1,0.04898040313658731,199,-63.95836527526609,0.45719962511220597,90.98272539732899,0.5211606761092289,0.5374392983538656,1,0,1,0.005025125628140704,0.0,0.005025125628140704,185,-0.7406833171844482,1.8232148885726929,0.5195232629776001,0.13761024177074432,-0.04830161854624748,0.10000000149011612,0.0870256353115261,0.020566846949774866,0.0008997688474533709,0.021466615797228236,-1.1592388451099396,2.400135445138388,0.02600145500881405,0.5195757388161827,0.5996306538581848,0.10360631346702576,False,False,False,-0.09035726278476124,False
pure,4,17,1,0.04898040313658731,199,-63.95836527526609,0.45719962511220597,90.98272539732899,0.5211606761092289,0.5374392983538656,1,0,1,0.005025125628140704,0.0,0.005025125628140704,186,-0.7455134987831116,1.8332154750823975,0.5195232629776001,0.13761024177074432,-0.04837075248360634,0.10000000149011612,0.08365619124555793,0.020704806894262986,0.0009096461412727782,0.021614453035535764,-1.160898059606552,2.400136353448252,0.026219444920520977,0.5196849865033515,0.5956963300704956,0.10302668809890747,False,False,False,-0.08698872150564399,False
pure,4,17,1,0.04898040313658731,199,-63.95836527526609,0.45719962511220597,90.98272539732899,0.5211606761092289,0.5374392983538656,1,0,1,0.005025125628140704,0.0,0.005025125628140704,187,-0.7503505945205688,1.843216061592102,0.5195232629776001,0.13761024177074432,-0.04844018444418907,0.10000000149011612,0.08033332290834655,0.020789224522962998,0.0009160920471879575,0.021705316570150957,-1.162564426660538,2.4001369092426525,0.02636755922297515,0.5197948513334473,0.5917481184005737,0.1024390459060669,False,False,False,-0.08366676064914931,False
pure,4,17,1,0.04898040313658731,199,-63.95836527526609,0.45719962511220597,90.98272539732899,0.5211606761092289,0.5374392983538656,1,0,1,0.005025125628140704,0.0,0.005025125628140704,188,-0.7551946043968201,1.8532166481018066,0.5195232629776001,0.13761024177074432,-0.04850979521870613,0.10000000149011612,0.07706523755831643,0.02084272146436282,0.0009202490693944284,0.02176297053375725,-1.1642350852489471,2.400137261459375,0.02647455168215939,0.5199051619654562,0.5877859592437744,0.10184356570243835,False,False,False,-0.08039958613259716,False
pure,4,17,1,0.04898040313658731,199,-63.95836527526609,0.45719962511220597,90.98272539732899,0.5211606761092289,0.5374392983538656,1,0,1,0.005025125628140704,0.0,0.005025125628140704,189,-0.76004558801651,1.8632172346115112,0.5195232629776001,0.13761024177074432,-0.04857994243502617,0.10000000149011612,0.07386177485694156,0.02098815201126757,0.0009303259067205047,0.021918477917988073,-1.1659186184406278,2.4001382189546883,0.02670338796140253,0.5200164260819621,0.5838099718093872,0.10124018788337708,False,False,False,-0.07719704253484475,False
pure,4,17,1,0.04898040313658731,199,-63.95836527526609,0.45719962511220597,90.98272539732899,0.5211606761092289,0.5374392983538656,1,0,1,0.005025125628140704,0.0,0.005025125628140704,190,-0.7649035453796387,1.8732178211212158,0.5195232629776001,0.13761024177074432,-0.04865041747689247,0.10000000149011612,0.07073435946515726,0.021080395011546595,0.0009373231405218925,0.02201771815206849,-1.167610019445419,2.4001388262702914,0.02686338609167723,0.520128356857344,0.5798203945159912,0.10062909126281738,False,False,False,-0.0740705516111009,False
pure,4,17,1,0.04898040313658731,199,-63.95836527526609,0.45719962511220597,90.98272539732899,0.5211606761092289,0.5374392983538656,1,0,1,0.005025125628140704,0.0,0.005025125628140704,191,-0.7697685956954956,1.8832184076309204,0.5195232629776001,0.13761024177074432,-0.048721227794885635,0.10000000149011612,0.06769601181967462,0.02117432872871093,0.0009441843331526352,0.022118513061863566,-1.169309467077255,2.40013944471735,0.027025517102571377,0.5202409631786048,0.5758171081542969,0.10001033544540405,False,False,False,-0.07103313379807676,False
pure,4,17,1,0.04898040313658731,199,-63.95836527526609,0.45719962511220597,90.98272539732899,0.5211606761092289,0.5374392983538656,1,0,1,0.005025125628140704,0.0,0.005025125628140704,192,-0.7746407389640808,1.893218994140625,0.5195232629776001,0.13761024177074432,-0.04879210516810417,0.10000000149011612,0.06476212311481934,0.02119926060470113,0.0009465019202664746,0.022145762524967604,-1.1710105240345003,2.4001396088654943,0.027096294018553825,0.5203538644036821,0.5718002915382385,0.09938400983810425,False,False,False,-0.06810017693733673,False
pure,4,17,1,0.04898040313658731,199,-63.95836527526609,0.45719962511220597,90.98272539732899,0.5211606761092289,0.5374392983538656,1,0,1,0.005025125628140704,0.0,0.005025125628140704,193,-0.7795199155807495,1.9032195806503296,0.5195232629776001,0.13761024177074432,-0.04886338487267494,0.10000000149011612,0.061950370102290084,0.021310171042801505,0.0009541687978844717,0.022264339840685977,-1.1727212369441986,2.400140339085017,0.0272810291669054,0.5204675353585443,0.5677700042724609,0.09875023365020752,False,False,False,-0.06528936225092785,False
pure,4,17,1,0.04898040313658731,199,-63.95836527526609,0.45719962511220597,90.98272539732899,0.5211606761092289,0.5374392983538656,1,0,1,0.005025125628140704,0.0,0.005025125628140704,194,-0.7844062447547913,1.9132201671600342,0.5195232629776001,0.13761024177074432,-0.04893491789698601,0.10000000149011612,0.059281339178829925,0.02138319508993057,0.0009597371420304989,0.02234293223196107,-1.1744380295276642,2.4001408198655927,0.027416741797352227,0.5205817717826999,0.5637264847755432,0.09810894727706909,False,False,False,-0.06262127390041901,False
pure,4,17,1,0.04898040313658731,199,-63.95836527526609,0.45719962511220597,90.98272539732899,0.5211606761092289,0.5374392983538656,1,0,1,0.005025125628140704,0.0,0.005025125628140704,195,-0.7892997860908508,1.9232207536697388,0.5195232629776001,0.13761024177074432,-0.04900658503174782,0.10000000149011612,0.05677805417138106,0.02142537233624324,0.0009630941229208337,0.022388466459164074,-1.1761580407619476,2.400141097554954,0.027511185734827016,0.5206964017232617,0.5596696734428406,0.09746035933494568,False,False,False,-0.06011893459516531,False
pure,4,17,1,0.04898040313658731,199,-63.95836527526609,0.45719962511220597,90.98272539732899,0.5211606761092289,0.5374392983538656,1,0,1,0.005025125628140704,0.0,0.005025125628140704,196,-0.7942004203796387,1.9332213401794434,0.5195232629776001,0.13761024177074432,-0.04907861724495888,0.10000000149011612,0.05446663954843446,0.021526872925138562,0.0009702199759647274,0.02249709290110329,-1.1778868138790133,2.400141765821291,0.027684885248916928,0.5208117554117988,0.5555996894836426,0.09680452942848206,False,False,False,-0.05780847126234933,False
pure,4,17,1,0.04898040313658731,199,-63.95836527526609,0.45719962511220597,90.98272539732899,0.5211606761092289,0.5374392983538656,1,0,1,0.005025125628140704,0.0,0.005025125628140704,197,-0.7991082668304443,1.943221926689148,0.5195232629776001,0.13761024177074432,-0.049150992184877396,0.10000000149011612,0.052375814164835624,0.021622957062116418,0.0009772648387431572,0.022600221900859575,-1.1796238124370575,2.4001423984264316,0.027852529819735385,0.5209278076193811,0.551516592502594,0.09614154696464539,False,False,False,-0.05571860320385139,False
pure,4,17,1,0.04898040313658731,199,-63.95836527526609,0.45719962511220597,90.98272539732899,0.5211606761092289,0.5374392983538656,1,0,1,0.005025125628140704,0.0,0.005025125628140704,198,-0.8040233850479126,1.9532225131988525,0.5195232629776001,0.13761024177074432,-0.049223292618989944,0.10000000149011612,0.05053648348150678,0.021611644530725897,0.0009772003297230608,0.02258884486044896,-1.1813590228557584,2.400142323946235,0.027876531135466877,0.5210439598324456,0.5474206209182739,0.09547150135040283,False,False,False,-0.05388022984562345,False
pure,4,17,1,0.04898040313658731,199,-63.95836527526609,0.45719962511220597,90.98272539732899,0.5211606761092289,0.5374392983538656,1,0,1,0.005025125628140704,0.0,0.005025125628140704,199,-0.8089457154273987,1.9632230997085571,0.5195232629776001,0.13761024177074432,-0.04929584637284279,0.10000000149011612,0.04898040313658731,0.021684186921644314,0.0009821657667429583,0.02266635268838727,-1.183100312948227,2.4001428015556496,0.028011906428007737,0.5211606761092289,0.5433117151260376,0.09479448199272156,False,False,False,-0.052325111296153234,True
