#{"t_start": 1789933678.7145932, "env_id": null}
r,l,t,is_success,final_distance,tau_sum_total,episode_energy,episode_mean_tau_sum
-117.00297,200,1.149017,0.0,0.4296386633108572,3341.057618856663,20.471151858418686,16.705288094283315
-100.508391,200,1.254056,0.0,0.4270404675429837,3246.7422982473513,19.55391776380606,16.233711491236757
-136.605652,200,1.378875,0.0,0.5764108187479029,3530.4401854375615,20.422913209174137,17.652200927187806
-133.529927,200,1.513127,0.0,0.5880288987520448,3315.563575612509,18.84875064844603,16.577817878062543
-61.768298,200,1.647665,0.0,0.2724509790846617,3491.8096587475297,20.320428121910194,17.45904829373765
-75.974097,200,1.76771,0.0,0.26656494713098083,3601.894205280245,20.28380509577597,18.009471026401226
-151.127254,200,1.887208,0.0,0.6389728797077256,3388.614031073532,18.83273091385562,16.94307015536766
-205.722417,200,2.000717,0.0,0.9222716327251809,3420.576698478946,19.707370039090407,17.10288349239473
-206.31796,200,2.116217,0.0,0.952846302301833,3667.6746368120903,20.613579642541364,18.33837318406045
-90.574335,200,2.224727,0.0,0.31229470231041434,3521.987673253338,20.16473148455808,17.60993836626669
-82.122126,200,2.625788,0.0,0.361394554433126,3511.1246493035383,20.68319904936609,17.55562324651769
-102.794172,200,2.749304,0.0,0.3583635940297537,3631.1091149416266,20.126735706747354,18.155545574708132
-120.665868,200,2.861328,0.0,0.3757642247795066,3101.97807418973,18.988520449858274,15.509890370948648
-144.318167,200,2.966854,0.0,0.6271431245495604,3468.4289916452385,19.643387580087662,17.342144958226193
-173.183695,200,3.076074,0.0,0.7152803246459603,3413.0823973989613,20.328153110737887,17.065411986994807
-128.014696,200,3.204594,0.0,0.5969986244207061,3517.396641123428,19.939575073696567,17.586983205617138
-61.956381,200,3.315114,0.0,0.2040018762163729,3224.445805445429,18.851432382326706,16.122229027227146
-186.730787,200,3.428646,0.0,0.8356156945832895,3430.088330277083,19.302850475664012,17.150441651385414
-187.617081,200,3.542435,0.0,0.8561587819968168,3479.2190695664553,20.044405236252437,17.396095347832276
-57.513718,200,3.653451,0.0,0.18129232192171296,3397.622848847982,19.970851691934392,16.98811424423991
-180.659574,200,4.06685,0.0,0.7311416028568428,3263.095681365524,19.913932011966132,16.31547840682762
-130.510922,200,4.187359,0.0,0.5642241037719231,3680.19005455007,21.1509079036032,18.40095027275035
-173.433946,200,4.291878,0.0,0.7863159216585588,3226.9195141108694,19.14043797727612,16.134597570554348
-163.736018,200,4.395397,0.0,0.8910129045465082,3346.674651815232,20.234516642963676,16.73337325907616
-121.5429,200,4.499725,0.0,0.6757675896862023,3289.304226179207,19.45786139059883,16.446521130896034
-175.641525,200,4.617247,0.0,0.8039365695005616,3214.6627489508232,18.986076553791708,16.073313744754117
-99.133426,200,4.738783,0.0,0.5505049567462612,3352.4403066670634,19.111798095058493,16.76220153333532
-212.191526,200,4.851819,0.0,1.0385479906929809,3354.3225288459234,20.0368287111511,16.771612644229617
-64.577277,200,4.973047,0.0,0.25541262354753047,3368.3340132894336,19.556033577049426,16.84167006644717
-151.540366,200,5.095566,0.0,0.7060289951632328,3124.0630571133647,18.871166419675514,15.620315285566823
-72.849125,200,5.567238,0.0,0.35619223509931985,3277.024052249314,19.618068417021746,16.38512026124657
-161.196755,200,5.728757,0.0,0.851237302676235,3394.68564444495,19.614737354374654,16.97342822222475
-157.86347,200,5.855805,0.0,0.9680681262333171,3364.7003638642195,19.238445523210594,16.8235018193211
-138.328046,200,5.983402,0.0,0.5888302358882993,3683.248112167616,20.510831951577778,18.41624056083808
-123.175077,200,6.118831,0.0,0.4811115537145677,3116.407347621228,18.56099143525938,15.58203673810614
-97.530781,200,6.250162,0.0,0.536834024548695,3528.933406656109,20.948556147495246,17.644667033280545
-153.45299,200,6.366209,0.0,0.6897938815895484,3206.4347860592115,18.220164907447042,16.032173930296057
-187.581081,200,6.489748,0.0,0.8321099989597702,3395.824190981684,19.696377148371347,16.97912095490842
-109.419212,200,6.60627,0.0,0.45548644529634896,3114.0563257241142,17.809799604973055,15.57028162862057
-219.032651,200,6.715787,0.0,0.979276623975657,3425.668498249111,19.297883327349627,17.128342491245554
-58.482638,200,7.083812,0.0,0.17198626409026566,3491.6319914853216,20.661194243938294,17.45815995742661
-132.972454,200,7.213321,0.0,0.5491512136072235,3473.518593110166,19.806269779495878,17.36759296555083
-154.533583,200,7.326834,0.0,0.6651894749722048,3423.8779777811733,20.475069447615486,17.119389888905868
-151.135823,200,7.431364,0.0,0.7081645016108612,3275.322434080371,18.857146550484327,16.376612170401856
-77.477273,200,7.532887,0.0,0.2727998922953372,3376.2935015612516,19.842156301510695,16.881467507806256
-58.140001,200,7.64318,0.0,0.27353045046866886,3328.6586449586516,19.4850355243532,16.643293224793258
-103.883414,200,7.75625,0.0,0.35002483773771426,3313.6906857838967,19.362515220790534,16.568453428919483
-155.84822,200,7.867793,0.0,0.6937668983895927,3304.02915705619,19.02229622991816,16.52014578528095
-125.102353,200,7.978339,0.0,0.6697845435689284,3293.4247996984177,19.731377237396305,16.467123998492088
-123.641111,200,8.090299,0.0,0.5155132021076656,3233.1593472472186,19.43194631402098,16.165796736236093
-98.897261,200,8.200352,0.0,0.34921132042119396,3172.6150101327694,19.085689752231087,15.863075050663847
-111.201666,200,8.607496,0.0,0.4404040185882742,3257.6674477718148,19.5428103831432,16.288337238859075
-150.546302,200,8.724008,0.0,0.6538174952114462,3185.469658192301,19.15775057957504,15.927348290961504
-198.16771,200,8.836526,0.0,0.8994900712192012,3608.8239924955074,20.317710053951934,18.044119962477538
-136.434684,200,8.952052,0.0,0.6069141036753021,3338.8614352665763,18.94325080521137,16.69430717633288
-187.628381,200,9.059875,0.0,0.8708657601098682,3064.6358310800583,18.20545472563561,15.323179155400291
-122.75819,200,9.190394,0.0,0.5324531447131579,3115.820570503032,19.072766880779778,15.57910285251516
-146.116029,200,9.330918,0.0,0.6318341208849954,3433.688022732524,20.33645240520278,17.16844011366262
-202.578327,200,9.461969,0.0,0.9355701890452108,3361.9699836856817,19.30781675830078,16.80984991842841
-159.855215,200,9.597498,0.0,0.7484331580876373,3424.745275525504,19.92656368310971,17.12372637762752
-131.533727,200,9.727254,0.0,0.5181325423121416,3288.639970288361,20.038181670398764,16.443199851441804
-150.743163,200,10.110318,0.0,0.5750855671203722,3288.435249600499,18.812456932056314,16.442176248002497
-109.801123,200,10.239829,0.0,0.3338455499319946,3384.8556441056844,19.68162358478838,16.92427822052842
-175.568276,200,10.346355,0.0,0.7977207742962273,3446.1394346121215,19.841811545122784,17.23069717306061
-91.236984,200,10.455935,0.0,0.35357760093394347,3491.7299203529096,19.999127123134773,17.45864960176455
-88.810802,200,10.561479,0.0,0.3955069634859461,3381.2853988527067,19.82617605890768,16.906426994263533
-99.579313,200,10.682149,0.0,0.38750865347885827,3349.473392585782,19.730815228222855,16.74736696292891
-95.462208,200,10.801127,0.0,0.42973797327243857,3184.252045065694,18.782106476610913,15.921260225328469
-161.141824,200,10.919958,0.0,0.7053002404679489,3195.626703977028,18.474541659891898,15.978133519885139
-53.528039,200,11.030484,0.0,0.16748380355532216,3526.5179041486194,20.19310856167534,17.632589520743096
-152.591599,200,11.14261,0.0,0.7033755347201018,3303.3273142548546,19.276782218217427,16.516636571274272
-191.743596,200,11.533391,0.0,0.8564506303754715,3526.640387690082,20.002864775529325,17.633201938450412
-119.372674,200,11.661409,0.0,0.36724910716935744,3329.45887938003,18.818103912986288,16.64729439690015
-85.053307,200,11.774885,0.0,0.293017999650148,3475.984269456481,20.467671030084887,17.379921347282405
-112.775917,200,11.879403,0.0,0.42106984987472806,3223.5052406052187,19.16096875241435,16.11752620302609
-67.320911,200,11.982918,0.0,0.1937411675924681,3250.301825652711,19.103901503001072,16.251509128263557
-124.661478,200,12.087439,0.0,0.5619896110306387,3283.370821300281,19.212941993364726,16.416854106501404
-139.739827,200,12.197348,0.0,0.6119495544793606,3267.8639448310178,19.414750278379916,16.33931972415509
-149.532863,200,12.310895,0.0,0.593624201061258,3564.61248311537,20.46730365530625,17.82306241557685
-163.187866,200,12.426733,0.0,0.622218337594119,3679.4014611326206,20.528785397020314,18.397007305663102
-63.41855,200,12.536259,0.0,0.1956733424754104,3588.646940196998,20.849295482987873,17.94323470098499
-98.558302,200,12.92262,0.0,0.3233999451072045,3338.5226455611996,19.02233822040495,16.692613227806
-109.3254,200,13.05328,0.0,0.4429613044666864,3456.337472647012,20.2385324643517,17.28168736323506
-39.220816,172,13.150393,1.0,0.04892557817539904,2775.599357767677,16.501504249859657,16.137205568416725
-210.824952,200,13.274012,0.0,0.8971838511911525,3155.7954761617752,19.29101251684287,15.778977380808875
-122.649158,200,13.415232,0.0,0.52567708965112,3264.6589104095096,18.73944705322513,16.32329455204755
-191.080815,200,13.530743,0.0,0.8704725538390948,3364.5705666183717,19.579274601340444,16.822852833091858
-127.835773,200,13.656538,0.0,0.5436420154255047,3519.522992596046,20.409444372735077,17.59761496298023
-121.182558,200,13.775723,0.0,0.47640240187781036,3314.668538364439,19.011542242968584,16.573342691822194
-136.872606,200,13.909234,0.0,0.6577399085721447,3295.524838028362,18.994890790450864,16.47762419014181
-79.065412,200,14.026747,0.0,0.29740311234250255,3210.382446559766,18.79672218809643,16.05191223279883
-85.645093,200,14.141237,0.0,0.4021035749247942,3282.383799844811,18.962191446447605,16.411918999224056
-50.682565,200,14.544719,0.0,0.0972988558787669,3364.4150763074163,20.333599375112414,16.822075381537083
-105.424658,200,14.666477,0.0,0.4219214843866939,3311.744246769793,19.911670318522468,16.558721233848964
-90.327181,200,14.778001,0.0,0.313889978585864,3401.8794012290045,18.743876937027864,17.009397006145022
-126.247441,200,14.884516,0.0,0.5307699028198818,3369.3369510894504,19.383215824712636,16.846684755447253
-168.57487,200,14.989043,0.0,0.5929813253749078,3360.3706456475647,20.335481706226865,16.801853228237825
-116.513581,200,15.097571,0.0,0.4884778851035105,3396.5403351747495,19.111258154344696,16.98270167587375
-138.77953,200,15.211215,0.0,0.5489184566637578,3239.544708586792,18.92398808495672,16.197723542933957
-55.844939,200,15.330363,0.0,0.14973658546934665,3415.910314160394,19.912534856571412,17.07955157080197
-186.618074,200,15.450928,0.0,0.8305655939259444,3418.1572125406856,20.25222359666317,17.09078606270343
-81.502346,200,15.57367,0.0,0.2665047617323444,3282.16674015547,19.00503642205526,16.41083370077735
-124.744526,200,16.010752,0.0,0.5103122447462973,3209.356962650759,19.108176099083074,16.046784813253797
-127.743597,200,16.138272,0.0,0.5107381833873825,3206.3322940595567,19.110197757862373,16.031661470297784
-129.770889,200,16.245789,0.0,0.6593112204958974,3242.3719886323547,18.781898336946057,16.211859943161773
-88.987518,200,16.354308,0.0,0.35001417780995786,3456.3868153512058,20.536571575410775,17.28193407675603
-133.748824,200,16.463346,0.0,0.3970215320089337,3645.7272748991895,20.835187315986662,18.22863637449595
-123.489322,200,16.575855,0.0,0.5586254481983124,3430.918591265537,19.91554907103851,17.154592956327686
-141.637409,200,16.683379,0.0,0.5709764631005816,3447.38465664592,20.043008328230954,17.2369232832296
-103.118007,200,16.790903,0.0,0.5362156277759395,3383.6810633334394,19.66445018707307,16.918405316667197
-188.65014,200,16.90342,0.0,0.8336683844693452,3402.9543418615913,19.175669457100508,17.014771709307958
-149.252637,200,17.024943,0.0,0.5378680559021133,3196.645764776457,18.52281394488176,15.983228823882284
-172.094566,200,17.537722,0.0,0.7268278947017973,3581.3034873793977,21.217139011952057,17.906517436896987
-180.696806,200,17.680911,0.0,0.7408594435198813,3220.0968560325473,19.337190284163086,16.100484280162735
-72.245186,200,17.79501,0.0,0.14649376423302127,3376.851562223965,19.65137918659143,16.884257811119827
-140.695908,200,17.906549,0.0,0.6024062317942863,3225.7707231140457,19.319095337629747,16.12885361557023
-153.662161,200,18.021069,0.0,0.5889083026972184,3048.872267640735,18.43170834686306,15.244361338203676
-155.430813,200,18.132598,0.0,0.7156716483739902,3367.830148265543,18.68066023590371,16.839150741327714
-176.486737,200,18.246255,0.0,0.7186560920622387,3186.1075632776624,19.476130714099217,15.930537816388313
-178.730574,200,18.358084,0.0,0.7327458469375645,3219.741046489812,19.657297780746863,16.09870523244906
-175.905703,200,18.47713,0.0,0.7852878234730554,3136.4546378273567,18.88030688141682,15.682273189136783
-67.934864,200,18.595223,0.0,0.37997798317144843,3444.8698901072316,20.217758462488675,17.22434945053616
-84.847918,200,18.703745,0.0,0.2912134652420058,3272.153695146607,19.66972379089651,16.360768475733035
-164.40328,200,19.1328,0.0,0.7243304737573656,3642.00924377448,20.906145480578264,18.2100462188724
-186.350141,200,19.250317,0.0,0.6749479538463449,3514.776826232645,20.169349629617113,17.573884131163226
-120.306434,200,19.361343,0.0,0.3662304640020512,3264.294031376635,19.336248264740245,16.321470156883173
-143.983114,200,19.467858,0.0,0.4812983751880383,3235.089618945018,18.769661828606843,16.17544809472509
-86.760259,200,19.574384,0.0,0.30510370939367637,3515.301942098328,18.81911693644951,17.57650971049164
-177.533162,200,19.685908,0.0,0.7387514790265053,3300.193653276626,19.348669281239296,16.50096826638313
-134.631818,200,19.796367,0.0,0.4464924081866612,3284.4236453650637,19.118156842595553,16.42211822682532
-193.548947,200,19.921268,0.0,0.844883643884238,3487.5427302305593,19.663170941052776,17.437713651152798
-137.538117,200,20.050528,0.0,0.60588151766784,3192.4144405913926,18.69171351976534,15.962072202956962
-170.959867,200,20.163183,0.0,0.7852564761207037,3151.3947637300953,19.502545326918668,15.756973818650476
-129.662627,200,20.594699,0.0,0.4379455411334071,3247.4413588470034,19.109427470570743,16.237206794235018
-130.424559,200,20.710216,0.0,0.4348088713923035,3319.04850116379,19.534065029083248,16.595242505818952
-182.497553,200,20.817741,0.0,0.7615314870770427,3463.334041495461,20.023304827241915,17.316670207477305
-92.819215,200,20.927254,0.0,0.40685929897864487,3403.997636276131,19.644874874132107,17.019988181380654
-159.365743,200,21.033777,0.0,0.6783409819161403,3379.7507333803787,19.994264527722553,16.898753666901893
-126.939677,200,21.143291,0.0,0.46475845512796343,3082.4629118383905,18.478294836046995,15.412314559191952
-70.953879,200,21.247823,0.0,0.2932488753227953,3132.622745364358,18.413968839195707,15.66311372682179
-78.142523,200,21.361371,0.0,0.24431583254476463,3268.646064177152,18.818459104906857,16.34323032088576
-65.157676,200,21.473905,0.0,0.12429651553059204,3268.490557846584,18.475807870900066,16.342452789232922
-178.779777,200,21.584434,0.0,0.7909513452261896,3110.0513449439586,18.527649441108846,15.550256724719793
-54.290098,200,22.008326,0.0,0.13147761883908252,3272.161374689441,18.530119922872245,16.360806873447203
-63.743666,200,22.136833,0.0,0.25272768354242936,3457.575837637249,19.578281304401422,17.287879188186245
-47.217458,128,22.217012,1.0,0.049140496281397814,2032.8548720874326,12.397092908204112,15.881678688183067
-164.806186,200,22.328217,0.0,0.7320146900555156,3257.11534107059,19.464566816213914,16.285576705352952
-50.179616,129,22.400356,1.0,0.04883157456291304,2062.3890358124736,11.698814244911874,15.987511905523052
-178.664721,200,22.507605,0.0,0.7807332688338572,3112.456759930567,18.141905627719396,15.562283799652835
-76.844498,200,22.616123,0.0,0.14972108103740278,3164.5051078742545,18.006941634086573,15.822525539371272
-113.157759,200,22.721644,0.0,0.21921504816609633,3348.047901065875,18.974174025990035,16.740239505329374
-71.758885,200,22.837165,0.0,0.1389827193861131,3432.8340287816914,19.727923932276088,17.164170143908457
-147.857628,200,22.957341,0.0,0.6879454684074453,3392.292102888558,19.15763561829761,16.96146051444279
-105.444671,200,23.071384,0.0,0.5293615336308679,3381.1683287132423,19.094370074002818,16.905841643566212
-71.193758,200,23.509952,0.0,0.236330329545203,3218.0115494861834,18.562262440650738,16.09005774743092
-148.70241,200,23.636467,0.0,0.5362642008801914,3254.5902932947774,18.857270660422227,16.272951466473888
-64.418875,200,23.743992,0.0,0.10031833479656786,3114.314124553372,18.321927863464346,15.57157062276686
-170.197823,200,23.849517,0.0,0.7677190203531821,3428.8143078314574,19.643473663150512,17.144071539157288
-73.234426,200,23.955033,0.0,0.06421160089209606,3173.5122425625937,18.735943926309506,15.867561212812967
-58.534032,200,24.082101,0.0,0.3616562780754062,3155.95922719916,18.325052079543905,15.7797961359958
-93.150688,200,24.19962,0.0,0.331415685926863,3068.4457716549373,18.700948896246516,15.342228858274687
-82.682542,200,24.312137,0.0,0.21851403931661073,3194.7446509975,18.09631096446943,15.9737232549875
-56.95554,200,24.436379,0.0,0.2968473528483585,3441.027804266556,19.465132854947743,17.20513902133278
-169.345681,200,24.578444,0.0,0.6645125417778174,3483.828734979805,19.7458272717275,17.419143674899026
-123.711038,200,25.20635,0.0,0.4869090308450939,3230.520256988011,19.08186435212743,16.152601284940054
-96.254289,200,25.384804,0.0,0.3419847988647962,3284.9989707265286,19.52754323902217,16.424994853632644
-83.562448,200,25.573881,0.0,0.5108304000425633,2869.8394713893495,17.744279646474347,14.349197356946748
-130.897157,200,25.717412,0.0,0.441540783256499,2995.151674661838,17.13631506940059,14.97575837330919
-120.491359,200,25.849951,0.0,0.4137592769350729,3353.0954838706484,19.676017348065443,16.765477419353243
-58.547679,200,25.994999,0.0,0.08122713342557668,3060.362228382438,17.746808971960213,15.30181114191219
-94.237429,200,26.148096,0.0,0.4445086416114657,2783.4969220153234,16.76644070074999,13.917484610076617
-105.170833,200,26.310827,0.0,0.5079703260905298,3457.5529958389493,19.25098664211067,17.287764979194748
-151.232072,200,26.483899,0.0,0.5129935473592199,3314.345008507246,19.117396282904842,16.57172504253623
-164.297118,200,26.642721,0.0,0.5234667714645762,3188.3249144251754,18.487823585999227,15.941624572125876
-62.357903,200,27.16196,0.0,0.14988013541178868,3102.8402843361296,17.421096647912268,15.514201421680648
-87.34946,200,27.319997,0.0,0.286112100505488,3229.547862936027,18.693967132882747,16.147739314680134
-138.562762,200,27.459516,0.0,0.4542111182567825,3080.1783685136406,17.99435616694214,15.400891842568203
-90.591785,200,27.581552,0.0,0.26942995996752306,3179.1071281184077,18.464713373651573,15.895535640592039
-191.037734,200,27.754801,0.0,0.7641750819648442,3339.0913445095025,18.837533247852758,16.69545672254751
-73.422444,182,27.878441,1.0,0.04461317571046128,2996.006029996402,17.30786183643587,16.461571593386825
-96.791512,200,28.013978,0.0,0.45081110359397,3071.137127305996,18.48475965778299,15.355685636529978
-79.765376,200,28.157684,0.0,0.14247456542910977,3239.1749168013507,18.74094586655965,16.195874584006752
-123.900759,200,28.285327,0.0,0.49650924356333737,3315.282235304307,19.246809836693444,16.576411176521535
-70.96111,200,28.415854,0.0,0.1718135879440823,3235.126978525007,18.238854081554514,16.175634892625034
-117.995675,200,28.544385,0.0,0.4813612496196235,3206.7977538897244,19.849952429605818,16.033988769448623
-133.511466,200,29.058649,0.0,0.4277266178342602,3151.9855278720447,18.291308059592783,15.759927639360223
-148.980371,200,29.200696,0.0,0.6230564470672666,3585.980634176414,20.516103657827177,17.92990317088207
-64.159352,200,29.328781,0.0,0.25458507714695583,3140.407525770381,18.227215661324305,15.702037628851906
-180.429493,200,29.448823,0.0,0.7786969000682701,3556.710678915465,20.749535109081247,17.783553394577325
-137.871634,200,29.575668,0.0,0.4808605844539407,3389.1216338519275,19.71471763019609,16.94560816925964
-130.101255,200,29.710188,0.0,0.6919337729965466,3219.0312789313843,19.342181787349237,16.09515639465692
-76.744788,200,29.833958,0.0,0.5469070853507276,2912.6317713526014,17.884100691890588,14.563158856763007
-115.308244,200,30.003026,0.0,0.3691864346891239,3384.689601118317,19.294341165325594,16.923448005591585
-66.922103,200,30.143527,0.0,0.19131507039055512,3341.785493700338,19.150334275809737,16.70892746850169
-29.314773,80,30.192067,1.0,0.0463699295488566,1210.8942214520014,7.284825444775107,15.136177768150016
-86.618791,200,30.318285,0.0,0.7453632256651518,2947.8545398510782,17.737282376565897,14.739272699255391
-92.791229,200,30.850854,0.0,0.9410752339122294,2155.2068708437528,14.635220048767739,10.776034354218764
-155.185611,200,31.023172,0.0,0.6342306458304053,3395.3490510238175,19.35164323189786,16.976745255119088
-130.432163,200,31.167709,0.0,0.4217299880168699,2915.813984213858,17.2374347843832,14.57906992106929
-64.411604,200,31.30148,0.0,0.22404517283899175,3205.5426484198456,18.6090737623963,16.027713242099228
-147.870964,200,31.43098,0.0,0.4750581251883092,3235.4724528455795,18.515201388191183,16.1773622642279
-117.361819,200,31.571264,0.0,0.6564184247855782,2665.1066572293453,16.649156982706756,13.325533286146726
-157.199465,200,31.701361,0.0,0.59772942023576,2638.7842134365987,15.351229648596869,13.193921067182993
-106.450551,200,31.828361,0.0,0.5055893013679179,3034.4237756839175,17.481556870405363,15.172118878419587
-83.024996,200,31.960875,0.0,0.603363664350097,2830.7926380573017,17.854808407232966,14.15396319028651
-114.312835,200,32.08895,0.0,0.44064241053124537,3297.2825490029963,19.50507360638935,16.48641274501498
-161.388921,200,32.565376,0.0,0.6463174912370793,2960.726703926344,18.60942663311383,14.803633519631719
-152.507632,200,32.704409,0.0,0.5371695052700478,2875.745647731042,17.27240800709709,14.37872823865521
-152.682874,200,32.831924,0.0,0.5898522873333155,3373.32395022404,19.273007716320652,16.8666197511202
-93.939182,200,32.959794,0.0,0.8544762536310863,2987.8420608947285,17.841769570113982,14.939210304473642
-151.197286,200,33.095808,0.0,0.5898413062917386,3021.2757851993642,18.413150899476353,15.106378925996822
-83.635388,200,33.225317,0.0,0.5832292770780293,2691.0217271322767,16.875867120215187,13.455108635661384
-82.239512,200,33.353112,0.0,0.35699539877552094,3199.6641454126675,18.83806408363032,15.998320727063337
-65.798743,200,33.463661,0.0,0.48635313445392947,2840.4362924977445,17.934798268801476,14.202181462488722
-98.152906,200,33.604535,0.0,0.5588573707767492,2425.9027555110624,15.944764165736176,12.129513777555312
-146.989335,200,33.743093,0.0,0.6178008564529656,2745.057180661073,17.238874019551083,13.725285903305364
-172.641527,200,34.254834,0.0,0.7520365120291033,3342.3896715828364,19.914230401074203,16.71194835791418
-69.434563,200,34.39988,0.0,0.5120746446083319,2777.82926138585,17.17075350989802,13.889146306929248
-139.703184,200,34.535171,0.0,0.48381653111509537,2490.3710367301724,16.00881307865348,12.451855183650862
-78.094551,200,34.654703,0.0,0.6587008651687732,2565.679122106721,15.965946524599618,12.828395610533605
-98.312201,200,34.782096,0.0,0.3272813761303015,3169.4027433480205,18.97025089664973,15.847013716740102
-91.296607,200,34.905447,0.0,0.6653983156836407,2856.6615987341447,17.548542795723026,14.283307993670723
-101.420628,200,35.016887,0.0,0.464699665945825,3301.338617113406,18.943216135827708,16.50669308556703
-66.459266,200,35.133444,0.0,0.49466433201981613,2487.731630786394,15.689309899410585,12.43865815393197
-50.324976,200,35.24598,0.0,0.3616836867782647,2727.9911787767737,16.17707645151662,13.639955893883869
-104.63687,200,35.35646,0.0,0.3411768544627241,3299.37357752167,19.219240993756475,16.49686788760835
-76.801303,200,35.836384,0.0,0.3531717547194995,3046.5816662879192,18.14979553309832,15.232908331439596
-106.540995,200,35.984433,0.0,0.5032610161818555,3000.966644017956,17.542604827832445,15.004833220089779
-95.051726,200,36.126534,0.0,0.6349081008255429,2650.5368402961744,16.805845605722304,13.252684201480871
-85.690499,200,36.25251,0.0,0.7492072040643065,2619.946265779562,16.734387827526973,13.09973132889781
-57.534399,200,36.383756,0.0,0.2915832733829253,3152.3992253185525,18.437002817011404,15.761996126592763
-142.973863,200,36.49631,0.0,0.6215966051399268,2347.4547309582695,14.660736747188459,11.737273654791347
-109.385673,200,36.625006,0.0,0.7185125119134346,2581.2553952119883,16.24499930462494,12.906276976059942
-59.198463,200,36.754085,0.0,0.2725016912442227,2956.743058204396,17.703254838066762,14.78371529102198
-132.312725,200,36.883173,0.0,0.6329677940062343,2095.5025946177548,14.142563981114126,10.477512973088773
-132.510296,200,37.009302,0.0,0.5888072880254798,3107.572929536964,18.34577280649543,15.537864647684819
-148.524119,200,37.136791,0.0,0.6080869861242006,3383.755734181089,19.662457822398192,16.918778670905443
-141.372129,200,37.645958,0.0,0.5009158503948913,3587.835069859331,19.8473939049541,17.939175349296654
-103.610986,200,37.780003,0.0,0.5795230449063957,2663.4622157983654,16.403468037198657,13.317311078991827
-121.616823,200,37.900559,0.0,0.3519766816809989,3264.1526017025726,18.174743153156218,16.320763008512863
-44.242561,200,38.017047,0.0,0.11394914791894875,3108.211718535124,18.024142990634942,15.54105859267562
-93.593569,200,38.144961,0.0,0.16844055022965876,3231.7209228618917,18.31413510777809,16.158604614309457
-191.133638,200,38.269609,0.0,0.8143599700329026,3424.314361835635,18.98969869606591,17.121571809178175
-92.362812,200,38.393629,0.0,0.5407381432289879,2887.8057647036803,16.916267467396057,14.439028823518402
-117.069854,200,38.523003,0.0,0.45579750385081574,3056.8079255991192,18.439917207520367,15.284039627995597
-85.253854,200,38.648248,0.0,0.8122844421781985,2742.7297304512676,17.48737953850065,13.713648652256339
-105.856764,200,38.775128,0.0,0.6219301318718881,2870.4605235895488,17.639357446850656,14.352302617947744
-176.76421,200,39.267711,0.0,0.6678728160494135,3252.470286497829,19.355913897282342,16.262351432489144
-65.733079,200,39.404761,0.0,0.5434260850786324,2630.723718930671,16.533055485621365,13.153618594653356
-81.921063,200,39.552283,0.0,0.2349540747677887,3200.0837490974277,18.57205768002184,16.00041874548714
-75.023126,200,39.68935,0.0,0.3818129090079961,2604.7458453440086,15.484802897519447,13.023729226720043
-187.706893,200,39.81592,0.0,0.8954376061446249,3182.3517134774856,18.94529479943544,15.911758567387428
-26.104963,94,39.875638,1.0,0.04944336758827215,1546.384147768167,8.872491653084754,16.450895189023054
-88.755778,200,39.997495,0.0,0.6071725920662072,2828.0137064889586,17.33065280525003,14.140068532444793
-64.863249,150,40.084026,1.0,0.04986007179589298,2299.804905381419,12.71344006631437,15.332032702542792
-118.162759,200,40.213439,0.0,0.1979192866244851,3190.0271743721264,18.08471536647208,15.950135871860631
-119.534101,200,40.352926,0.0,0.6144844267444325,2922.493659542434,17.804835591538108,14.612468297712171
-99.041844,200,40.493983,0.0,0.4281106170378332,3097.395687711191,18.861241979657255,15.486978438555955
-133.464186,200,41.006828,0.0,0.6861102354498512,1978.1027670927722,13.19657724624392,9.89051383546386
-45.564251,170,41.130074,1.0,0.049788888742771556,2570.455816376727,15.218471528988315,15.120328331627805
-103.1353,200,41.25155,0.0,0.270272183443424,3414.3063457501835,19.367323935503148,17.071531728750916
-152.527225,200,41.363096,0.0,0.5793680524555909,3374.842919887064,19.81281342307821,16.87421459943532
-50.562145,200,41.489116,0.0,0.22330139810477148,3086.7575718250905,17.323759144119947,15.433787859125452
-98.084263,200,41.608612,0.0,0.675587611226189,2486.402108500964,16.00720198045461,12.43201054250482
-172.369798,200,41.744819,0.0,0.8163056782741638,2898.479530001127,18.065631738905616,14.492397650005636
-130.44448,200,41.894855,0.0,0.6539742041098697,2192.051104815738,14.378485457281876,10.960255524078692
-88.739585,200,42.045365,0.0,0.765912340675526,2767.0331082821212,15.747416955997735,13.835165541410607
-129.423212,200,42.187711,0.0,0.40492515781747274,3159.76476452566,18.126637199512285,15.7988238226283
-152.09871,200,42.643798,0.0,0.6269218474226033,3471.7365309663796,20.301129529136603,17.3586826548319
-103.821896,200,42.80084,0.0,0.6169655550839881,2656.126568630942,15.247916228073011,13.280632843154711
-98.990824,200,42.923384,0.0,0.7473390438551608,1791.5262430005762,12.496355902143662,8.95763121500288
-127.715223,200,43.046264,0.0,0.5891017337135797,2864.275160232542,17.17616217909987,14.32137580116271
-22.323857,94,43.103648,1.0,0.048059916343930774,1598.4254912185606,9.074087959125485,17.004526502325113
-65.688808,200,43.235501,0.0,0.2783351036567873,3178.469093889608,17.870634576715393,15.892345469448038
-103.887498,200,43.361632,0.0,0.6800368400670482,2299.036174813882,15.199606508388934,11.49518087406941
-60.411447,200,43.500654,0.0,0.31299065822114197,3307.3687761110923,18.479596114494477,16.536843880555463
-92.747479,200,43.647166,0.0,0.8217449982646309,1974.528385792427,13.765523958179338,9.872641928962134
-101.919724,200,43.780185,0.0,0.5483943197654461,2432.3176962669077,14.755749449541362,12.161588481334539
-109.232701,200,43.908682,0.0,0.6807288560622935,2370.351863740073,14.87719316685787,11.851759318700365
-101.611832,200,44.358702,0.0,0.9967214794877827,1510.7800982296965,11.435843422403659,7.553900491148482
-64.938754,200,44.505527,0.0,0.25777413022575085,2775.719162124883,16.596615926216103,13.878595810624414
-112.53331,200,44.627031,0.0,0.396519382913932,3085.8106309125274,18.32963111209961,15.429053154562636
-89.280967,200,44.764308,0.0,0.5093333823547584,2613.8126014617196,16.14999175494716,13.069063007308598
-57.28579,200,44.910066,0.0,0.13996136463119643,2932.4998574238366,16.705410604609305,14.662499287119182
-92.845587,200,45.032579,0.0,0.6092673490828924,2354.933370472356,15.407006708236283,11.77466685236178
-105.870354,200,45.167098,0.0,0.33735135853543835,2930.1555717029205,17.419455950319577,14.650777858514603
-112.932191,200,45.313144,0.0,1.1738026915374393,1468.0629783661443,10.927607063444535,7.3403148918307215
-138.402043,200,45.42545,0.0,0.7418995483578787,1849.840577420463,12.5016059801663,9.249202887102316
-75.996424,200,45.54686,0.0,0.7760553163589776,1690.5569574179308,11.621975506215481,8.452784787089653
-155.218918,200,46.019948,0.0,0.41599992435911853,2934.1040135539033,16.784660997330427,14.670520067769516
-152.367594,200,46.161011,0.0,0.7658098974433036,1566.1316175709433,11.521111319144413,7.830658087854716
-97.43183,200,46.288322,0.0,0.9138267810219963,2160.321238297547,14.644278083160133,10.801606191487735
-145.935766,200,46.431856,0.0,0.8024202752636157,1872.575938572559,13.066530772993978,9.362879692862794
-154.367076,200,46.569381,0.0,0.5988695696754506,3202.6027762083186,18.31777134001164,16.013013881041594
-112.676327,200,46.718859,0.0,0.7662976291209382,2181.8003007297975,14.44111375506763,10.909001503648987
-12.820688,50,46.756554,1.0,0.046158576808809214,407.4086051436777,3.06073381768694,8.148172102873554
-118.583895,200,46.880537,0.0,1.001886259412839,1688.9473666442373,13.075424229484035,8.444736833221187
-87.817481,200,47.003985,0.0,0.7573731796169578,2018.0015383746713,12.935485094713139,10.090007691873357
-44.056994,200,47.123482,0.0,0.3588857733128957,2344.5389415822256,14.296151357626357,11.722694707911128
-116.83699,200,47.237941,0.0,0.3431587596599653,2763.0435112896216,16.30055903842955,13.815217556448108
-134.970255,200,47.69761,0.0,0.749958446465564,2368.153057684269,15.587483633775845,11.840765288421345
-155.925492,200,47.849469,0.0,0.8962176574338472,2352.6453551782047,15.47986590993874,11.763226775891024
-100.577817,200,47.990609,0.0,0.15497335029721887,3368.166107073098,18.821055944287995,16.84083053536549
-130.330665,200,48.127921,0.0,0.5119469194099029,2982.7401590575532,17.688720102158538,14.913700795287767
-40.818505,154,48.238072,1.0,0.046028112971133635,2363.4155662660783,13.60910696164512,15.346854326403106
-87.042817,200,48.372939,0.0,0.7590228592238221,1899.8857674345654,12.57647575347314,9.499428837172827
-120.479918,200,48.480975,0.0,0.9664879129797198,1623.767587280183,11.426071095961003,8.118837936400915
-95.477234,200,48.586578,0.0,0.13822247751504044,3307.553542011352,18.418022179179395,16.53776771005676
-72.458096,200,48.69316,0.0,0.5448596061634262,2458.9905899046967,15.176885895299343,12.294952949523484
-184.585496,200,48.800633,0.0,0.904196307290192,2047.6570050560504,13.478516279127843,10.238285025280252
-121.21863,200,48.905161,0.0,0.6810860631796696,2545.953976215486,16.075115234936895,12.729769881077429
-131.284634,200,49.342486,0.0,0.39934721124273953,3539.780233447168,20.200473440399627,17.69890116723584
-167.710114,200,49.47954,0.0,0.7826752103443284,2502.288377770182,16.0543867734453,12.511441888850909
-181.343777,200,49.608036,0.0,0.861782659310422,2237.2393686912533,14.128854016946807,11.186196843456266
-98.344925,200,49.738553,0.0,0.11266645077061237,3137.038334669897,17.807260791772592,15.685191673349484
-76.389468,200,49.884114,0.0,0.4083497444940128,3395.123734573299,18.94819764133883,16.975618672866496
-105.931917,200,50.004504,0.0,0.8072243931778526,1985.6229384394708,13.438440764797356,9.928114692197354
-72.692113,200,50.122975,0.0,0.3841667801866998,2527.4911162724625,15.211597731434216,12.637455581362312
-132.296874,200,50.254762,0.0,0.7127271145688501,2414.3183946369722,14.991771057707394,12.07159197318486
-19.20387,58,50.293342,1.0,0.04812269704968207,887.3674435177286,5.264679234776259,15.299438681340147
-140.319683,200,50.409222,0.0,0.45319557524248866,2947.9197007401344,17.405609922032095,14.739598503700671
-72.482512,200,50.521744,0.0,0.6948308453529879,2033.1830990528035,13.295232320075456,10.165915495264018
-76.618905,200,50.974507,0.0,0.3230791637499397,3213.5906197320596,18.147017142113782,16.067953098660297
-114.747663,200,51.108509,0.0,0.9426725443112646,2325.943785518002,14.08521185531583,11.62971892759001
-154.710437,200,51.235425,0.0,0.6021177658547345,3385.4654024046167,19.508121862228535,16.927327012023085
-170.877944,200,51.372995,0.0,0.8604282914407558,1657.8084815252282,11.974468369542862,8.289042407626141
-116.845584,200,51.484961,0.0,0.7443738003412478,1743.2154104627962,12.232005272657553,8.716077052313981
-143.502085,200,51.591532,0.0,0.533306795887441,2527.4873669336994,15.374024229845269,12.637436834668497
-153.51641,200,51.698529,0.0,0.3725598237704326,3211.7440227448096,18.682500997854298,16.05872011372405
-92.871663,200,51.807083,0.0,0.14205798657443075,3104.778425250431,17.742876771543457,15.523892126252155
-159.270615,200,51.914758,0.0,0.6164028093192607,3457.1344997912424,20.041608212435584,17.285672498956213
-128.1497,200,52.01927,0.0,0.7195003229721335,1726.7519881614223,12.25979522555524,8.633759940807112
-117.363009,200,52.523194,0.0,0.7033113427038025,2676.4000567422972,15.955705613740866,13.382000283711486
-174.81786,200,52.691236,0.0,0.8256186349516409,2485.376535382186,16.109560471801796,12.42688267691093
-131.988007,200,52.874766,0.0,0.6311353892574949,2780.982360089873,16.03919298616938,13.904911800449366
-144.508996,200,53.030796,0.0,0.7741210648541206,1407.0852851951504,10.56034855229771,7.035426425975752
-182.674851,200,53.147322,0.0,0.9367118718965078,2092.091404917076,14.355503114488503,10.46045702458538
-69.335267,200,53.257878,0.0,0.46364619130549584,2531.5924181749815,15.54155240759134,12.657962090874907
-86.801601,200,53.375415,0.0,0.6255591437772478,3179.447513509847,17.58818838399171,15.897237567549235
-119.110464,200,53.486483,0.0,0.700583289121536,2160.8105090448753,13.887783493035736,10.804052545224376
-26.556807,84,53.54648,1.0,0.04591171618110439,756.0939010203501,5.139733295853202,9.001117869289882
-181.403607,200,53.657003,0.0,1.0282302822992473,2508.4427231932486,17.06675603677021,12.542213615966244
-128.620126,200,53.761515,0.0,0.7557496938441565,2078.5723436014414,13.291993032749973,10.392861718007207
-137.2381,200,54.21079,0.0,0.5305563169748672,3080.3646385534453,18.0958230608942,15.401823192767226
-75.016367,200,54.349313,0.0,0.4503307930310703,3218.906773233567,18.274996095920017,16.094533866167836
-105.73686,200,54.494436,0.0,0.7206029925326688,1739.5273008913875,12.588679234058027,8.697636504456938
-103.728458,200,54.614374,0.0,0.4016736089777268,3331.3015038002213,19.053493156235508,16.656507519001106
-104.493151,200,54.72649,0.0,0.32020722606720314,2936.0410545436557,17.28119598053133,14.680205272718279
-159.995242,200,54.833004,0.0,0.7325391675310086,2181.6984829992552,14.208786284288836,10.908492414996276
-128.731772,200,54.938577,0.0,0.7549254987285189,1542.3668777023252,11.541347555186425,7.711834388511626
-109.442046,200,55.044895,0.0,0.3208358646350448,3269.9340744005563,18.336380518934927,16.34967037200278
-60.896021,200,55.155415,0.0,0.14776072974910687,3118.362764472078,18.125799101727374,15.591813822360391
-112.933165,200,55.259935,0.0,0.46161469423811397,3388.6523209739967,18.750592791375894,16.943261604869985
-90.950063,200,55.675583,0.0,0.4753019812985475,3132.1164509637474,17.596521073617215,15.660582254818737
-97.012283,200,55.812602,0.0,0.6984539328267486,1452.4189757587983,10.639214173576462,7.262094878793992
-144.0881,200,55.929683,0.0,0.46407787747042556,3490.516934070178,19.451658691431536,17.45258467035089
-97.531718,200,56.043005,0.0,0.2808820816163464,3071.9245328819316,17.13152925658578,15.359622664409658
-81.494579,200,56.164526,0.0,0.8111925039567391,1505.7983760205848,10.650349025436107,7.528991880102924
-61.951968,200,56.275053,0.0,0.3170776220498264,2728.6612512144497,16.334841583481523,13.643306256072249
-150.058619,200,56.382216,0.0,0.7206376342486296,1675.1603739854506,12.682765275851976,8.375801869927253
-68.82169,200,56.492203,0.0,0.5725632418046513,1600.301774536514,10.968210065956574,8.00150887268257
-153.117809,200,56.603642,0.0,0.3649614397557111,3224.7346730026848,17.925468932740966,16.123673365013424
-175.064514,200,56.721508,0.0,0.7047567739059067,3035.879362901348,17.998286156974196,15.17939681450674
-135.110505,200,57.150647,0.0,0.5160139509931505,3162.6781537655766,18.923929396275827,15.813390768827883
-77.724501,200,57.29267,0.0,0.6013915485612257,2030.6954135431276,12.600329528929597,10.153477067715638
-146.600088,200,57.409188,0.0,0.7381829692812518,1470.0792662438048,11.490596732412108,7.350396331219024
-121.432481,200,57.529042,0.0,0.6922167429562383,2025.6665862511652,13.02849497502374,10.128332931255827
-149.975357,200,57.63558,0.0,0.8645158730660113,1730.9090635322434,12.700638998862564,8.654545317661217
-73.383084,200,57.745097,0.0,0.3224236052582393,2904.9520816569798,16.94007781924037,14.524760408284898
-146.804986,200,57.862658,0.0,0.61552809681473,1526.0873290094555,10.93881065391206,7.630436645047277
-121.331377,200,57.978481,0.0,0.730558224096052,1773.551724140697,12.841979456527445,8.867758620703485
-122.636336,200,58.084468,0.0,0.6343855846477169,2572.619634310411,15.588388051891913,12.863098171552055
-21.293287,109,58.144463,1.0,0.04956359850456615,1573.6447472990146,8.74324452354807,14.437107773385454
-99.793063,200,58.254048,0.0,0.8778829049315137,1435.5320953513756,11.025737975247356,7.177660476756878
-28.067772,107,58.617819,1.0,0.04790039527482841,1694.0835703324449,9.33313262699179,15.832556732078924
-68.945859,200,58.741334,0.0,0.3147544458581388,2636.0683923389547,15.226138489958064,13.180341961694774
-69.699017,187,58.868887,1.0,0.04893486822915561,2787.9253975184206,15.569244780571461,14.908691965339148
-118.945848,200,59.018914,0.0,0.5988967540302709,2228.015117019223,14.283663193265157,11.140075585096115
-151.422262,200,59.141431,0.0,0.6936012496395877,2434.287854551472,15.473219935421954,12.17143927275736
-76.819504,200,59.253207,0.0,0.6847333217427213,1460.3039930125842,9.657077641591226,7.301519965062921
-99.606238,200,59.361273,0.0,0.3091896615985984,3119.8179349599714,18.221171331197844,15.599089674799856
-108.799876,200,59.470796,0.0,0.6059841318564897,1624.4347241866865,11.09933813176448,8.122173620933433
-179.851017,200,59.577268,0.0,0.8284228404709897,2143.429528184906,14.021088003406181,10.71714764092453
-107.636509,200,59.683314,0.0,0.6903110423682179,2388.9877499969393,13.914323758723587,11.944938749984697
-113.816755,200,59.788845,0.0,0.28071212304213,3197.4207676436818,17.739652833440857,15.98710383821841
-114.364008,200,60.226015,0.0,0.5550713738699241,1593.341010993279,10.801139086420065,7.966705054966395
-121.013,200,60.350692,0.0,0.6456710098297327,1590.6558798994693,11.576897762539039,7.9532793994973465
-71.902808,156,60.462225,1.0,0.04402394124048161,2563.3022644581383,14.155553258868855,16.431424772167553
-76.359961,200,60.605258,0.0,0.44544694402659113,2201.675091153178,13.335359355867874,11.00837545576589
-178.501491,200,60.726778,0.0,0.8041017778347751,2142.8272818245196,13.46270007377126,10.714136409122597
-151.368063,200,60.833054,0.0,0.615806192660438,2386.88469332874,14.409338532180792,11.9344234666437
-139.60525,200,60.941573,0.0,0.5978289506448582,1350.6454005394787,10.376106780699699,6.753227002697393
-171.304033,200,61.052082,0.0,0.7389941646159776,2039.8419929010868,13.907094198617024,10.199209964505433
-177.576861,200,61.169588,0.0,0.8192422079111408,2314.061825567094,14.677159918135963,11.570309127835468
-88.469906,200,61.301293,0.0,0.6812426235373029,1760.850916016474,11.803608764011296,8.80425458008237
-81.492712,200,61.756174,0.0,0.642237843107909,1967.4031307376192,12.399367045897664,9.837015653688097
-168.841567,200,61.903216,0.0,0.8852160816431506,2367.7954518086526,15.104653884820014,11.838977259043263
-126.981177,200,62.036695,0.0,0.6704576206900491,1873.7151982841017,13.103284498289355,9.368575991420508
-167.192645,200,62.158493,0.0,0.7812815263857481,2173.2782409880697,14.944454891163517,10.86639120494035
-75.746937,200,62.26497,0.0,0.26338365633509936,3325.005012403676,19.26513206527633,16.62502506201838
-118.490405,200,62.379489,0.0,0.24036840518573874,3121.047197307514,17.650318270740936,15.60523598653757
-92.337693,200,62.490482,0.0,0.7481608896780526,1524.277482488088,10.679447243057558,7.62138741244044
-149.977505,200,62.598001,0.0,0.6921461801037824,1732.079270012265,12.453593381382687,8.660396350061324
-59.414391,200,62.701536,0.0,0.2318135581024129,3201.8321538313558,17.964306517508593,16.00916076915678
-96.683528,200,62.806015,0.0,0.6222787420667116,2660.3189919827746,16.032816984703675,13.301594959913873
-130.064694,200,63.214408,0.0,0.6873474870017707,1216.5661497760998,9.911888903739717,6.082830748880499
-81.503277,200,63.370925,0.0,0.8146578327468822,1344.108890622611,9.561042015418172,6.720544453113055
-106.790537,200,63.524956,0.0,0.4529043624610689,2814.054406671285,16.299508926216607,14.070272033356424
-69.091068,200,63.681812,0.0,0.39491497580580315,2852.5212339893346,15.870559735827033,14.262606169946674
-143.602399,200,63.798862,0.0,0.6571432718078012,2732.9544312030866,16.451118864274214,13.664772156015433
-162.987172,200,63.904974,0.0,0.796269259880037,2717.1400570423243,16.66591866871767,13.585700285211622
-90.369706,200,64.025487,0.0,0.2982268595569121,3236.201888256782,18.29432520289031,16.18100944128391
-117.769989,200,64.135018,0.0,0.7516582015721506,1443.460614647556,9.790409027483927,7.21730307323778
-164.440068,200,64.245543,0.0,0.9178049344896503,2067.1733047854173,14.42487103454349,10.335866523927086
-125.061157,200,64.352058,0.0,0.8223449294371056,1598.8151462723274,11.099954993549018,7.994075731361637
-105.610763,200,64.458603,0.0,0.29292674818379727,3024.6340454283386,16.94679498615804,15.123170227141692
-153.827925,200,64.903593,0.0,0.40146759761748685,2967.4009002656826,17.62442827121094,14.837004501328414
-90.932935,200,65.039107,0.0,0.07227487010053157,3143.845027778216,18.153446588993535,15.71922513889108
-189.768011,200,65.178181,0.0,0.8795921508435554,2865.5359821482666,16.97844479022778,14.327679910741333
-155.636374,200,65.301164,0.0,0.7186282196513689,1727.678458217282,12.386226061726122,8.63839229108641
-125.777929,200,65.428681,0.0,0.9019375327014814,1622.9183292762466,10.492526738038471,8.114591646381234
-147.774459,200,65.535207,0.0,0.7111140973743957,1931.2150388342977,13.179445831888382,9.656075194171489
-155.466409,200,65.645669,0.0,0.6553985718000156,1687.5535703322257,12.41488043421158,8.437767851661128
-79.941067,200,65.752237,0.0,0.3857364232514461,2990.157107235876,17.141832976813372,14.95078553617938
-105.695576,200,65.855755,0.0,0.4571792542805566,2824.302699082309,16.163633995458216,14.121513495411545
-178.731207,200,65.975223,0.0,0.7407962135950082,3172.556934778808,18.71212217825979,15.86278467389404
-147.13062,200,66.414229,0.0,0.7098750953078024,1841.2829367221284,12.300704693872296,9.206414683610642
-99.91899,200,66.555745,0.0,0.5995158251768556,1194.92016047663,9.392535819190744,5.97460080238315
-120.127513,200,66.685777,0.0,0.8048928938312935,1157.4795030970222,9.407879240609553,5.787397515485111
-120.680304,200,66.808549,0.0,0.5747043665632078,1274.4804230377279,9.603420176388475,6.372402115188639
-146.608962,200,66.917067,0.0,0.40471667315607984,2993.373095468737,16.841821902515665,14.966865477343685
-136.340434,200,67.02362,0.0,0.6355225723031118,2167.2262096155746,13.740205325756598,10.836131048077872
-115.57014,200,67.130182,0.0,0.6102699913753431,1587.8403972702602,9.880197876853241,7.939201986351301
-150.111701,200,67.238751,0.0,0.7200404478665552,2483.83828956788,15.112275194376526,12.4191914478394
-76.914441,200,67.343285,0.0,0.6464877878360702,1495.3356304574525,10.270891040865344,7.4766781522872625
-174.63095,200,67.450058,0.0,0.7395406140359233,2281.326995580076,14.299196687601313,11.40663497790038
-126.630096,200,67.866191,0.0,0.7203179995415057,2408.212533069703,15.0914866065407,12.041062665348516
-121.695039,200,68.009214,0.0,0.2839810475738706,3211.442500605049,18.454393837161582,16.057212503025244
-128.981964,200,68.142776,0.0,0.6215159655959689,3054.2630667720496,17.811523159166885,15.271315333860247
-141.927295,200,68.287137,0.0,0.6560228844014235,1364.7952036273384,10.37951305054225,6.823976018136692
-107.258602,200,68.410263,0.0,0.6991050193302116,2165.144155829571,13.698731596274623,10.825720779147854
-84.491664,200,68.525428,0.0,0.6410390952643115,1720.0279929053195,11.178511344032007,8.600139964526598
-191.176237,200,68.64962,0.0,0.9271774793256825,2522.060714232675,15.643570527598227,12.610303571163374
-167.497282,200,68.766162,0.0,0.8271052360533869,2136.5653564983904,13.548098663174835,10.682826782491952
-138.213149,200,68.869705,0.0,0.5432693365358371,1589.1242842326017,11.254425877948892,7.9456214211630085
-170.537132,200,68.975227,0.0,0.904002216377094,1467.816438665269,10.983623604229376,7.3390821933263455
-76.890869,200,69.387485,0.0,0.3494068859152716,3317.042324733819,18.992827542048865,16.585211623669096
-128.659372,200,69.521508,0.0,0.6712026354064269,1440.7549286891997,10.281154823096287,7.203774643445999
-107.54337,200,69.648024,0.0,0.4899081123509403,1491.5649747488042,10.278452827512716,7.457824873744021
-125.479043,200,69.77054,0.0,0.5723789148527346,2457.7963724945207,15.269427589701332,12.288981862472603
-134.513961,200,69.886702,0.0,0.43941306797707946,2998.0904496777566,17.607005580865586,14.990452248388783
-82.162503,200,70.005779,0.0,0.5758904798079142,1082.4511383844688,8.394235529198248,5.4122556919223435
-93.709037,200,70.112284,0.0,0.6331954206130819,1664.3336972510665,11.47506693925667,8.321668486255332
-155.824947,200,70.217825,0.0,0.6912890383410859,2705.7386195131076,16.018375939503322,13.528693097565538
-127.738213,200,70.324281,0.0,0.5716188465214698,1170.938179554057,9.014938464564489,5.8546908977702845
-19.221718,71,70.363256,1.0,0.04724019955670807,365.6320243906753,2.871186343330894,5.149746822403878
-97.115006,200,70.479978,0.0,0.7371288006737203,1338.982973414449,9.511309933023743,6.694914867072245
-77.375765,200,70.899206,0.0,0.6183813474732716,1293.4510197438437,9.379116402180433,6.467255098719218
-153.385672,200,71.031725,0.0,0.8146119609763866,1814.6237104419492,12.041688981095557,9.073118552209746
-57.3477,200,71.172241,0.0,0.5358199318319489,1079.7182084826597,7.454150534998622,5.398591042413298
-130.993691,200,71.304816,0.0,0.6305977354499673,1112.2738794587635,8.865209502885417,5.561369397293817
-132.414036,200,71.430359,0.0,0.701072677197515,1186.7526379368032,9.137313575072358,5.933763189684016
-103.687915,200,71.540872,0.0,0.7404433525782845,1322.79265186311,9.294140762236227,6.61396325931555
-103.448656,200,71.649408,0.0,0.4825168800370473,1296.880050098967,9.366850857568817,6.4844002504948355
-99.116024,200,71.762554,0.0,0.5584720726454122,1191.4998379340523,9.41525431949315,5.957499189670261
-112.553498,200,71.889784,0.0,0.24521127683470512,3452.8611105718264,19.346005124877184,17.26430555285913
-129.745017,200,72.014385,0.0,0.814602581101509,1418.9338565253936,10.084687235965069,7.094669282626968
-110.261265,200,72.488658,0.0,0.6092291748131311,1478.3681069741494,10.496359928474659,7.391840534870747
-26.528851,85,72.555171,1.0,0.04594056663633289,511.5114173389938,3.7490920755270305,6.01778138045875
-61.324261,200,72.704211,0.0,0.562359042859019,1005.6919260005692,7.0817600853504405,5.028459630002846
-177.981305,200,72.831243,0.0,0.88218818794637,2835.9707622383467,16.89094941310778,14.179853811191734
-77.738155,200,72.969984,0.0,0.5138212655141448,1944.1702514742162,12.055116134989476,9.72085125737108
-110.213454,200,73.083072,0.0,0.4537778757853361,2941.548037165659,16.970694394529804,14.707740185828294
-140.333965,200,73.193111,0.0,0.5316743318167811,1258.6091619432896,9.863989612699926,6.293045809716448
-173.95934,200,73.313651,0.0,0.7515030772265726,2933.08219157442,17.601838242385575,14.6654109578721
-93.550592,200,73.425167,0.0,0.5023455973666248,2233.397289037803,13.625283172333026,11.166986445189016
-111.700427,200,73.548652,0.0,0.6622365960420302,2120.47851568554,13.59532213494885,10.6023925784277
-183.17931,200,73.662774,0.0,0.8740776305147642,2521.350759282909,16.012048030329748,12.606753796414546
-100.703275,200,74.126968,0.0,0.5665861197451312,1551.774920303163,10.691674990958191,7.758874601515815
-86.598212,200,74.270477,0.0,0.4664695709942947,1378.0557828661574,9.165491489795368,6.890278914330787
-33.624487,103,74.336995,1.0,0.04921671823189937,674.8810831351606,4.215491467701055,6.552243525584083
-164.266581,200,74.486813,0.0,0.7417319933034786,2342.4761067316717,14.57342832650038,11.712380533658358
-104.061359,200,74.606828,0.0,0.40997853091478315,912.4697278791098,6.979710911665096,4.562348639395549
-170.712576,200,74.722353,0.0,0.8238587061559087,1798.3128305939806,12.563459607121153,8.991564152969904
-151.310045,200,74.83959,0.0,0.7477648357168982,1936.335204566236,12.399917875577582,9.68167602283118
-62.464602,200,74.950109,0.0,0.4722148634260339,1121.7185728871088,7.945699802248215,5.608592864435544
-151.842326,200,75.086256,0.0,0.8775292053225875,2272.5903066764804,14.178903559433088,11.362951533382402
-103.016622,200,75.199619,0.0,0.4793386682841577,1171.6185334597246,8.07154029857393,5.8580926672986235
-123.969958,200,75.30962,0.0,0.7035923606507624,2390.5764315588526,14.602122820518295,11.952882157794264
-55.982499,200,75.732681,0.0,0.3675167387820253,896.3582796524238,6.482651750741537,4.481791398262119
-131.289037,200,75.860192,0.0,0.564307409545571,3163.592117633206,17.893717148306965,15.817960588166029
-30.482301,96,75.919712,1.0,0.04872073885391866,339.42517448470346,2.834347679304334,3.5356789008823277
-70.073049,200,76.062248,0.0,0.5023080057027548,1277.7966194650053,7.732089677734615,6.388983097325027
-161.03444,200,76.245269,0.0,0.60387544743106,1560.6328087445177,10.765330487538934,7.803164043722588
-105.493503,200,76.383801,0.0,0.46472473027541716,1462.3081815691232,9.484217412327444,7.311540907845616
-67.140202,200,76.508821,0.0,0.61401953028607,955.2705835645137,6.598602888065418,4.776352917822568
-117.777686,200,76.637368,0.0,0.42053999507338524,799.1974546285606,6.561287022838236,3.9959872731428034
-58.750123,200,76.759881,0.0,0.5337858314043296,843.7650708229312,6.2822179093566,4.218825354114656
-139.667828,200,76.893944,0.0,0.626064452851908,1646.0447287959823,10.890928785420646,8.230223643979912
-185.338778,200,77.026528,0.0,0.8613116571210849,1999.7136552721242,12.962975704453346,9.998568276360622
-148.95988,200,77.595081,0.0,0.7643280505124358,2921.400772814577,17.394490798218214,14.607003864072885
-105.78284,200,77.727171,0.0,0.4933101908077886,2472.095864673699,14.409834391740395,12.360479323368494
-186.846596,200,77.855698,0.0,0.8992188013137816,2198.3108474407372,13.808371006959032,10.991554237203687
-30.103032,86,77.920216,1.0,0.04866580337540227,388.1839856792887,2.88936555510349,4.513767275340566
-126.626837,200,78.066751,0.0,0.42147501354532374,1196.3134135217135,8.565633173798709,5.981567067608568
-135.200752,200,78.19018,0.0,0.655197688004093,1360.7481308982815,9.222972811287688,6.803740654491407
-106.220063,200,78.350806,0.0,0.39502971604469755,2808.3802808329438,16.553404562256635,14.041901404164719
-61.292726,200,78.475234,0.0,0.45712884886471616,1267.4916865229382,8.554294408633918,6.3374584326146906
-159.351264,200,78.602934,0.0,0.7492215493473717,1832.305050544296,11.917544027484302,9.16152525272148
-194.425589,200,78.74045,0.0,0.9865288280913628,2225.743277210925,14.301562198476345,11.128716386054625
-69.559161,200,78.909494,0.0,0.2912374963618845,743.7709787373445,5.506628586398674,3.7188548936867227
-85.408792,200,79.435253,0.0,0.48654952162343096,1424.9206821831774,9.442513203782827,7.124603410915887
-112.120346,200,79.559778,0.0,0.43399465305577156,1281.8553828350991,8.85238663879795,6.4092769141754955
-78.268048,200,79.682337,0.0,0.5517086643106675,1013.0344556808982,7.264891499899711,5.065172278404491
-149.656082,200,79.806808,0.0,0.6314290329278953,2574.586881365371,15.394634924303874,12.872934406826856
-152.229341,200,79.922666,0.0,0.6757436092903231,2287.041435629195,13.652311340002266,11.435207178145975
-23.031943,85,79.972323,1.0,0.04504117727213144,422.83764106173993,3.066926263156875,4.974560483079293
-64.646101,200,80.082857,0.0,0.36730715204379644,2268.6599301097563,13.79085988037585,11.343299650548781
-43.106912,111,80.147884,1.0,0.04917004459156961,1733.2208842729406,9.559588389265903,15.614602561017483
-136.748729,200,80.282428,0.0,0.47749761795960965,3023.3007415557126,16.96169505911621,15.116503707778563
-49.73544,200,80.413452,0.0,0.49458813387063516,1186.343479425675,7.694463601182353,5.931717397128375
-99.457333,200,80.537985,0.0,0.3954160490979312,1381.6524828003055,9.196592065851219,6.908262414001528
-156.648108,200,81.028437,0.0,0.6682981119896704,1828.2632470514939,11.882300361706976,9.14131623525747
-60.752911,200,81.171957,0.0,0.4923108662591583,1309.0979394226297,8.681597523694883,6.545489697113148
-119.30841,200,81.287076,0.0,0.32457587724442727,2792.2186480902587,16.663201553931152,13.961093240451294
-93.848807,200,81.397123,0.0,0.5249492099382846,2450.9812071518622,14.317207575794319,12.254906035759312
-60.347277,200,81.533638,0.0,0.280663153736175,2893.586884437818,16.87824561717415,14.467934422189089
-128.518228,200,81.673162,0.0,0.5233268334129296,1074.6524277628996,8.072724564870827,5.373262138814498
-92.072704,200,81.800282,0.0,0.6732353481576968,1146.2957488372936,7.295348154100767,5.731478744186468
-111.069761,200,81.935807,0.0,0.3859783898984559,2750.6325452611245,16.23760485530895,13.753162726305623
-146.837467,200,82.060344,0.0,0.4752279303113221,1380.7064894210212,9.510898694651658,6.903532447105106
-71.329009,200,82.183189,0.0,0.6472176064409966,1093.5555204655464,7.3604252702150585,5.467777602327732
-57.729409,200,82.669926,0.0,0.5951369662183256,670.7017815502178,4.691146370658195,3.353508907751089
-163.663434,200,82.810961,0.0,0.820592513154202,2274.773217789642,14.211233573324941,11.37386608894821
-172.766242,200,82.921474,0.0,0.7782322445694767,1958.1856310052422,12.363140191455917,9.790928155026211
-115.336931,200,83.032999,0.0,0.5227121979960649,2699.392681347982,15.962772892372238,13.49696340673991
-27.324792,88,83.082007,1.0,0.04851668025438719,266.7459888777162,2.12297768632303,3.0312044190649563
-80.53158,200,83.199038,0.0,0.4096979335150851,570.7465602022962,4.63711476595852,2.853732801011481
-154.231531,200,83.323685,0.0,0.6543729748874901,2751.050758945329,16.377235841712945,13.755253794726645
-71.040428,200,83.465208,0.0,0.49441653398411417,869.3403750691788,6.288227262188854,4.346701875345894
-64.124905,200,83.632243,0.0,0.39492540653270614,361.16993030663315,3.0879130431589354,1.8058496515331657
-110.909666,200,83.804526,0.0,0.4619283089738796,2940.4128282928236,17.15702478774913,14.702064141464119
-159.769143,200,83.935042,0.0,0.7163408979126191,1677.3797388587418,11.120572378458716,8.38689869429371
-149.157844,200,84.41965,0.0,0.5799127443115807,998.7129167405227,8.044078259717212,4.9935645837026135
-81.395073,200,84.56679,0.0,0.28599864455029766,612.007242613386,4.899227762336271,3.06003621306693
-174.75719,200,84.691868,0.0,0.7328880976754403,1504.6898406323114,9.79031495126922,7.523449203161557
-65.042219,200,84.807663,0.0,0.524255221457954,895.2134872025626,5.766610742517836,4.476067436012813
-163.265082,200,84.94818,0.0,0.7078407921402303,1356.3582594329118,9.868021776242749,6.781791297164559
-83.565253,200,85.072702,0.0,0.6543410595206106,728.4536495750468,5.482286147521084,3.642268247875234
-86.221954,200,85.213764,0.0,0.39614257721575374,2324.0935909172904,14.069326779075375,11.620467954586452
-104.165592,200,85.365599,0.0,0.6363822305830692,879.4208562985269,6.336255340063041,4.397104281492634
-124.359433,200,85.483121,0.0,0.4729607722999839,988.8692189153243,7.014441270877984,4.9443460945766216
-162.420156,200,85.597145,0.0,0.7292600993738615,1516.07535231034,10.52221502527286,7.580376761551699
-179.477064,200,86.098949,0.0,0.8634826607327732,2041.94163812692,13.28825968216955,10.2097081906346
-122.221394,200,86.251995,0.0,0.3342232963507363,800.1076686524393,6.5189989898061,4.000538343262196
-125.010723,200,86.400028,0.0,0.7201184141495571,1555.407651017763,9.508383392973814,7.777038255088815
-65.396763,200,86.54955,0.0,0.622016999073905,1469.8442321657062,9.043889635662536,7.349221160828531
-76.565131,200,86.703106,0.0,0.529200822287547,3164.6457305745184,17.462984349130988,15.823228652872592
-127.405828,200,86.848557,0.0,0.46881462055582396,923.5618481354256,7.456843649406358,4.617809240677128
-139.999806,200,87.016563,0.0,0.6897346022409531,1857.0273667417614,11.724956563977221,9.285136833708806
-109.597689,200,87.146081,0.0,0.5194359084397538,875.690256113398,6.5028708752689,4.37845128056699
-121.744317,200,87.28761,0.0,0.41868334931523576,795.7490025021428,6.258507055744373,3.978745012510714
-117.775304,200,87.427161,0.0,0.43021084545263305,807.8312032900517,6.134434423434854,4.039156016450258
-62.047106,200,87.942369,0.0,0.48886550400968,1367.0746153307166,8.10091217306013,6.835373076653583
-69.853935,200,88.090888,0.0,0.31859184004349667,789.7898762786698,5.516407470785036,3.948949381393349
-145.770939,200,88.249113,0.0,0.6900956434792134,863.0493557564798,5.868510644602116,4.315246778782399
-159.520182,200,88.405151,0.0,0.626078393024999,1339.3897171594026,9.749792481787807,6.6969485857970135
-183.572979,200,88.56818,0.0,0.8039376197760352,1539.5105936056602,10.123925735768138,7.697552968028301
-135.32862,200,88.693705,0.0,0.5908654949440356,2155.1935979437276,14.446806508391377,10.775967989718637
-59.803035,200,88.830745,0.0,0.466705680641129,559.5546744237752,4.6936170982016066,2.797773372118876
-128.624175,200,88.953337,0.0,0.7890959565613461,1718.7903244748497,10.971240378096933,8.593951622374249
-92.147918,200,89.081084,0.0,0.49979296088585956,2057.364244441378,11.869781435962352,10.28682122220689
-127.445279,200,89.194732,0.0,0.5409770853536564,1311.6128658079597,8.51956781178018,6.558064329039798
-68.48645,200,89.303707,0.0,0.6197851785592516,910.7737815859188,5.847134463010409,4.553868907929594
-114.735225,200,89.786286,0.0,0.37327030382174325,3067.6481214843807,17.359819671609863,15.338240607421904
-111.721365,200,89.948323,0.0,0.47695655774010887,1090.6279276068872,6.80896148246117,5.453139638034436
-92.251424,200,90.090362,0.0,0.25294018861431244,2721.8477108131433,16.065151929655446,13.609238554065717
-104.389099,200,90.207394,0.0,0.48571957378125574,787.7495382620915,6.060273454523965,3.9387476913104575
-113.601222,200,90.322187,0.0,0.7307552278050138,1669.6367692158083,10.081613433258678,8.348183846079042
-158.412202,200,90.475958,0.0,0.5824936242140538,1004.9434301981302,7.434473072172584,5.024717150990651
-62.760918,200,90.61271,0.0,0.40758409312370425,669.1285683225992,4.901470412793828,3.345642841612996
-83.290448,200,90.741387,0.0,0.4573974750522946,835.3449775919017,6.013322827741371,4.176724887959509
-61.952002,200,90.886922,0.0,0.5389861311905927,948.196318006885,6.3721402705872405,4.740981590034425
-162.428025,200,91.019977,0.0,0.8706047538011784,1684.2702343668216,11.26263812417108,8.421351171834107
-99.421315,200,91.520064,0.0,0.6856857328108612,1111.7569832780432,7.363675765097468,5.558784916390216
-98.885982,200,91.67056,0.0,0.6465864744718597,865.742045389567,6.036598589188892,4.328710226947835
-110.555742,200,91.781078,0.0,0.46788171626286995,1028.65712610963,8.07373140857459,5.14328563054815
-170.932942,200,91.913122,0.0,0.7509623017103954,1022.9430421850849,7.9494927108348765,5.114715210925424
-113.130322,200,92.027634,0.0,0.41871231866990566,668.215707289786,5.854310520652235,3.34107853644893
-180.523611,200,92.141154,0.0,0.7564107808027198,2419.7978910701513,15.152626841329148,12.098989455350756
-112.325257,200,92.259394,0.0,0.42876525988778663,690.5217530736072,6.197032623177869,3.452608765368036
-111.751618,200,92.37991,0.0,0.48511225563670074,875.4285523054563,7.703965716823733,4.377142761527281
-113.460733,200,92.503003,0.0,0.6076834870639688,1450.079666412197,9.63562393203824,7.250398332060985
-112.352969,200,92.620085,0.0,0.706459210244928,1622.0056977706079,10.240940603394842,8.11002848885304
-114.267039,200,93.093183,0.0,0.6827993924830936,2569.6160290697862,15.168836319875279,12.84808014534893
-105.307175,200,93.244216,0.0,0.5292918830447041,1027.5283346156687,7.298303261809455,5.137641673078344
-83.900074,200,93.36173,0.0,0.36570986072325595,679.75581784078,5.290184797980192,3.3987790892039
-156.8177,200,93.476249,0.0,0.672974761402155,1659.4602367922719,10.63393468484499,8.297301183961359
-100.766789,200,93.600342,0.0,0.5871662686403577,1263.2298972330025,8.295644017107279,6.3161494861650125
-32.974854,101,93.659903,1.0,0.048208685289924676,325.126132825094,2.431532281493624,3.2190706220306335
-167.884078,200,93.780104,0.0,0.7712717521231512,1485.9869132041447,9.79245342203233,7.429934566020723
-161.967786,200,93.893657,0.0,0.7452640963708492,1574.633575771788,10.35261858727732,7.87316787885894
-162.909165,200,94.013691,0.0,0.7822228967553947,1513.448416185324,10.022664918742041,7.56724208092662
-130.72554,200,94.14622,0.0,0.4253145674472293,987.0492001363446,8.145851564662212,4.9352460006817225
-130.140499,200,94.271141,0.0,0.5028029375751653,973.7203764976042,7.4946646386721545,4.868601882488021
-95.866105,200,94.730702,0.0,0.444032699527709,3191.8192431044668,17.29165020964643,15.959096215522333
-53.49935,200,94.875236,0.0,0.5408749064366996,1474.2845858832623,8.423583120785278,7.371422929416311
-55.86903,200,94.99493,0.0,0.32920586889045866,1330.6682017764458,8.443824761236867,6.653341008882229
-63.411356,200,95.11897,0.0,0.17463575262396133,2855.0606781875103,17.02761688228179,14.275303390937552
-125.375806,200,95.248481,0.0,0.5573210750582441,843.8667367178712,6.492528113656011,4.219333683589356
-120.807589,200,95.363007,0.0,0.5879153696005254,2603.069447433835,15.680446236809813,13.015347237169175
-67.711449,200,95.48119,0.0,0.35043196847948294,2108.015243363592,12.422462755723256,10.54007621681796
-122.307039,200,95.61123,0.0,0.7414240161391447,2441.9459030481785,14.569747326134493,12.209729515240893
-57.161586,200,95.732379,0.0,0.4191222917650067,987.3683189332035,6.264020053515147,4.936841594666017
-171.902824,200,95.868801,0.0,0.8578031977618417,1414.7797580287802,10.166376736922304,7.073898790143901
-103.910892,200,96.374977,0.0,0.3591095277160772,767.442948100268,5.773130871763129,3.83721474050134
-129.911287,200,96.521039,0.0,0.5356851439978438,1455.1987565666923,9.232331268753194,7.275993782833462
-112.013286,200,96.637912,0.0,0.4270705703135053,2171.8926029517297,12.751358402130277,10.85946301475865
-33.77897,100,96.706036,1.0,0.048721638643400324,375.9553207431167,2.7221869934969107,3.7595532074311673
-72.760959,200,96.859567,0.0,0.1958593405316947,2887.419706322286,16.470010968954327,14.43709853161143
-122.128017,200,97.005286,0.0,0.6497089072914659,1080.1200415829846,7.791470630234383,5.400600207914923
-100.038452,200,97.141815,0.0,0.6433601854971942,2569.66926866174,14.578751968859052,12.848346343308698
-109.059857,200,97.276333,0.0,0.29231312880922283,3104.692660084822,17.712968850174626,15.52346330042411
-172.789666,200,97.411953,0.0,0.8052610052482708,1677.3326090333107,11.595103602261702,8.386663045166554
-91.052398,200,97.576477,0.0,0.33108637261925344,817.1242181166228,6.482261452077872,4.085621090583114
-139.289868,200,97.738368,0.0,0.6417088677649226,1313.9941264011359,8.637392883524681,6.569970632005679
-56.75355,200,98.301473,0.0,0.40720821216411796,930.833785962079,6.047321631467039,4.654168929810395
-178.611053,200,98.452901,0.0,0.8271776929490813,2194.931362690437,13.652069683935263,10.974656813452183
-51.94102,200,98.583435,0.0,0.5441947237220509,1171.0147618786773,7.271047606737748,5.855073809393386
-104.947551,200,98.725487,0.0,0.46209447071843085,1453.638784004771,9.01184722705855,7.268193920023855
-126.225615,200,98.838573,0.0,0.5974370557386781,2358.614009528604,14.187947943498443,11.79307004764302
-60.930878,200,98.975095,0.0,0.46448525581100897,1474.1565181890155,9.03077369744961,7.370782590945078
-125.869199,200,99.119864,0.0,0.48302657368545954,757.7462888513082,5.8612203925955155,3.788731444256541
-102.400039,200,99.249378,0.0,0.47275811742026647,2006.6040212397288,12.117908255862682,10.033020106198643
-94.246867,200,99.375893,0.0,0.3884780244869362,605.3603507318348,4.987022873782004,3.026801753659174
-108.013171,200,99.536944,0.0,0.2993425074119817,2857.9251871887273,15.91035717099175,14.289625935943636
-53.185934,200,100.000034,0.0,0.3918581298430912,880.2573120942815,5.89394259004453,4.401286560471408
-91.73644,200,100.142053,0.0,0.34279219579573406,2139.246327281743,12.629021807601795,10.696231636408715
-71.185646,200,100.253567,0.0,0.32655487417351986,621.367020390785,4.27523337778956,3.106835101953925
-131.318984,200,100.381663,0.0,0.6724804466681704,2260.275624024349,13.923679171925382,11.301378120121745
-101.858151,200,100.529718,0.0,0.44157045168215336,1336.5093325726693,8.81143216553109,6.682546662863347
-122.53155,200,100.683602,0.0,0.41179640895307607,1803.840653883282,10.496836885259125,9.01920326941641
-99.740505,200,100.834764,0.0,0.3613949592545324,1005.5516347470443,7.061305146024607,5.027758173735221
-109.602237,200,100.986841,0.0,0.7854964342476103,2656.2711115747793,15.639971770143891,13.281355557873896
-57.768187,143,101.102958,1.0,0.04625345493387049,569.2648780932732,3.8820799449076815,3.9808732733795327
-107.362797,200,101.237984,0.0,0.4607385440683703,1046.7407255836897,6.866289664058819,5.233703627918448
-140.858537,200,101.355499,0.0,0.6979054126457859,2329.2625770328655,14.459414117834298,11.646312885164328
-144.678949,200,101.814422,0.0,0.550897305501933,850.131071901269,6.365339355676448,4.250655359506345
-59.386229,200,101.939935,0.0,0.4365882802194701,1331.3706964195267,8.150256752290126,6.656853482097634
-88.341519,200,102.093782,0.0,0.35839038945126506,1000.5935318474102,7.037379373548856,5.002967659237051
-80.105681,200,102.245926,0.0,0.3906324296824822,728.5439522271129,5.223060861967289,3.6427197611355644
-70.983125,200,102.38443,0.0,0.5334780621970017,1238.7096373579363,7.546248707481835,6.193548186789681
-110.10504,200,102.56733,0.0,0.36541637112590875,749.8309148305127,5.850765374973547,3.7491545741525636
-151.002206,200,102.720378,0.0,1.219536378214243,1824.2136287603323,11.109957096712405,9.121068143801661
-128.63403,200,102.840642,0.0,0.8423771060436788,1111.8574499317015,7.962891428534808,5.5592872496585075
-136.870114,200,102.969949,0.0,0.554656715898977,2045.1025128616025,13.049443972718835,10.225512564308012
-123.920191,200,103.092234,0.0,0.9041873749852347,1749.3858279712463,10.940462050986248,8.746929139856231
-117.42207,200,103.536842,0.0,0.968806950594796,2080.9485530286706,12.425148389711188,10.404742765143354
-135.322363,200,103.668925,0.0,0.3098549363810261,3165.995270537393,17.99772022609009,15.829976352686964
-118.408049,200,103.787063,0.0,0.8004981209249368,1812.6897052203356,10.98388217890571,9.063448526101677
-107.097394,200,103.921146,0.0,0.5870038567350339,2979.409098922675,17.2058605432057,14.897045494613376
-58.87085,200,104.062664,0.0,0.3197335642607329,606.8953538339375,4.2453814204040174,3.0344767691696877
-95.575791,200,104.209403,0.0,0.30490368552936065,514.7939767393884,3.7207243801307563,2.5739698836969422
-123.859116,200,104.337828,0.0,0.7080478696129254,2327.628584260428,14.339453370757372,11.63814292130214
-142.536023,200,104.454329,0.0,0.5529088672935343,2435.094365463371,14.816241923839414,12.175471827316855
-103.125108,200,104.571849,0.0,0.2937740091695268,655.2877275627516,5.346383528375494,3.276438637813758
-95.242554,200,104.699368,0.0,0.4338725280889175,733.1506029082111,5.629761779710886,3.6657530145410555
-54.505555,200,105.138867,0.0,0.3740361070136089,420.1073915634959,3.264063736106975,2.1005369578174795
-111.123409,200,105.295883,0.0,0.3349317837223729,673.3478243934039,5.6048508953475595,3.3667391219670195
-92.927097,200,105.428037,0.0,0.35160690795659394,1084.2848905144244,6.949945695307456,5.421424452572122
-125.350599,200,105.568754,0.0,0.65037750310404,2148.68790471823,13.297755923770701,10.743439523591151
-123.483898,200,105.711435,0.0,0.4826530684313814,1631.8828513462588,10.149858877198378,8.159414256731294
-44.613871,200,105.846947,0.0,0.32085501159657787,2032.1840261212872,12.179428696798103,10.160920130606435
-123.33367,200,105.971467,0.0,0.39575269560147297,660.1091980341695,5.425080201189434,3.3005459901708476
-17.548716,82,106.019992,1.0,0.04812410848269438,563.3688000096879,3.436191134514673,6.87035121963034
-87.325678,200,106.1353,0.0,0.45821462013126296,674.3970424548762,4.876251816852044,3.371985212274381
-113.857741,200,106.252873,0.0,1.0349930557669662,2681.950055380003,15.355766430827801,13.409750276900015
-87.033136,200,106.368387,0.0,0.39615278671045606,493.2079158488825,4.70969767679217,2.4660395792444127
-29.267166,102,106.789285,1.0,0.04397933374817031,604.954751284488,3.893367294982152,5.930928934161647
-137.161111,200,107.128372,0.0,0.5376510135332908,1177.856639177769,7.453902802748063,5.889283195888845
-54.17807,200,107.286697,0.0,0.44672924054570695,1366.3724148263243,8.197191534568821,6.831862074131622
-59.316117,200,107.439744,0.0,0.5596400045127874,1311.5857983517385,8.059134866881534,6.5579289917586925
-75.808887,200,107.580266,0.0,0.5294362980252716,988.1516095772618,6.02781128028445,4.940758047886309
-94.639755,200,107.695146,0.0,0.47845590523074844,893.8022744096622,6.019851810680622,4.469011372048311
-87.581546,200,107.807204,0.0,0.4196263432466321,836.7146801897326,5.798393396918782,4.183573400948663
-123.422915,200,107.917195,0.0,0.4290330207522258,2600.3562260084327,15.304074575630887,13.001781130042163
-155.266891,200,108.039666,0.0,0.7243418741332524,1309.876730847627,8.349437297943012,6.5493836542381345
-125.577993,200,108.153188,0.0,0.51699666041602,716.6385917116044,5.146682241206353,3.583192958558022
-56.312138,200,108.266056,0.0,0.4992444714011011,777.5929176152799,4.992371005064515,3.8879645880763998
-133.690991,200,108.731939,0.0,0.6833611305110475,1989.702531176819,13.218136895821498,9.948512655884095
-164.535453,200,108.875457,0.0,0.5691936457282241,1680.136649381595,9.815841099051264,8.400683246907974
-136.640507,200,109.01497,0.0,0.5503382333318235,869.3772390505169,6.264573981474182,4.346886195252584
-44.388639,127,109.098997,1.0,0.048302301045252405,419.94401978041014,2.928141827405132,3.3066458250425996
-72.106356,200,109.214038,0.0,0.3093097293632914,535.4066174392904,3.6201516178577817,2.6770330871964516
-53.517581,200,109.325553,0.0,0.38224222069939606,762.9353919694847,4.802282482734489,3.8146769598474237
-190.3174,200,109.44709,0.0,0.8558891934425897,1443.1247242368588,10.028840814689314,7.215623621184294
-74.007915,200,109.568653,0.0,0.37169189680107256,2708.0300844005283,15.303442108325074,13.540150422002641
-99.566385,200,109.692112,0.0,0.2905271874110504,2606.537075482588,15.427297463340894,13.03268537741294
-108.953041,200,109.841162,0.0,0.5587471535532303,2745.2308411571694,15.24222366732708,13.726154205785846
-82.247726,200,110.376188,0.0,0.25222794993088465,550.9829559295747,4.06499935239512,2.7549147796478737
-61.244998,200,110.53777,0.0,0.31776805890546966,471.0105338086473,3.4805915582780487,2.3550526690432365
-176.163879,200,110.667526,0.0,0.7273538381178901,2168.570307566355,12.88131225262502,10.842851537831775
-60.962894,200,110.78501,0.0,0.49227723733494144,959.9464216234916,5.811547686604451,4.799732108117458
-102.401482,200,110.906538,0.0,0.20616994126765847,2950.8775468657223,17.015101794342655,14.754387734328612
-133.498478,200,111.024639,0.0,0.39940011951918875,657.6112210024388,5.43073300403563,3.288056105012194
-82.630028,200,111.140162,0.0,0.2380100728403873,699.3469880334566,4.892423231446973,3.4967349401672827
-142.546512,200,111.254494,0.0,0.5390984837323383,820.9205360305232,6.012760724544637,4.104602680152616
-67.303169,185,111.357018,1.0,0.04748605690071342,2480.821383107993,14.816260334343507,13.409845314097259
-132.443675,200,111.467555,0.0,1.0897605019352776,2068.160588481653,13.00100933164932,10.340802942408265
-95.883331,200,111.911536,0.0,0.4117105917569624,833.682869113481,5.861805582761307,4.168414345567405
-111.702608,200,112.054489,0.0,0.570799105282847,2860.1879907533726,16.31919077138085,14.300939953766862
-149.586581,200,112.199505,0.0,0.533467614449559,836.4949168978777,6.37715873999198,4.1824745844893885
-129.639831,200,112.322419,0.0,0.5579437438997671,1261.8132283051427,8.35763585296304,6.309066141525713
-134.795264,200,112.439724,0.0,1.2426673346936326,1776.771022385126,10.90757849050202,8.88385511192563
-137.331561,200,112.553213,0.0,1.1931647422353666,1830.5562457412761,11.184028934824786,9.152781228706381
-89.912385,200,112.666231,0.0,0.385271520221673,2610.984708927423,15.029534225206861,13.054923544637115
-159.293299,200,112.784748,0.0,0.6334117078255072,1100.8049148046055,7.801822932545297,5.504024574023028
-131.890931,200,112.894283,0.0,0.48159339650019733,912.1586193649223,6.220732091077077,4.560793096824612
-124.722219,200,113.022258,0.0,0.34667343587320787,734.6783668271091,6.424012157433692,3.6733918341355456
-53.852907,200,113.158567,0.0,0.3690472259441742,437.5288248973236,3.1304438729485966,2.187644124486618
-81.058762,200,113.660625,0.0,0.39001225118314786,1278.2383703036357,7.9389986117927025,6.391191851518179
-83.476787,200,113.796858,0.0,0.4520812382535551,3088.3881798275283,17.225625364351636,15.441940899137641
-137.344484,200,113.915882,0.0,0.4349269368469641,895.9279755704824,6.224139373689941,4.479639877852412
-170.395144,200,114.055724,0.0,0.6592743928124356,1241.875439130744,8.22072490875714,6.209377195653721
-103.801214,200,114.178242,0.0,0.15520643768677952,521.6221720193447,4.039235263009912,2.6081108600967235
-130.849854,200,114.291759,0.0,0.7568827145354763,1551.2163895214017,10.549997133786436,7.756081947607008
-131.909861,200,114.414807,0.0,0.6791385310552255,1605.7070749482386,10.590305048447629,8.028535374741192
-68.489142,200,114.548534,0.0,0.35030808846118144,927.2646186356942,5.449263128990352,4.636323093178471
-119.109949,200,114.664114,0.0,0.45226784710596446,1090.3419635624848,7.094360067601462,5.451709817812424
-126.756554,200,114.789915,0.0,1.0326022289540442,1456.5876182868726,9.600886688394958,7.282938091434363
-125.711032,200,115.26606,0.0,0.9593029038131621,1944.7393221477912,12.273321522919098,9.723696610738957
-91.559869,200,115.415431,0.0,0.4816582275214925,2753.406830201396,15.360292340331767,13.76703415100698
-75.426971,200,115.538145,0.0,0.23013932216263225,441.2583890748925,3.1406335194466357,2.2062919453744625
-110.919747,200,115.651678,0.0,0.7578456765276512,2942.5967169900473,16.4346603730281,14.712983584950237
-82.631048,200,115.776024,0.0,0.21136278345728313,263.36462006585185,2.3378460072393756,1.3168231003292592
-91.501644,200,115.895539,0.0,0.4347287007417232,2967.3554119988994,16.8685808371139,14.836777059994496
-30.50329,100,115.955053,1.0,0.04749027276279475,284.9855644936233,1.8792081421234892,2.849855644936233
-123.755514,200,116.072566,0.0,0.8729863761585819,2271.541292898793,12.939365081579737,11.357706464493965
-99.062051,200,116.190099,0.0,0.39590469099783804,1783.265133076506,10.775735328670613,8.91632566538253
-68.350798,200,116.337604,0.0,0.3360757812608739,675.5787234123139,4.260828366659412,3.3778936170615697
-60.286946,200,116.478117,0.0,0.31375714816208583,1971.8792742245237,11.36308273943781,9.85939637112262
-74.629157,200,117.023876,0.0,0.19815960511109088,199.53107663159835,1.737687034150513,0.9976553831579917
-109.08625,200,117.158407,0.0,0.4741558366894641,3010.1947784340714,17.28821334150921,15.050973892170356
-120.784401,200,117.289924,0.0,0.47677380500738725,1329.9687950193747,8.282932675712754,6.649843975096874
-59.350823,200,117.423781,0.0,0.44858318295847993,816.4958107653657,5.279540789645256,4.0824790538268285
-133.523169,200,117.547816,0.0,0.5631358665818226,1388.8731360737474,8.646464658612468,6.944365680368737
-59.843443,200,117.668903,0.0,0.43800728054697396,694.8798195204279,4.671598635006065,3.4743990976021393
-57.727533,200,117.793416,0.0,0.5564535871778075,452.30035147207957,2.9265045630911946,2.261501757360398
-57.149594,200,117.933788,0.0,0.38044033566173463,477.074439362699,3.0756225314082766,2.385372196813495
-28.053196,96,117.999794,1.0,0.04932688909441609,310.901685824562,2.192584564200561,3.2385592273391874
-8.3939,31,118.019304,1.0,0.03733781026313961,185.4331109524858,1.3520465769098537,5.9817132565318
-136.803743,200,118.133814,0.0,1.1801805862759787,2265.9334832612603,12.966811495908347,11.329667416306302
-113.437584,200,118.61304,0.0,0.36148246478785073,620.7014153168425,4.08072532958707,3.1035070765842123
-94.524132,200,118.771068,0.0,0.3494988708718733,2850.91136457404,15.882296034934269,14.2545568228702
-131.535695,200,118.893595,0.0,0.3986160522326508,642.091921563716,4.020653186604428,3.21045960781858
-72.650009,200,119.00613,0.0,0.3235512130885072,292.7044336063103,2.5358056942454787,1.4635221680315516
-58.249001,200,119.161582,0.0,0.2530076280656477,1035.0874867058278,6.149379499117366,5.175437433529139
-133.539102,200,119.279583,0.0,0.8015308947195617,2706.657370965355,16.111762114511066,13.533286854826775
-72.891632,200,119.392519,0.0,0.30617220541776197,393.37587126158496,2.9431781967144177,1.9668793563079248
-134.3035,200,119.527275,0.0,0.6987444113173412,2180.161765492707,13.521847345364643,10.900808827463536
-89.419986,200,119.648793,0.0,0.15797175933285992,553.6865064553176,3.646178759178379,2.768432532276588
-67.232006,200,119.783304,0.0,0.24955220480536383,420.6948939202676,3.044861477091841,2.103474469601338
-155.416081,200,119.927351,0.0,0.5654201360910167,1164.5716399929593,7.839144656745946,5.822858199964796
-130.182634,200,120.402119,0.0,0.7005044670751736,2654.899185473346,15.807337400418769,13.27449592736673
-67.755692,200,120.550157,0.0,0.29403030215449705,421.84380302004314,3.1056718427209558,2.1092190151002157
-169.390458,200,120.677672,0.0,0.6720985465004685,1619.59697752358,10.216702674108966,8.097984887617901
-59.779372,200,120.811801,0.0,0.24997471184679565,410.404384674103,2.8844349114701973,2.052021923370515
-134.69532,200,120.940833,0.0,1.1321421046858555,2251.7460418395176,13.59024331638741,11.258730209197587
-52.667996,200,121.07326,0.0,0.5092436401119671,778.6063146787834,5.227573182695575,3.893031573393917
-55.688883,200,121.209795,0.0,0.5764507062304213,882.6290447909198,5.478024173815767,4.413145223954599
-51.974574,200,121.387062,0.0,0.3765881245130939,1141.8213673053826,6.601895969398608,5.709106836526913
-106.013967,200,121.539141,0.0,0.3708767806902547,1160.1329390263732,7.330663967962775,5.800664695131866
-136.468302,200,121.688243,0.0,0.9899361794756393,2299.8390923752377,13.70112909358782,11.49919546187619
-135.430244,200,122.177499,0.0,0.49621699289925925,829.4770388573113,6.23684927985705,4.1473851942865565
-60.00719,200,122.324538,0.0,0.25896731650808547,2162.7175738991064,12.7550396470731,10.813587869495532
-137.814429,200,122.455852,0.0,0.5868456691243963,1734.9591437145796,11.305456869584516,8.674795718572899
-86.071877,200,122.581381,0.0,0.21443749438423443,465.89863583063425,3.527825095276071,2.3294931791531712
-93.922927,200,122.721471,0.0,0.1349857046052137,2299.112831382372,13.044926925772835,11.49556415691186
-85.13072,200,122.846987,0.0,0.22560226272491024,2345.557691720611,12.980969585509943,11.727788458603055
-121.045574,200,123.007519,0.0,0.4696337779547618,1348.4595126005856,8.412731723926514,6.7422975630029285
-133.660718,200,123.167579,0.0,0.44726722030570304,673.154038660482,5.07131032406527,3.36577019330241
-134.000045,200,123.285723,0.0,1.0624034266908617,1704.4245401268372,10.436799460541812,8.522122700634187
-124.267971,200,123.401275,0.0,0.3972598705851669,902.1094813976921,5.7283915146135,4.510547406988461
-140.465672,200,123.890824,0.0,0.5353372858904937,1204.974998107126,7.423313205666881,6.024874990535631
-159.015,200,124.046588,0.0,0.5383663382683351,1895.80171320007,11.637736362993218,9.479008566000351
-109.468547,200,124.181108,0.0,0.4016890110983609,2965.0349869567663,16.48517571959892,14.825174934783831
-57.481723,200,124.346869,0.0,0.40898922533501836,1354.3108496669663,7.9611397000571245,6.771554248334832
-29.091216,96,124.42639,1.0,0.04574093342593812,224.45068936751503,1.6225634991035331,2.3380280142449483
-54.324107,200,124.546921,0.0,0.5144609310027255,1422.1912517872265,8.671817510759219,7.110956258936133
-131.031603,200,124.679437,0.0,1.0392045858153176,1335.8777240257568,8.372828902155343,6.679388620128784
-158.242873,200,124.838134,0.0,0.5757349261327822,2028.115469748603,12.182897207308589,10.140577348743015
-62.916319,200,124.977585,0.0,0.5084363323171652,361.0890745748031,2.4628671152787067,1.8054453728740154
-122.033706,200,125.092741,0.0,1.0091395081432006,1708.6056412123537,10.055141080804958,8.543028206061768
-76.696116,200,125.206274,0.0,0.34211322278955686,685.7972583718868,4.539002361551335,3.4289862918594336
-59.781253,200,125.685914,0.0,0.32872243093453496,2782.557550111947,16.23773311931989,13.912787750559735
-61.308845,200,125.829045,0.0,0.40270173075447513,483.3682539460238,3.365888915797487,2.416841269730119
-68.481015,200,125.974569,0.0,0.22460422765212743,263.270682866973,1.996283657558254,1.316353414334865
-137.970301,200,126.117661,0.0,0.5573857952886024,1519.3666563507672,9.36319411571163,7.596833281753836
-108.122884,200,126.267105,0.0,0.26657119596948714,464.0021088453796,3.8625804116923916,2.320010544226898
-128.424809,200,126.404898,0.0,0.3866323767941247,673.4184119037379,5.22584717401572,3.3670920595186895
-128.236314,200,126.529938,0.0,0.7660053373033031,1485.5539115381853,9.92262829923471,7.427769557690926
-135.507444,200,126.643448,0.0,0.8013176336122917,2141.7020672187828,13.139529467022603,10.708510336093914
-127.30282,200,126.753969,0.0,0.2764540140151148,481.4558997525835,4.497215585295244,2.4072794987629176
-115.812454,200,126.864517,0.0,0.16401896679628614,474.8514013923325,3.7188116790159476,2.3742570069616624
-145.258456,200,127.294588,0.0,0.38641980342867616,3329.6547245667384,19.03396275036908,16.648273622833692
-151.001805,200,127.440117,0.0,0.4337432541690813,2971.3882827166467,17.589546139521023,14.856941413583234
-106.247588,200,127.582635,0.0,0.20818186632194746,2772.476934300252,15.430670636714774,13.86238467150126
-67.73725,200,127.721675,0.0,0.2698118216032936,307.38130411955564,2.2418427757197827,1.536906520597778
-129.162782,200,127.868198,0.0,0.7534773958773673,1919.169329306684,11.804777275920976,9.59584664653342
-65.010072,200,128.01164,0.0,0.3154898394035008,2467.9976035161476,14.371296687250318,12.339988017580739
-108.295027,200,128.147682,0.0,0.49557786588882624,766.5283908812131,5.001355421389013,3.8326419544060655
-94.991797,200,128.278369,0.0,0.4995757234310008,3221.059744639673,18.694412257691152,16.105298723198366
-85.999386,200,128.433887,0.0,0.40792710352528866,760.5966119159627,5.169541676440669,3.8029830595798138
-124.749854,200,128.568268,0.0,0.7330607102674002,2080.699087413338,12.313021930040927,10.40349543706669
-121.246594,200,129.129177,0.0,0.5225351421330591,1078.1641319874675,6.933716703544144,5.390820659937337
-71.371677,200,129.335222,0.0,0.5309383384691521,773.1038086343294,4.865019304287177,3.865519043171647
-114.964634,200,129.51477,0.0,0.1622595502596627,496.6363651373247,4.101980208673432,2.483181825686623
-80.872106,200,129.663221,0.0,0.0922966091228866,185.524006239899,1.620087029967054,0.927620031199495
-101.527006,200,129.780684,0.0,0.3214079960554981,453.2406745842781,3.690245973622678,2.2662033729213906
-145.737903,200,129.90221,0.0,0.44058085278107967,2484.7251195925096,14.766088211571196,12.423625597962548
-92.905948,200,130.039064,0.0,0.3568262922195072,822.5915023989385,5.254714975332221,4.112957511994693
-59.400814,200,130.16258,0.0,0.41690379262781624,456.1543596265251,3.3872017640178758,2.2807717981326254
-53.63832,200,130.275105,0.0,0.4027042160007695,260.7168481535143,2.0027332690943145,1.3035842407675715
-120.638725,200,130.387874,0.0,0.6006200759918755,2640.8964184834067,15.224385675549518,13.204482092417033
-62.715396,200,130.518308,0.0,0.45547476921849966,789.1523661642681,5.170420093204729,3.9457618308213402
-74.032659,200,131.000461,0.0,0.09633803904299208,2676.222332748134,14.933025343105754,13.381111663740668
-84.893771,200,131.143893,0.0,0.3212371403059204,779.5061686213845,5.634739507566932,3.8975308431069227
-179.758569,200,131.281119,0.0,0.7295995835082726,1194.2271386132547,7.6541551474044605,5.971135693066274
-41.422217,120,131.347669,1.0,0.048577322126575034,297.94428716599487,2.0295283107398334,2.482869059716624
-53.869432,200,131.471186,0.0,0.35919063358822323,382.14949150556293,2.6363687258943638,1.9107474575278147
-113.382009,200,131.608063,0.0,0.39996499588046436,2141.4531081772134,13.253785612146702,10.707265540886066
-128.293003,200,131.722095,0.0,0.46089307531638946,728.9268273556539,5.074681405579083,3.6446341367782695
-146.425151,200,131.833624,0.0,0.3688014643352901,3147.7223186886804,18.05011214812702,15.738611593443402
-116.250071,200,131.956141,0.0,0.2842540948856149,591.8840529192518,4.261327121350049,2.959420264596259
-127.276719,200,132.06666,0.0,0.8861405563339303,1912.3674372488551,11.847599595568884,9.561837186244276
-66.245817,200,132.514393,0.0,0.3109399660654011,413.9368597975689,3.003507013232332,2.0696842989878443
-54.837947,200,132.67342,0.0,0.5683671755741163,707.5153223213189,4.410205802487252,3.5375766116065943
-123.375011,200,132.826184,0.0,0.843140834349971,2360.6856914369314,13.854862111470604,11.803428457184657
-140.490089,200,132.949695,0.0,0.5364251705715576,627.9015221976631,4.562000565339822,3.1395076109883155
-54.411334,200,133.082411,0.0,0.5386371193473529,667.5899275894595,4.44112688874527,3.3379496379472977
-106.098844,200,133.205192,0.0,0.45178166558688354,1522.9509900873938,9.487724347786058,7.61475495043697
-133.714108,200,133.31712,0.0,0.4470537685108422,2145.586524556652,12.960105682627102,10.72793262278326
-115.768686,200,133.433152,0.0,0.2815821299292913,2835.874973780004,16.30560203126498,14.17937486890002
-65.975688,200,133.554667,0.0,0.601976479412189,1054.0810821443533,6.541805219650583,5.270405410721767
-100.924547,200,133.693187,0.0,0.4127854290886194,788.4625789394639,5.352444551095146,3.9423128946973196
-88.160509,200,134.190844,0.0,0.38788782355785345,1766.9804124672376,10.667440395767617,8.834902062336187
-11.340601,62,134.236363,1.0,0.04967944902181852,324.20547324076693,1.858439632469944,5.229120536141402
-58.973227,200,134.386019,0.0,0.29168243071468747,266.47072613631667,2.0135179572992845,1.3323536306815833
-101.173414,200,134.512542,0.0,0.4224741055346549,961.3079090335442,6.299967713501893,4.806539545167721
-125.723429,200,134.622577,0.0,0.8093252027809176,2026.10242161596,12.890359564536189,10.1305121080798
-132.113661,200,134.756101,0.0,0.6717584782667959,2264.1595255876673,14.09691152493265,11.320797627938337
-104.91148,200,134.869629,0.0,0.3511427999374845,590.880901008005,4.1770133045851,2.954404505040025
-8.910513,31,134.887628,1.0,0.04964404871194653,209.5425575099786,1.3224470651987874,6.759437339031567
-153.210446,200,135.001155,0.0,0.5808929415668938,744.8120931456789,5.224522252556764,3.724060465728394
-61.203311,200,135.111672,0.0,0.5787652923662076,426.1413311539111,3.2688008279699683,2.1307066557695555
-137.854181,200,135.22114,0.0,0.41082420804965813,2658.081804458321,15.366473946269984,13.290409022291605
-125.35782,200,135.344095,0.0,1.0838386858704647,1457.2630255730382,9.679927066866465,7.286315127865191
-163.941008,200,135.805912,0.0,0.6114954262931849,790.6001536693972,5.403310736699488,3.953000768346986
-166.586678,200,135.954943,0.0,0.6507107704137994,1024.163538293018,6.4842915545474025,5.12081769146509
-119.756948,200,136.091136,0.0,0.33672017673659455,362.87052558000073,3.073863225424663,1.8143526279000037
-134.445377,200,136.203657,0.0,1.2005404012745582,1318.9454245729612,9.514126285582687,6.594727122864806
-82.523752,200,136.320194,0.0,0.5798320831025026,1330.6185666898734,7.9504684441355495,6.653092833449367
-85.384113,200,136.442191,0.0,0.2938172904971155,267.29408572582736,2.2175812289785477,1.336470428629137
-130.945499,200,136.56372,0.0,0.23134519354386654,294.0613350050163,2.831304999061944,1.4703066750250815
-117.788957,200,136.674233,0.0,0.40974725877164137,629.7917891412858,4.468228915560676,3.148958945706429
-73.845319,200,136.783804,0.0,0.4079004820254365,1092.4763228060265,6.7023717247059595,5.462381614030132
-63.1484,200,136.905303,0.0,0.5881578972049574,787.1747645497117,4.829159613835719,3.935873822748558
-96.922728,200,137.343956,0.0,0.1520602419489035,287.23775087769826,2.25962708839902,1.4361887543884913
-80.991586,200,137.49147,0.0,0.375895042379732,401.2970558008034,2.7715656902037424,2.006485279004017
-75.5075,200,137.626579,0.0,0.2689146689625588,318.5866592018394,2.570227190233924,1.5929332960091969
-47.819468,200,137.753706,0.0,0.47781522164326096,1195.4654489183895,7.2863677466720125,5.977327244591947
-10.985539,58,137.812327,1.0,0.04967563748478354,200.96767701406483,1.3161945884045907,3.4649599485183593
-134.653487,200,137.943423,0.0,1.2511049667305592,1314.93649059611,8.709964802523954,6.57468245298055
-57.835735,200,138.058968,0.0,0.5284198536095214,496.959922653464,3.368251969983222,2.48479961326732
-65.314238,200,138.169686,0.0,0.4422611038182989,566.9398250272213,3.936607940487465,2.8346991251361064
-155.773921,200,138.299204,0.0,0.5990708852583614,1369.2415607317291,8.73558530465519,6.846207803658646
-89.276866,200,138.417735,0.0,0.3168515353033942,423.9904859031873,3.0647841770252517,2.119952429515936
-155.726509,200,138.532678,0.0,0.6529017692046669,1099.2497396277838,7.367880574124407,5.496248698138919
-117.185106,200,138.998755,0.0,0.943669301175491,2182.9024936684,12.71064665151033,10.914512468342
-106.716798,200,139.152789,0.0,0.35067970346134364,937.2785912242806,5.783071935997712,4.686392956121403
-56.796287,200,139.291186,0.0,0.5184143515519433,295.94018758745807,2.164722550246231,1.4797009379372903
-58.534809,200,139.4087,0.0,0.5454739458189677,126.10708836898914,1.0520815694384489,0.6305354418449457
-72.141235,200,139.548766,0.0,0.5951631535646349,1213.3465321810409,7.660026679988951,6.066732660905204
-71.888076,200,139.659274,0.0,0.46069160070230103,444.0963013549401,2.7398548633445596,2.220481506774701
-55.091877,200,139.773802,0.0,0.35266595657601324,429.23444552772594,3.132837264619689,2.1461722276386297
-148.424237,200,139.901973,0.0,1.321522916482349,1597.0513779279447,10.606920790681606,7.985256889639723
-56.736321,200,140.035307,0.0,0.4351813907830426,711.8983080319194,4.6654607367547305,3.559491540159597
-161.066638,200,140.175296,0.0,0.5987995985488742,2099.3425356340704,12.544779928121367,10.496712678170352
-124.27025,200,140.306777,0.0,0.4247288635559709,718.464384232208,4.8458904994672,3.59232192116104
-64.59902,200,140.83923,0.0,0.22103555274982697,249.4495858655501,1.8153031546606968,1.2472479293277505
-58.135829,200,140.974746,0.0,0.5466330895868468,239.50552544351874,1.7820164087677368,1.1975276272175936
-65.692293,200,141.089263,0.0,0.37196953425856216,735.0952994851766,4.6787289012597615,3.675476497425883
-128.445585,200,141.216808,0.0,0.4587655488226232,576.0982312679627,4.102052559890274,2.8804911563398132
-120.029617,200,141.342776,0.0,0.27405253512798994,2520.1942679829494,14.723044835426132,12.600971339914746
-41.96192,142,141.431903,1.0,0.04631994830169977,1883.2733131540363,10.658172874695726,13.262488120803072
-134.207677,200,141.561432,0.0,1.1678505235999184,1773.537252442652,10.96481927453173,8.86768626221326
-86.651919,200,141.683948,0.0,0.20285334846405825,1822.759961351961,11.053406211702043,9.113799806759806
-158.133551,200,141.80547,0.0,0.5621042263414828,2165.0655690687313,12.921821485496496,10.825327845343656
-87.4385,200,141.947174,0.0,0.27381473278784224,650.4331837466217,4.336107529022625,3.2521659187331085
-68.35735,200,142.44509,0.0,0.2753371532360197,675.3017883740043,4.527625589738633,3.376508941870022
-124.603265,200,142.60761,0.0,0.3337815786710845,351.31239069826466,2.797952899758995,1.7565619534913233
-150.700361,200,142.738059,0.0,0.5456942516888365,1353.1587347931688,8.504420826280187,6.765793673965844
-137.512665,200,142.925596,0.0,0.46532772345049656,1805.9965248653973,10.52468728286676,9.029982624326987
-118.514971,200,143.071199,0.0,0.3664036007760387,1227.6119377256693,7.380716373566005,6.1380596886283465
-71.185815,200,143.209719,0.0,0.3492293607629314,1743.9204262124886,10.601419151865338,8.719602131062443
-134.265009,200,143.33175,0.0,0.2883533701920338,577.3164996466447,4.0344622115411015,2.8865824982332238
-82.876523,200,143.474489,0.0,0.289516058785067,387.01199556292977,2.8222259393910734,1.935059977814649
-81.06258,200,143.62102,0.0,0.20968607434540934,2486.9386995493724,14.029903538085717,12.434693497746862
-151.711547,200,143.779054,0.0,0.4917774920039147,920.9238096947715,5.910440761554652,4.604619048473857
-68.520904,200,144.24648,0.0,0.15571176292716474,2475.8174706485715,14.604084920074147,12.379087353242857
-91.982809,200,144.396998,0.0,0.3725261529464838,760.879266129769,5.085761928966049,3.804396330648845
-145.641067,200,144.53928,0.0,0.5728469171761311,2919.9196919753767,16.82802065019416,14.599598459876884
-52.042056,200,144.668443,0.0,0.3417075663037197,469.46499028463666,3.0939283527322083,2.3473249514231833
-79.710861,185,144.781077,1.0,0.04943425363769719,304.91247462423104,2.3378399718460297,1.648175538509357
-128.247949,200,144.904183,0.0,0.8445214503028768,1550.1691152320118,10.683151146170635,7.750845576160059
-119.762197,200,145.024708,0.0,0.4203649000033464,1356.7998326285995,8.369221829927662,6.7839991631429974
-33.178097,126,145.110218,1.0,0.04746018576037809,1557.9374182084089,9.082019157828551,12.36458268419372
-95.510849,200,145.249264,0.0,0.32052565534800415,389.1677160788561,2.452388146764033,1.9458385803942804
-58.050549,200,145.388802,0.0,0.31762613306085397,404.97561046535645,2.6573662117321946,2.024878052326782
-97.310175,200,145.533836,0.0,0.3119501310190206,1873.223337500812,10.952168169216408,9.36611668750406
-64.127001,200,146.001913,0.0,0.3812411021845352,583.8095942198362,4.050088434462398,2.919047971099181
-149.542426,200,146.14295,0.0,0.4736843669145266,2748.8556016259945,16.5145400694901,13.744278008129973
-48.07551,131,146.224208,1.0,0.04569378339191754,211.66015561060237,1.4519609368630402,1.6157263787068883
-125.530257,200,146.358245,0.0,0.9072263794403713,2072.045958494408,12.990187306442335,10.360229792472039
-49.736575,200,146.494761,0.0,0.42728960582768133,259.6433517220783,1.710272922403651,1.2982167586103914
-11.252914,36,146.522769,1.0,0.04380413100209941,308.77226324942,2.1550795016035713,8.57700731248389
-105.124632,200,146.684818,0.0,0.2866463340889554,458.42434467887034,3.0265246340369028,2.292121723394352
-92.900606,200,146.893672,0.0,0.14363473733561172,233.2964065558124,1.8080315464292682,1.1664820327790622
-83.288171,200,147.083497,0.0,0.13712261266019168,2717.1905130752884,15.666754970196465,13.585952565376441
-63.519707,200,147.23532,0.0,0.19637283542573472,472.4317366249731,3.2107681544464355,2.3621586831248655
-73.83051,200,147.363497,0.0,0.5225838283718653,1761.5694236999555,10.527727596746422,8.807847118499778
-132.415095,200,147.797538,0.0,0.3665317312415242,2912.64866609989,17.230376469498022,14.56324333049945
-115.965733,200,147.950576,0.0,0.2016050436363405,290.3720682188587,2.408257319744438,1.4518603410942936
-56.846266,200,148.10958,0.0,0.45085669319557425,358.3556384655306,2.4400659770936577,1.791778192327653
-130.977913,200,148.241873,0.0,0.3508993970382193,3188.654576129721,18.027888141263983,15.943272880648605
-55.286057,200,148.380392,0.0,0.3429688763378766,263.3895389542373,1.9038556365920967,1.3169476947711865
-75.991296,200,148.521911,0.0,0.37166320062209646,361.9842406016361,2.6281876596482014,1.8099212030081804
-126.839311,200,148.647966,0.0,0.5037182852838465,1078.1354069914248,7.1209683794922976,5.3906770349571245
-30.188176,102,148.729394,1.0,0.047108845856155414,169.90034835106854,1.2028675899069923,1.6656896897163582
-65.778352,200,148.861965,0.0,0.529512861850519,1504.3145000488428,8.864593567082489,7.521572500244214
-91.088349,200,148.976485,0.0,0.09652019307220253,177.27559925406638,1.5557719663854053,0.8863779962703319
-16.465403,71,149.018487,1.0,0.04988934846492053,296.7348504229929,1.8545066421439762,4.179364090464689
-53.179592,200,149.141512,0.0,0.43837889122081264,215.7629895564146,1.6131618843848852,1.078814947782073
-52.599336,200,149.676308,0.0,0.5108324584330025,320.2517880685225,2.354177482114229,1.6012589403426125
-14.271229,66,149.724316,1.0,0.04715422282272328,239.30199046302587,1.5879803296569572,3.625787734288271
-130.563708,200,149.882191,0.0,0.7661810295293716,1509.3047998088105,10.908004646013978,7.5465239990440525
-91.235205,200,150.052254,0.0,0.42019779452196565,1978.637407631578,11.392141029927407,9.89318703815789
-137.925709,200,150.221797,0.0,0.48680957050753654,1050.9607294964044,6.983468585539728,5.254803647482022
-108.276164,200,150.373965,0.0,0.37400151918636537,768.833917067095,5.052630035336008,3.8441695853354747
-112.4783,200,150.500485,0.0,0.8468823375892472,2424.040133791181,14.439696480780576,12.120200668955905
-95.791216,200,150.615043,0.0,0.5415188630660062,1552.7786414621437,9.426940618672996,7.763893207310718
-108.370221,200,150.748083,0.0,0.7606414567336556,2383.161777835281,14.028397606098345,11.915808889176406
-61.026351,200,150.881593,0.0,0.5014488333410914,503.2800954618172,3.4104668059621694,2.516400477309086
-65.217664,200,151.013114,0.0,0.243519735494026,2408.630421900326,13.892501708432455,12.04315210950163
-90.791958,200,151.492615,0.0,0.4001447011777729,1471.8813401490145,8.752787211176864,7.3594067007450725
-164.700921,200,151.657129,0.0,0.68676924824086,1932.2341156455636,11.477417821438653,9.661170578227818
-59.470342,200,151.817166,0.0,0.5635197550468954,503.30805055152246,3.4249544232199396,2.516540252757612
-154.488286,200,151.967946,0.0,0.5446268611183852,2784.090812209002,16.95355093460846,13.920454061045008
-84.936081,200,152.129481,0.0,0.538834866867529,972.12441605088,6.377570998411072,4.8606220802544
-65.427564,200,152.247461,0.0,0.5458201856421694,441.5605123672081,2.8374531939956076,2.2078025618360404
-101.499603,200,152.360972,0.0,0.22053885273982582,2649.29126142906,15.237498365235789,13.2464563071453
-86.238781,200,152.476464,0.0,0.5641342265683866,1234.8577705904718,7.3999434282813645,6.174288852952359
-16.724999,48,152.506478,1.0,0.0479829657264957,531.2407836231104,3.3146654531335895,11.067516325481465
-56.984869,200,152.628001,0.0,0.48526088304198034,260.1497040477025,1.984407439466724,1.3007485202385127
-130.077769,200,152.750041,0.0,0.2915415074517349,628.4738165735939,4.296608948072703,3.14236908286797
-105.910227,200,153.288373,0.0,0.5204639915564934,926.7980709108559,5.891220998431225,4.63399035455428
-98.569973,200,153.460408,0.0,0.327197739997546,327.75517872829215,2.372344384236925,1.6387758936414607
-93.641618,200,153.614441,0.0,0.5176242574477774,3078.5499238391467,17.34402791210683,15.392749619195733
-130.990098,200,153.732479,0.0,1.113017181900882,1522.3795776935538,10.473002757860076,7.611897888467769
-119.760585,200,153.848648,0.0,0.3558632594021683,525.2430270996589,3.6791746456938754,2.6262151354982946
-106.587234,200,153.978571,0.0,0.480868259087098,1893.5304330959254,11.401539348808177,9.467652165479628
-119.569266,200,154.119444,0.0,1.0797930348866864,1919.2262966486985,11.930321157233955,9.596131483243493
-159.298958,200,154.258518,0.0,0.5637715293745179,2090.0812793513783,11.728049071791528,10.450406396756891
-141.14529,200,154.389895,0.0,1.2244840494725349,2047.3509429788376,12.257895611071639,10.236754714894188
-102.657103,200,154.501443,0.0,0.8624919151030023,2332.034824693622,13.81248754289134,11.66017412346811
-80.410698,200,154.980259,0.0,0.21711182430933576,3059.4936609513425,16.79846441880201,15.297468304756713
-89.563759,200,155.126791,0.0,0.3444726497364077,1830.3828062209416,10.490281597807094,9.151914031104708
-129.141346,200,155.24282,0.0,0.5010440220979047,817.8955635344805,5.243806910055607,4.089477817672402
-74.946341,200,155.369337,0.0,0.6623118368088057,1001.7062147683718,6.379465074544709,5.0085310738418585
-106.673537,200,155.491859,0.0,0.4680963709070056,817.2803717342695,5.423878316404931,4.086401858671348
-99.771434,200,155.60633,0.0,0.46507354250726024,431.66675627645105,3.0895877223918573,2.158333781382255
-113.00565,200,155.716876,0.0,0.389885205606239,371.65641150826696,2.972489273763992,1.8582820575413348
-140.199119,200,155.828385,0.0,0.5215504647813872,1135.6708386020432,7.205481139543605,5.678354193010216
-48.744014,200,155.941426,0.0,0.23666072274149524,2218.0087203713783,13.004558594048403,11.090043601856891
-144.519616,200,156.050942,0.0,0.48641223310813153,550.5657176119295,3.7971100356039877,2.7528285880596473
-74.171465,200,156.500243,0.0,0.20274833296007252,2497.7733268785187,14.349332879655972,12.488866634392593
-56.55811,200,156.650341,0.0,0.376664961544321,660.6805887120867,4.664254207723019,3.3034029435604335
-56.953456,200,156.769861,0.0,0.3756558633347337,298.66909972169236,1.9584594153992703,1.4933454986084618
-43.670526,127,156.845396,1.0,0.047535716476272506,187.59240869078027,1.3747992830620512,1.4771055802423643
-107.391678,200,156.956923,0.0,0.17473303527049916,322.24402303165976,2.9071366954043465,1.6112201151582988
-79.312326,200,157.077446,0.0,0.27542639769073507,273.37573354414656,1.950331161799918,1.3668786677207327
-65.497956,200,157.189972,0.0,0.505491385325784,1248.4940074936578,7.436810742378632,6.242470037468289
-122.126858,200,157.301497,0.0,0.8131715272696511,1704.1885801431854,10.534866032021647,8.520942900715927
-84.848369,200,157.413572,0.0,0.47317762630265875,650.9740701234773,4.029981950178725,3.2548703506173866
-59.236747,200,157.544713,0.0,0.5283546109565067,254.07813357789638,1.7977502141749568,1.2703906678894819
-141.110997,200,157.674276,0.0,0.5533022869072591,1493.3452629980634,9.186914965725357,7.466726314990317
-111.375846,200,158.157378,0.0,0.336764528935714,347.23401735252565,2.6588422955296083,1.7361700867626282
-135.885296,200,158.319576,0.0,0.7022583983135691,2173.006645563042,13.942100487334313,10.86503322781521
-146.572827,200,158.436598,0.0,0.549850986189015,1212.7466896449791,7.566396337936657,6.0637334482248955
-82.2881,200,158.565037,0.0,0.18623248658004105,2121.7675109968004,12.327592375866498,10.608837554984001
-142.483622,200,158.697279,0.0,0.35774728391428223,465.79947196869637,3.286386867989462,2.328997359843482
-91.736502,200,158.812171,0.0,0.4072892885155967,1178.748156810982,6.916719258743372,5.89374078405491
-79.477695,200,158.925693,0.0,0.3705082732689726,494.0673492483927,3.3034650095888374,2.4703367462419634
-84.963315,200,159.034878,0.0,0.32485490218827145,1238.4809765832078,7.373667758605376,6.19240488291604
-30.894637,104,159.09539,1.0,0.049243353567205446,218.18113851877112,1.5158352939597155,2.0978955626804914
-63.785534,200,159.219379,0.0,0.23056229777164855,254.28199026522896,1.9043139491208363,1.2714099513261448
-128.599192,200,159.340429,0.0,0.9511657327949885,1564.34130967724,11.04607910352271,7.821706548386199
-104.030857,200,159.811211,0.0,0.1875359625995687,193.93865139402678,1.693029713871261,0.9696932569701339
-44.810712,200,159.936256,0.0,0.48272362704321997,1323.1366955764233,7.869121991956497,6.615683477882117
-31.892944,104,159.995252,1.0,0.045506020478983944,59.51315002007591,0.49823870034786255,0.5722418271161145
-119.838394,200,160.10577,0.0,0.3645329203495763,2875.2120990714493,17.013119604437932,14.376060495357246
-95.470535,200,160.242607,0.0,0.5187303777905663,2679.940903867951,15.293947157092038,13.399704519339755
-56.234727,200,160.380619,0.0,0.5669728814983973,1248.849818415353,7.309957965814333,6.244249092076765
-58.659308,200,160.504148,0.0,0.6125885769403815,629.9154226002577,3.8657803146983185,3.149577113001288
-103.181217,200,160.623686,0.0,0.15258020516695234,2760.53441293799,15.215569514300327,13.80267206468995
-115.435428,200,160.760399,0.0,0.23242422961088094,345.34386420042426,2.941741260188072,1.7267193210021212
-143.779551,200,160.902641,0.0,0.46297211778944236,504.36417761522057,3.718489272296031,2.521820888076103
-52.40872,200,161.408974,0.0,0.38779370683546954,1233.6341082350623,7.265342535440333,6.168170541175312
-142.226892,200,161.559016,0.0,0.4468033769336179,509.6726875596725,3.823652831363192,2.5483634377983626
-131.124431,200,161.679031,0.0,1.0307202004615668,2386.145642365737,14.421202116139469,11.930728211828685
-50.138311,200,161.805301,0.0,0.45940653890803235,355.9685892597871,2.3374406035288318,1.7798429462989356
-128.380842,200,161.959358,0.0,1.0000219536710366,1017.760681999139,7.603495532690276,5.088803409995695
-131.426233,200,162.079575,0.0,0.3028192428611148,470.4497253181042,3.178413971333308,2.352248626590521
-87.095599,200,162.199091,0.0,0.29138309330335455,2851.264789226991,15.862538609125876,14.256323946134955
-59.903615,200,162.329246,0.0,0.318980238302731,411.83962766605555,2.6745298451995994,2.0591981383302778
-60.934979,200,162.460277,0.0,0.3998851187921888,1241.6477571058133,7.345736637424557,6.208238785529066
-134.679451,200,162.590806,0.0,0.42353918500169396,657.4474688148347,4.767014592522713,3.2872373440741733
-82.341607,200,163.018596,0.0,0.3713799924796965,618.6416170463874,4.23682775103668,3.0932080852319372
-29.849721,103,163.089887,1.0,0.04793702224478934,161.32536453644013,1.099449776385901,1.5662656751110693
-103.543945,200,163.236159,0.0,0.17271418612559736,2700.440296558476,16.023811821089136,13.50220148279238
-100.561069,200,163.398243,0.0,0.21204927112596078,338.3567876409208,2.377778771087042,1.691783938204604
-147.096881,200,163.610694,0.0,0.4856073259066597,782.0788199897625,5.116473364304162,3.910394099948812
-136.993921,200,163.755464,0.0,0.518462435476012,1618.1149968512807,10.060674230598876,8.090574984256403
-79.559004,200,163.884658,0.0,0.3745539692334542,1069.6977974439583,5.971101148403003,5.348488987219792
-56.510675,200,164.027184,0.0,0.26610796628065336,2162.3597915921996,12.691101686633658,10.811798957960997
-145.60675,200,164.192222,0.0,0.49223836655385766,3181.079253902598,17.637196228099913,15.90539626951299
-62.757181,200,164.355375,0.0,0.44969786435674636,394.8969860059522,2.755530280106976,1.974484930029761
-136.202224,200,164.478469,0.0,1.239469191868077,1543.030119456298,9.508335803359095,7.71515059728149
-96.449183,200,164.973951,0.0,0.4491173024663648,1710.22467500865,10.029508380400337,8.55112337504325
-108.962363,200,165.125476,0.0,0.4015408406206383,1155.8263945476474,6.994454637772088,5.779131972738237
-90.98335,200,165.243512,0.0,0.11756584946404472,2006.4287465529371,11.617171408219571,10.032143732764686
-95.685293,200,165.357025,0.0,0.11047103175967132,2424.304831662225,14.092565169858215,12.121524158311125
-133.660933,200,165.49852,0.0,0.8682317371957412,930.6428520095757,7.685256269981463,4.6532142600478785
-115.533292,200,165.644444,0.0,0.22425617785193594,496.2167765848787,3.8323810070634377,2.4810838829243935
-68.482379,200,165.796474,0.0,0.160393733357949,103.69250039808318,0.7999265497355702,0.5184625019904159
-68.960027,200,165.930993,0.0,0.1314111391619472,1974.9836528159071,11.165716319880456,9.874918264079536
-70.567474,200,166.04786,0.0,0.6096698286817885,1125.7153147309089,7.248952688805113,5.628576573654544
-53.125448,200,166.171426,0.0,0.45450870264859866,425.5712537002039,2.7747194639995025,2.1278562685010196
-37.225418,112,166.239945,1.0,0.0476550890697242,264.59901031549595,1.8257362293202983,2.362491163531214
-136.596054,200,166.710529,0.0,0.7104964078641599,1822.1183713056726,12.44176939590726,9.110591856528362
-138.972807,200,166.86057,0.0,0.338663119819058,527.5277188042314,3.973285208417511,2.637638594021157
-141.185643,200,167.006611,0.0,1.217218401104622,1638.4610130028175,10.290871603519728,8.192305065014088
-162.551145,200,167.143228,0.0,0.6094703519919284,1317.2093537857054,7.920743520916858,6.586046768928527
-87.428738,200,167.286741,0.0,0.283373335177209,1735.4904403424857,10.386669121313922,8.677452201712429
-85.176047,200,167.426419,0.0,0.378883886148204,1700.136622784161,10.590484649850449,8.500683113920806
-144.860199,200,167.548018,0.0,0.8566726514716372,1489.992245158322,10.292331914480874,7.44996122579161
-91.363796,200,167.666538,0.0,0.5166333157028649,1315.7799779486502,7.894958013165966,6.578899889743251
-75.983649,200,167.792061,0.0,0.55764641715619,928.509632417988,5.764003358978644,4.64254816208994
-63.966644,200,167.956954,0.0,0.6203545394058139,1016.7403057766269,6.217951287393887,5.083701528883134
-132.361635,200,168.450284,0.0,0.9960857035811908,1278.61102876244,9.509419213112642,6.3930551438122
-96.304872,200,168.609809,0.0,0.5293260204541949,3250.1523974421557,18.050894035100345,16.25076198721078
-136.284491,200,168.758852,0.0,1.0535159659998763,2039.841189272825,12.248462072096565,10.199205946364124
-130.025097,200,168.920371,0.0,0.969142247476671,1081.2271625533904,7.9432617978037525,5.406135812766951
-94.922028,200,169.072634,0.0,0.5447017011131864,1425.1745000883966,7.946031794258637,7.125872500441983
-56.608177,200,169.211156,0.0,0.5229672805836187,728.0419840373401,4.487056237346785,3.6402099201867
-59.234492,200,169.332701,0.0,0.31428228265636715,402.0518008722486,2.8539206487426028,2.010259004361243
-129.553179,200,169.476752,0.0,0.3456653617093602,404.8471889682772,2.8544740529225687,2.024235944841386
-125.649667,200,169.598919,0.0,0.30700775798347957,454.5448326332813,3.2261108600393142,2.272724163166407
-74.952432,200,169.71344,0.0,0.360562418527263,409.97415519816326,2.8055656619763907,2.0498707759908164
-125.219885,200,170.156276,0.0,1.0555705536507118,1036.6094778847407,7.424624338996899,5.183047389423703
-107.778636,200,170.307761,0.0,0.4015874203360384,790.9836646703741,5.073964984172674,3.9549183233518703
-86.886402,200,170.447265,0.0,0.35215455497818243,401.7662734450039,2.8378452337364486,2.0088313672250195
-81.082403,200,170.590783,0.0,0.3678701944841938,736.852305310668,4.913766437997144,3.6842615265533403
-92.373116,200,170.704263,0.0,0.3840623790250477,438.14831774469155,3.0075072202068287,2.1907415887234576
-84.778177,200,170.819815,0.0,0.498768617840867,571.8714707322357,3.579764375419603,2.8593573536611787
-93.50423,200,170.95286,0.0,0.4540393822680114,1605.6327195309145,10.018259154811762,8.028163597654572
-83.201897,200,171.087389,0.0,0.4015223175107045,858.1626045994813,5.641585573405142,4.290813022997407
-93.573187,200,171.224551,0.0,0.35239797457429034,643.6666680735544,4.343599785469825,3.218333340367772
-135.097939,200,171.361409,0.0,0.7989503754492324,1107.6787549133667,8.526909829329439,5.538393774566833
-134.70239,200,171.503934,0.0,0.9854250996600583,1896.6849468260268,12.08180366383354,9.483424734130134
-137.453699,200,172.051207,0.0,0.804123336766371,1176.3484284883011,9.433483626412,5.881742142441506
-162.033517,200,172.198788,0.0,0.568517282938955,644.4866967030944,4.500064548316021,3.2224334835154718
-67.285238,200,172.33132,0.0,0.3960813129092882,391.54816734279586,2.678502700922649,1.9577408367139792
-83.039773,200,172.47918,0.0,0.47292941922761306,535.828940406679,3.685367564624565,2.679144702033395
-73.473184,200,172.597311,0.0,0.23176656065531726,229.9100535392389,1.8009969669253754,1.1495502676961946
-127.060455,200,172.713562,0.0,0.961832765209601,1586.969095698993,10.199233918354292,7.934845478494965
-60.591443,200,172.827698,0.0,0.5551687706586381,923.5428062350916,5.64531095470286,4.617714031175458
-160.826561,200,172.953741,0.0,0.5941099765092257,1374.015687013256,8.158881576348968,6.870078435066279
-129.26635,200,173.081272,0.0,1.0739980384080632,1226.1323232236607,8.265650275714865,6.130661616118304
-109.425757,200,173.208545,0.0,0.419498351217179,2028.2823526497066,11.61370588600059,10.141411763248533
-135.27654,200,173.677834,0.0,0.38722774941409766,2632.7120071278537,15.578477648381128,13.163560035639268
-99.669779,200,173.819215,0.0,0.28895302838213593,3104.5611244309002,17.748195100052094,15.5228056221545
-10.32483,33,173.838223,1.0,0.04697423609454593,256.4426283845603,1.7503679707524666,7.77098873892607
-119.276051,200,173.950298,0.0,0.7720614638131285,2855.0056998120494,15.782040483462389,14.275028499060248
-80.174709,200,174.085497,0.0,0.30643597724323124,392.4762260422549,2.7762666857577996,1.9623811302112744
-127.046097,200,174.274256,0.0,1.0116739598017852,1697.4485575050332,11.031601276464846,8.487242787525167
-54.957127,200,174.409472,0.0,0.3463769129230918,372.33462406238044,2.638040258489392,1.8616731203119021
-125.620775,200,174.526,0.0,1.0037337028771676,1200.2649610701803,8.19108746928103,6.001324805350902
-98.987424,200,174.652171,0.0,0.24507813157069244,523.7440751841854,3.5532028699288456,2.618720375920927
-67.194154,200,174.795104,0.0,0.47245785877769975,677.0431914535419,4.559496173385072,3.3852159572677096
-138.991455,200,174.953535,0.0,1.0788307335628882,1834.5054179364743,11.50907393055789,9.17252708968237
-166.22451,200,175.440625,0.0,0.6192018111931273,1289.224216118903,8.225814013511995,6.446121080594516
-92.0227,200,175.586653,0.0,0.23240711854185378,431.1828895840204,2.9962672129065204,2.155914447920102
-63.623304,200,175.70717,0.0,0.34110397890645844,482.79911807135176,3.3146061814966394,2.413995590356759
-115.332777,200,175.826694,0.0,0.14507192164821542,147.3834635962923,1.2603224360315026,0.7369173179814615
-134.544863,200,175.954727,0.0,0.7670184519953621,1788.9277358535214,11.783855074797893,8.944638679267607
-115.731019,200,176.071005,0.0,0.23294205860726955,258.4451020768375,1.6543754355470859,1.2922255103841875
-72.954303,200,176.178536,0.0,0.1972317517110312,270.1340167370508,1.8897135313829223,1.3506700836852539
-101.948045,200,176.298586,0.0,0.4372349373233735,562.0080499147253,3.7206297942878352,2.8100402495736265
-126.174641,200,176.435112,0.0,0.9929736348946371,1144.768237824274,9.059831431447792,5.723841189121369
-132.11525,200,176.571145,0.0,1.152388669799538,1052.5527770198407,7.8073054935325885,5.262763885099203
-133.025947,200,177.023037,0.0,0.8238061226516803,1342.7776638741723,9.631957458715702,6.713888319370861
-35.37495,112,177.112996,1.0,0.04872214597564819,140.4620936677519,1.0638356734220165,1.2541258363192134
-113.914918,200,177.25155,0.0,0.3227850594998906,2180.451521121043,12.63122447747099,10.902257605605215
-132.870811,200,177.378327,0.0,0.4783603075193387,1555.6337876928917,9.353587723369293,7.778168938464458
-98.332964,200,177.496844,0.0,0.49882854919955044,1027.9315115231077,6.754074142874145,5.139657557615538
-97.697791,200,177.629362,0.0,0.5238856529771124,2709.758998328306,15.691935437219586,13.54879499164153
-128.76871,200,177.756515,0.0,0.8711400500909616,1488.8846410912022,10.31901076110423,7.444423205456011
-160.477631,200,177.887029,0.0,0.611004439972248,1545.4326280861967,9.15794476275911,7.727163140430983
-131.867595,200,178.02455,0.0,0.3863320113021573,2666.051827231055,15.298726746507482,13.330259136155275
-54.961994,200,178.192632,0.0,0.5207585202006934,935.8764946185552,5.553178509128303,4.679382473092776
-74.243173,200,178.332156,0.0,0.40811990924046637,753.8339643746062,4.816456346495502,3.769169821873031
-66.776117,200,178.83853,0.0,0.4356117396914044,284.33889616701606,2.11876795730066,1.4216944808350802
-129.257563,200,179.000558,0.0,0.8873505849545329,2570.4184386173133,14.908385240087814,12.852092193086566
-69.261201,200,179.21661,0.0,0.18038532369767535,233.7230157124139,1.9976999027117117,1.1686150785620695
-146.14059,200,179.403616,0.0,1.2555247971003838,871.0491825057182,6.419160569707794,4.355245912528591
-136.336543,200,179.554118,0.0,1.2187177834124647,1156.6613003633424,7.811021050314238,5.783306501816712
-140.224684,200,179.678118,0.0,1.2915964790959424,1870.4547343693414,11.688922133972913,9.352273671846707
-74.973014,200,179.826989,0.0,0.37004366000579886,427.14251600348973,3.053058156249548,2.1357125800174486
-161.805461,200,179.964025,0.0,0.6044807569811388,1122.5777496723992,7.468830790408897,5.612888748361996
-111.364405,200,180.104546,0.0,0.38713917673383325,613.0565333204725,4.377826736378216,3.0652826666023625
-73.838298,200,180.237613,0.0,0.4966133969244285,781.7769699163415,5.037917021132372,3.9088848495817077
-134.252734,200,180.771498,0.0,0.33115320597744724,365.46838342639984,3.1048011478803583,1.8273419171319991
-121.5678,200,180.93603,0.0,0.4018040834998585,727.9838544330079,4.576221005238986,3.6399192721650393
-129.581248,200,181.076063,0.0,0.7976607308801767,1130.7207365529487,8.46206872612828,5.653603682764743
-62.397941,200,181.231601,0.0,0.37409425591950496,345.33303092542087,2.4256009019884543,1.7266651546271043
-56.036375,200,181.408486,0.0,0.21753726027520479,1956.9362857495623,11.534459330865484,9.784681428747811
-130.221902,200,181.533556,0.0,0.9555867593563943,1073.922960144234,7.5391162387524595,5.36961480072117
-102.161377,200,181.65515,0.0,0.2523325545349061,238.61665205583742,1.9860328139321826,1.1930832602791872
-172.010005,200,181.785062,0.0,0.673452081809994,2219.071305237776,13.038287908534278,11.09535652618888
-108.736936,200,181.913051,0.0,0.24004323677933267,324.4700817170196,2.397122085755054,1.622350408585098
-82.754019,200,182.032699,0.0,0.5372396946779061,609.5687071125908,4.0941258263138165,3.047843535562954
-133.984303,200,182.508379,0.0,1.1259401660659365,1684.8516183485658,10.94592049957257,8.424258091742828
-82.001527,200,182.662414,0.0,0.5595206558904018,1142.6741555940955,7.043821335107244,5.713370777970478
-109.411239,200,182.802935,0.0,0.41743522291264784,759.3013008056614,4.991075865687433,3.796506504028307
-96.828208,200,182.944463,0.0,0.3959671084188307,501.8552223247634,3.310418572132945,2.509276111623817
-87.500168,200,183.089298,0.0,0.35292969445300026,1691.6836678062095,9.960383880309067,8.458418339031049
-52.1283,200,183.226818,0.0,0.43703186878142153,317.28763826376274,2.2053486312545574,1.5864381913188137
-132.320977,200,183.36753,0.0,1.0749986928406672,2071.828226819741,12.091729299328277,10.359141134098705
-130.755521,200,183.48983,0.0,0.9734257549077363,1001.164810424631,7.963275144809561,5.005824052123155
-81.681853,200,183.633102,0.0,0.305745209097119,657.8659259528722,4.024959217938024,3.289329629764361
-144.274659,200,183.760133,0.0,1.3492950994941042,1206.2793023912543,8.251061188348155,6.031396511956271
-149.688421,200,183.938576,0.0,0.5632555529936053,883.4089690310443,6.060721558769826,4.417044845155221
-57.715322,200,184.546947,0.0,0.46251673831763895,1041.9606329061328,6.407721473109854,5.209803164530664
-102.558725,200,184.696626,0.0,0.5281470157534301,1487.1062258375628,8.64244506650655,7.4355311291878134
-72.779959,200,184.816107,0.0,0.6271402500859989,786.1031284438029,5.049150954529441,3.9305156422190146
-78.626798,200,184.938836,0.0,0.4608360739736039,1608.4481887968352,9.401165952349924,8.042240943984176
-70.942612,200,185.060871,0.0,0.2982750308339324,195.42157688834084,1.5379059357091764,0.9771078844417042
-58.600765,200,185.183267,0.0,0.6008271622383654,545.7963891425031,3.594921602898102,2.7289819457125155
-166.872616,200,185.306823,0.0,0.6675880388637393,1312.1783187315652,8.24395417814777,6.560891593657826
-64.313171,200,185.430267,0.0,0.4600173581761389,350.9965430562726,2.496825038573893,1.754982715281363
-69.73208,200,185.566667,0.0,0.49404166118552995,1662.5712503695033,9.571282283800116,8.312856251847517
-127.751194,200,185.721181,0.0,0.3071497402124735,324.6898643041167,2.803943877078845,1.6234493215205836
-59.202796,200,186.25961,0.0,0.38067617347180605,345.30877697525545,2.424477215440118,1.7265438848762773
-105.314055,200,186.412128,0.0,0.22621505937196074,233.71244208637566,2.0067085665141344,1.1685622104318782
-135.03431,200,186.556925,0.0,1.0306194651902365,2420.016004642146,15.09394170334879,12.10008002321073
-108.248477,200,186.696111,0.0,0.4065953567521995,781.8021839768367,4.873296059790799,3.9090109198841834
-13.80736,66,186.738758,1.0,0.048325535660558944,153.66871810824486,1.0411545669244366,2.3283139107309827
-58.816728,200,186.877421,0.0,0.28199663886399756,258.8072655579366,2.0637928696330023,1.294036327789683
-103.106973,200,187.008936,0.0,0.2245092323125519,2390.0407352661146,14.225511990801408,11.950203676330572
-124.640685,200,187.169795,0.0,0.20837250239202185,255.37008714674607,2.1934550187224815,1.2768504357337305
-108.276478,200,187.33192,0.0,0.18032974191776122,436.73791006336376,3.8637443275341075,2.183689550316819
-121.390373,200,187.483777,0.0,0.1600544674320373,268.05120779768225,2.419773027342744,1.3402560389884113
-130.199574,200,187.61493,0.0,1.112726291263544,1023.8100402516206,7.143773703416318,5.119050201258103
-72.210149,200,188.072502,0.0,0.22414582484765602,377.6169326643461,2.9252469900682754,1.8880846633217305
-52.607342,200,188.203132,0.0,0.39680983161934014,209.35985235272372,1.6045417234258081,1.0467992617636186
-68.212069,200,188.318651,0.0,0.5014572254874639,1654.4285087683388,9.755022637105867,8.272142543841694
-144.884529,200,188.430165,0.0,0.7280946978820708,1966.8294478959829,12.616105240161495,9.834147239479915
-75.417725,200,188.547632,0.0,0.2987745160247111,315.48378938094413,2.45268166260185,1.5774189469047206
-98.567185,200,188.685943,0.0,0.36802684438072353,392.161878582439,3.016014569394217,1.960809392912195
-143.659285,200,188.835214,0.0,1.2853447931173958,1453.4914976811378,9.756868088195136,7.2674574884056895
-112.877457,200,188.971823,0.0,0.532921391361623,1508.6452157565984,9.16100301004219,7.543226078782992
-149.403942,200,189.12098,0.0,1.3229943453007844,967.6785382756386,7.062221132884385,4.838392691378193
-93.098357,200,189.242514,0.0,0.3961833150522494,527.5688098681122,3.6060919117104384,2.6378440493405613
-149.021184,200,189.686033,0.0,1.2802742339570163,1530.8499763759144,10.087930839054085,7.654249881879572
-79.381381,200,189.824544,0.0,0.5893890777288733,1204.2088035109682,7.8503789556026025,6.021044017554841
-149.915078,200,189.935061,0.0,0.6938335931378689,2569.3927932101205,16.277965087886557,12.846963966050602
-148.021087,200,190.052092,0.0,0.5354564304329632,1815.1271887286161,11.07925635471253,9.07563594364308
-24.022957,89,190.1041,1.0,0.04726975127352606,140.07008514299696,1.0942233086807516,1.5738211813819882
-63.139559,200,190.244137,0.0,0.560655872940188,343.5553586385183,2.4721769521311665,1.7177767931925916
-57.48242,200,190.390162,0.0,0.5414293960518786,425.8398185289842,3.153097725166352,2.129199092644921
-130.921733,200,190.535685,0.0,0.8507077680525529,1302.9188726797224,9.400481561592738,6.514594363398612
-74.222976,200,190.676521,0.0,0.42399824817324727,393.2348796074141,2.7356560021700767,1.9661743980370705
-86.370585,200,190.788052,0.0,0.3589431264229786,442.60945267384875,3.2653161437634655,2.2130472633692437
-109.000184,200,190.900578,0.0,0.3527597531209544,410.0426226104821,3.1068515794589064,2.0502131130524104
-135.621854,200,191.354627,0.0,1.2461535311855827,1225.9497426873922,8.499823273582393,6.129748713436961
-14.318508,65,191.402629,1.0,0.04684278500428006,204.03872990379736,1.2488610008801242,3.139057383135344
-133.750567,200,191.524153,0.0,0.8740635583180032,1218.7448153742946,8.678058949613868,6.093724076871473
-109.65376,200,191.636294,0.0,0.44221298904858874,879.8824646266451,5.70890315127199,4.399412323133225
-57.570694,200,191.763152,0.0,0.2765210032360092,306.20393976814995,2.1620172748529547,1.5310196988407498
-68.269028,200,191.892666,0.0,0.5889540746031646,601.6743775917504,3.9279789212312877,3.0083718879587518
-136.193286,200,192.004181,0.0,0.9203261980036481,1465.2056560604547,9.86759840198211,7.326028280302273
-67.93821,200,192.137666,0.0,0.24421309823811327,389.29131513680284,3.1350246824610664,1.9464565756840142
-141.193916,200,192.26034,0.0,0.3977627586250959,329.44346121239187,2.612210827977809,1.6472173060619593
-139.970042,200,192.373808,0.0,0.6752415777230667,2102.9990556078637,13.466826161949585,10.514995278039319
-131.344138,200,192.484351,0.0,0.5073134236094408,718.9325345284252,5.155261086051265,3.594662672642126
-99.385067,200,192.931102,0.0,0.5478584826260279,918.6390852365743,5.750144889287962,4.593195426182871
-131.552166,200,193.064945,0.0,1.170705120963727,1572.8764668165252,9.826032918277988,7.8643823340826255
-59.855028,200,193.179471,0.0,0.3631363321502292,271.5035870109117,2.145778667284625,1.3575179350545585
-102.410157,200,193.312994,0.0,0.4107520613181771,726.1003102921521,4.74811511201678,3.630501551460761
-97.165335,200,193.455393,0.0,0.3824590039202003,194.7907149246996,1.5213972051050557,0.9739535746234981
-131.711317,200,193.571881,0.0,0.5325797521102322,1789.845047167492,11.292427753970873,8.94922523583746
-100.08528,200,193.692826,0.0,0.7206576647686781,1164.9563522698572,7.1596943443010055,5.8247817613492865
-127.274333,200,193.824345,0.0,0.9844529734100369,1386.445261124969,9.377419364950859,6.9322263056248445
-124.006017,200,193.940885,0.0,0.492054407377244,595.8992981676802,4.080661870353044,2.9794964908384007
-94.644983,200,194.049442,0.0,0.3105761591704643,1936.6677829874816,11.535157338783712,9.683338914937409
-12.430736,63,194.101956,1.0,0.04762738425231473,291.44181913006014,1.8545988719004995,4.626060621112066
-107.037548,200,194.591007,0.0,0.5491888303728838,1080.8898584559556,6.899092201417129,5.404449292279778
-131.984151,200,194.722526,0.0,0.7232383562784134,1544.700604568821,10.544200691967184,7.723503022844105
-101.212141,200,194.857378,0.0,0.4229895331076243,710.0325848936375,4.529500404653306,3.5501629244681876
-64.260719,200,194.995907,0.0,0.4605982173960543,931.5076433044937,5.8055296229434505,4.657538216522469
-125.764631,200,195.127441,0.0,0.8607127179515958,1249.8851615777041,8.455931080105863,6.249425807888521
-52.121757,200,195.252966,0.0,0.4053411530944912,197.27740163222538,1.5802641987562747,0.9863870081611269
-132.216332,200,195.376597,0.0,0.6381532227124451,2154.965257937139,13.70944295746155,10.774826289685695
-81.462835,200,195.496116,0.0,0.24705898367088486,2862.0854429643978,16.183643667955767,14.310427214821988
-129.831643,200,195.612633,0.0,0.5337794755369869,1140.9921590454996,7.259595316795481,5.704960795227498
-147.304842,200,195.732885,0.0,0.5328636029349704,1041.2047589249614,6.693839041563339,5.206023794624807
-15.298275,68,195.775755,1.0,0.04622561746127333,189.74756719833644,1.2881094837723175,2.790405399975536
-53.277273,200,196.256668,0.0,0.4318670050415953,319.99544787081584,2.271896932783771,1.5999772393540792
-132.590996,200,196.400623,0.0,0.38885952623876857,519.6032977838094,3.9822024552467146,2.598016488919047
-166.694941,200,196.533143,0.0,0.6519997986723243,886.1391830636653,6.395526066493403,4.430695915318327
-105.885958,200,196.706272,0.0,0.47753412151818997,818.1430286991143,5.318633238454697,4.090715143495571
-94.750977,200,196.878316,0.0,0.4516418733373786,1429.067562529235,8.453902365452906,7.145337812646175
-78.954057,200,197.005843,0.0,0.3173506596258216,369.6362957713905,2.5920297435119513,1.8481814788569526
-77.997904,200,197.118364,0.0,0.1891361030058287,377.78579505378246,2.992801785197128,1.8889289752689122
-91.000116,200,197.233541,0.0,0.14191716460575748,351.15138511382884,2.606189617655274,1.755756925569144
-77.666577,200,197.357343,0.0,0.18871985761397228,171.94667901021728,1.4754432059365759,0.8597333950510864
-69.530657,200,197.476516,0.0,0.24280807119156564,409.7944118128251,3.113041034925376,2.0489720590641256
-113.971826,200,197.991254,0.0,0.23388269317772123,292.7868927356723,2.5168171027320643,1.4639344636783616
-131.338807,200,198.138042,0.0,0.7142397132481765,1678.2388897680623,11.372937983708873,8.391194448840311
-145.609909,200,198.266758,0.0,0.43674389633672306,3131.627129374625,18.54528504579754,15.658135646873125
-132.04626,200,198.421511,0.0,0.9320218868054077,1770.6794528113276,11.48884890734924,8.853397264056637
-124.328208,200,198.54003,0.0,0.43524385541224636,500.28815080149406,3.3218304236847938,2.5014407540074703
-51.337172,200,198.663079,0.0,0.47835818246378164,147.88541259844052,1.2645649850519567,0.7394270629922026
-123.594812,200,198.796596,0.0,0.9438044314286265,2397.261705142422,14.750039846231441,11.986308525712111
-80.291841,200,198.923118,0.0,0.5776192842513084,817.634086142156,5.4694142516062625,4.08817043071078
-71.29197,200,199.034631,0.0,0.15629521112849734,209.22330934388862,1.6542325056188534,1.046116546719443
-158.841437,200,199.155156,0.0,0.5826779849674166,631.04658232795,4.752879859009803,3.1552329116397497
-77.697193,200,199.629147,0.0,0.36269705862200124,421.06448311524025,2.97668288133497,2.105322415576201
-116.162094,200,199.77618,0.0,0.8292604528675129,2887.2407474488614,16.525802116177434,14.436203737244307
-54.616236,200,199.910378,0.0,0.5728353542900998,467.1015910806527,3.137127463517107,2.335507955403264
-141.583657,200,200.02289,0.0,0.39776202451542514,3037.676450629219,17.24648017574958,15.188382253146095
-79.612477,200,200.136409,0.0,0.6107265026305182,846.7917675162803,5.308403894519811,4.233958837581401
-134.244824,200,200.250938,0.0,0.8304462417610755,2535.062051546699,15.140691535508864,12.675310257733495
-88.262258,200,200.372887,0.0,0.3138953439537367,409.1664089306667,3.2140079511660864,2.0458320446533333
-140.301299,200,200.488917,0.0,0.7340518117179745,1373.961332392706,9.828837600130655,6.86980666196353
-54.155127,200,200.600304,0.0,0.4144167517427435,419.17659546177606,2.8658597515483786,2.0958829773088805
-71.88918,200,200.71184,0.0,0.5969926393990261,575.4430971240254,3.952855741368351,2.877215485620127
-100.657986,200,201.150364,0.0,0.37111359184464154,752.3405573448198,4.890726820527201,3.761702786724099
-58.400437,200,201.288175,0.0,0.16542867192676508,2270.548962051539,12.884639390295188,11.352744810257695
-131.915888,200,201.408697,0.0,0.8247701925773266,1200.5808780910133,8.754378497205934,6.0029043904550665
-87.401959,200,201.530211,0.0,0.09912604532246522,2390.318085188855,13.574180401199337,11.951590425944275
-129.691713,200,201.64276,0.0,0.9996069031281501,979.6418510862655,7.309192854091927,4.898209255431328
-123.325121,200,201.762616,0.0,0.451872046248064,682.7892562353251,4.899118970813152,3.4139462811766252
-134.488203,200,201.874129,0.0,0.3806051357208535,2514.3014165852255,14.316626184623322,12.571507082926127
-126.359265,200,201.987651,0.0,0.47291363200724756,396.55004555105995,3.0397494311571163,1.9827502277552997
-107.217488,200,202.097201,0.0,0.2102030885062697,360.23005179949126,3.1554970363597787,1.8011502589974564
-129.562471,200,202.211301,0.0,0.876804635552256,1902.2664141448915,11.76682197179523,9.511332070724457
-69.088551,200,202.63673,0.0,0.1966366880258166,199.3462315887852,1.4072058448763156,0.996731157943926
-88.193288,200,202.794698,0.0,0.4435217867059057,1543.0733702400685,9.095413187906434,7.715366851200343
-138.242976,200,202.922467,0.0,1.087163795554186,1402.7579697508424,9.247439850948128,7.013789848754212
-70.115968,200,203.062121,0.0,0.4939554416224861,373.69136567234847,2.730064824534275,1.8684568283617424
-129.056561,200,203.173606,0.0,0.9772238396452224,862.9484683400107,5.9975753551216595,4.314742341700053
-135.982117,200,203.292129,0.0,1.100896519398864,1291.8974231872976,8.239210161985767,6.459487115936488
-54.303945,200,203.404395,0.0,0.34545726532246224,185.23898313244334,1.3128901198408507,0.9261949156622167
-80.946167,200,203.516925,0.0,0.5278815503350203,1579.7975646549912,9.530619371690923,7.898987823274956
-64.333388,200,203.626478,0.0,0.4888176082018936,603.9069763299826,4.168416922722613,3.0195348816499132
-131.436815,200,203.741001,0.0,0.375383564868186,2479.8878245917244,14.393207114382507,12.399439122958622
-24.798431,90,203.791517,1.0,0.04595466634485997,259.0245824699671,1.7665130857484317,2.8780509163329673
-109.014567,200,204.240866,0.0,0.5098597457206934,735.00786212786,4.621089958253487,3.6750393106393
-41.510419,144,204.343394,1.0,0.04931964495969731,1994.052236307046,11.002201777453637,13.847584974354486
-30.152111,106,204.424912,1.0,0.047510766979747716,136.08992787678054,1.0208438403172426,1.2838672441205712
-169.021082,200,204.572086,0.0,0.6465009063311282,1460.886546807193,8.99982563960919,7.304432734035966
-125.647229,200,204.686563,0.0,0.5289487764761589,1321.1215104650264,8.316637348839784,6.605607552325132
-79.176246,200,204.812117,0.0,0.1872675478590742,401.51504245064024,3.2312290623580022,2.0075752122532013
-104.653971,200,204.92461,0.0,0.10707112471276999,317.2183230646717,2.6158301741567627,1.5860916153233586
-65.622145,200,205.050667,0.0,0.5639523274640688,766.1329286289129,5.156198855648753,3.8306646431445643
-161.745977,200,205.169089,0.0,0.6215932563923909,896.1748375447103,6.082559056904314,4.480874187723551
-74.658087,200,205.287784,0.0,0.5202582197612737,1407.9156403221011,8.126035605463272,7.039578201610506
-139.705202,200,205.401299,0.0,0.9248689464916245,1417.8662533156478,9.518733093003425,7.089331266578239
-11.166048,36,205.4233,1.0,0.03869751680178598,243.67987490605617,1.450289174311376,6.768885414057116
-116.625128,200,205.872527,0.0,0.43619442657791024,832.1041963741641,5.393102948503827,4.16052098187082
-69.879964,200,206.018039,0.0,0.39687809063927154,544.8573851136263,3.700255975315521,2.7242869255681312
-139.062953,200,206.142829,0.0,0.6572661744598092,2035.2832253855197,12.099789205736895,10.176416126927599
-88.229297,200,206.258387,0.0,0.22286114085233452,197.9208692019639,1.5923693376665284,0.9896043460098195
-155.567762,200,206.375217,0.0,1.3566155306338346,1156.6582851128205,7.369579878108121,5.783291425564102
-43.809459,126,206.448221,1.0,0.04793334243603247,83.18487223934777,0.6458209436986316,0.6601973987249823
-138.357084,200,206.558681,0.0,0.5706406264039079,1556.2075767480906,9.682403929033345,7.781037883740453
-92.391488,200,206.670155,0.0,0.1988744812460351,290.50396996617087,2.3332293712061927,1.4525198498308542
-93.048317,200,206.784042,0.0,0.43399765990614236,701.0440708466214,4.668805958246741,3.505220354233107
-129.239013,200,206.892629,0.0,0.6466442774577728,2234.193578080029,13.332907854998389,11.170967890400146
-126.597752,200,207.002174,0.0,0.4039138684139072,503.9012386886639,4.157926989490906,2.5195061934433194
-65.87,200,207.485004,0.0,0.5676282952484503,628.4840124009575,4.227301598426865,3.142420062004787
-128.052449,200,207.624395,0.0,0.3597350700044684,434.676798242392,3.531537408724509,2.17338399121196
-58.688632,200,207.744911,0.0,0.3833340790918212,359.31953252851997,2.589152238615835,1.7965976626426
-66.711399,200,207.853432,0.0,0.5804623923864279,1114.659200366574,6.9344089200323324,5.57329600183287
-132.45241,200,207.977461,0.0,0.8406267426220467,847.3762181762833,6.630517811805423,4.2368810908814165
-142.349776,200,208.086786,0.0,0.6667741387101749,2728.0326784062845,16.042326184559585,13.640163392031422
-118.247757,200,208.197477,0.0,0.45289856835598635,1087.0508739496252,6.523186636966826,5.435254369748126
-131.176943,200,208.308002,0.0,0.3284666893791644,359.73136481630445,2.8088619641909034,1.7986568240815222
-146.561765,200,208.424546,0.0,0.7865251384823513,1467.227440654188,9.945748144867753,7.33613720327094
-140.99473,200,208.541084,0.0,1.0613897407557957,899.522639693765,6.7747940338542865,4.497613198468825
-140.424405,200,209.006012,0.0,0.6962964675412938,2226.8854812593377,13.686541581225635,11.134427406296687
-65.782054,200,209.158535,0.0,0.22574336305620638,317.9445295584176,2.4819811805230674,1.589722647792088
-85.518374,200,209.293257,0.0,0.2709674931927806,358.70758007338037,2.470350174973059,1.7935379003669019
-138.272657,200,209.401335,0.0,0.959639160940853,1052.549510368328,7.530258181589988,5.262747551841639
-160.203098,200,209.53185,0.0,0.6138953196310862,1634.0888273615474,9.30225898058356,8.170444136807737
-147.101078,200,209.650129,0.0,0.9038605946526513,1385.111228668811,9.900736040717378,6.925556143344055
-62.477064,200,209.76535,0.0,0.5186979541364611,1031.2773756942029,6.344050287759798,5.1563868784710145
-147.5436,200,209.878066,0.0,1.3086589822165329,1359.6514790890212,8.731443493599112,6.798257395445106
-62.260639,200,209.989592,0.0,0.6261719659007648,532.3111133521064,3.4523093014639485,2.661555566760532
-138.732949,200,210.102107,0.0,1.0253096405000355,1502.168844041025,10.064231811922479,7.510844220205126
-132.648044,200,210.55671,0.0,0.8246245891658287,973.2171019272433,7.182020341138149,4.866085509636217
-97.785393,200,210.710977,0.0,0.46412346949321337,496.50163893976827,3.6209498342030093,2.482508194698841
-69.346102,200,210.827071,0.0,0.4910009851503551,473.14358301067904,3.2678666418638054,2.3657179150533953
-122.486804,200,210.946589,0.0,0.4948152427739871,795.3019186530889,4.9434217728032275,3.976509593265445
-150.949031,200,211.068638,0.0,0.7940204169367516,1199.4888117777357,8.909362061975955,5.997444058888679
-58.3812,200,211.180162,0.0,0.5110225859340947,1029.336465892878,6.489037683676211,5.14668232946439
-138.666859,200,211.298619,0.0,1.2338988645727467,624.4127685707,4.856204800440091,3.1220638428535
-69.759143,200,211.409141,0.0,0.43170805275016494,553.8875574626242,3.7053309988098615,2.769437787313121
-76.682902,200,211.521676,0.0,0.5438845101022781,1138.354291177611,6.786090653307904,5.691771455888055
-135.663916,200,211.63316,0.0,0.8973673536074005,1055.6561693836036,7.376468603764514,5.278280846918018
-135.688118,200,212.101434,0.0,0.9630687775434782,1020.2762593135586,7.289056704296377,5.101381296567793
-101.893341,200,212.254366,0.0,0.4508720765329496,453.69804920050836,3.167552511413407,2.268490246002542
-133.115569,200,212.37839,0.0,0.4664312928555906,915.8443439621323,5.561025879169332,4.579221719810661
-61.247629,200,212.52492,0.0,0.31024538455266565,240.01331009460176,1.756557335558913,1.2000665504730088
-128.935213,200,212.663445,0.0,0.9151884524342238,815.2133142794431,6.296599282615765,4.076066571397216
-147.209465,200,212.784474,0.0,0.5328473525128458,1064.0565034225358,6.6572050658294675,5.320282517112679
-92.345304,200,212.903995,0.0,0.3242544374733239,263.7184321044661,2.1178228675510127,1.3185921605223305
-142.533287,200,213.029535,0.0,0.9005113218839554,1738.2926612434092,11.801315742587219,8.691463306217045
-69.927068,200,213.154064,0.0,0.17701484040710946,2886.822740569993,16.119261837388876,14.434113702849965
-150.225266,200,213.27996,0.0,0.8805845883471254,1560.4270012658033,10.883257851507445,7.802135006329016
-85.584947,200,213.423315,0.0,0.15889942822919984,267.1076964806535,2.566254182351095,1.3355384824032674
-74.296755,200,213.945497,0.0,0.4207441916615154,1518.4976903570628,9.629006036269624,7.5924884517853135
-64.526237,200,214.082531,0.0,0.32138676619714257,2295.987673314909,13.344727101341356,11.479938366574546
-127.680362,200,214.215449,0.0,0.3649586964540915,370.0190525633745,2.7953958583331375,1.8500952628168725
-131.188062,200,214.354228,0.0,0.3752934091799414,328.17703562128014,2.8553837671856117,1.6408851781064007
-115.156506,200,214.476563,0.0,0.23540407742490038,345.5022807842498,3.186763588392336,1.7275114039212491
-149.517718,200,214.634798,0.0,0.8977232342652537,1180.6440334724734,8.683920972865572,5.903220167362367
-110.221619,200,214.757331,0.0,0.4805540095435325,618.2536378453437,4.196473994353462,3.0912681892267186
-139.588085,200,214.881442,0.0,1.1696526981133761,606.5987627673127,4.667098688008426,3.0329938138365633
-57.793831,200,215.015964,0.0,0.4725527846924031,154.13904930753878,1.1695455114370918,0.770695246537694
-50.655678,200,215.138477,0.0,0.44749755557296134,1682.6933584889086,9.866621512186185,8.413466792444543
-146.293705,200,215.663286,0.0,0.5955527651937694,801.0771654425029,5.213349376204401,4.005385827212514
-120.005079,200,215.804317,0.0,0.4882812677119608,514.1974127153302,3.8735162516383856,2.5709870635766507
-74.678483,200,215.917854,0.0,0.3103188725029122,250.27849323303712,2.0476831885746565,1.2513924661651856
-128.567628,200,216.035373,0.0,0.39236395945548735,463.6862433632383,3.8245621564508148,2.3184312168161916
-69.966032,200,216.160936,0.0,0.32993252366364395,265.15333990640283,2.3848502386676707,1.325766699532014
-59.788573,200,216.271685,0.0,0.6286179755345064,309.8845339872008,2.6310514628589723,1.549422669936004
-109.115356,200,216.390236,0.0,0.499617713411328,1426.1072070296902,8.587221521285588,7.1305360351484515
-75.82142,200,216.525798,0.0,0.44226778651481513,383.86075019189957,2.652811223245728,1.919303750959498
-74.263225,200,216.667245,0.0,0.41007191657881076,276.01654592304726,2.094654508309436,1.3800827296152363
-92.932469,200,216.792396,0.0,0.15535868076364695,172.283883226449,1.6488000137211927,0.861419416132245
-156.10572,200,217.286911,0.0,1.3174543749116892,1420.6446495718442,9.214047085355718,7.103223247859221
-131.529495,200,217.440761,0.0,0.35304037066251326,372.5668219483623,2.8477725008821806,1.8628341097418115
-135.131085,200,217.559284,0.0,0.666901068286008,2145.1181500774887,12.967118708808625,10.725590750387443
-120.701394,200,217.670349,0.0,0.5041436901018722,385.35204715040663,2.9246554610147184,1.9267602357520333
-151.817993,200,217.787837,0.0,0.559340580250519,509.9493366810399,3.9060085234455393,2.5497466834051994
-141.877776,200,217.907355,0.0,1.2926791393855952,680.2321825601217,4.912313572899878,3.4011609128006084
-92.069499,200,218.03488,0.0,0.6674460761704879,682.7290832299412,4.629345374248462,3.413645416149706
-143.670411,200,218.173105,0.0,0.5486146239902506,407.7716544789673,3.180950597034221,2.0388582723948367
-60.744381,200,218.320418,0.0,0.2693206931849289,181.24648218005765,1.5550612881446728,0.9062324109002883
-130.180002,200,218.444942,0.0,0.5678219019016473,611.4293935031125,3.7143686137606187,3.0571469675155623
-127.266966,200,218.872517,0.0,0.32963961370496414,170.88742100824877,1.6043329328356788,0.8544371050412438
-140.625416,200,219.015752,0.0,1.1575285326509124,1231.3342921241317,8.045317947838097,6.156671460620658
-110.453159,200,219.136552,0.0,0.7369198837428659,416.81556146124774,3.0239621928176725,2.0840778073062385
-106.49594,200,219.25808,0.0,0.5116415413326747,1735.3811281874584,10.092196745665538,8.676905640937292
-96.534229,200,219.375572,0.0,0.21559064937428718,283.2439830655855,2.4058879340261754,1.4162199153279276
-57.038083,200,219.504086,0.0,0.33035596394901057,165.42173522594462,1.5138064521312642,0.827108676129723
-111.72489,200,219.627456,0.0,0.5778409054549566,861.5593425754644,5.301330431224817,4.307796712877322
-121.584018,200,219.759988,0.0,0.6058142057718319,1033.9485308850549,6.51337689798297,5.169742654425274
-147.265931,200,219.883691,0.0,0.5922404145194018,543.579389134764,3.9898053567717224,2.7178969456738202
-51.845481,200,219.995239,0.0,0.2832477015586178,1678.4280048430612,9.962377108724684,8.392140024215307
-146.361086,200,220.106633,0.0,1.2951582753718498,755.1795515245466,5.112769494578344,3.775897757622733
-115.029094,200,220.576294,0.0,0.4297132164112858,407.41419914999096,3.0251018338367683,2.037070995749955
-118.437601,200,220.701457,0.0,0.5132480512150931,1268.3420859950359,7.436241826915145,6.341710429975179
-66.243747,200,220.810946,0.0,0.6054637395916339,316.45888684506855,2.367370237735923,1.5822944342253427
-62.799804,200,220.93387,0.0,0.43663383136830297,70.96933354173177,0.6366707683887726,0.35484666770865886
-131.816115,200,221.068391,0.0,0.40018008117218334,265.3035645790545,2.5153241750304627,1.3265178228952725
-82.070737,200,221.211812,0.0,0.32674327065041203,255.76343033858538,2.1298970328977873,1.278817151692927
-87.370995,200,221.338348,0.0,0.16029982676988785,285.18051311120007,2.3672991770013274,1.4259025655560003
-89.810754,200,221.459492,0.0,0.5696602514753529,526.2263150575645,3.3587053495649655,2.6311315752878226
-109.312348,200,221.567994,0.0,0.4950531548170137,1554.1544452076012,9.900544548897221,7.770772226038006
-123.086549,200,221.679958,0.0,0.40965628101743196,289.8868235884526,2.6915179598932872,1.4494341179422632
-58.162205,200,222.120402,0.0,0.2874403386859172,182.9586275460952,1.562988085702232,0.9147931377304759
-127.717499,200,222.258477,0.0,1.0586883950092572,875.969960217706,5.954320589643018,4.37984980108853
-128.607151,200,222.37951,0.0,0.45980567211183676,334.47884327198614,2.7444682658993225,1.6723942163599306
-101.764288,200,222.52703,0.0,0.5514567071325028,858.4164633056273,5.199176053969534,4.292082316528137
-125.428596,200,222.673079,0.0,0.9739755153810655,1046.641100017351,7.095176504033982,5.233205500086755
-31.773128,102,222.749077,1.0,0.049783772448313515,113.29821736749398,0.9202887103841285,1.1107668369362154
-107.775058,200,222.879071,0.0,0.5750150244684422,646.8973198627519,4.056238033692446,3.23448659931376
-128.510103,200,222.997592,0.0,0.7954101678633981,1055.46886326504,7.408481846719469,5.2773443163252
-132.108305,200,223.114483,0.0,1.0262603257869505,2712.5041430187607,15.718017688919184,13.562520715093804
-97.87015,200,223.226559,0.0,0.34131267637833235,370.22614267441264,3.003573144359169,1.8511307133720631
-29.788162,99,223.283181,1.0,0.04621741821581236,153.1110452450179,1.2969892987849012,1.5465762145961404
-76.939342,200,223.755373,0.0,0.24992189662295214,199.69832610078026,1.563533672836282,0.9984916305039013
-56.933972,200,223.902405,0.0,0.5585424264039069,164.26940049914236,1.2922367183569432,0.8213470024957118
-82.782837,200,224.032922,0.0,0.11242517275764602,212.17387148228983,1.864363975037445,1.0608693574114492
-146.314433,200,224.176554,0.0,0.7121866381488368,1477.241105728509,9.90867744139414,7.386205528642545
-117.66964,200,224.32008,0.0,0.47775228550356025,545.0037655750327,3.8280702518311562,2.7250188278751635
-23.49096,83,224.378983,1.0,0.045074842415274194,155.72065482113436,1.3678060267896823,1.8761524677245103
-132.895678,200,224.503386,0.0,0.7912769918425788,727.4827335543362,5.73227231138505,3.6374136677716806
-60.195606,200,224.654904,0.0,0.47052106199024746,172.38571562108447,1.3392418317548835,0.8619285781054223
-146.354632,200,224.817945,0.0,0.5918027515679127,1833.5636132317775,10.545773176484294,9.167818066158887
-120.675006,200,224.949282,0.0,0.3870634810794432,267.77799265155636,2.006175879346125,1.3388899632577818
-52.120403,200,225.069805,0.0,0.5169691288562847,255.5318380530858,2.0464798790199277,1.277659190265429
-118.124583,200,225.554835,0.0,0.4280913941373599,1921.589732558697,10.943076166631013,9.607948662793484
-102.172555,200,225.705871,0.0,0.8000737521901315,638.9721833633077,4.271015425742034,3.194860916816539
-129.175031,200,225.868423,0.0,1.094820290893792,796.8688054295798,5.42947559052168,3.9843440271478987
-100.640661,200,226.014263,0.0,0.4303467035057461,413.11484690271834,2.8655374095038404,2.065574234513592
-99.452964,200,226.139791,0.0,0.420779559322689,381.10126376073913,2.680509374877595,1.9055063188036956
-146.375244,200,226.26326,0.0,1.325069598739377,1335.328808331002,8.650304991946845,6.67664404165501
-80.674967,200,226.392294,0.0,0.30295857531431064,242.87750688335294,2.025406281663916,1.2143875344167647
-153.374794,200,226.519812,0.0,0.6352635981651599,789.9679917519176,5.283424041273926,3.949839958759588
-72.034665,200,226.651067,0.0,0.24878967133684673,251.45133082699257,2.1355683365559894,1.2572566541349628
-133.27431,200,226.783107,0.0,0.6259725545379452,1065.6129348033603,6.421066078083468,5.328064674016802
-66.407304,200,227.293907,0.0,0.3481158103755302,359.7231541162414,2.4877737229834835,1.798615770581207
-131.214716,200,227.470428,0.0,1.1243947289711584,1122.6541295325185,7.4198082936050636,5.613270647662592
-144.735842,200,227.597468,0.0,0.49616040289050073,625.447297529743,4.143425411115733,3.1272364876487146
-73.037864,200,227.736566,0.0,0.3637273831605594,2614.087209654458,14.935878458666881,13.07043604827229
-72.712753,200,227.871599,0.0,0.6415955542776561,200.82103655859714,1.5122808583140557,1.0041051827929857
-72.788037,200,227.993139,0.0,0.40130956519126587,2091.392068280463,12.467223022338606,10.456960341402315
-132.137114,200,228.129011,0.0,0.6644753911022506,1365.7693300031035,9.207072656390523,6.828846650015517
-96.798276,200,228.256825,0.0,0.3187454378540801,1961.0360413280519,11.44973579187973,9.805180206640259
-28.479465,95,228.320072,1.0,0.04564642462105464,110.81095696486868,0.9317743625808235,1.166431125945986
-58.656962,200,228.447591,0.0,0.5947748356508171,128.4498339463074,1.2217392014989656,0.642249169731537
-144.754312,200,228.588634,0.0,1.314369361914768,802.7351881832807,5.552542233112315,4.013675940916404
-88.650544,200,229.124037,0.0,0.36455542971174504,2742.0847913703647,15.567864800137151,13.710423956851823
-60.474093,200,229.283319,0.0,0.3680756024628766,2024.090431274729,11.966192963861287,10.120452156373645
-127.995116,200,229.410839,0.0,0.30276696132193953,283.3048379930733,2.266338080171184,1.4165241899653664
-136.716545,200,229.540362,0.0,0.657507196576475,782.286108017129,5.026732523692224,3.911430540085645
-55.593863,200,229.667721,0.0,0.3801833849091283,281.5614555524621,2.4092215472083316,1.4078072777623105
-123.836139,200,229.80177,0.0,0.5556820584005625,739.4732244930589,4.759002598644385,3.6973661224652945
-95.562277,200,229.957291,0.0,0.4032901808229721,240.61870804775404,2.1496381106602347,1.2030935402387701
-135.484988,200,230.105957,0.0,0.6999657686807877,1441.9834636687365,9.165456025089837,7.209917318343682
-115.801191,200,230.259475,0.0,0.6051378269732531,2726.768943224196,15.552303377821667,13.63384471612098
-132.851304,200,230.423678,0.0,1.0804999632836887,960.0010104598821,6.383092651276563,4.800005052299411
-132.754089,200,230.919829,0.0,0.6107949555985982,1867.5660240238435,11.193213427459325,9.337830120119218
-137.861406,200,231.075865,0.0,1.180366957999896,1411.566842065613,8.753820141092453,7.057834210328065
-125.386175,200,231.204382,0.0,0.8482437245904039,760.7613318669812,5.2194443858873125,3.803806659334906
-99.424663,200,231.341149,0.0,0.4147077097210175,324.97773237055156,2.772228517801019,1.6248886618527578
-132.092883,200,231.482617,0.0,0.5062880361746899,419.3598915294524,2.7364808269925938,2.096799457647262
-73.817541,200,231.610242,0.0,0.4555043765673605,292.13477867753494,2.13263754913015,1.4606738933876746
-119.491147,200,231.751766,0.0,0.5617181345005018,643.777107115211,4.224839390401426,3.2188855355760553
-131.321102,200,231.908804,0.0,0.4490447072347422,499.42586840261345,3.6717930052832513,2.4971293420130674
-104.405897,200,232.053324,0.0,0.4681404495983487,443.2747027527427,3.1183349917830667,2.2163735137637137
-18.619625,75,232.115827,1.0,0.049783732174559635,106.56635093697938,0.8477983642290863,1.420884679159725
-26.213029,91,232.189355,1.0,0.04597697635633929,205.63206203914,1.6185904995025375,2.259692989441099
-128.014338,200,232.318876,0.0,0.8266110566114458,1014.6939458115702,6.715778757640632,5.073469729057851
-69.425163,200,232.832439,0.0,0.24768188053877074,255.50635847846306,2.2742017224976894,1.2775317923923153
-129.075548,200,232.973519,0.0,1.0503292091810887,681.7966233899889,4.368938114695178,3.4089831169499445
-128.114976,200,233.10355,0.0,0.8094232722803292,869.1656840175002,5.438321270644273,4.345828420087501
-77.319253,200,233.255069,0.0,0.28417657418440034,244.3408455448499,2.304015233574723,1.2217042277242496
-134.068824,200,233.399129,0.0,1.123823104528253,846.0195210367589,5.421190408630024,4.230097605183794
-102.310035,200,233.534645,0.0,0.4734386211141568,636.8765453875318,4.239199489337228,3.184382726937659
-71.983059,200,233.6914,0.0,0.42123598621938885,472.18244092379905,3.2057809115446543,2.3609122046189954
-143.943537,200,233.817928,0.0,0.5824074263629305,596.133214963548,3.8763292724291536,2.98066607481774
-102.401455,200,233.946132,0.0,0.43600265913825353,327.82731259985957,2.5310034034408733,1.6391365629992978
-14.468944,69,233.994669,1.0,0.04958697743386465,343.4894944756738,2.2754948571883102,4.978108615589475
-71.384826,200,234.446696,0.0,0.5063652885265645,1330.6251117853196,8.509468391216192,6.6531255589265985
-126.618424,200,234.589731,0.0,0.9168939258943293,726.7848772509,4.994201547610336,3.6339243862545
-138.989129,200,234.717517,0.0,1.1807867477158516,598.9847356474744,4.15252239161482,2.994923678237372
-50.572241,200,234.860039,0.0,0.3789197268013357,2051.3337772682085,12.06268946821776,10.256668886341043
-69.535171,200,235.007114,0.0,0.3558634423251071,337.4459796862491,2.81973305805706,1.6872298984312453
-134.697099,200,235.145229,0.0,0.5234462321538879,684.1993008277674,4.800147544893247,3.420996504138837
-30.454879,104,235.217752,1.0,0.048941623684962535,185.14130576377187,1.6503954009046335,1.780204863113191
-160.926524,200,235.328929,0.0,0.5947168268328596,765.5943812379686,5.321903273890394,3.827971906189843
-102.130653,200,235.453452,0.0,0.43406196735118197,440.5689558086555,3.756579072834906,2.2028447790432777
-54.761079,200,235.561979,0.0,0.49291397871409814,316.84531707361657,2.533835099463973,1.5842265853680828
-105.88514,200,235.670505,0.0,0.28843632783813766,2807.068018078313,16.40986687114809,14.035340090391564
-127.186402,200,236.106056,0.0,1.1859370743847741,1907.3447306084656,11.68305462819696,9.536723653042328
-120.604523,200,236.261067,0.0,0.5262802643913499,1520.8322826223712,8.622677661281763,7.604161413111856
-73.089801,200,236.405111,0.0,0.6256404764489875,1098.3240733721311,6.521990901699368,5.491620366860656
-139.975917,200,236.546654,0.0,0.41414536073597874,312.88827903139907,2.2283361729980737,1.5644413951569953
-130.623326,200,236.705661,0.0,0.5598094166989012,588.7619353432765,4.057271151950756,2.9438096767163824
-99.940201,200,236.833805,0.0,0.6052345407984369,779.9939273012867,5.060563617535574,3.8999696365064334
-66.985867,200,236.947329,0.0,0.4678485822685277,431.792971712903,2.8666530016619425,2.158964858564515
-76.079194,200,237.05485,0.0,0.33888017835177286,2712.528626187679,15.252299618890108,13.562643130938396
-130.526296,200,237.166341,0.0,0.46368602855155483,704.4397343897997,4.838260449223959,3.5221986719489986
-132.365962,200,237.287282,0.0,0.8862334524722457,1088.8764295158217,7.110533231172606,5.444382147579108
-70.649166,200,237.770863,0.0,0.29567557767463004,315.6927996733316,3.0281490828879885,1.578463998366658
-145.388013,200,237.930895,0.0,1.2654484177055225,564.6030245117048,3.9794977935892977,2.823015122558524
-89.073704,200,238.084288,0.0,0.38008249323197824,371.3538129210928,3.4488250230848103,1.856769064605464
-12.244536,53,238.122288,1.0,0.047015080606745585,751.7487904412787,4.472029073403836,14.183939442288278
-68.884642,200,238.271915,0.0,0.5594344641377074,797.4745755738546,4.6814977227971255,3.987372877869273
-149.080164,200,238.390946,0.0,1.3319672487205116,488.3090478828722,3.456889411045804,2.4415452394143613
-127.863457,200,238.515462,0.0,0.448894015961336,591.7837756482301,4.0556446629303124,2.95891887824115
-100.867357,200,238.645992,0.0,0.5065720485826894,771.922332103122,5.118262458761137,3.85961166051561
-131.94635,200,238.762514,0.0,0.34503176279125597,461.2498152704912,4.309756815739752,2.306249076352456
-76.368581,200,238.879508,0.0,0.5695635518541361,802.7538985343738,4.873715882700879,4.0137694926718686
-123.387934,200,238.99602,0.0,0.875006804322969,1380.914428247599,9.120950881137967,6.9045721412379955
-87.184839,200,239.432638,0.0,0.4842705334531932,465.1944347041219,3.3289670945240766,2.3259721735206096
-119.915139,200,239.581676,0.0,0.542169434657469,1202.3611349138118,7.509396990401166,6.011805674569059
-64.549391,200,239.712258,0.0,0.5724780265657367,765.3021653548115,4.732385920731709,3.826510826774057
-125.584259,200,239.857518,0.0,0.28257075603565807,422.6857240021832,4.11873001408895,2.113428620010916
-56.230124,200,239.986118,0.0,0.45323705382562635,361.9324739233526,2.883645928890831,1.8096623696167629
-135.98954,200,240.109645,0.0,0.5111802630662482,788.0591289922697,5.40964925264344,3.9402956449613487
-53.996998,200,240.252162,0.0,0.28395968898957596,2175.8461684442163,12.578630774772094,10.879230842221082
-94.093236,200,240.373665,0.0,0.25425526588340297,2754.5591152955953,15.365303482426874,13.772795576477977
-68.169432,200,240.49669,0.0,0.3749162455441126,367.273683065986,3.08324958826885,1.83636841532993
-123.210759,200,240.61321,0.0,0.5428304338819653,1233.4003040345144,7.485256483764866,6.1670015201725725
-55.110598,200,240.733726,0.0,0.41824632594291167,327.1396880673956,2.751321005135287,1.6356984403369779
-135.581114,200,241.274722,0.0,1.0109486149243192,706.9352197777595,5.097954153204864,3.5346760988887973
-64.540951,200,241.427756,0.0,0.6295793848409803,330.3566133525641,2.5719273594357026,1.6517830667628206
-77.833318,200,241.544276,0.0,0.39598605129501774,2394.4973942700376,13.97791872619656,11.972486971350188
-55.584134,200,241.67782,0.0,0.539750989021639,321.90705220682287,2.3810430454038776,1.6095352610341143
-15.533331,66,241.721356,1.0,0.04870382125391755,116.45237393838902,1.0880622231102495,1.7644299081574093
-129.339493,200,241.833882,0.0,0.36413832547086256,531.5823118059526,3.5516680145245743,2.657911559029763
-88.278229,200,241.9765,0.0,0.18631048458911428,2627.405177381898,14.604404146427727,13.13702588690949
-130.33656,200,242.102662,0.0,0.41236506534228723,385.97052409299965,2.767462428326556,1.9298526204649982
-68.148309,200,242.225441,0.0,0.4377530427601213,354.2628074300356,2.559848528826328,1.7713140371501779
-107.688096,200,242.342005,0.0,0.5229041219510815,1614.0103393946092,9.487526668339262,8.070051696973046
-121.344687,200,242.479542,0.0,0.542586975733397,975.3941372520446,6.193221937698025,4.876970686260223
-151.894181,200,242.988981,0.0,0.6435665850208373,814.0595679232401,5.377236868100561,4.070297839616201
-93.256977,200,243.116499,0.0,0.4700634985473981,568.7015555025928,4.048955145133358,2.843507777512964
-11.113199,36,243.139499,1.0,0.040414663532769186,408.55669357294687,2.4986258710726417,11.348797043692969
-136.936777,200,243.265015,0.0,1.060386547536731,1847.9335158464876,11.479064125024484,9.239667579232439
-62.656032,200,243.39328,0.0,0.530415044234665,445.57024658382113,3.1765477067789694,2.2278512329191056
-131.636076,200,243.514305,0.0,1.0374679477717847,349.8374327894533,2.704386840853577,1.7491871639472665
-84.574182,200,243.626858,0.0,0.5809920565436444,430.9815739474099,2.7760995333889698,2.1549078697370496
-128.99355,200,243.746372,0.0,0.7867383882926913,403.41194849336586,3.17799518947673,2.017059742466829
-92.181638,200,243.864468,0.0,0.5716307087824284,1080.5552982704728,6.405709196264125,5.402776491352364
-99.292398,200,243.994445,0.0,0.4685269693977347,1551.29693792783,9.538985416412986,7.75648468963915
-131.876222,200,244.134965,0.0,1.0709448577765288,952.9297429825984,5.946980711187593,4.764648714912992
-161.156929,200,244.65367,0.0,0.559825190458709,2401.3264980384506,14.005519065047775,12.006632490192253
-152.426111,200,244.785722,0.0,1.3342102704810948,1282.507228776033,7.659704392222502,6.412536143880164
-71.272475,200,244.903411,0.0,0.3511649212643121,494.9940847817418,3.537871219630316,2.474970423908709
-118.402915,200,245.02763,0.0,0.4182282572397982,537.2497579194713,4.1867817074530995,2.686248789597357
-135.29022,200,245.14809,0.0,0.5735844977054002,2878.3074578591045,16.824267126084933,14.391537289295522
-142.203272,200,245.299124,0.0,0.6258263897771476,732.9627048897702,5.333522751493586,3.664813524448851
-103.094423,200,245.419642,0.0,0.5062577708407043,531.0298644699936,3.678983453700402,2.6551493223499683
-124.252772,200,245.5445,0.0,1.0993393365091817,2762.9284581870847,15.660718154708519,13.814642290935424
-99.365359,200,245.689542,0.0,0.5888805709739848,1017.3154858296291,6.0873998186834095,5.086577429148146
-102.831184,200,245.829054,0.0,0.6766657468853192,1411.3999299468683,8.67162400873756,7.056999649734341
