mode,seed,episode_idx,success,final_distance,length,return,tau_effort,tau_sum_total,energy,target_radius,torque_sat1_count,torque_sat2_count,torque_sat_any_count,torque_sat1_rate,torque_sat2_rate,torque_sat_any_rate,step,theta1,theta2,target_x,target_y,action0,action1,distance,tau1,tau2,tau_sum,omega1,omega2,power,cumulative_energy,tip_x,tip_y,sat1,sat2,sat_any,reward,done
pirl,3,5,0,0.4109343514890105,200,-142.97398907435777,0.3745119197952079,74.90238395904159,0.4154299737124906,0.13120526446979486,1,0,1,0.005,0.0,0.005,0,0.0,0.0,0.12390097230672836,-0.04316677525639534,0.0,0.0,0.8771618304572606,0.0,0.0,0.0,0.0,0.0,0.0,0.0,1.0,0.0,False,False,False,0.0,False
pirl,3,5,0,0.4109343514890105,200,-142.97398907435777,0.3745119197952079,74.90238395904159,0.4154299737124906,0.13120526446979486,1,0,1,0.005,0.0,0.005,1,0.0,0.0,0.12390097230672836,-0.04316677525639534,-0.10000000149011612,-0.10000000149011612,0.8765676834438578,20.0,3.1105159320256677,23.110515932025667,-1.6857737576570138,-2.400000035762787,41.18071350124259,0.17158630625517746,0.9999152421951294,-0.012023617513477802,True,False,True,-0.903920840258614,False
pirl,3,5,0,0.4109343514890105,200,-142.97398907435777,0.3745119197952079,74.90238395904159,0.4154299737124906,0.13120526446979486,1,0,1,0.005,0.0,0.005,2,-0.00702405720949173,-0.009999999776482582,0.12390097230672836,-0.04316677525639534,-0.10000000149011612,-0.10000000149011612,0.8758328178255721,7.70733011086543,0.5461881733495724,8.253518284215003,-2.400000035762787,-2.399748214650084,19.808306635571267,0.2541209172367244,0.9995849132537842,-0.027018895372748375,False,False,False,-0.8883289769925177,False
pirl,3,5,0,0.4109343514890105,200,-142.97398907435777,0.3745119197952079,74.90238395904159,0.4154299737124906,0.13120526446979486,1,0,1,0.005,0.0,0.005,3,-0.017024056985974312,-0.019998950883746147,0.12390097230672836,-0.04316677525639534,-0.10000000149011612,-0.10000000149011612,0.8751045224478439,0.012964453801222048,0.003658842271611695,0.01662329607283374,-2.4000000357627864,-2.39991467952911,0.039895598864300455,0.254287148898659,0.9990047216415405,-0.04200625792145729,False,False,False,-0.8793637866266473,False
pirl,3,5,0,0.4109343514890105,200,-142.97398907435777,0.3745119197952079,74.90238395904159,0.4154299737124906,0.13120526446979486,1,0,1,0.005,0.0,0.005,4,-0.027024056762456894,-0.029998594895005226,0.12390097230672836,-0.04316677525639534,-0.10000000149011612,-0.10000000149011612,0.8743831260428696,0.012838578235293366,0.003532966705674115,0.01637154494096748,-2.400000035762787,-2.3999155082770383,0.03929140981102116,0.2544508631062049,0.9981749653816223,-0.05698089301586151,False,False,False,-0.8786421384705411,False
pirl,3,5,0,0.4109343514890105,200,-142.97398907435777,0.3745119197952079,74.90238395904159,0.4154299737124906,0.13120526446979486,1,0,1,0.005,0.0,0.005,5,-0.037024058401584625,-0.03999824449419975,0.12390097230672836,-0.04316677525639534,-0.10000000149011612,-0.10000000149011612,0.8736687317838981,0.012837951561884416,0.0035323400322740633,0.016370291594158478,-2.4000000357627864,-2.399915512402972,0.03928840184618006,0.254614564780564,0.9970958232879639,-0.07193826884031296,False,False,False,-0.8779277429582228,False
pirl,3,5,0,0.4109343514890105,200,-142.97398907435777,0.3745119197952079,74.90238395904159,0.4154299737124906,0.13120526446979486,1,0,1,0.005,0.0,0.005,6,-0.04702405631542206,-0.04999789223074913,0.12390097230672836,-0.04316677525639534,-0.10000000149011612,-0.10000000149011612,0.8729615883692081,0.012837948441991012,0.0035323369123717585,0.01637028535436277,-2.400000035762787,-2.3999155124235125,0.0392883868710064,0.25477826639252654,0.9957677125930786,-0.08687393367290497,False,False,False,-0.877220599537293,False
pirl,3,5,0,0.4109343514890105,200,-142.97398907435777,0.3745119197952079,74.90238395904159,0.4154299737124906,0.13120526446979486,1,0,1,0.005,0.0,0.005,7,-0.05702405795454979,-0.05999753996729851,0.12390097230672836,-0.04316677525639534,-0.10000000149011612,-0.10000000149011612,0.8722618487738012,0.012837948426449189,0.003532336896838834,0.016370285323288023,-2.4000000357627864,-2.3999155124236147,0.03928838679642867,0.25494196800417834,0.99419105052948,-0.1017833799123764,False,False,False,-0.876520859941855,False
pirl,3,5,0,0.4109343514890105,200,-142.97398907435777,0.3745119197952079,74.90238395904159,0.4154299737124906,0.13120526446979486,1,0,1,0.005,0.0,0.005,8,-0.06702405959367752,-0.06999718397855759,0.12390097230672836,-0.04316677525639534,-0.10000000149011612,-0.10000000149011612,0.8715696367540856,0.012837948426382013,0.0035323368967627635,0.016370285323144777,-2.400000035762787,-2.3999155124236156,0.039288386796084894,0.2551056696158287,0.9923663139343262,-0.11666218936443329,False,False,False,-0.8758286479221393,False
pirl,3,5,0,0.4109343514890105,200,-142.97398907435777,0.3745119197952079,74.90238395904159,0.4154299737124906,0.13120526446979486,1,0,1,0.005,0.0,0.005,9,-0.07702405750751495,-0.07999683171510696,0.12390097230672836,-0.04316677525639534,-0.10000000149011612,-0.10000000149011612,0.8708852737204491,0.012837948426371815,0.0035323368967614625,0.016370285323133275,-2.4000000357627864,-2.399915512423616,0.0392883867960573,0.25526937122747895,0.9902942776679993,-0.13150586187839508,False,False,False,-0.8751442848885027,False
pirl,3,5,0,0.4109343514890105,200,-142.97398907435777,0.3745119197952079,74.90238395904159,0.4154299737124906,0.13120526446979486,1,0,1,0.005,0.0,0.005,10,-0.08702405542135239,-0.08999648690223694,0.12390097230672836,-0.04316677525639534,-0.10000000149011612,-0.10000000149011612,0.8702088156975223,0.01283794842638067,0.0035323368967614182,0.016370285323142088,-2.400000035762787,-2.399915512423615,0.03928838679607844,0.25543307283912925,0.987975537776947,-0.1463099867105484,False,False,False,-0.874467826865576,False
pirl,3,5,0,0.4109343514890105,200,-142.97398907435777,0.3745119197952079,74.90238395904159,0.4154299737124906,0.13120526446979486,1,0,1,0.005,0.0,0.005,11,-0.09702406078577042,-0.09999613463878632,0.12390097230672836,-0.04316677525639534,-0.10000000149011612,-0.10000000149011612,0.8695404554090388,0.01283794842637249,0.003532336896762135,0.016370285323134625,-2.4000000357627864,-2.3999155124236164,0.03928838679606053,0.2555967744507795,0.9854109287261963,-0.1610700935125351,False,False,False,-0.8737994665770924,False
pirl,3,5,0,0.4109343514890105,200,-142.97398907435777,0.3745119197952079,74.90238395904159,0.4154299737124906,0.13120526446979486,1,0,1,0.005,0.0,0.005,12,-0.10702405869960785,-0.1099957823753357,0.12390097230672836,-0.04316677525639534,-0.07030246406793594,-0.10000000149011612,0.8689515026167925,7.670350725652258,0.5388250192650051,8.209175744917264,-1.6872591376304626,-2.400250648650359,14.235184452687093,0.3149100430036424,0.9831188917160034,-0.17286363244056702,False,False,False,-0.8808278562176783,False
pirl,3,5,0,0.4109343514890105,200,-142.97398907435777,0.3745119197952079,74.90238395904159,0.4154299737124906,0.13120526446979486,1,0,1,0.005,0.0,0.005,13,-0.11405430734157562,-0.1199968233704567,0.12390097230672836,-0.04316677525639534,-0.015139367431402206,-0.10000000149011612,0.8684848505438276,14.264067630778147,1.0054284194748477,15.269496050252995,-0.36334481835365273,-2.4000329478480524,7.59583639573173,0.3465593613191913,0.981664776802063,-0.17920789122581482,False,False,False,-0.8867885320632312,False
pirl,3,5,0,0.4109343514890105,200,-142.97398907435777,0.3745119197952079,74.90238395904159,0.4154299737124906,0.13120526446979486,1,0,1,0.005,0.0,0.005,14,-0.11556824296712875,-0.12999695539474487,0.12390097230672836,-0.04316677525639534,0.015378236770629883,-0.10000000149011612,0.8680681108810173,7.893395189614488,0.5561053478907313,8.44950053750522,0.3690776824951172,-2.400257936168123,4.248072278221284,0.36425966247844666,0.9807067513465881,-0.1825443059206009,False,False,False,-0.8795528778179061,False
pirl,3,5,0,0.4109343514890105,200,-142.97398907435777,0.3745119197952079,74.90238395904159,0.4154299737124906,0.13120526446979486,1,0,1,0.005,0.0,0.005,15,-0.11403042078018188,-0.13999803364276886,0.12390097230672836,-0.04316677525639534,0.032230742275714874,-0.10000000149011612,0.8676658763400575,4.360183489595896,0.3072237929496176,4.667407282545514,0.773537814617157,-2.4001424957641295,4.110147689040036,0.3813852778494468,0.9800248146057129,-0.1842200756072998,False,False,False,-0.875485257406573,False
pirl,3,5,0,0.4109343514890105,200,-142.97398907435777,0.3745119197952079,74.90238395904159,0.4154299737124906,0.13120526446979486,1,0,1,0.005,0.0,0.005,16,-0.11080734431743622,-0.14999863505363464,0.12390097230672836,-0.04316677525639534,0.04152153059840202,-0.10000000149011612,0.8672597986667252,2.4050916387315304,0.16926126933307825,2.5743529080646086,0.9965167343616486,-2.400078617170862,2.80295441891077,0.39306425459490835,0.9794877767562866,-0.18497923016548157,False,False,False,-0.8730824794707888,False
pirl,3,5,0,0.4109343514890105,200,-142.97398907435777,0.3745119197952079,74.90238395904159,0.4154299737124906,0.13120526446979486,1,0,1,0.005,0.0,0.005,17,-0.10665518790483475,-0.15999895334243774,0.12390097230672836,-0.04316677525639534,0.04663484916090965,-0.10000000149011612,0.8668404040975347,1.325110680157174,0.09302577125026326,1.4181364514074373,1.1192363798618317,-2.4000433310208242,1.7063779624776279,0.4001741627718985,0.9790206551551819,-0.1852322816848755,False,False,False,-0.8715687259962773,False
pirl,3,5,0,0.4109343514890105,200,-142.97398907435777,0.3745119197952079,74.90238395904159,0.4154299737124906,0.13120526446979486,1,0,1,0.005,0.0,0.005,18,-0.10199170559644699,-0.1699991375207901,0.12390097230672836,-0.04316677525639534,0.04944128543138504,-0.10000000149011612,0.866402309936685,0.7287556608371156,0.05092139871481719,0.7796770595519328,1.186590850353241,-2.400023846350728,0.9869473704975457,0.4042864434823049,0.9785809516906738,-0.18520581722259521,False,False,False,-0.870528626569811,False
pirl,3,5,0,0.4109343514890105,200,-142.97398907435777,0.3745119197952079,74.90238395904159,0.4154299737124906,0.13120526446979486,1,0,1,0.005,0.0,0.005,19,-0.09704757481813431,-0.1799992322921753,0.12390097230672836,-0.04316677525639534,0.05097370967268944,-0.10000000149011612,0.865942746653511,0.3992869141344381,0.027536029916514645,0.4268229440509528,1.2233690321445465,-2.4001848270840767,0.5545668068963819,0.40659713851103985,0.9781451225280762,-0.18502503633499146,False,False,False,-0.869736836699565,False
pirl,3,5,0,0.4109343514890105,200,-142.97398907435777,0.3745119197952079,74.90238395904159,0.4154299737124906,0.13120526446979486,1,0,1,0.005,0.0,0.005,20,-0.09195020794868469,-0.1900000125169754,0.12390097230672836,-0.04316677525639534,0.05180417373776436,-0.10000000149011612,0.8654600901300263,0.21801859835067575,0.01491248159066765,0.2329310799413434,1.2433001697063446,-2.400100935500366,0.30685402134492795,0.4078756969333104,0.9777001142501831,-0.18475839495658875,False,False,False,-0.8690716756303435,False
pirl,3,5,0,0.4109343514890105,200,-142.97398907435777,0.3745119197952079,74.90238395904159,0.4154299737124906,0.13120526446979486,1,0,1,0.005,0.0,0.005,21,-0.08676978945732117,-0.20000042021274567,0.12390097230672836,-0.04316677525639534,0.05224393308162689,-0.10000000149011612,0.8649536590901493,0.11699289341286145,0.00775399378639217,0.12474688719925363,1.2538543939590452,-2.400054180465732,0.1653020586700344,0.4085644555111022,0.9772388339042664,-0.18444423377513885,False,False,False,-0.8684631490121881,False
pirl,3,5,0,0.4109343514890105,200,-142.97398907435777,0.3745119197952079,74.90238395904159,0.4154299737124906,0.13120526446979486,1,0,1,0.005,0.0,0.005,22,-0.0815453976392746,-0.2100006490945816,0.12390097230672836,-0.04316677525639534,0.052468061447143555,-0.10000000149011612,0.86442282517804,0.06123450196388976,0.003802629987062431,0.06503713195095219,1.259233474731445,-2.400028375295403,0.08623495455113743,0.40892376782173195,0.9767571091651917,-0.18410372734069824,False,False,False,-0.8678757243068801,False
pirl,3,5,0,0.4109343514890105,200,-142.97398907435777,0.3745119197952079,74.90238395904159,0.4154299737124906,0.13120526446979486,1,0,1,0.005,0.0,0.005,23,-0.07629858702421188,-0.22000077366828918,0.12390097230672836,-0.04316677525639534,0.05257280170917511,-0.10000000149011612,0.8638673405287781,0.030220148633098742,0.0014739650548680045,0.03169411368796675,1.2617472410202026,-2.4001990011884042,0.041667998613513585,0.4090973844826216,0.9762526750564575,-0.18374896049499512,False,False,False,-0.8672883577727161,False
pirl,3,5,0,0.4109343514890105,200,-142.97398907435777,0.3745119197952079,74.90238395904159,0.4154299737124906,0.13120526446979486,1,0,1,0.005,0.0,0.005,24,-0.07104130834341049,-0.23000159859657288,0.12390097230672836,-0.04316677525639534,0.05261310935020447,-0.10000000149011612,0.8632872202588885,0.013773267284636683,0.0005100077794548336,0.014283275064091517,1.2627146244049072,-2.4000907171164987,0.01861577096327515,0.4091749501949686,0.9757245779037476,-0.18338575959205627,False,False,False,-0.866691389481061,False
pirl,3,5,0,0.4109343514890105,200,-142.97398907435777,0.3745119197952079,74.90238395904159,0.4154299737124906,0.13120526446979486,1,0,1,0.005,0.0,0.005,25,-0.06577999889850616,-0.24000197649002075,0.12390097230672836,-0.04316677525639534,0.05261479318141937,-0.10000000149011612,0.862682219428116,0.003752488155784247,0.00022746188697274296,0.00397995004275699,1.2627550363540652,-2.4000247416440232,0.005284387474091156,0.40919696847611065,0.9751719236373901,-0.1830180287361145,False,False,False,-0.8660761087945958,False
pirl,3,5,0,0.4109343514890105,200,-142.97398907435777,0.3745119197952079,74.90238395904159,0.4154299737124906,0.13120526446979486,1,0,1,0.005,0.0,0.005,26,-0.06051851809024811,-0.25000208616256714,0.12390097230672836,-0.04316677525639534,0.0525951087474823,-0.10000000149011612,0.8620524804740041,0.0016795665668343854,0.0006402492286237918,0.002319815795458177,1.262294448911717,-2.4000000357627873,0.0036567057254869523,0.40921220474996683,0.9745945334434509,-0.1826477348804474,False,False,False,-0.8654444345562953,False
pirl,3,5,0,0.4109343514890105,200,-142.97398907435777,0.3745119197952079,74.90238395904159,0.4154299737124906,0.13120526446979486,1,0,1,0.005,0.0,0.005,27,-0.05525895953178406,-0.260002076625824,0.12390097230672836,-0.04316677525639534,0.05256347358226776,-0.10000000149011612,0.8613978874889997,0.00502240495294359,0.0008704465836211547,0.005892851536564744,1.261523365974426,-2.3999669689188337,0.008424924250423044,0.4092473086010103,0.9739920496940613,-0.18227635324001312,False,False,False,-0.8647929729366142,False
pirl,3,5,0,0.4109343514890105,200,-142.97398907435777,0.3745119197952079,74.90238395904159,0.4154299737124906,0.13120526446979486,1,0,1,0.005,0.0,0.005,28,-0.05000261217355728,-0.27000194787979126,0.12390097230672836,-0.04316677525639534,0.052525341510772705,-0.10000000149011612,0.8607184559051625,0.006596349177307019,0.0009977320133439144,0.007594081190650933,1.2606081962585447,-2.3999566062801088,0.010709925375018418,0.40929193329007285,0.9733644127845764,-0.1819043606519699,False,False,False,-0.8641147106109764,False
pirl,3,5,0,0.4109343514890105,200,-142.97398907435777,0.3745119197952079,74.90238395904159,0.4154299737124906,0.13120526446979486,1,0,1,0.005,0.0,0.005,29,-0.04475007578730583,-0.28000175952911377,0.12390097230672836,-0.04316677525639534,0.05248329043388367,-0.10000000149011612,0.860014210194672,0.007617087430692795,0.001072486477130737,0.00868957390782353,1.2595989704132082,-2.3999498858756696,0.012168389283641145,0.409342634912088,0.9727115631103516,-0.18153229355812073,False,False,False,-0.8634109738834985,False
pirl,3,5,0,0.4109343514890105,200,-142.97398907435777,0.3745119197952079,74.90238395904159,0.4154299737124906,0.13120526446979486,1,0,1,0.005,0.0,0.005,30,-0.039501748979091644,-0.2900015413761139,0.12390097230672836,-0.04316677525639534,0.05243881791830063,-0.10000000149011612,0.8592851120092122,0.008249955962887709,0.0011190906129208255,0.009369046575808533,1.258531630039215,-2.399945719153712,0.01306858725154925,0.40939708735896946,0.9720334410667419,-0.18116030097007751,False,False,False,-0.8626819353569068,False
pirl,3,5,0,0.4109343514890105,200,-142.97398907435777,0.3745119197952079,74.90238395904159,0.4154299737124906,0.13120526446979486,1,0,1,0.005,0.0,0.005,31,-0.03425786644220352,-0.300001323223114,0.12390097230672836,-0.04316677525639534,0.052392855286598206,-0.10000000149011612,0.8585311960382617,0.008641390935043288,0.0011479698180137758,0.009789360753057063,1.2574285268783567,-2.3999431419980937,0.01362099376559443,0.4094538414996594,0.9713300466537476,-0.18078862130641937,False,False,False,-0.8619277995462487,False
pirl,3,5,0,0.4109343514890105,200,-142.97398907435777,0.3745119197952079,74.90238395904159,0.4154299737124906,0.13120526446979486,1,0,1,0.005,0.0,0.005,32,-0.0290185809135437,-0.31000110507011414,0.12390097230672836,-0.04316677525639534,0.052345775067806244,-0.10000000149011612,0.8577525341352489,0.00893587598571887,0.0011693340919195043,0.010105210077638375,1.25629860162735,-2.3999412031478204,0.014032461572617094,0.4095123100895453,0.9706014394760132,-0.18041735887527466,False,False,False,-0.8611487983630085,False
pirl,3,5,0,0.4109343514890105,200,-142.97398907435777,0.3745119197952079,74.90238395904159,0.4154299737124906,0.13120526446979486,1,0,1,0.005,0.0,0.005,33,-0.023784004151821136,-0.32000085711479187,0.12390097230672836,-0.04316677525639534,0.05229782313108444,-0.10000000149011612,0.856949063773011,0.009166698417605302,0.0011860509319821034,0.010352749349587406,1.2551477551460268,-2.3999396834437325,0.014352011639207204,0.409572110138042,0.969847559928894,-0.18004651367664337,False,False,False,-0.8603449085640676,False
pirl,3,5,0,0.4109343514890105,200,-142.97398907435777,0.3745119197952079,74.90238395904159,0.4154299737124906,0.13120526446979486,1,0,1,0.005,0.0,0.005,34,-0.018554221838712692,-0.3300006091594696,0.12390097230672836,-0.04316677525639534,0.05224928259849548,-0.10000000149011612,0.8561209298959737,0.009324408075626615,0.001197651362475265,0.01052205943810188,1.2539827823638918,-2.399938645104391,0.01456693697073692,0.40963280570875343,0.9690685272216797,-0.17967627942562103,False,False,False,-0.8595162694215516,False
pirl,3,5,0,0.4109343514890105,200,-142.97398907435777,0.3745119197952079,74.90238395904159,0.4154299737124906,0.13120526446979486,1,0,1,0.005,0.0,0.005,35,-0.013329293578863144,-0.34000033140182495,0.12390097230672836,-0.04316677525639534,0.05220009386539459,-0.10000000149011612,0.8552678957941279,0.009497157170145194,0.0012099054363201734,0.010707062606465367,1.2528022527694702,-2.399937507747407,0.014801757335115902,0.40969447969764977,0.968264102935791,-0.17930667102336884,False,False,False,-0.858662737253645,False
pirl,3,5,0,0.4109343514890105,200,-142.97398907435777,0.3745119197952079,74.90238395904159,0.4154299737124906,0.13120526446979486,1,0,1,0.005,0.0,0.005,36,-0.00810928363353014,-0.3500000834465027,0.12390097230672836,-0.04316677525639534,0.05215059220790863,-0.10000000149011612,0.8543903227163034,0.00958373596543692,0.0012165476817555824,0.010800283647192504,1.251614212989807,-2.399936937724173,0.014914777865830373,0.40975662460542406,0.9674346446990967,-0.17893776297569275,False,False,False,-0.8577845705278361,False
pirl,3,5,0,0.4109343514890105,200,-142.97398907435777,0.3745119197952079,74.90238395904159,0.4154299737124906,0.13120526446979486,1,0,1,0.005,0.0,0.005,37,-0.002894224599003792,-0.35999980568885803,0.12390097230672836,-0.04316677525639534,0.05210054665803909,-0.10000000149011612,0.8534879716482356,0.009729374615231564,0.0012266858030151615,0.010956060418246726,1.2504131197929382,-2.399935978858738,0.015109705059677228,0.4098195817098394,0.9665799140930176,-0.17856955528259277,False,False,False,-0.8568816812149567,False
pirl,3,5,0,0.4109343514890105,200,-142.97398907435777,0.3745119197952079,74.90238395904159,0.4154299737124906,0.13120526446979486,1,0,1,0.005,0.0,0.005,38,0.0023158302064985037,-0.36999955773353577,0.12390097230672836,-0.04316677525639534,0.05205027759075165,-0.10000000149011612,0.8525609661625967,0.009792887362869726,0.001231683586351394,0.01102457094922112,1.2492066621780396,-2.3999355606992845,0.015189301374070333,0.4098828704655647,0.9657000303268433,-0.17820210754871368,False,False,False,-0.8559540475360572,False
pirl,3,5,0,0.4109343514890105,200,-142.97398907435777,0.3745119197952079,74.90238395904159,0.4154299737124906,0.13120526446979486,1,0,1,0.005,0.0,0.005,39,0.007520857732743025,-0.3799992799758911,0.12390097230672836,-0.04316677525639534,0.051999546587467194,-0.10000000149011612,0.8516092580126441,0.009917388677986121,0.001240323089205757,0.011157711767191878,1.2479891180992129,-2.39993474099924,0.015353487621935414,0.4099468433306561,0.964794933795929,-0.17783550918102264,False,False,False,-0.8550017702351954,False
pirl,3,5,0,0.4109343514890105,200,-142.97398907435777,0.3745119197952079,74.90238395904159,0.4154299737124906,0.13120526446979486,1,0,1,0.005,0.0,0.005,40,0.012720812112092972,-0.38999900221824646,0.12390097230672836,-0.04316677525639534,0.05194862186908722,-0.10000000149011612,0.8506329519710074,0.009973191176701262,0.0012447167320923929,0.011217907908793656,1.2467669248580935,-2.3999343736030356,0.015421483365145079,0.41001109951134423,0.9638647437095642,-0.17746970057487488,False,False,False,-0.8540248198627991,False
pirl,3,5,0,0.4109343514890105,200,-142.97398907435777,0.3745119197952079,74.90238395904159,0.4154299737124906,0.13120526446979486,1,0,1,0.005,0.0,0.005,41,0.017915675416588783,-0.3999987244606018,0.12390097230672836,-0.04316677525639534,0.051897384226322174,-0.10000000149011612,0.8496320634326612,0.010059357572656528,0.0012507944646346315,0.01131015203729116,1.2455372214317322,-2.3999338062949844,0.015531128200838155,0.4100758125455144,0.962909460067749,-0.17710480093955994,False,False,False,-0.853023315241884,False
pirl,3,5,0,0.4109343514890105,200,-142.97398907435777,0.3745119197952079,74.90238395904159,0.4154299737124906,0.13120526446979486,1,0,1,0.005,0.0,0.005,42,0.02310541272163391,-0.40999844670295715,0.12390097230672836,-0.04316677525639534,0.05184600502252579,-0.10000000149011612,0.8486065842966857,0.01010159113041825,0.0012541170138494339,0.011355708144267684,1.244304120540619,-2.399933528234878,0.015579248937463057,0.4101407260827538,0.9619290828704834,-0.17674078047275543,False,False,False,-0.8519971719942137,False
pirl,3,5,0,0.4109343514890105,200,-142.97398907435777,0.3745119197952079,74.90238395904159,0.4154299737124906,0.13120526446979486,1,0,1,0.005,0.0,0.005,43,0.02829001285135746,-0.4199981689453125,0.12390097230672836,-0.04316677525639534,0.05179435759782791,-0.10000000149011612,0.8475565654297225,0.010176224539596152,0.0012593731312129054,0.011435597670809056,1.24306458234787,-2.39993303685847,0.015672115490520985,0.4102060265639643,0.9609236717224121,-0.17637760937213898,False,False,False,-0.8509465199962138,False
pirl,3,5,0,0.4109343514890105,200,-142.97398907435777,0.3745119197952079,74.90238395904159,0.4154299737124906,0.13120526446979486,1,0,1,0.005,0.0,0.005,44,0.03346944972872734,-0.42999789118766785,0.12390097230672836,-0.04316677525639534,0.051742665469646454,-0.10000000149011612,0.8464820270061921,0.0101935043413122,0.001260998171711567,0.011454502513023768,1.241823971271515,-2.3999329230905615,0.015684849070549338,0.4102713801017583,0.9598932266235352,-0.1760154366493225,False,False,False,-0.84987128768048,False
pirl,3,5,0,0.4109343514890105,200,-142.97398907435777,0.3745119197952079,74.90238395904159,0.4154299737124906,0.13120526446979486,1,0,1,0.005,0.0,0.005,45,0.038643717765808105,-0.4399976134300232,0.12390097230672836,-0.04316677525639534,0.051690809428691864,-0.10000000149011612,0.8453828952426921,0.0102411889020698,0.001264362446986605,0.011505551349056406,1.2405794262886052,-2.3999326091417776,0.01573939291894043,0.4103369609055872,0.9588376879692078,-0.17565418779850006,False,False,False,-0.8487714921571136,False
pirl,3,5,0,0.4109343514890105,200,-142.97398907435777,0.3745119197952079,74.90238395904159,0.4154299737124906,0.13120526446979486,1,0,1,0.005,0.0,0.005,46,0.04381279647350311,-0.44999733567237854,0.12390097230672836,-0.04316677525639534,0.051638878881931305,-0.10000000149011612,0.8442593506265436,0.010266023408985544,0.001266362034216341,0.011532385443201886,1.239333093166351,-2.3999324456346987,0.015762205879811978,0.41040263676341976,0.9577572345733643,-0.1752939075231552,False,False,False,-0.8476472593428392,False
pirl,3,5,0,0.4109343514890105,200,-142.97398907435777,0.3745119197952079,74.90238395904159,0.4154299737124906,0.13120526446979486,1,0,1,0.005,0.0,0.005,47,0.04897668585181236,-0.4599970579147339,0.12390097230672836,-0.04316677525639534,0.05158693343400955,-0.10000000149011612,0.8431113289013176,0.010275405153062895,0.0012672366995103229,0.011542641852573218,1.238086402416229,-2.399932383866547,0.015763121792503807,0.4104683164375552,0.9566518068313599,-0.17493458092212677,False,False,False,-0.8464985330653202,False
pirl,3,5,0,0.4109343514890105,200,-142.97398907435777,0.3745119197952079,74.90238395904159,0.4154299737124906,0.13120526446979486,1,0,1,0.005,0.0,0.005,48,0.05413537845015526,-0.46999678015708923,0.12390097230672836,-0.04316677525639534,0.05153494328260422,-0.10000000149011612,0.8419389448379252,0.010292381074494638,0.001268540960941819,0.011560922035436457,1.2368386387825014,-2.3999322720993472,0.015774426988652918,0.4105340432166746,0.9555215239524841,-0.17457620799541473,False,False,False,-0.8453254526969256,False
pirl,3,5,0,0.4109343514890105,200,-142.97398907435777,0.3745119197952079,74.90238395904159,0.4154299737124906,0.13120526446979486,1,0,1,0.005,0.0,0.005,49,0.0592888742685318,-0.4799965023994446,0.12390097230672836,-0.04316677525639534,0.05148293823003769,-0.10000000149011612,0.8407421250546715,0.010301724960051719,0.0012693778401049094,0.011571102800156628,1.2355905175209045,-2.3999322105804506,0.015775134440613136,0.41059977294351047,0.9543663263320923,-0.17421871423721313,False,False,False,-0.8441279285092516,False
pirl,3,5,0,0.4109343514890105,200,-142.97398907435777,0.3745119197952079,74.90238395904159,0.4154299737124906,0.13120526446979486,1,0,1,0.005,0.0,0.005,50,0.06443716585636139,-0.4899962246417999,0.12390097230672836,-0.04316677525639534,0.051431022584438324,-0.10000000149011612,0.8395210030855886,0.010284177553040733,0.0012684059755072997,0.011552583528548033,1.2343445420265196,-2.399932326110235,0.01573830693507883,0.4106653492224066,0.9531863331794739,-0.17386221885681152,False,False,False,-0.8429060754473688,False
pirl,3,5,0,0.4109343514890105,200,-142.97398907435777,0.3745119197952079,74.90238395904159,0.4154299737124906,0.13120526446979486,1,0,1,0.005,0.0,0.005,51,0.06958027184009552,-0.4999959468841553,0.12390097230672836,-0.04316677525639534,0.05137915164232254,-0.10000000149011612,0.8382755126496604,0.010277992479617299,0.0012680587250857068,0.011546051204703006,1.233099639415741,-2.3999323668319357,0.015717043997910615,0.41073083690573126,0.9519814848899841,-0.1735066920518875,False,False,False,-0.8416598670231755,False
pirl,3,5,0,0.4109343514890105,200,-142.97398907435777,0.3745119197952079,74.90238395904159,0.4154299737124906,0.13120526446979486,1,0,1,0.005,0.0,0.005,52,0.0747181847691536,-0.5099956393241882,0.12390097230672836,-0.04316677525639534,0.05132732540369034,-0.10000000149011612,0.8370057526287072,0.010271856937027903,0.001267768086665755,0.011539625023693658,1.2318558096885683,-2.3999324072275274,0.01569600436020563,0.41079623692389877,0.9507519006729126,-0.17315202951431274,False,False,False,-0.8403893904612046,False
pirl,3,5,0,0.4109343514890105,200,-142.97398907435777,0.3745119197952079,74.90238395904159,0.4154299737124906,0.13120526446979486,1,0,1,0.005,0.0,0.005,53,0.07985091954469681,-0.519995391368866,0.12390097230672836,-0.04316677525639534,0.05127578228712082,-0.10000000149011612,0.8357116142711336,0.010204337749658293,0.0012634290938135105,0.011467766843471804,1.2306187748908994,-2.399932851764847,0.015589794608175979,0.4108611944014328,0.9494974613189697,-0.1727983057498932,False,False,False,-0.8390944743774451,False
pirl,3,5,0,0.4109343514890105,200,-142.97398907435777,0.3745119197952079,74.90238395904159,0.4154299737124906,0.13120526446979486,1,0,1,0.005,0.0,0.005,54,0.08497849106788635,-0.5299950838088989,0.12390097230672836,-0.04316677525639534,0.051224224269390106,-0.10000000149011612,0.8343933825520062,0.010213201682203112,0.0012638425252160079,0.011477044207419119,1.2293813824653625,-2.3999327934058985,0.015589057125431247,0.4109261488061221,0.9482184648513794,-0.17244547605514526,False,False,False,-0.8377755465147108,False
pirl,3,5,0,0.4109343514890105,200,-142.97398907435777,0.3745119197952079,74.90238395904159,0.4154299737124906,0.13120526446979486,1,0,1,0.005,0.0,0.005,55,0.09010091423988342,-0.5399948358535767,0.12390097230672836,-0.04316677525639534,0.05117300897836685,-0.10000000149011612,0.8330508737952395,0.010130380296660168,0.0012585643724523086,0.011388944669112477,1.2281522154808049,-2.3999333386908472,0.015462119601343098,0.410990574304461,0.9469147324562073,-0.17209351062774658,False,False,False,-0.8364322493783354,False
pirl,3,5,0,0.4109343514890105,200,-142.97398907435777,0.3745119197952079,74.90238395904159,0.4154299737124906,0.13120526446979486,1,0,1,0.005,0.0,0.005,56,0.0952182188630104,-0.5499945282936096,0.12390097230672836,-0.04316677525639534,0.05112183839082718,-0.10000000149011612,0.8316841445539983,0.010123784846324403,0.0012578870196393883,0.011381671865963791,1.2269241213798525,-2.3999333821144124,0.01543996087697621,0.41105490747478174,0.9455863237380981,-0.17174240946769714,False,False,False,-0.8350648137018079,False
pirl,3,5,0,0.4109343514890105,200,-142.97398907435777,0.3745119197952079,74.90238395904159,0.4154299737124906,0.13120526446979486,1,0,1,0.005,0.0,0.005,57,0.1003304049372673,-0.5599942803382874,0.12390097230672836,-0.04316677525639534,0.05107109993696213,-0.10000000149011612,0.83029346630296,0.010017825030580409,0.0012510106457703312,0.01126883567635074,1.2257063984870908,-2.3999340797396984,0.015281255321807928,0.41111857937195595,0.9442335367202759,-0.1713920384645462,False,False,False,-0.8336733301576192,False
pirl,3,5,0,0.4109343514890105,200,-142.97398907435777,0.3745119197952079,74.90238395904159,0.4154299737124906,0.13120526446979486,1,0,1,0.005,0.0,0.005,58,0.1054375097155571,-0.5699939727783203,0.12390097230672836,-0.04316677525639534,0.051020391285419464,-0.10000000149011612,0.8288785562717423,0.010014896002183516,0.0012504671713900574,0.011265363173573573,1.2244893908500676,-2.3999340990240303,0.015264172709469595,0.41118218009157875,0.9428560733795166,-0.17104248702526093,False,False,False,-0.8322577248674903,False
pirl,3,5,0,0.4109343514890105,200,-142.97398907435777,0.3745119197952079,74.90238395904159,0.4154299737124906,0.13120526446979486,1,0,1,0.005,0.0,0.005,59,0.11053954809904099,-0.579993724822998,0.12390097230672836,-0.04316677525639534,0.05097014456987381,-0.10000000149011612,0.8274395752497057,0.009901229664810631,0.0012430993138874307,0.011144328978698062,1.2232834696769712,-2.3999348473880273,0.015095367940600696,0.41124507745799793,0.9414541125297546,-0.17069366574287415,False,False,False,-0.8308179379538905,False
pirl,3,5,0,0.4109343514890105,200,-142.97398907435777,0.3745119197952079,74.90238395904159,0.4154299737124906,0.13120526446979486,1,0,1,0.005,0.0,0.005,60,0.11563656479120255,-0.589993417263031,0.12390097230672836,-0.04316677525639534,0.05092006176710129,-0.10000000149011612,0.8259765824352865,0.009863682069198505,0.0012402361128546744,0.011103918182053179,1.222081482410431,-2.399935094596385,0.015030709377977031,0.4113077054137395,0.9400277137756348,-0.17034558951854706,False,False,False,-0.82935422300055,False
pirl,3,5,0,0.4109343514890105,200,-142.97398907435777,0.3745119197952079,74.90238395904159,0.4154299737124906,0.13120526446979486,1,0,1,0.005,0.0,0.005,61,0.12072857469320297,-0.5999931693077087,0.12390097230672836,-0.04316677525639534,0.050870396196842194,-0.10000000149011612,0.8244896256254065,0.00976128175119151,0.0012334495076231505,0.010994731258814661,1.2208895087242126,-2.3999357687864133,0.014877646074067614,0.4113696956057148,0.9385769367218018,-0.1699981987476349,False,False,False,-0.827866481087075,False
pirl,3,5,0,0.4109343514890105,200,-142.97398907435777,0.3745119197952079,74.90238395904159,0.4154299737124906,0.13120526446979486,1,0,1,0.005,0.0,0.005,62,0.12581561505794525,-0.6099929213523865,0.12390097230672836,-0.04316677525639534,0.05082107335329056,-0.10000000149011612,0.8229786961120493,0.009677692880044282,0.0012276011501466835,0.010905294030190965,1.2197057604789732,-2.3999363191243854,0.014750102339572248,0.411431154365463,0.9371017813682556,-0.16965144872665405,False,False,False,-0.8263547915842354,False
pirl,3,5,0,0.4109343514890105,200,-142.97398907435777,0.3745119197952079,74.90238395904159,0.4154299737124906,0.13120526446979486,1,0,1,0.005,0.0,0.005,63,0.13089771568775177,-0.6199926137924194,0.12390097230672836,-0.04316677525639534,0.050772033631801605,-0.10000000149011612,0.8214438395936753,0.009609504211648136,0.001222855745946655,0.010832359957594791,1.2185288071632385,-2.399936768069478,0.014644234171192125,0.411492172007843,0.9356023073196411,-0.16930526494979858,False,False,False,-0.8248191956028486,False
pirl,3,5,0,0.4109343514890105,200,-142.97398907435777,0.3745119197952079,74.90238395904159,0.4154299737124906,0.13120526446979486,1,0,1,0.005,0.0,0.005,64,0.1359749287366867,-0.6299923658370972,0.12390097230672836,-0.04316677525639534,0.05072345584630966,-0.10000000149011612,0.8198851699159434,0.009495328170704769,0.0012151482871827553,0.010710476457887525,1.2173629403114317,-2.399937519789295,0.014475540587628717,0.41155248676029144,0.9340786337852478,-0.1689596325159073,False,False,False,-0.8232597446652341,False
pirl,3,5,0,0.4109343514890105,200,-142.97398907435777,0.3745119197952079,74.90238395904159,0.4154299737124906,0.13120526446979486,1,0,1,0.005,0.0,0.005,65,0.14104726910591125,-0.6399921178817749,0.12390097230672836,-0.04316677525639534,0.05067533999681473,-0.10000000149011612,0.8183026740610898,0.009380872884893423,0.0012072074717940518,0.010588080356687474,1.2162081599235535,-2.3999382733476224,0.01430631756524275,0.4116120964168133,0.9325307607650757,-0.1686144769191742,False,False,False,-0.8216764735199017,False
pirl,3,5,0,0.4109343514890105,200,-142.97398907435777,0.3745119197952079,74.90238395904159,0.4154299737124906,0.13120526446979486,1,0,1,0.005,0.0,0.005,66,0.1461147964000702,-0.6499918699264526,0.12390097230672836,-0.04316677525639534,0.05062756687402725,-0.10000000149011612,0.8166962824853438,0.00929705464537731,0.0012012854113146849,0.010498340056691995,1.215061604976654,-2.3999388251957257,0.01417950563772314,0.4116711776903038,0.93095862865448,-0.16826973855495453,False,False,False,-0.820069344673896,False
pirl,3,5,0,0.4109343514890105,200,-142.97398907435777,0.3745119197952079,74.90238395904159,0.4154299737124906,0.13120526446979486,1,0,1,0.005,0.0,0.005,67,0.1511775553226471,-0.6599916219711304,0.12390097230672836,-0.04316677525639534,0.05058024078607559,-0.10000000149011612,0.8150662270769301,0.009186499206578908,0.0011937418201087777,0.010380241026687685,1.213925778865814,-2.399939553077981,0.014016636414638838,0.4117295803420315,0.9293624758720398,-0.1679254025220871,False,False,False,-0.8184385301184978,False
pirl,3,5,0,0.4109343514890105,200,-142.97398907435777,0.3745119197952079,74.90238395904159,0.4154299737124906,0.13120526446979486,1,0,1,0.005,0.0,0.005,68,0.15623557567596436,-0.6699913144111633,0.12390097230672836,-0.04316677525639534,0.050533227622509,-0.10000000149011612,0.8134124430049993,0.00911028663467276,0.0011883382663907783,0.010298624901063537,1.2127974629402158,-2.399940054851383,0.013900873121413162,0.41178750064670405,0.9277422428131104,-0.1675814390182495,False,False,False,-0.8167840280763525,False
pirl,3,5,0,0.4109343514890105,200,-142.97398907435777,0.3745119197952079,74.90238395904159,0.4154299737124906,0.13120526446979486,1,0,1,0.005,0.0,0.005,69,0.16128890216350555,-0.6799910664558411,0.12390097230672836,-0.04316677525639534,0.050486885011196136,-0.10000000149011612,0.8117349787530735,0.008942145671738929,0.0011770303160368114,0.01011917598777574,1.2116852402687073,-2.3999411618690445,0.013659869431003238,0.41184441676933325,0.9260979890823364,-0.167237788438797,False,False,False,-0.8151057576326737,False
pirl,3,5,0,0.4109343514890105,200,-142.97398907435777,0.3745119197952079,74.90238395904159,0.4154299737124906,0.13120526446979486,1,0,1,0.005,0.0,0.005,70,0.16633759438991547,-0.6899908781051636,0.12390097230672836,-0.04316677525639534,0.05044100433588028,-0.10000000149011612,0.8100338806086846,0.008827179882769749,0.0011688004368586172,0.009995980319628367,1.2105841040611267,-2.399941918788456,0.013491096812884474,0.4119006296727203,0.9244297742843628,-0.16689437627792358,False,False,False,-0.8134039162552993,False
pirl,3,5,0,0.4109343514890105,200,-142.97398907435777,0.3745119197952079,74.90238395904159,0.4154299737124906,0.13120526446979486,1,0,1,0.005,0.0,0.005,71,0.17138169705867767,-0.6999906301498413,0.12390097230672836,-0.04316677525639534,0.050395555794239044,-0.10000000149011612,0.8083092333773257,0.008720101578725735,0.001161337492922099,0.009881439071647834,1.209493339061737,-2.39994262377772,0.013334048125265417,0.41195618820657554,0.922737717628479,-0.16655099391937256,False,False,False,-0.8116785404803455,False
pirl,3,5,0,0.4109343514890105,200,-142.97398907435777,0.3745119197952079,74.90238395904159,0.4154299737124906,0.13120526446979486,1,0,1,0.005,0.0,0.005,72,0.17642125487327576,-0.709990382194519,0.12390097230672836,-0.04316677525639534,0.05035056918859482,-0.10000000149011612,0.8065610089262996,0.00860534395893294,0.0011534038845443118,0.009758747843477251,1.2084136605262759,-2.3999433793265745,0.013166919209903502,0.4120110503699501,0.9210217595100403,-0.16620784997940063,False,False,False,-0.8099295862647841,False
pirl,3,5,0,0.4109343514890105,200,-142.97398907435777,0.3745119197952079,74.90238395904159,0.4154299737124906,0.13120526446979486,1,0,1,0.005,0.0,0.005,73,0.1814563125371933,-0.7199901342391968,0.12390097230672836,-0.04316677525639534,0.05030614882707596,-0.10000000149011612,0.8047893511067685,0.008463646160310458,0.0011436565382334854,0.009607302698543943,1.2073475718498232,-2.39994431224597,0.01296327464474328,0.4120650640143032,0.919282078742981,-0.1658647358417511,False,False,False,-0.808157177973428,False
pirl,3,5,0,0.4109343514890105,200,-142.97398907435777,0.3745119197952079,74.90238395904159,0.4154299737124906,0.13120526446979486,1,0,1,0.005,0.0,0.005,74,0.18648691475391388,-0.7299898862838745,0.12390097230672836,-0.04316677525639534,0.05026232451200485,-0.10000000149011612,0.8029941977820082,0.008314081719565066,0.0011332635973106161,0.009447345316875683,1.2062957882881165,-2.3999452969582875,0.012749012402374204,0.4121181848993131,0.9175186157226562,-0.16552163660526276,False,False,False,-0.8063612739347505,False
pirl,3,5,0,0.4109343514890105,200,-142.97398907435777,0.3745119197952079,74.90238395904159,0.4154299737124906,0.13120526446979486,1,0,1,0.005,0.0,0.005,75,0.19151315093040466,-0.739989697933197,0.12390097230672836,-0.04316677525639534,0.05021921545267105,-0.10000000149011612,0.8011755865238808,0.008133726406834376,0.001120801614743937,0.009254528021578314,1.2052611708641054,-2.399946484393598,0.012493128507596873,0.4121702396014281,0.9157314300537109,-0.16517841815948486,False,False,False,-0.8045418893845936,False
pirl,3,5,0,0.4109343514890105,200,-142.97398907435777,0.3745119197952079,74.90238395904159,0.4154299737124906,0.13120526446979486,1,0,1,0.005,0.0,0.005,76,0.19653508067131042,-0.7499894499778748,0.12390097230672836,-0.04316677525639534,0.05017627030611038,-0.10000000149011612,0.79933374533088,0.008095075966964564,0.0011175417641085118,0.009212617731073076,1.2042304873466494,-2.3999467388629365,0.012430377989121243,0.4122220328430495,0.9139207601547241,-0.16483503580093384,False,False,False,-0.8026994282652595,False
pirl,3,5,0,0.4109343514890105,200,-142.97398907435777,0.3745119197952079,74.90238395904159,0.4154299737124906,0.13120526446979486,1,0,1,0.005,0.0,0.005,77,0.20155270397663116,-0.7599892020225525,0.12390097230672836,-0.04316677525639534,0.05013411492109299,-0.10000000149011612,0.7974685533342301,0.00789599919507305,0.0011043594027702482,0.0090003585978433,1.2032187581062317,-2.399948049557835,0.012151019540192914,0.4122726620911336,0.9120864868164062,-0.1644914746284485,False,False,False,-0.8008334569457871,False
pirl,3,5,0,0.4109343514890105,200,-142.97398907435777,0.3745119197952079,74.90238395904159,0.4154299737124906,0.13120526446979486,1,0,1,0.005,0.0,0.005,78,0.20656611025333405,-0.769989013671875,0.12390097230672836,-0.04316677525639534,0.0500926747918129,-0.10000000149011612,0.7955801094857601,0.0077152199913439615,0.001091635100192138,0.0088068550915361,1.2022241950035086,-2.3999492397839863,0.011895292972196108,0.4123222258118511,0.9102287292480469,-0.16414761543273926,False,False,False,-0.7989442628119229,False
pirl,3,5,0,0.4109343514890105,200,-142.97398907435777,0.3745119197952079,74.90238395904159,0.4154299737124906,0.13120526446979486,1,0,1,0.005,0.0,0.005,79,0.21157537400722504,-0.7799888253211975,0.12390097230672836,-0.04316677525639534,0.05005171149969101,-0.10000000149011612,0.7936684040477737,0.007595833514610253,0.001083043819979403,0.008678877334589656,1.2012410759925836,-2.399950025808616,0.011723678267862378,0.4123710744713005,0.908347487449646,-0.16380339860916138,False,False,False,-0.7970318790962967,False
pirl,3,5,0,0.4109343514890105,200,-142.97398907435777,0.3745119197952079,74.90238395904159,0.4154299737124906,0.13120526446979486,1,0,1,0.005,0.0,0.005,80,0.2165805548429489,-0.7899885773658752,0.12390097230672836,-0.04316677525639534,0.05001116544008255,-0.10000000149011612,0.791733563270017,0.007492046602076002,0.0010757662681035187,0.008567812870179521,1.2002679705619812,-2.3999507091277987,0.011574249588420356,0.41241930051125225,0.9064428806304932,-0.16345888376235962,False,False,False,-0.7950963829891629,False
pirl,3,5,0,0.4109343514890105,200,-142.97398907435777,0.3745119197952079,74.90238395904159,0.4154299737124906,0.13120526446979486,1,0,1,0.005,0.0,0.005,81,0.22158166766166687,-0.7999883890151978,0.12390097230672836,-0.04316677525639534,0.04997143894433975,-0.10000000149011612,0.7897756477958127,0.007284719648525247,0.001061730649538764,0.008346450298064011,1.199314534664154,-2.3999520741407916,0.011284772829969283,0.4124663203980438,0.9045150279998779,-0.16311369836330414,False,False,False,-0.7931377132868621,False
pirl,3,5,0,0.4109343514890105,200,-142.97398907435777,0.3745119197952079,74.90238395904159,0.4154299737124906,0.13120526446979486,1,0,1,0.005,0.0,0.005,82,0.22657881677150726,-0.8099882006645203,0.12390097230672836,-0.04316677525639534,0.04993230849504471,-0.10000000149011612,0.7877946344036174,0.007134331542529447,0.001050966657766604,0.008185298200296051,1.198375403881072,-2.399953064276011,0.011071878094459078,0.4125124532234374,0.9025638699531555,-0.16276808083057404,False,False,False,-0.7911560141471894,False
pirl,3,5,0,0.4109343514890105,200,-142.97398907435777,0.3745119197952079,74.90238395904159,0.4154299737124906,0.13120526446979486,1,0,1,0.005,0.0,0.005,83,0.23157204687595367,-0.8199880123138428,0.12390097230672836,-0.04316677525639534,0.049893818795681,-0.10000000149011612,0.7857906132673991,0.006972656372991667,0.0010397217381900173,0.008012378111181684,1.1974516510963442,-2.399954128723752,0.010844703364659286,0.4125576394874568,0.9005895256996155,-0.16242185235023499,False,False,False,-0.7891513042126814,False
pirl,3,5,0,0.4109343514890105,200,-142.97398907435777,0.3745119197952079,74.90238395904159,0.4154299737124906,0.13120526446979486,1,0,1,0.005,0.0,0.005,84,0.23656143248081207,-0.8299878239631653,0.12390097230672836,-0.04316677525639534,0.04985583573579788,-0.10000000149011612,0.7837636791541295,0.006845382130611512,0.0010306917997907528,0.007876073930402265,1.1965400576591492,-2.3999549666803786,0.010664387833285362,0.4126020744367621,0.8985921144485474,-0.16207486391067505,False,False,False,-0.7871237252931053,False
pirl,3,5,0,0.4109343514890105,200,-142.97398907435777,0.3745119197952079,74.90238395904159,0.4154299737124906,0.13120526446979486,1,0,1,0.005,0.0,0.005,85,0.24154700338840485,-0.8399876356124878,0.12390097230672836,-0.04316677525639534,0.04981864243745804,-0.10000000149011612,0.7817137840453724,0.006645341008643151,0.0010170208771139336,0.007662361885757085,1.1956474184989923,-2.399956283724429,0.010386290466738187,0.41264535064704017,0.8965715765953064,-0.1617271900177002,False,False,False,-0.7850731189225313,False
pirl,3,5,0,0.4109343514890105,200,-142.97398907435777,0.3745119197952079,74.90238395904159,0.4154299737124906,0.13120526446979486,1,0,1,0.005,0.0,0.005,86,0.24652887880802155,-0.8499874472618103,0.12390097230672836,-0.04316677525639534,0.04978197067975998,-0.10000000149011612,0.7796410726673393,0.006513903630373098,0.0010075343232874233,0.007521437953660521,1.1947672963142388,-2.399957149090587,0.01020063823104017,0.41268785330633617,0.8945280909538269,-0.1613786220550537,False,False,False,-0.7829997762233512,False
pirl,3,5,0,0.4109343514890105,200,-142.97398907435777,0.3745119197952079,74.90238395904159,0.4154299737124906,0.13120526446979486,1,0,1,0.005,0.0,0.005,87,0.25150707364082336,-0.8599872589111328,0.12390097230672836,-0.04316677525639534,0.049746014177799225,-0.10000000149011612,0.7775455424278348,0.0063328847462869745,0.0009950953173151714,0.007327980063602146,1.1939043402671814,-2.399958340894763,0.009949045891779713,0.4127293076642186,0.8924616575241089,-0.1610291451215744,False,False,False,-0.7809035717399907,False
pirl,3,5,0,0.4109343514890105,200,-142.97398907435777,0.3745119197952079,74.90238395904159,0.4154299737124906,0.13120526446979486,1,0,1,0.005,0.0,0.005,88,0.25648167729377747,-0.8699870705604553,0.12390097230672836,-0.04316677525639534,0.04971063882112503,-0.10000000149011612,0.7754272950429629,0.006186068517579107,0.0009846796360403012,0.007170748153619408,1.1930553317070007,-2.3999593075132193,0.009743513084636226,0.4127699056354046,0.8903723955154419,-0.1606786549091339,False,False,False,-0.7787846946073873,False
pirl,3,5,0,0.4109343514890105,200,-142.97398907435777,0.3745119197952079,74.90238395904159,0.4154299737124906,0.13120526446979486,1,0,1,0.005,0.0,0.005,89,0.26145273447036743,-0.8799868822097778,0.12390097230672836,-0.04316677525639534,0.04967600852251053,-0.10000000149011612,0.7732863302391898,0.005997165408827786,0.0009716454943099176,0.006968810903137704,1.1922242045402527,-2.3999605512260773,0.009481876615156391,0.41280941345463446,0.8882603049278259,-0.16032715141773224,False,False,False,-0.7766430656323435,False
pirl,3,5,0,0.4109343514890105,200,-142.97398907435777,0.3745119197952079,74.90238395904159,0.4154299737124906,0.13120526446979486,1,0,1,0.005,0.0,0.005,90,0.2664203345775604,-0.8899867534637451,0.12390097230672836,-0.04316677525639534,0.049642108380794525,-0.10000000149011612,0.7711226931373459,0.005811810988877669,0.0009586474299949365,0.006770458418872605,1.1914106011390684,-2.399961771574842,0.009224970408371704,0.412847850831336,0.8861254453659058,-0.15997454524040222,False,False,False,-0.7744787777787616,False
pirl,3,5,0,0.4109343514890105,200,-142.97398907435777,0.3745119197952079,74.90238395904159,0.4154299737124906,0.13120526446979486,1,0,1,0.005,0.0,0.005,91,0.2713845372200012,-0.8999865651130676,0.12390097230672836,-0.04316677525639534,0.04960867017507553,-0.10000000149011612,0.7689365376978985,0.005695447168607351,0.0009502146608825937,0.006645661829489945,1.190608084201813,-2.399962537698706,0.009061525030978543,0.4128856071856318,0.8839679956436157,-0.15962068736553192,False,False,False,-0.772292051625476,False
pirl,3,5,0,0.4109343514890105,200,-142.97398907435777,0.3745119197952079,74.90238395904159,0.4154299737124906,0.13120526446979486,1,0,1,0.005,0.0,0.005,92,0.2763454020023346,-0.9099864363670349,0.12390097230672836,-0.04316677525639534,0.0495760515332222,-0.10000000149011612,0.7667279181356339,0.005487313631967927,0.0009360485122581015,0.006423362144226029,1.1898252367973328,-2.3999639080221327,0.008775426887114728,0.4129221714643281,0.8817880153656006,-0.15926554799079895,False,False,False,-0.7700827750221483,False
pirl,3,5,0,0.4109343514890105,200,-142.97398907435777,0.3745119197952079,74.90238395904159,0.4154299737124906,0.13120526446979486,1,0,1,0.005,0.0,0.005,93,0.2813030183315277,-0.9199862480163574,0.12390097230672836,-0.04316677525639534,0.04954395443201065,-0.10000000149011612,0.7644967164449814,0.00535535863357714,0.000926477712877857,0.0062818363464549965,1.1890549063682556,-2.3999647767962347,0.008591329336010088,0.4129579686698948,0.8795853853225708,-0.1589091271162033,False,False,False,-0.7678510042168776,False
pirl,3,5,0,0.4109343514890105,200,-142.97398907435777,0.3745119197952079,74.90238395904159,0.4154299737124906,0.13120526446979486,1,0,1,0.005,0.0,0.005,94,0.28625741600990295,-0.9299861192703247,0.12390097230672836,-0.04316677525639534,0.049512676894664764,-0.10000000149011612,0.7622431343067623,0.005147007941392452,0.0009122208981677322,0.006059228839560184,1.1883042454719541,-2.399966148549387,0.008305510663836389,0.41299257496432745,0.8773603439331055,-0.1585512012243271,False,False,False,-0.765596783058202,False
pirl,3,5,0,0.4109343514890105,200,-142.97398907435777,0.3745119197952079,74.90238395904159,0.4154299737124906,0.13120526446979486,1,0,1,0.005,0.0,0.005,95,0.2912086844444275,-0.939985990524292,0.12390097230672836,-0.04316677525639534,0.04948212951421738,-0.10000000149011612,0.7599671761080815,0.0049612078527663216,0.0008990935393263276,0.005860301392092649,1.1875711083412168,-2.3999673718323744,0.008049582267029322,0.41302611489044005,0.8751128911972046,-0.15819180011749268,False,False,False,-0.7633202193538906,False
pirl,3,5,0,0.4109343514890105,200,-142.97398907435777,0.3745119197952079,74.90238395904159,0.4154299737124906,0.13120526446979486,1,0,1,0.005,0.0,0.005,96,0.2961568832397461,-0.9499858617782593,0.12390097230672836,-0.04316677525639534,0.04945216327905655,-0.10000000149011612,0.7576690593683159,0.0048138049891212785,0.0008886018513404273,0.005702406840461706,1.1868519186973574,-2.3999683423131573,0.007845889999711388,0.4130588060987722,0.8728432655334473,-0.15783080458641052,False,False,False,-0.7610215461880172,False
pirl,3,5,0,0.4109343514890105,200,-142.97398907435777,0.3745119197952079,74.90238395904159,0.4154299737124906,0.13120526446979486,1,0,1,0.005,0.0,0.005,97,0.3011021018028259,-0.9599857330322266,0.12390097230672836,-0.04316677525639534,0.04942283779382706,-0.10000000149011612,0.755348546067834,0.004651188962988565,0.0008772837853553808,0.005528472748343946,1.1861481070518496,-2.3999694129553744,0.007622453235323964,0.41309056632058605,0.8705512285232544,-0.15746819972991943,False,False,False,-0.758700468915549,False
pirl,3,5,0,0.4109343514890105,200,-142.97398907435777,0.3745119197952079,74.90238395904159,0.4154299737124906,0.13120526446979486,1,0,1,0.005,0.0,0.005,98,0.30604439973831177,-0.9699856042861938,0.12390097230672836,-0.04316677525639534,0.04939410835504532,-0.10000000149011612,0.75300597159838,0.004499938847038221,0.0008666427740773634,0.005366581621115585,1.1854586005210874,-2.3999704087659532,0.0074144082207969145,0.4131214596881727,0.8682371377944946,-0.15710386633872986,False,False,False,-0.7563573507872179,False
pirl,3,5,0,0.4109343514890105,200,-142.97398907435777,0.3745119197952079,74.90238395904159,0.4154299737124906,0.13120526446979486,1,0,1,0.005,0.0,0.005,99,0.310983806848526,-0.9799854755401611,0.12390097230672836,-0.04316677525639534,0.04936613887548447,-0.10000000149011612,0.7506412135505429,0.004306487056843139,0.0008532692316047853,0.005159756288447924,1.184787333011627,-2.399971682426723,0.007150093308063768,0.413151251743623,0.8659008741378784,-0.1567377746105194,False,False,False,-0.7539920144280996,False
pirl,3,5,0,0.4109343514890105,200,-142.97398907435777,0.3745119197952079,74.90238395904159,0.4154299737124906,0.13120526446979486,1,0,1,0.005,0.0,0.005,100,0.3159204125404358,-0.9899853467941284,0.12390097230672836,-0.04316677525639534,0.04933903366327286,-0.10000000149011612,0.7482544305916593,0.004085894059767951,0.0008379066596962986,0.004923800719464249,1.1841368079185486,-2.3999731347815745,0.006849211022152664,0.413179790122882,0.8635426163673401,-0.15636980533599854,False,False,False,-0.7516046356506042,False
pirl,3,5,0,0.4109343514890105,200,-142.97398907435777,0.3745119197952079,74.90238395904159,0.4154299737124906,0.13120526446979486,1,0,1,0.005,0.0,0.005,101,0.3208543360233307,-0.9999852180480957,0.12390097230672836,-0.04316677525639534,0.04931227117776871,-0.10000000149011612,0.7458456725829661,0.003999338393011848,0.0008312565929765687,0.0048305949859884165,1.1834945082664488,-2.399973704652533,0.006728188989791504,0.41320782424367275,0.8611624240875244,-0.15599989891052246,False,False,False,-0.7491954292670004,False
pirl,3,5,0,0.4109343514890105,200,-142.97398907435777,0.3745119197952079,74.90238395904159,0.4154299737124906,0.13120526446979486,1,0,1,0.005,0.0,0.005,102,0.3257855474948883,-1.009985089302063,0.12390097230672836,-0.04316677525639534,0.049286432564258575,-0.10000000149011612,0.7434149893954383,0.003763809182104182,0.0008154029314481994,0.004579212113552381,1.1828743815422056,-2.399975255345425,0.00640906031713616,0.4132345286616608,0.8587603569030762,-0.1556279957294464,False,False,False,-0.7467641520443985,False
pirl,3,5,0,0.4109343514890105,200,-142.97398907435777,0.3745119197952079,74.90238395904159,0.4154299737124906,0.13120526446979486,1,0,1,0.005,0.0,0.005,103,0.3307141959667206,-1.0199850797653198,0.12390097230672836,-0.04316677525639534,0.04926127940416336,-0.10000000149011612,0.7409623764982364,0.003588819097396533,0.0008028462114376695,0.0043916653088342025,1.1822707056999207,-2.3999764074567893,0.006169767653174824,0.4132602360268824,0.8563364148139954,-0.155254065990448,False,False,False,-0.744311017888887,False
pirl,3,5,0,0.4109343514890105,200,-142.97398907435777,0.3745119197952079,74.90238395904159,0.4154299737124906,0.13120526446979486,1,0,1,0.005,0.0,0.005,104,0.3356403112411499,-1.029984951019287,0.12390097230672836,-0.04316677525639534,0.04923681169748306,-0.10000000149011612,0.7384879835829338,0.0034140600932693363,0.0007905845282711947,0.004204644621540531,1.1816834807395933,-2.399977558046751,0.005931723540058494,0.41328495154163264,0.8538907766342163,-0.1548779308795929,False,False,False,-0.7418361136291237,False
pirl,3,5,0,0.4109343514890105,200,-142.97398907435777,0.3745119197952079,74.90238395904159,0.4154299737124906,0.13120526446979486,1,0,1,0.005,0.0,0.005,105,0.3405640125274658,-1.0399848222732544,0.12390097230672836,-0.04316677525639534,0.049212731420993805,-0.10000000149011612,0.7359918627978072,0.003097223573254514,0.0007833779904299318,0.0038806015636844455,1.1811273858932687,-2.4000000357627864,0.005538322787652729,0.4133080278865812,0.8514235019683838,-0.15449954569339752,False,False,False,-0.7393393498415839,False
pirl,3,5,0,0.4109343514890105,200,-142.97398907435777,0.3745119197952079,74.90238395904159,0.4154299737124906,0.13120526446979486,1,0,1,0.005,0.0,0.005,106,0.3454853594303131,-1.0499848127365112,0.12390097230672836,-0.04316677525639534,0.04918942600488663,-0.10000000149011612,0.7334740775663545,0.0031159527442358526,0.0007688803620827648,0.0038848331063186174,1.18056818792536,-2.400000035762787,0.005523907581419513,0.41333104416817046,0.8489346504211426,-0.15411894023418427,False,False,False,-0.7368212601641198,False
pirl,3,5,0,0.4109343514890105,200,-142.97398907435777,0.3745119197952079,74.90238395904159,0.4154299737124906,0.13120526446979486,1,0,1,0.005,0.0,0.005,107,0.35040441155433655,-1.059984803199768,0.12390097230672836,-0.04316677525639534,0.049166686832904816,-0.10000000149011612,0.730934616619147,0.0029833444015669687,0.0007595904294077471,0.003742934830974716,1.18002151306469,-2.4000000357627864,0.00534342763247379,0.4133533084499724,0.8464242219924927,-0.15373603999614716,False,False,False,-0.734281356240675,False
pirl,3,5,0,0.4109343514890105,200,-142.97398907435777,0.3745119197952079,74.90238395904159,0.4154299737124906,0.13120526446979486,1,0,1,0.005,0.0,0.005,108,0.35532116889953613,-1.069984793663025,0.12390097230672836,-0.04316677525639534,0.04914481192827225,-0.10000000149011612,0.7283736818238133,0.0027683379411956575,0.0007444798900695276,0.003512817831265185,1.1794949998104243,-2.4000000357627864,0.005051992522217304,0.413374358418815,0.8438924551010132,-0.1533506214618683,False,False,False,-0.7317199018732854,False
pirl,3,5,0,0.4109343514890105,200,-142.97398907435777,0.3745119197952079,74.90238395904159,0.4154299737124906,0.13120526446979486,1,0,1,0.005,0.0,0.005,109,0.36023572087287903,-1.0799847841262817,0.12390097230672836,-0.04316677525639534,0.04912356287240982,-0.10000000149011612,0.7257912277930962,0.002604760092666351,0.0007329986859271125,0.0033377587785934637,1.1789838694379682,-2.400000035762787,0.004830167005448521,0.413394484114671,0.8413392901420593,-0.15296277403831482,False,False,False,-0.7291369918221213,False
pirl,3,5,0,0.4109343514890105,200,-142.97398907435777,0.3745119197952079,74.90238395904159,0.4154299737124906,0.13120526446979486,1,0,1,0.005,0.0,0.005,110,0.3651481568813324,-1.0899848937988281,0.12390097230672836,-0.04316677525639534,0.0491032674908638,-0.10000000149011612,0.7231873520856239,0.0023659263544631853,0.0007162008631579292,0.0030821272176211143,1.1784950967834487,-2.400000035762787,0.004507114705277973,0.41341326375927634,0.8387648463249207,-0.152572363615036,False,False,False,-0.7265325920386692,False
pirl,3,5,0,0.4109343514890105,200,-142.97398907435777,0.3745119197952079,74.90238395904159,0.4154299737124906,0.13120526446979486,1,0,1,0.005,0.0,0.005,111,0.370058536529541,-1.099984884262085,0.12390097230672836,-0.04316677525639534,0.04908335953950882,-0.10000000149011612,0.7205621612769518,0.0022578432777203864,0.0007086338605833129,0.0029664771383036996,1.1780165440921497,-2.400000035762787,0.004360498025864534,0.4134314325010508,0.8361692428588867,-0.1521793156862259,False,False,False,-0.7239070222763994,False
pirl,3,5,0,0.4109343514890105,200,-142.97398907435777,0.3745119197952079,74.90238395904159,0.4154299737124906,0.13120526446979486,1,0,1,0.005,0.0,0.005,112,0.37496694922447205,-1.1099848747253418,0.12390097230672836,-0.04316677525639534,0.049064166843891144,-0.10000000149011612,0.717915653123128,0.0020801266995867083,0.0006961479764523225,0.0027762746760390308,1.1775546667041255,-2.400000035762787,0.004120218070815944,0.4134486000763459,0.8335524797439575,-0.15178361535072327,False,False,False,-0.7212600704513614,False
pirl,3,5,0,0.4109343514890105,200,-142.97398907435777,0.3745119197952079,74.90238395904159,0.4154299737124906,0.13120526446979486,1,0,1,0.005,0.0,0.005,113,0.3798734247684479,-1.1199848651885986,0.12390097230672836,-0.04316677525639534,0.04904551059007645,-0.10000000149011612,0.7152479953730272,0.0019404221350682424,0.0006863443658770491,0.0026267665009452913,1.1771059318594344,-2.4000000357627873,0.003931308908150682,0.4134649805301298,0.8309147357940674,-0.15138520300388336,False,False,False,-0.7185920164298562,False
pirl,3,5,0,0.4109343514890105,200,-142.97398907435777,0.3745119197952079,74.90238395904159,0.4154299737124906,0.13120526446979486,1,0,1,0.005,0.0,0.005,114,0.3847780227661133,-1.1299848556518555,0.12390097230672836,-0.04316677525639534,0.04902771860361099,-0.10000000149011612,0.7125591722551018,0.0017245232196880461,0.0006711581312310704,0.0023956813509191164,1.1766774023504194,-2.400000035762787,0.0036399870413925664,0.4134801471428023,0.8282560110092163,-0.15098397433757782,False,False,False,-0.7159027273099745,False
pirl,3,5,0,0.4109343514890105,200,-142.97398907435777,0.3745119197952079,74.90238395904159,0.4154299737124906,0.13120526446979486,1,0,1,0.005,0.0,0.005,115,0.3896808624267578,-1.1399848461151123,0.12390097230672836,-0.04316677525639534,0.049010343849658966,-0.10000000149011612,0.7098492336782065,0.0016106532756681525,0.0006631746174763144,0.0022738278931444668,1.176259605606172,-2.400000035762787,0.0034861654924658375,0.41349467283235425,0.8255763649940491,-0.15057986974716187,False,False,False,-0.7131924375507508,False
pirl,3,5,0,0.4109343514890105,200,-142.97398907435777,0.3745119197952079,74.90238395904159,0.4154299737124906,0.13120526446979486,1,0,1,0.005,0.0,0.005,116,0.39458194375038147,-1.1499848365783691,0.12390097230672836,-0.04316677525639534,0.04899383336305618,-0.10000000149011612,0.7071183496409432,0.0013964554398277018,0.0006481044571525056,0.0020445598969802076,1.1758618440844748,-2.4000000357627864,0.0031974893890016325,0.4135079957048084,0.8228759765625,-0.15017284452915192,False,False,False,-0.7104611060924914,False
pirl,3,5,0,0.4109343514890105,200,-142.97398907435777,0.3745119197952079,74.90238395904159,0.4154299737124906,0.13120526446979486,1,0,1,0.005,0.0,0.005,117,0.3994813561439514,-1.159984827041626,0.12390097230672836,-0.04316677525639534,0.0489777997136116,-0.10000000149011612,0.7043664544672751,0.0012682509253378422,0.0006391045713521813,0.0019073554966900236,1.175476132806516,-2.4000000357627873,0.0030246496872458084,0.4135205984118386,0.8201547861099243,-0.1497628539800644,False,False,False,-0.7077088622669455,False
pirl,3,5,0,0.4109343514890105,200,-142.97398907435777,0.3745119197952079,74.90238395904159,0.4154299737124906,0.13120526446979486,1,0,1,0.005,0.0,0.005,118,0.4043791890144348,-1.1699848175048828,0.12390097230672836,-0.04316677525639534,0.048962630331516266,-0.10000000149011612,0.7015937113867463,0.00105291294121693,0.0006239496506182525,0.0016768625918351823,1.1751105497562908,-2.4000000357627873,0.0027347682889969243,0.4135319932797094,0.8174129724502563,-0.14934980869293213,False,False,False,-0.7049356884219055,False
pirl,3,5,0,0.4109343514890105,200,-142.97398907435777,0.3745119197952079,74.90238395904159,0.4154299737124906,0.13120526446979486,1,0,1,0.005,0.0,0.005,119,0.40927547216415405,-1.1799848079681396,0.12390097230672836,-0.04316677525639534,0.04894796758890152,-0.10000000149011612,0.6988002201960101,0.0009173337458471434,0.0006144246878655458,0.0015317584337126893,1.174757688259407,-2.400000035762787,0.0025522641434845817,0.4135426277136406,0.8146506547927856,-0.14893358945846558,False,False,False,-0.7021418587844447,False
pirl,3,5,0,0.4109343514890105,200,-142.97398907435777,0.3745119197952079,74.90238395904159,0.4154299737124906,0.13120526446979486,1,0,1,0.005,0.0,0.005,120,0.4141702950000763,-1.1899847984313965,0.12390097230672836,-0.04316677525639534,0.04893384128808975,-0.10000000149011612,0.695986001194396,0.0007801705024629986,0.0006047861723207697,0.0013849566747837683,1.1744176902001164,-2.4000000357627864,0.0023677328746635447,0.413552493267285,0.8118678331375122,-0.14851433038711548,False,False,False,-0.6993273067910626,False
pirl,3,5,0,0.4109343514890105,200,-142.97398907435777,0.3745119197952079,74.90238395904159,0.4154299737124906,0.13120526446979486,1,0,1,0.005,0.0,0.005,121,0.4190637171268463,-1.1999847888946533,0.12390097230672836,-0.04316677525639534,0.0489204004406929,-0.10000000149011612,0.6931511406420585,0.0006070140472240789,0.0005926040700862361,0.001199618117310315,1.174093889312904,-2.400000035762787,0.0021349412729730253,0.41356138885592236,0.8090646266937256,-0.14809182286262512,False,False,False,-0.6964920836508551,False
pirl,3,5,0,0.4109343514890105,200,-142.97398907435777,0.3745119197952079,74.90238395904159,0.4154299737124906,0.13120526446979486,1,0,1,0.005,0.0,0.005,122,0.4239557683467865,-1.2099847793579102,0.12390097230672836,-0.04316677525639534,0.04890770465135574,-0.10000000149011612,0.6902957338137209,0.0004169192485814932,0.0005792235948849649,0.0009961428434664581,1.173787850423692,-2.4000000357627864,0.001879511397031297,0.41356922015340997,0.8062411546707153,-0.14766591787338257,False,False,False,-0.6936363059326976,False
pirl,3,5,0,0.4109343514890105,200,-142.97398907435777,0.3745119197952079,74.90238395904159,0.4154299737124906,0.13120526446979486,1,0,1,0.005,0.0,0.005,123,0.428846538066864,-1.2199848890304565,0.12390097230672836,-0.04316677525639534,0.04889575392007828,-0.10000000149011612,0.6874197488554254,0.00022555765192847974,0.0005657512672750465,0.0007913089192035262,1.173499683998474,-2.400000035762787,0.0016224948949544623,0.4135759805488056,0.8033973574638367,-0.14723679423332214,False,False,False,-0.6907599585606984,False
pirl,3,5,0,0.4109343514890105,200,-142.97398907435777,0.3745119197952079,74.90238395904159,0.4154299737124906,0.13120526446979486,1,0,1,0.005,0.0,0.005,124,0.433736115694046,-1.2299848794937134,0.12390097230672836,-0.04316677525639534,0.04888419061899185,-0.10000000149011612,0.6845233331889767,0.0001200279083102117,0.000558338060137124,0.0006783659684473358,1.1732214209116207,-2.4000000357627873,0.0014808306774335793,0.41358215067662824,0.8005334138870239,-0.14680425822734833,False,False,False,-0.6878632777359373,False
pirl,3,5,0,0.4109343514890105,200,-142.97398907435777,0.3745119197952079,74.90238395904159,0.4154299737124906,0.13120526446979486,1,0,1,0.005,0.0,0.005,125,0.4386245608329773,-1.2399848699569702,0.12390097230672836,-0.04316677525639534,0.048873044550418854,-0.10000000149011612,0.681606663558935,1.335428010160415e-05,0.0005508427451883209,0.0005641970252899251,1.1729531633420467,-2.400000035762787,0.0013376865532409743,0.4135877243706001,0.7976495027542114,-0.14636830985546112,False,False,False,-0.6849463470860089,False
pirl,3,5,0,0.4109343514890105,200,-142.97398907435777,0.3745119197952079,74.90238395904159,0.4154299737124906,0.13120526446979486,1,0,1,0.005,0.0,0.005,126,0.44351184368133545,-1.249984860420227,0.12390097230672836,-0.04316677525639534,0.04886279255151749,-0.10000000149011612,0.6786696085845921,0.00020809634533072155,0.000535240421196076,0.0007433367665267976,1.1727055544015328,-2.400000035762787,0.0015286127700322681,0.4135940935904752,0.7947455048561096,-0.14592885971069336,False,False,False,-0.6820093362468868,False
pirl,3,5,0,0.4109343514890105,200,-142.97398907435777,0.3745119197952079,74.90238395904159,0.4154299737124906,0.13120526446979486,1,0,1,0.005,0.0,0.005,127,0.4483981430530548,-1.2599848508834839,0.12390097230672836,-0.04316677525639534,0.04885292798280716,-0.10000000149011612,0.6757123450086434,0.00031591213869916425,0.0005276602981357999,0.0008435724368349642,1.1724680447777391,-2.4000000357627864,0.0016367816219786853,0.41360091351390016,0.7918215990066528,-0.14548590779304504,False,False,False,-0.6790520428194712,False
pirl,3,5,0,0.4109343514890105,200,-142.97398907435777,0.3745119197952079,74.90238395904159,0.4154299737124906,0.13120526446979486,1,0,1,0.005,0.0,0.005,128,0.453283429145813,-1.2699848413467407,0.12390097230672836,-0.04316677525639534,0.04884377866983414,-0.10000000149011612,0.6727350315217692,0.0004945693469394295,0.0005150759203161143,0.0010096452672555436,1.172247201942849,-2.4000000357627864,0.0018159397602956727,0.41360847992956806,0.7888779640197754,-0.14503933489322662,False,False,False,-0.6760747751530566,False
pirl,3,5,0,0.4109343514890105,200,-142.97398907435777,0.3745119197952079,74.90238395904159,0.4154299737124906,0.13120526446979486,1,0,1,0.005,0.0,0.005,129,0.45816779136657715,-1.2799848318099976,0.12390097230672836,-0.04316677525639534,0.048835135996341705,-0.10000000149011612,0.6697376159654451,0.0006281333999669389,0.0005056737990294758,0.0011338071989964147,1.1720388363092873,-2.4000000357627873,0.0019498138748992935,0.41361660415404683,0.7859145402908325,-0.14458918571472168,False,False,False,-0.673077369764781,False
pirl,3,5,0,0.4109343514890105,200,-142.97398907435777,0.3745119197952079,74.90238395904159,0.4154299737124906,0.13120526446979486,1,0,1,0.005,0.0,0.005,130,0.4630512595176697,-1.2899848222732544,0.12390097230672836,-0.04316677525639534,0.04882732778787613,-0.10000000149011612,0.6667202480026523,0.0008373887489977638,0.0004909245867472416,0.0013283133357450054,1.1718499643016136,-2.4000000357627873,0.002159513001369814,0.41362560212488586,0.7829315066337585,-0.1441352814435959,False,False,False,-0.6700600937136302,False
pirl,3,5,0,0.4109343514890105,200,-142.97398907435777,0.3745119197952079,74.90238395904159,0.4154299737124906,0.13120526446979486,1,0,1,0.005,0.0,0.005,131,0.4679339826107025,-1.2999848127365112,0.12390097230672836,-0.04316677525639534,0.04881981760263443,-0.10000000149011612,0.6636829434201943,0.0009230783221473443,0.00048489905041494897,0.0014079773725622932,1.1716691158449382,-2.4000000357627864,0.0022453000999032267,0.4136349575419688,0.7799288630485535,-0.1436777263879776,False,False,False,-0.6670227697769929,False
pirl,3,5,0,0.4109343514890105,200,-142.97398907435777,0.3745119197952079,74.90238395904159,0.4154299737124906,0.13120526446979486,1,0,1,0.005,0.0,0.005,132,0.47281593084335327,-1.309984803199768,0.12390097230672836,-0.04316677525639534,0.048813022673130035,-0.10000000149011612,0.6606259107988626,0.0011003977829267249,0.0004724014296147777,0.0015727992125415026,1.1715047876428435,-2.4000000357627873,0.002422884718980087,0.4136450528949645,0.7769068479537964,-0.1432163417339325,False,False,False,-0.663965812570534,False
pirl,3,5,0,0.4109343514890105,200,-142.97398907435777,0.3745119197952079,74.90238395904159,0.4154299737124906,0.13120526446979486,1,0,1,0.005,0.0,0.005,133,0.4776971936225891,-1.319984793663025,0.12390097230672836,-0.04316677525639534,0.04880673438310623,-0.10000000149011612,0.6575489280045296,0.0012340915574489545,0.0004629824381770523,0.0016970739956260069,1.1713529262981441,-2.400000035762787,0.002556714625320135,0.41365570587257,0.7738652229309082,-0.14275121688842773,False,False,False,-0.6608888713495394,False
pirl,3,5,0,0.4109343514890105,200,-142.97398907435777,0.3745119197952079,74.90238395904159,0.4154299737124906,0.13120526446979486,1,0,1,0.005,0.0,0.005,134,0.4825778305530548,-1.3299847841262817,0.12390097230672836,-0.04316677525639534,0.04880095273256302,-0.10000000149011612,0.6544524959505909,0.0013647538786540413,0.0004537758254706196,0.0018185297041246609,1.171213245669168,-2.400000035762787,0.002687479817115761,0.4136669037051413,0.7708045244216919,-0.1422821581363678,False,False,False,-0.6577924845318697,False
pirl,3,5,0,0.4109343514890105,200,-142.97398907435777,0.3745119197952079,74.90238395904159,0.4154299737124906,0.13120526446979486,1,0,1,0.005,0.0,0.005,135,0.48745790123939514,-1.3399848937988281,0.12390097230672836,-0.04316677525639534,0.04879603534936905,-0.10000000149011612,0.6513363335922395,0.001581242734605258,0.00043850638870047845,0.0020197491233057367,1.1710937024802803,-2.400000035762787,0.002904198757152274,0.4136790045332961,0.7677244544029236,-0.14180925488471985,False,False,False,-0.6546764587964038,False
pirl,3,5,0,0.4109343514890105,200,-142.97398907435777,0.3745119197952079,74.90238395904159,0.4154299737124906,0.13120526446979486,1,0,1,0.005,0.0,0.005,136,0.4923374652862549,-1.349984884262085,0.12390097230672836,-0.04316677525639534,0.04879123717546463,-0.10000000149011612,0.6482007197224411,0.0016247218797013447,0.00043545230529493697,0.002060174184996282,1.1709782398296553,-2.400000035762787,0.0029475995151862465,0.4136912861979427,0.7646253108978271,-0.14133240282535553,False,False,False,-0.6515408223197552,False
pirl,3,5,0,0.4109343514890105,200,-142.97398907435777,0.3745119197952079,74.90238395904159,0.4154299737124906,0.13120526446979486,1,0,1,0.005,0.0,0.005,137,0.49721652269363403,-1.3599848747253418,0.12390097230672836,-0.04316677525639534,0.048787154257297516,-0.10000000149011612,0.6450456044599245,0.0017993196339599587,0.0004231379376021762,0.002222457571562135,1.170879019084489,-2.4000000357627864,0.0031223166734083126,0.4137042958507486,0.7615070343017578,-0.14085166156291962,False,False,False,-0.6483858156964448,False
pirl,3,5,0,0.4109343514890105,200,-142.97398907435777,0.3745119197952079,74.90238395904159,0.4154299737124906,0.13120526446979486,1,0,1,0.005,0.0,0.005,138,0.5020952224731445,-1.3699848651885986,0.12390097230672836,-0.04316677525639534,0.04878348857164383,-0.10000000149011612,0.64187130973019,0.0019115812074071818,0.00041522358062003544,0.0023268047880272173,1.170790251316527,-2.400000035762787,0.0032345972505698423,0.4137177733392926,0.7583699822425842,-0.1403668224811554,False,False,False,-0.6452115770341647,False
pirl,3,5,0,0.4109343514890105,200,-142.97398907435777,0.3745119197952079,74.90238395904159,0.4154299737124906,0.13120526446979486,1,0,1,0.005,0.0,0.005,139,0.5069735050201416,-1.3799848556518555,0.12390097230672836,-0.04316677525639534,0.04878053814172745,-0.10000000149011612,0.6386776134262365,0.0020911422308998937,0.00040255503222185135,0.002493697263121745,1.1707181753041596,-2.400000035762787,0.003414270308589526,0.41373199946557837,0.7552139163017273,-0.13987797498703003,False,False,False,-0.6420180087306554,False
pirl,3,5,0,0.4109343514890105,200,-142.97398907435777,0.3745119197952079,74.90238395904159,0.4154299737124906,0.13120526446979486,1,0,1,0.005,0.0,0.005,140,0.5118514895439148,-1.3899848461151123,0.12390097230672836,-0.04316677525639534,0.048778094351291656,-0.10000000149011612,0.6354648465177153,0.0022253599519140624,0.0003930863754934874,0.00261844632740755,1.1706585782563663,-2.400000035762787,0.003548544032658606,0.41374678506571444,0.7520391941070557,-0.13938497006893158,False,False,False,-0.6388053346082078,False
pirl,3,5,0,0.4109343514890105,200,-142.97398907435777,0.3745119197952079,74.90238395904159,0.4154299737124906,0.13120526446979486,1,0,1,0.005,0.0,0.005,141,0.5167292356491089,-1.3999848365783691,0.12390097230672836,-0.04316677525639534,0.048776037991046906,-0.10000000149011612,0.6322328049603438,0.002327760814585879,0.0003858629388139457,0.002713623753399825,1.1706085038046503,-2.4000000357627873,0.003650967671330474,0.41376199743101166,0.7488455772399902,-0.13888801634311676,False,False,False,-0.6355733609591373,False
pirl,3,5,0,0.4109343514890105,200,-142.97398907435777,0.3745119197952079,74.90238395904159,0.4154299737124906,0.13120526446979486,1,0,1,0.005,0.0,0.005,142,0.5216067433357239,-1.409984827041626,0.12390097230672836,-0.04316677525639534,0.04877466708421707,-0.10000000149011612,0.6289818561000624,0.002499612735016225,0.0003737334873034523,0.002873346222319677,1.1705743906864843,-2.400000035762787,0.0038229430371378307,0.41377792636033306,0.7456334829330444,-0.1383868157863617,False,False,False,-0.6323225537164139,False
pirl,3,5,0,0.4109343514890105,200,-142.97398907435777,0.3745119197952079,74.90238395904159,0.4154299737124906,0.13120526446979486,1,0,1,0.005,0.0,0.005,143,0.5264841318130493,-1.4199848175048828,0.12390097230672836,-0.04316677525639534,0.04877377301454544,-0.10000000149011612,0.6257120090221807,0.002626270396962518,0.0003647934997001694,0.002991063896662687,1.1705520402265706,-2.400000035762787,0.00394969058367756,0.4137943834044317,0.7424029111862183,-0.13788142800331116,False,False,False,-0.6290528127333008,False
pirl,3,5,0,0.4109343514890105,200,-142.97398907435777,0.3745119197952079,74.90238395904159,0.4154299737124906,0.13120526446979486,1,0,1,0.005,0.0,0.005,144,0.53136146068573,-1.4299848079681396,0.12390097230672836,-0.04316677525639534,0.04877317696809769,-0.10000000149011612,0.6224231572376344,0.0027067868268296686,0.0003591104305761646,0.0030658972574058333,1.1705371675655365,-2.4000000357627873,0.004030259631706491,0.41381117615289714,0.7391537427902222,-0.13737192749977112,False,False,False,-0.6257640279590057,False
pirl,3,5,0,0.4109343514890105,200,-142.97398907435777,0.3745119197952079,74.90238395904159,0.4154299737124906,0.13120526446979486,1,0,1,0.005,0.0,0.005,145,0.5362386703491211,-1.4399847984313965,0.12390097230672836,-0.04316677525639534,0.04877329617738724,-0.10000000149011612,0.6191156317801273,0.0028843987161485084,0.00034656935189726574,0.003230968068045774,1.1705387766332187,-2.4000000357627873,0.004208067001470625,0.41382870976540326,0.7358863353729248,-0.13685816526412964,False,False,False,-0.6224566691369312,False
pirl,3,5,0,0.4109343514890105,200,-142.97398907435777,0.3745119197952079,74.90238395904159,0.4154299737124906,0.13120526446979486,1,0,1,0.005,0.0,0.005,146,0.541115939617157,-1.4499847888946533,0.12390097230672836,-0.04316677525639534,0.048773713409900665,-0.10000000149011612,0.615789428238676,0.0029686084899077036,0.0003406221514625693,0.0033092306413702727,1.1705481966335158,-2.4000000357627873,0.004292392490064171,0.41384659473411184,0.7326006889343262,-0.13634011149406433,False,False,False,-0.6191305494459887,False
pirl,3,5,0,0.4109343514890105,200,-142.97398907435777,0.3745119197952079,74.90238395904159,0.4154299737124906,0.13120526446979486,1,0,1,0.005,0.0,0.005,147,0.5459932088851929,-1.4599848985671997,0.12390097230672836,-0.04316677525639534,0.04877496510744095,-0.10000000149011612,0.6124446465297451,0.0033994802767356043,0.00032602821963481686,0.003725508496370421,1.170599162578583,-2.400022417487257,0.004761903801006127,0.4138664359999494,0.7292969226837158,-0.13581764698028564,False,False,False,-0.6157862003316842,False
pirl,3,5,0,0.4109343514890105,200,-142.97398907435777,0.3745119197952079,74.90238395904159,0.4154299737124906,0.13120526446979486,1,0,1,0.005,0.0,0.005,148,0.5508707165718079,-1.4699848890304565,0.12390097230672836,-0.04316677525639534,0.04877597838640213,-0.10000000149011612,0.609081223045819,0.0029242959341095305,0.0003279163871372171,0.0032522123212467475,1.170602868421037,-2.400000035762787,0.0042101885494371175,0.4138839784522387,0.7259749174118042,-0.13529112935066223,False,False,False,-0.612422316962628,False
pirl,3,5,0,0.4109343514890105,200,-142.97398907435777,0.3745119197952079,74.90238395904159,0.4154299737124906,0.13120526446979486,1,0,1,0.005,0.0,0.005,149,0.5557482242584229,-1.4799848794937134,0.12390097230672836,-0.04316677525639534,0.048778124153614044,-0.10000000149011612,0.6056994303004505,0.003626524704293714,0.0003110442287256758,0.00393756893301939,1.170674979686737,-2.4000239123174674,0.004991995321262459,0.4139047784327439,0.72263503074646,-0.1347600221633911,False,False,False,-0.609041237737066,False
pirl,3,5,0,0.4109343514890105,200,-142.97398907435777,0.3745119197952079,74.90238395904159,0.4154299737124906,0.13120526446979486,1,0,1,0.005,0.0,0.005,150,0.5606260299682617,-1.4899849891662598,0.12390097230672836,-0.04316677525639534,0.048780329525470734,-0.10000000149011612,0.6022993180464178,0.003439149831231595,0.0003065101533558928,0.003745659984587488,1.1707279086112976,-2.400022678666309,0.004761940008614293,0.4139246198494465,0.7192772626876831,-0.13422465324401855,False,False,False,-0.6056409626313491,False
pirl,3,5,0,0.4109343514890105,200,-142.97398907435777,0.3745119197952079,74.90238395904159,0.4154299737124906,0.13120526446979486,1,0,1,0.005,0.0,0.005,151,0.5655040740966797,-1.4999850988388062,0.12390097230672836,-0.04316677525639534,0.048783160746097565,-0.10000000149011612,0.598880877448989,0.003599554424106098,0.0002967944995092611,0.003896348923615359,1.1707958579063418,-2.4000237347487428,0.004926657253216968,0.4139451475880016,0.7159016132354736,-0.13368496298789978,False,False,False,-0.6022227098267507,False
pirl,3,5,0,0.4109343514890105,200,-142.97398907435777,0.3745119197952079,74.90238395904159,0.4154299737124906,0.13120526446979486,1,0,1,0.005,0.0,0.005,152,0.5703824162483215,-1.5099852085113525,0.12390097230672836,-0.04316677525639534,0.04878628998994827,-0.10000000149011612,0.5954443218701372,0.003677363125139154,0.00029090587677655153,0.003968269001915705,1.1708709597587585,-2.4000242470308457,0.00500389884958064,0.41396599716654153,0.7125083208084106,-0.13314080238342285,False,False,False,-0.5987862675186996,False
pirl,3,5,0,0.4109343514890105,200,-142.97398907435777,0.3745119197952079,74.90238395904159,0.4154299737124906,0.13120526446979486,1,0,1,0.005,0.0,0.005,153,0.5752609968185425,-1.519985318183899,0.12390097230672836,-0.04316677525639534,0.048790253698825836,-0.10000000149011612,0.5919896605529811,0.003892888257773797,0.0002763166677467174,0.0041692049255205145,1.17096608877182,-2.4000256660195567,0.005221607231772248,0.4139877538633406,0.7090973854064941,-0.13259223103523254,False,False,False,-0.5953318592170255,False
pirl,3,5,0,0.4109343514890105,200,-142.97398907435777,0.3745119197952079,74.90238395904159,0.4154299737124906,0.13120526446979486,1,0,1,0.005,0.0,0.005,154,0.5801400542259216,-1.5299854278564453,0.12390097230672836,-0.04316677525639534,0.04879412800073624,-0.10000000149011612,0.5885169571712336,0.0038713497126210837,0.000276720889764336,0.0041480706023854196,1.1710590720176697,-2.40002552421265,0.00519771640043516,0.41400941101500904,0.7056688666343689,-0.13203927874565125,False,False,False,-0.5918591856629261,False
pirl,3,5,0,0.4109343514890105,200,-142.97398907435777,0.3745119197952079,74.90238395904159,0.4154299737124906,0.13120526446979486,1,0,1,0.005,0.0,0.005,155,0.5850194692611694,-1.5399855375289917,0.12390097230672836,-0.04316677525639534,0.048798806965351105,-0.10000000149011612,0.5850263752626852,0.00407878342023857,0.0002631254821057568,0.004341908902344327,1.1711713671684265,-2.400026889928498,0.0054084625871439335,0.4140319462757888,0.7022229433059692,-0.1314818561077118,False,False,False,-0.5883688592834849,False
pirl,3,5,0,0.4109343514890105,200,-142.97398907435777,0.3745119197952079,74.90238395904159,0.4154299737124906,0.13120526446979486,1,0,1,0.005,0.0,0.005,156,0.5898993611335754,-1.549985647201538,0.12390097230672836,-0.04316677525639534,0.04880378395318985,-0.10000000149011612,0.5815179785571475,0.004157014674711764,0.00025698393758655875,0.004413998612298323,1.1712908148765566,-2.400027404992638,0.005485841598647605,0.41405480394911653,0.6987596750259399,-0.13091999292373657,False,False,False,-0.5848605999347433,False
pirl,3,5,0,0.4109343514890105,200,-142.97398907435777,0.3745119197952079,74.90238395904159,0.4154299737124906,0.13120526446979486,1,0,1,0.005,0.0,0.005,157,0.5947797298431396,-1.5599857568740845,0.12390097230672836,-0.04316677525639534,0.0488092377781868,-0.10000000149011612,0.5779918218129988,0.004280664881026393,0.0002484469819142524,0.004529111862940646,1.1714217066764832,-2.400028219089094,0.005610743528183746,0.41407818204715063,0.6952791213989258,-0.1303536593914032,False,False,False,-0.5813346300529364,False
pirl,3,5,0,0.4109343514890105,200,-142.97398907435777,0.3745119197952079,74.90238395904159,0.4154299737124906,0.13120526446979486,1,0,1,0.005,0.0,0.005,158,0.5996606349945068,-1.5699858665466309,0.12390097230672836,-0.04316677525639534,0.04881519824266434,-0.10000000149011612,0.5744481276056183,0.004412262145205594,0.0002391727925441515,0.004651434937749745,1.171564757823944,-2.400029085507919,0.0057432724901716635,0.41410211234919303,0.6917815208435059,-0.1297827661037445,False,False,False,-0.5777911368467618,False
pirl,3,5,0,0.4109343514890105,200,-142.97398907435777,0.3745119197952079,74.90238395904159,0.4154299737124906,0.13120526446979486,1,0,1,0.005,0.0,0.005,159,0.6045421361923218,-1.5799859762191772,0.12390097230672836,-0.04316677525639534,0.04882148653268814,-0.10000000149011612,0.5708867874861676,0.004497918038350267,0.0002328903530187923,0.004730808391369059,1.1717156767845152,-2.400029649454889,0.005829224830743979,0.4141264007859878,0.6882667541503906,-0.12920737266540527,False,False,False,-0.5742299588022094,False
pirl,3,5,0,0.4109343514890105,200,-142.97398907435777,0.3745119197952079,74.90238395904159,0.4154299737124906,0.13120526446979486,1,0,1,0.005,0.0,0.005,160,0.6094242930412292,-1.5899860858917236,0.12390097230672836,-0.04316677525639534,0.04882798343896866,-0.10000000149011612,0.5673080375820284,0.00455268995514152,0.00022885791595763283,0.004781547871099153,1.171871602535248,-2.4000300100658793,0.005884433939917273,0.41415091926073744,0.6847350597381592,-0.1286274790763855,False,False,False,-0.5706513450212035,False
pirl,3,5,0,0.4109343514890105,200,-142.97398907435777,0.3745119197952079,74.90238395904159,0.4154299737124906,0.13120526446979486,1,0,1,0.005,0.0,0.005,161,0.6143071055412292,-1.5999863147735596,0.12390097230672836,-0.04316677525639534,0.048835285007953644,-0.10000000149011612,0.5637118693863764,0.00476077119289488,0.00021485589512048957,0.00497562708801537,1.1720468401908872,-2.40003138004498,0.006095507723981073,0.41417631720958736,0.6811864376068115,-0.1280430257320404,False,False,False,-0.5670554670172582,False
pirl,3,5,0,0.4109343514890105,200,-142.97398907435777,0.3745119197952079,74.90238395904159,0.4154299737124906,0.13120526446979486,1,0,1,0.005,0.0,0.005,162,0.6191906332969666,-1.609986424446106,0.12390097230672836,-0.04316677525639534,0.04884261637926102,-0.10000000149011612,0.5600984147193583,0.004770223999274855,0.00021323953196590942,0.0049834635312407645,1.1722227931022644,-2.4000314422809956,0.006103546881608891,0.4142017486549274,0.6776210069656372,-0.12745410203933716,False,False,False,-0.5634421167462078,False
pirl,3,5,0,0.4109343514890105,200,-142.97398907435777,0.3745119197952079,74.90238395904159,0.4154299737124906,0.13120526446979486,1,0,1,0.005,0.0,0.005,163,0.6240748763084412,-1.6199865341186523,0.12390097230672836,-0.04316677525639534,0.04885042458772659,-0.10000000149011612,0.5564677830000169,0.004893771321347622,0.00020502185237952314,0.005098793173727145,1.1724101901054385,-2.400032255700076,0.006229566424027943,0.4142277051816942,0.6740388870239258,-0.12686064839363098,False,False,False,-0.559811703174521,False
pirl,3,5,0,0.4109343514890105,200,-142.97398907435777,0.3745119197952079,74.90238395904159,0.4154299737124906,0.13120526446979486,1,0,1,0.005,0.0,0.005,164,0.6289599537849426,-1.6299866437911987,0.12390097230672836,-0.04316677525639534,0.048858530819416046,-0.10000000149011612,0.5528200881888085,0.004971903362155638,0.00019926714024559903,0.005171170502401237,1.1726047396659853,-2.400032770111005,0.006308325114220692,0.41425398986967016,0.6704401969909668,-0.1262626349925995,False,False,False,-0.5561641873584496,False
pirl,3,5,0,0.4109343514890105,200,-142.97398907435777,0.3745119197952079,74.90238395904159,0.4154299737124906,0.13120526446979486,1,0,1,0.005,0.0,0.005,165,0.6338458061218262,-1.6399867534637451,0.12390097230672836,-0.04316677525639534,0.04886699467897415,-0.10000000149011612,0.5491553853734176,0.005065183641883512,0.00019272368030280205,0.005257907322186313,1.1728078722953794,-2.400033384255919,0.006403030516486152,0.4142806691634888,0.666824996471405,-0.1256600320339203,False,False,False,-0.5524996828150701,False
pirl,3,5,0,0.4109343514890105,200,-142.97398907435777,0.3745119197952079,74.90238395904159,0.4154299737124906,0.13120526446979486,1,0,1,0.005,0.0,0.005,166,0.6387324929237366,-1.649986982345581,0.12390097230672836,-0.04316677525639534,0.048876263201236725,-0.10000000149011612,0.5454738609773795,0.005273657402803393,0.00017851006488755892,0.005452167467690952,1.1730303168296816,-2.4000347568193394,0.0066145903742338774,0.4143082299567148,0.6631934642791748,-0.12505289912223816,False,False,False,-0.5488184747196878,False
pirl,3,5,0,0.4109343514890105,200,-142.97398907435777,0.3745119197952079,74.90238395904159,0.4154299737124906,0.13120526446979486,1,0,1,0.005,0.0,0.005,167,0.6436201333999634,-1.6599870920181274,0.12390097230672836,-0.04316677525639534,0.04888535290956497,-0.10000000149011612,0.5417753344605413,0.005229608109111655,0.0001804146069987084,0.005410022716110363,1.173248469829559,-2.400034466804668,0.006568630986935422,0.4143355992524937,0.6595454216003418,-0.12444120645523071,False,False,False,-0.545120025863434,False
pirl,3,5,0,0.4109343514890105,200,-142.97398907435777,0.3745119197952079,74.90238395904159,0.4154299737124906,0.13120526446979486,1,0,1,0.005,0.0,0.005,168,0.6485086679458618,-1.6699872016906738,0.12390097230672836,-0.04316677525639534,0.04889494925737381,-0.10000000149011612,0.5380602235740743,0.005360740264801814,0.00017193998481219712,0.005532680249614012,1.1734787821769717,-2.4000353301612813,0.006703376995723357,0.4143635299899759,0.6558812856674194,-0.12382498383522034,False,False,False,-0.541405164145359,False
pirl,3,5,0,0.4109343514890105,200,-142.97398907435777,0.3745119197952079,74.90238395904159,0.4154299737124906,0.13120526446979486,1,0,1,0.005,0.0,0.005,169,0.6533981561660767,-1.6799873113632202,0.12390097230672836,-0.04316677525639534,0.04890502244234085,-0.10000000149011612,0.5343285202126121,0.005485125201958316,0.0001630931941463223,0.005648218396104639,1.1737205386161804,-2.4000361490951083,0.006829433668042261,0.4143919859635927,0.6522010564804077,-0.12320417165756226,False,False,False,-0.5376737090913896,False
pirl,3,5,0,0.4109343514890105,200,-142.97398907435777,0.3745119197952079,74.90238395904159,0.4154299737124906,0.13120526446979486,1,0,1,0.005,0.0,0.005,170,0.6582886576652527,-1.6899875402450562,0.12390097230672836,-0.04316677525639534,0.04891551285982132,-0.10000000149011612,0.5305801752568547,0.005594180982741652,0.0001552874225470231,0.005749468405288675,1.1739723086357117,-2.400036867103815,0.006940109102345595,0.4144209030848525,0.6485046744346619,-0.12257882952690125,False,False,False,-0.5339256035194055,False
pirl,3,5,0,0.4109343514890105,200,-142.97398907435777,0.3745119197952079,74.90238395904159,0.4154299737124906,0.13120526446979486,1,0,1,0.005,0.0,0.005,171,0.6631801724433899,-1.6999876499176025,0.12390097230672836,-0.04316677525639534,0.04892615228891373,-0.10000000149011612,0.5268154164503641,0.005634154076165488,0.0001521085486858739,0.005786262624851362,1.1742276549339294,-2.4000371302813273,0.006980845693071542,0.41444998994190696,0.644792377948761,-0.12194889783859253,False,False,False,-0.530161021876073,False
pirl,3,5,0,0.4109343514890105,200,-142.97398907435777,0.3745119197952079,74.90238395904159,0.4154299737124906,0.13120526446979486,1,0,1,0.005,0.0,0.005,172,0.6680728197097778,-1.7099878787994385,0.12390097230672836,-0.04316677525639534,0.04893705993890762,-0.10000000149011612,0.5230343760325059,0.005704486513343301,0.0001472482528295645,0.0058517347661728655,1.174489438533783,-2.4000375933407074,0.007053260504524803,0.41447937852734246,0.6410642862319946,-0.12131446599960327,False,False,False,-0.5263801906520559,False
pirl,3,5,0,0.4109343514890105,200,-142.97398907435777,0.3745119197952079,74.90238395904159,0.4154299737124906,0.13120526446979486,1,0,1,0.005,0.0,0.005,173,0.6729665398597717,-1.7199879884719849,0.12390097230672836,-0.04316677525639534,0.04894820600748062,-0.10000000149011612,0.5192370961833582,0.005767325618464632,0.0001427400393644612,0.005910065657829093,1.174756944179535,-2.40003800706499,0.007117787339240517,0.41450903597458927,0.6373204588890076,-0.12067541480064392,False,False,False,-0.5225831162082608,False
pirl,3,5,0,0.4109343514890105,200,-142.97398907435777,0.3745119197952079,74.90238395904159,0.4154299737124906,0.13120526446979486,1,0,1,0.005,0.0,0.005,174,0.6778613328933716,-1.7299880981445312,0.12390097230672836,-0.04316677525639534,0.04895997792482376,-0.10000000149011612,0.5154235457826448,0.005929889073566541,0.00013168787444593018,0.0060615769480124706,1.1750394701957703,-2.400039077361084,0.007283909760008167,0.4145393855985893,0.633560836315155,-0.1200319230556488,False,False,False,-0.518769872663443,False
pirl,3,5,0,0.4109343514890105,200,-142.97398907435777,0.3745119197952079,74.90238395904159,0.4154299737124906,0.13120526446979486,1,0,1,0.005,0.0,0.005,175,0.6827573180198669,-1.7399883270263672,0.12390097230672836,-0.04316677525639534,0.048972077667713165,-0.10000000149011612,0.5115940529592575,0.006016292527245204,0.00012519312104910323,0.006141485648294307,1.1753298640251162,-2.4000396462298914,0.007371596731935533,0.4145701005849724,0.6297857761383057,-0.1193838119506836,False,False,False,-0.5149406193401923,False
pirl,3,5,0,0.4109343514890105,200,-142.97398907435777,0.3745119197952079,74.90238395904159,0.4154299737124906,0.13120526446979486,1,0,1,0.005,0.0,0.005,176,0.6876545548439026,-1.7499884366989136,0.12390097230672836,-0.04316677525639534,0.04898405820131302,-0.10000000149011612,0.5077486323208501,0.005987268429559329,0.00012666580885775224,0.006113934238417081,1.1756173968315122,-2.4000394551391055,0.007342739864165748,0.4146006953344064,0.6259952783584595,-0.11873117089271545,False,False,False,-0.5110953291771896,False
pirl,3,5,0,0.4109343514890105,200,-142.97398907435777,0.3745119197952079,74.90238395904159,0.4154299737124906,0.13120526446979486,1,0,1,0.005,0.0,0.005,177,0.6925529837608337,-1.7599886655807495,0.12390097230672836,-0.04316677525639534,0.04899660497903824,-0.10000000149011612,0.5038872984891163,0.006134115244004948,0.00011707539743608242,0.006251190641441031,1.1759185194969177,-2.4000404219589346,0.007494205402417278,0.41463192119024983,0.6221893429756165,-0.11807408928871155,False,False,False,-0.5072342982282655,False
pirl,3,5,0,0.4109343514890105,200,-142.97398907435777,0.3745119197952079,74.90238395904159,0.4154299737124906,0.13120526446979486,1,0,1,0.005,0.0,0.005,178,0.6974526047706604,-1.769988775253296,0.12390097230672836,-0.04316677525639534,0.04900947958230972,-0.10000000149011612,0.5000102620447553,0.006220519764483919,0.00011065130578185807,0.006331171070265777,1.1762275099754336,-2.4000409908347664,0.007582314142897741,0.41466351416584524,0.6183682084083557,-0.11741238832473755,False,False,False,-0.5033575118610883,False
pirl,3,5,0,0.4109343514890105,200,-142.97398907435777,0.3745119197952079,74.90238395904159,0.4154299737124906,0.13120526446979486,1,0,1,0.005,0.0,0.005,179,0.7023535370826721,-1.7799890041351318,0.12390097230672836,-0.04316677525639534,0.04902271181344986,-0.10000000149011612,0.49611750094522195,0.006314328691278434,0.00010401916372302653,0.006418347855001461,1.1765450835227966,-2.400041608460221,0.007678742698483076,0.4146955089270889,0.6145318150520325,-0.11674630641937256,False,False,False,-0.49946501272896043,False
pirl,3,5,0,0.4109343514890105,200,-142.97398907435777,0.3745119197952079,74.90238395904159,0.4154299737124906,0.13120526446979486,1,0,1,0.005,0.0,0.005,180,0.7072558403015137,-1.7899891138076782,0.12390097230672836,-0.04316677525639534,0.049035944044589996,-0.10000000149011612,0.49220923039643394,0.006316145967038021,0.00010341943256273878,0.00641956539960076,1.17686265707016,-2.400041620424922,0.007681447267722642,0.4147275149573711,0.6106804013252258,-0.11607569456100464,False,False,False,-0.49555691796482043,False
pirl,3,5,0,0.4109343514890105,200,-142.97398907435777,0.3745119197952079,74.90238395904159,0.4154299737124906,0.13120526446979486,1,0,1,0.005,0.0,0.005,181,0.7121594548225403,-1.7999893426895142,0.12390097230672836,-0.04316677525639534,0.04904962331056595,-0.10000000149011612,0.4882855110206978,0.006432586359379314,9.5687176386609e-05,0.006528273535765923,1.177190959453583,-2.400042387052926,0.007802035787391037,0.41476002343981855,0.6068140268325806,-0.11540055274963379,False,False,False,-0.49163348812281155,False
pirl,3,5,0,0.4109343514890105,200,-142.97398907435777,0.3745119197952079,74.90238395904159,0.4154299737124906,0.13120526446979486,1,0,1,0.005,0.0,0.005,182,0.717064380645752,-1.8099894523620605,0.12390097230672836,-0.04316677525639534,0.049063630402088165,-0.10000000149011612,0.4843464211477119,0.006518955460213613,8.940343800507356e-05,0.006608358898218686,1.1775271296501162,-2.40004295569556,0.007890819002981329,0.414792901852331,0.6029327511787415,-0.11472100019454956,False,False,False,-0.48769466340761014,False
pirl,3,5,0,0.4109343514890105,200,-142.97398907435777,0.3745119197952079,74.90238395904159,0.4154299737124906,0.13120526446979486,1,0,1,0.005,0.0,0.005,183,0.7219707369804382,-1.8199896812438965,0.12390097230672836,-0.04316677525639534,0.049077846109867096,-0.10000000149011612,0.48039218958686747,0.006574519898079936,8.529063344247866e-05,0.006659810531522415,1.1778683066368103,-2.4000433215244033,0.007948619834483635,0.41482602110164135,0.5990368127822876,-0.11403697729110718,False,False,False,-0.48374067105303004,False
pirl,3,5,0,0.4109343514890105,200,-142.97398907435777,0.3745119197952079,74.90238395904159,0.4154299737124906,0.13120526446979486,1,0,1,0.005,0.0,0.005,184,0.7268785238265991,-1.8299899101257324,0.12390097230672836,-0.04316677525639534,0.04909244924783707,-0.10000000149011612,0.47642264581234306,0.006675984854703376,7.829288958526326e-05,0.006754277744288639,1.1782187819480894,-2.4000439895561367,0.008053677122886597,0.4148595780896534,0.5951260328292847,-0.11334851384162903,False,False,False,-0.47977141464125006,False
pirl,3,5,0,0.4109343514890105,200,-142.97398907435777,0.3745119197952079,74.90238395904159,0.4154299737124906,0.13120526446979486,1,0,1,0.005,0.0,0.005,185,0.7317878007888794,-1.8399900197982788,0.12390097230672836,-0.04316677525639534,0.0491069033741951,-0.10000000149011612,0.4724380451947465,0.006639620545874578,8.017181816492714e-05,0.006719792364039505,1.1785656809806822,-2.400043750138381,0.008017644781225965,0.4148929849429085,0.5912006497383118,-0.11265572905540466,False,False,False,-0.4757869706456656,False
pirl,3,5,0,0.4109343514890105,200,-142.97398907435777,0.3745119197952079,74.90238395904159,0.4154299737124906,0.13120526446979486,1,0,1,0.005,0.0,0.005,186,0.7366984486579895,-1.8499902486801147,0.12390097230672836,-0.04316677525639534,0.049122221767902374,-0.10000000149011612,0.46843859498859974,0.006863405583088349,6.55328215793293e-05,0.006928938404667678,1.178933322429657,-2.4000452235092005,0.008248779282667153,0.4149273548565863,0.587260901927948,-0.11195841431617737,False,False,False,-0.4717879323158575,False
pirl,3,5,0,0.4109343514890105,200,-142.97398907435777,0.3745119197952079,74.90238395904159,0.4154299737124906,0.13120526446979486,1,0,1,0.005,0.0,0.005,187,0.7416107058525085,-1.8599903583526611,0.12390097230672836,-0.04316677525639534,0.04913706332445145,-0.10000000149011612,0.4644243324870724,0.006743331295269704,7.236177439308893e-05,0.006815693069662792,1.1792895197868347,-2.400044432956115,0.008126011398753102,0.4149612132374144,0.5833067893981934,-0.11125680804252625,False,False,False,-0.46777375304080543,False
pirl,3,5,0,0.4109343514890105,200,-142.97398907435777,0.3745119197952079,74.90238395904159,0.4154299737124906,0.13120526446979486,1,0,1,0.005,0.0,0.005,188,0.7465243935585022,-1.869990587234497,0.12390097230672836,-0.04316677525639534,0.0491526797413826,-0.10000000149011612,0.46039518356198494,0.006943722737422188,5.965444605998927e-05,0.007003377183482177,1.1796643137931824,-2.4000457523066263,0.008334435318083745,0.41499594005123974,0.5793382525444031,-0.11055079102516174,False,False,False,-0.46374499832992594,False
pirl,3,5,0,0.4109343514890105,200,-142.97398907435777,0.3745119197952079,74.90238395904159,0.4154299737124906,0.13120526446979486,1,0,1,0.005,0.0,0.005,189,0.7514396905899048,-1.879990816116333,0.12390097230672836,-0.04316677525639534,0.04916832596063614,-0.10000000149011612,0.45635152190467715,0.006953988384941922,5.7993878513745724e-05,0.007011982263455667,1.1800398230552671,-2.40004581989428,0.00834517118900162,0.4150307115978606,0.5753556489944458,-0.10984048247337341,False,False,False,-0.4597015522548271,False
pirl,3,5,0,0.4109343514890105,200,-142.97398907435777,0.3745119197952079,74.90238395904159,0.4154299737124906,0.13120526446979486,1,0,1,0.005,0.0,0.005,190,0.7563564777374268,-1.8899909257888794,0.12390097230672836,-0.04316677525639534,0.049184270203113556,-0.10000000149011612,0.4522932824144417,0.007032358514387312,5.272607810440511e-05,0.007085084592491717,1.1804224848747253,-2.4000463358727537,0.00842769914264242,0.41506582701095496,0.5713589191436768,-0.10912582278251648,False,False,False,-0.4556435970908807,False
pirl,3,5,0,0.4109343514890105,200,-142.97398907435777,0.3745119197952079,74.90238395904159,0.4154299737124906,0.13120526446979486,1,0,1,0.005,0.0,0.005,191,0.7612749338150024,-1.8999911546707153,0.12390097230672836,-0.04316677525639534,0.04920036345720291,-0.10000000149011612,0.4482205441449969,0.00707273827941975,4.964624139053e-05,0.00712238452081028,1.1808087229728697,-2.4000466017277375,0.008470704348580863,0.41510112161240736,0.5673481225967407,-0.1084069311618805,False,False,False,-0.4515711091334635,False
pirl,3,5,0,0.4109343514890105,200,-142.97398907435777,0.3745119197952079,74.90238395904159,0.4154299737124906,0.13120526446979486,1,0,1,0.005,0.0,0.005,192,0.7661949396133423,-1.9099913835525513,0.12390097230672836,-0.04316677525639534,0.04921681433916092,-0.10000000149011612,0.4441335241175222,0.007166648831560757,4.3211816603954375e-05,0.007209860648164711,1.1812035441398618,-2.40004722002228,0.0085689813997578,0.415136825701573,0.5633234977722168,-0.10768365859985352,False,False,False,-0.4474843945115986,False
pirl,3,5,0,0.4109343514890105,200,-142.97398907435777,0.3745119197952079,74.90238395904159,0.4154299737124906,0.13120526446979486,1,0,1,0.005,0.0,0.005,193,0.7711166739463806,-1.9199916124343872,0.12390097230672836,-0.04316677525639534,0.04923323541879654,-0.10000000149011612,0.4400323146335341,0.007161125696933592,4.3085983721964407e-05,0.0072042116806555565,1.1815976500511167,-2.4000471836586987,0.008564977689104462,0.4151725131086109,0.5592851042747498,-0.10695621371269226,False,False,False,-0.4433833968610906,False
pirl,3,5,0,0.4109343514890105,200,-142.97398907435777,0.3745119197952079,74.90238395904159,0.4154299737124906,0.13120526446979486,1,0,1,0.005,0.0,0.005,194,0.7760399580001831,-1.9299917221069336,0.12390097230672836,-0.04316677525639534,0.0492500439286232,-0.10000000149011612,0.43591696479677455,0.007262513525627339,3.637110417954459e-05,0.007298884629806884,1.1820010542869568,-2.4000478511826375,0.008671591034496055,0.4152086447379213,0.5552330017089844,-0.10622450709342957,False,False,False,-0.4392683645441458,False
pirl,3,5,0,0.4109343514890105,200,-142.97398907435777,0.3745119197952079,74.90238395904159,0.4154299737124906,0.13120526446979486,1,0,1,0.005,0.0,0.005,195,0.7809649705886841,-1.9399919509887695,0.12390097230672836,-0.04316677525639534,0.04926712065935135,-0.10000000149011612,0.43178749082164064,0.007333785697796716,3.114380339855372e-05,0.007364929501195269,1.1824108958244324,-2.400048320429102,0.008746294749754698,0.41524508763271195,0.5511671900749207,-0.10548862814903259,False,False,False,-0.43513918303702764,False
pirl,3,5,0,0.4109343514890105,200,-142.97398907435777,0.3745119197952079,74.90238395904159,0.4154299737124906,0.13120526446979486,1,0,1,0.005,0.0,0.005,196,0.7858917117118835,-1.9499921798706055,0.12390097230672836,-0.04316677525639534,0.0492841973900795,-0.10000000149011612,0.427644359384387,0.007335886544315834,3.061863527857662e-05,0.007366505179594411,1.1828207373619077,-2.400048334260795,0.00875052493614864,0.4152815481532792,0.5470881462097168,-0.10474851727485657,False,False,False,-0.4309962795985967,False
pirl,3,5,0,0.4109343514890105,200,-142.97398907435777,0.3745119197952079,74.90238395904159,0.4154299737124906,0.13120526446979486,1,0,1,0.005,0.0,0.005,197,0.7908201217651367,-1.9599924087524414,0.12390097230672836,-0.04316677525639534,0.04930160194635391,-0.10000000149011612,0.4234872416733491,0.007422035963369205,2.4871501394024518e-05,0.00744690746476323,1.1832384467124941,-2.400048901457074,0.008841731124339565,0.4153183886996306,0.5429955124855042,-0.10400432348251343,False,False,False,-0.4268394731833367,False
pirl,3,5,0,0.4109343514890105,200,-142.97398907435777,0.3745119197952079,74.90238395904159,0.4154299737124906,0.13120526446979486,1,0,1,0.005,0.0,0.005,198,0.7957502603530884,-1.9699925184249878,0.12390097230672836,-0.04316677525639534,0.049319006502628326,-0.10000000149011612,0.41931648676268374,0.007424245018611467,2.426900605698033e-05,0.007448514024668447,1.1836561560630798,-2.4000489160012037,0.0088460001220796,0.4153552470334726,0.5388896465301514,-0.1032559871673584,False,False,False,-0.422668950772724,False
pirl,3,5,0,0.4109343514890105,200,-142.97398907435777,0.3745119197952079,74.90238395904159,0.4154299737124906,0.13120526446979486,1,0,1,0.005,0.0,0.005,199,0.8006821870803833,-1.9799927473068237,0.12390097230672836,-0.04316677525639534,0.04933670908212662,-0.10000000149011612,0.41513206095032307,0.007502756941650744,1.9024234600903807e-05,0.007521781176251648,1.1840810179710386,-2.4000494329132276,0.008929531180524596,0.4153924534133914,0.5347704887390137,-0.10250365734100342,False,False,False,-0.41848483314432106,False
pirl,3,5,0,0.4109343514890105,200,-142.97398907435777,0.3745119197952079,74.90238395904159,0.4154299737124906,0.13120526446979486,1,0,1,0.005,0.0,0.005,200,0.8056158423423767,-1.9899929761886597,0.12390097230672836,-0.04316677525639534,0.0493546798825264,-0.10000000149011612,0.4109343514890105,0.007574007855751474,1.390228936978992e-05,0.007587910145121264,1.1845123171806338,-2.400049902019732,0.009004871783800316,0.4154299737124906,0.5306384563446045,-0.10174712538719177,False,False,False,-0.41428742830506227,True
