mode,seed,episode_idx,success,final_distance,length,return,tau_effort,tau_sum_total,energy,target_radius,torque_sat1_count,torque_sat2_count,torque_sat_any_count,torque_sat1_rate,torque_sat2_rate,torque_sat_any_rate,step,theta1,theta2,target_x,target_y,action0,action1,distance,tau1,tau2,tau_sum,omega1,omega2,power,cumulative_energy,tip_x,tip_y,sat1,sat2,sat_any,reward,done
pure,3,11,1,0.047379442754232705,183,-58.561218830706466,0.5187724764939956,94.9353631984012,0.5722842416653674,0.5677781395783074,1,0,1,0.00546448087431694,0.0,0.00546448087431694,0,0.0,0.0,0.452362984418869,-0.34313225746154785,0.0,0.0,0.6462554038035317,0.0,0.0,0.0,0.0,0.0,0.0,0.0,1.0,0.0,False,False,False,0.0,False
pure,3,11,1,0.047379442754232705,183,-58.561218830706466,0.5187724764939956,94.9353631984012,0.5722842416653674,0.5677781395783074,1,0,1,0.00546448087431694,0.0,0.00546448087431694,1,0.0,0.0,0.452362984418869,-0.34313225746154785,-0.10000000149011612,-0.10000000149011612,0.6398800046846456,20.0,3.1105159320256677,23.110515932025667,-1.6857737576570138,-2.400000035762787,41.18071350124259,0.17158630625517746,0.9999152421951294,-0.012023617513477802,True,False,True,-0.6441226455673761,False
pure,3,11,1,0.047379442754232705,183,-58.561218830706466,0.5187724764939956,94.9353631984012,0.5722842416653674,0.5677781395783074,1,0,1,0.00546448087431694,0.0,0.00546448087431694,2,-0.00702405720949173,-0.009999999776482582,0.452362984418869,-0.34313225746154785,-0.10000000149011612,-0.10000000149011612,0.6319648019560196,7.70733011086543,0.5461881733495724,8.253518284215003,-2.400000035762787,-2.399748214650084,19.808306635571267,0.2541209172367244,0.9995849132537842,-0.027018895372748375,False,False,False,-0.6362074428387501,False
pure,3,11,1,0.047379442754232705,183,-58.561218830706466,0.5187724764939956,94.9353631984012,0.5722842416653674,0.5677781395783074,1,0,1,0.00546448087431694,0.0,0.00546448087431694,3,-0.017024056985974312,-0.019998950883746147,0.452362984418869,-0.34313225746154785,-0.10000000149011612,-0.10000000149011612,0.6240946003303725,0.012964453801222048,0.003658842271611695,0.01662329607283374,-2.4000000357627864,-2.39991467952911,0.039895598864300455,0.254287148898659,0.9990047216415405,-0.04200625792145729,False,False,False,-0.628337241213103,False
pure,3,11,1,0.047379442754232705,183,-58.561218830706466,0.5187724764939956,94.9353631984012,0.5722842416653674,0.5677781395783074,1,0,1,0.00546448087431694,0.0,0.00546448087431694,4,-0.027024056762456894,-0.029998594895005226,0.452362984418869,-0.34313225746154785,-0.10000000149011612,-0.10000000149011612,0.6162737504441831,0.012838578235293366,0.003532966705674115,0.01637154494096748,-2.400000035762787,-2.3999155082770383,0.03929140981102116,0.2544508631062049,0.9981749653816223,-0.05698089301586151,False,False,False,-0.6205163913269136,False
pure,3,11,1,0.047379442754232705,183,-58.561218830706466,0.5187724764939956,94.9353631984012,0.5722842416653674,0.5677781395783074,1,0,1,0.00546448087431694,0.0,0.00546448087431694,5,-0.037024058401584625,-0.03999824449419975,0.452362984418869,-0.34313225746154785,-0.10000000149011612,-0.10000000149011612,0.6085064162462493,0.012837951561884416,0.0035323400322740633,0.016370291594158478,-2.4000000357627864,-2.399915512402972,0.03928840184618006,0.254614564780564,0.9970958232879639,-0.07193826884031296,False,False,False,-0.6127490571289799,False
pure,3,11,1,0.047379442754232705,183,-58.561218830706466,0.5187724764939956,94.9353631984012,0.5722842416653674,0.5677781395783074,1,0,1,0.00546448087431694,0.0,0.00546448087431694,6,-0.04702405631542206,-0.04999789223074913,0.452362984418869,-0.34313225746154785,-0.10000000149011612,-0.10000000149011612,0.600797004295572,0.012837948441991012,0.0035323369123717585,0.01637028535436277,-2.400000035762787,-2.3999155124235125,0.0392883868710064,0.25477826639252654,0.9957677125930786,-0.08687393367290497,False,False,False,-0.6050396451783026,False
pure,3,11,1,0.047379442754232705,183,-58.561218830706466,0.5187724764939956,94.9353631984012,0.5722842416653674,0.5677781395783074,1,0,1,0.00546448087431694,0.0,0.00546448087431694,7,-0.05702405795454979,-0.05999753996729851,0.452362984418869,-0.34313225746154785,-0.10000000149011612,-0.10000000149011612,0.5931500206720889,0.012837948426449189,0.003532336896838834,0.016370285323288023,-2.4000000357627864,-2.3999155124236147,0.03928838679642867,0.25494196800417834,0.99419105052948,-0.1017833799123764,False,False,False,-0.5973926615548194,False
pure,3,11,1,0.047379442754232705,183,-58.561218830706466,0.5187724764939956,94.9353631984012,0.5722842416653674,0.5677781395783074,1,0,1,0.00546448087431694,0.0,0.00546448087431694,8,-0.06702405959367752,-0.06999718397855759,0.452362984418869,-0.34313225746154785,-0.10000000149011612,-0.10000000149011612,0.5855700646183482,0.012837948426382013,0.0035323368967627635,0.016370285323144777,-2.400000035762787,-2.3999155124236156,0.039288386796084894,0.2551056696158287,0.9923663139343262,-0.11666218936443329,False,False,False,-0.5898127055010787,False
pure,3,11,1,0.047379442754232705,183,-58.561218830706466,0.5187724764939956,94.9353631984012,0.5722842416653674,0.5677781395783074,1,0,1,0.00546448087431694,0.0,0.00546448087431694,9,-0.07702405750751495,-0.07999683171510696,0.452362984418869,-0.34313225746154785,-0.10000000149011612,-0.10000000149011612,0.5780621249886551,0.012837948426371815,0.0035323368967614625,0.016370285323133275,-2.4000000357627864,-2.399915512423616,0.0392883867960573,0.25526937122747895,0.9902942776679993,-0.13150586187839508,False,False,False,-0.5823047658713856,False
pure,3,11,1,0.047379442754232705,183,-58.561218830706466,0.5187724764939956,94.9353631984012,0.5722842416653674,0.5677781395783074,1,0,1,0.00546448087431694,0.0,0.00546448087431694,10,-0.08702405542135239,-0.08999648690223694,0.452362984418869,-0.34313225746154785,-0.10000000149011612,-0.10000000149011612,0.5706310771352571,0.01283794842638067,0.0035323368967614182,0.016370285323142088,-2.400000035762787,-2.399915512423615,0.03928838679607844,0.25543307283912925,0.987975537776947,-0.1463099867105484,False,False,False,-0.5748737180179876,False
pure,3,11,1,0.047379442754232705,183,-58.561218830706466,0.5187724764939956,94.9353631984012,0.5722842416653674,0.5677781395783074,1,0,1,0.00546448087431694,0.0,0.00546448087431694,11,-0.09702406078577042,-0.09999613463878632,0.452362984418869,-0.34313225746154785,-0.10000000149011612,-0.10000000149011612,0.5632821272804363,0.01283794842637249,0.003532336896762135,0.016370285323134625,-2.4000000357627864,-2.3999155124236164,0.03928838679606053,0.2555967744507795,0.9854109287261963,-0.1610700935125351,False,False,False,-0.5675247681631668,False
pure,3,11,1,0.047379442754232705,183,-58.561218830706466,0.5187724764939956,94.9353631984012,0.5722842416653674,0.5677781395783074,1,0,1,0.00546448087431694,0.0,0.00546448087431694,12,-0.10702405869960785,-0.1099957823753357,0.452362984418869,-0.34313225746154785,-0.10000000149011612,-0.10000000149011612,0.5560205327460302,0.01283794842638067,0.0035323368967614182,0.016370285323142088,-2.400000035762787,-2.3999155124236156,0.03928838679607845,0.2557604760624298,0.9826012849807739,-0.17578183114528656,False,False,False,-0.5602631736287608,False
pure,3,11,1,0.047379442754232705,183,-58.561218830706466,0.5187724764939956,94.9353631984012,0.5722842416653674,0.5677781395783074,1,0,1,0.00546448087431694,0.0,0.00546448087431694,13,-0.11702405661344528,-0.11999543011188507,0.452362984418869,-0.34313225746154785,-0.10000000149011612,-0.10000000149011612,0.5488518471488543,0.012837948426371818,0.0035323368967614625,0.016370285323133282,-2.4000000357627864,-2.399915512423616,0.0392883867960573,0.25592417767408004,0.9795476198196411,-0.19044074416160583,False,False,False,-0.5530944880315848,False
pure,3,11,1,0.047379442754232705,183,-58.561218830706466,0.5187724764939956,94.9353631984012,0.5722842416653674,0.5677781395783074,1,0,1,0.00546448087431694,0.0,0.00546448087431694,14,-0.12702405452728271,-0.12999507784843445,0.452362984418869,-0.34313225746154785,-0.10000000149011612,-0.10000000149011612,0.5417817433533049,0.01283794842638067,0.0035323368967614182,0.016370285323142088,-2.400000035762787,-2.399915512423615,0.03928838679607844,0.25608787928573035,0.9762510061264038,-0.20504248142242432,False,False,False,-0.5460243842360354,False
pure,3,11,1,0.047379442754232705,183,-58.561218830706466,0.5187724764939956,94.9353631984012,0.5722842416653674,0.5677781395783074,1,0,1,0.00546448087431694,0.0,0.00546448087431694,15,-0.13702405989170074,-0.13999472558498383,0.452362984418869,-0.34313225746154785,-0.10000000149011612,-0.10000000149011612,0.534815870158183,0.012837948426372491,0.0035323368967621355,0.01637028532313463,-2.4000000357627864,-2.3999155124236164,0.03928838679606053,0.2562515808973806,0.9727123975753784,-0.2195827066898346,False,False,False,-0.5390585110409135,False
pure,3,11,1,0.047379442754232705,183,-58.561218830706466,0.5187724764939956,94.9353631984012,0.5722842416653674,0.5677781395783074,1,0,1,0.00546448087431694,0.0,0.00546448087431694,16,-0.14702406525611877,-0.1499943733215332,0.452362984418869,-0.34313225746154785,-0.10000000149011612,-0.10000000149011612,0.5279603126616023,0.01283794842638067,0.0035323368967614182,0.016370285323142088,-2.400000035762787,-2.3999155124236156,0.03928838679607845,0.2564152825090309,0.96893310546875,-0.23405709862709045,False,False,False,-0.5322029535443328,False
pure,3,11,1,0.047379442754232705,183,-58.561218830706466,0.5187724764939956,94.9353631984012,0.5722842416653674,0.5677781395783074,1,0,1,0.00546448087431694,0.0,0.00546448087431694,17,-0.1570240557193756,-0.15999402105808258,0.452362984418869,-0.34313225746154785,-0.10000000149011612,-0.10000000149011612,0.5212212517500247,0.012837948426371815,0.0035323368967614625,0.016370285323133275,-2.4000000357627864,-2.399915512423616,0.0392883867960573,0.25657898412068114,0.9649144411087036,-0.24846132099628448,False,False,False,-0.5254638926327552,False
pure,3,11,1,0.047379442754232705,183,-58.561218830706466,0.5187724764939956,94.9353631984012,0.5722842416653674,0.5677781395783074,1,0,1,0.00546448087431694,0.0,0.00546448087431694,18,-0.16702406108379364,-0.16999366879463196,0.452362984418869,-0.34313225746154785,-0.10000000149011612,-0.10000000149011612,0.5146049427385195,0.012837948426382011,0.0035323368967627635,0.016370285323144773,-2.400000035762787,-2.399915512423617,0.0392883867960849,0.2567426857323315,0.9606577157974243,-0.26279109716415405,False,False,False,-0.51884758362125,False
pure,3,11,1,0.047379442754232705,183,-58.561218830706466,0.5187724764939956,94.9353631984012,0.5722842416653674,0.5677781395783074,1,0,1,0.00546448087431694,0.0,0.00546448087431694,19,-0.17702406644821167,-0.17999331653118134,0.452362984418869,-0.34313225746154785,-0.10000000149011612,-0.10000000149011612,0.5081179542159663,0.012837948426370469,0.0035323368967601168,0.016370285323130587,-2.4000000357627864,-2.3999155124236156,0.03928838679605083,0.2569063873439817,0.9561644792556763,-0.2770421802997589,False,False,False,-0.5123605950986968,False
pure,3,11,1,0.047379442754232705,183,-58.561218830706466,0.5187724764939956,94.9353631984012,0.5722842416653674,0.5677781395783074,1,0,1,0.00546448087431694,0.0,0.00546448087431694,20,-0.1870240569114685,-0.1899929642677307,0.452362984418869,-0.34313225746154785,-0.10000000149011612,-0.10000000149011612,0.5017666911989844,0.012837948426391545,0.0035323368967633915,0.01637028532315494,-2.4000000357627878,-2.3999155124236164,0.0392883867961093,0.25707008895563216,0.9514360427856445,-0.2912103533744812,False,False,False,-0.506009332081715,False
pure,3,11,1,0.047379442754232705,183,-58.561218830706466,0.5187724764939956,94.9353631984012,0.5722842416653674,0.5677781395783074,1,0,1,0.00546448087431694,0.0,0.00546448087431694,21,-0.19702406227588654,-0.1999926120042801,0.452362984418869,-0.34313225746154785,-0.10000000149011612,-0.10000000149011612,0.4955581018892027,0.012837948426370467,0.0035323368967601168,0.016370285323130583,-2.4000000357627873,-2.399915512423615,0.03928838679605084,0.25723379056728235,0.9464741945266724,-0.3052913546562195,False,False,False,-0.49980074277193315,False
pure,3,11,1,0.047379442754232705,183,-58.561218830706466,0.5187724764939956,94.9353631984012,0.5722842416653674,0.5677781395783074,1,0,1,0.00546448087431694,0.0,0.00546448087431694,22,-0.20702406764030457,-0.20999225974082947,0.452362984418869,-0.34313225746154785,-0.10000000149011612,-0.10000000149011612,0.48949905624091006,0.01283794842636296,0.0035323368967615063,0.016370285323124466,-2.400000035762786,-2.3999155124236164,0.03928838679603615,0.2573974921789325,0.9412806034088135,-0.31928110122680664,False,False,False,-0.4937416971236405,False
pure,3,11,1,0.047379442754232705,183,-58.561218830706466,0.5187724764939956,94.9353631984012,0.5722842416653674,0.5677781395783074,1,0,1,0.00546448087431694,0.0,0.00546448087431694,23,-0.2170240581035614,-0.21999190747737885,0.452362984418869,-0.34313225746154785,-0.10000000149011612,-0.10000000149011612,0.4835965361305763,0.012837948426389523,0.003532336896761373,0.016370285323150897,-2.4000000357627873,-2.3999155124236147,0.039288386796099584,0.2575611937905829,0.9358569979667664,-0.3331754207611084,False,False,False,-0.48783917701330676,False
pure,3,11,1,0.047379442754232705,183,-58.561218830706466,0.5187724764939956,94.9353631984012,0.5722842416653674,0.5677781395783074,1,0,1,0.00546448087431694,0.0,0.00546448087431694,24,-0.22702406346797943,-0.22999155521392822,0.452362984418869,-0.34313225746154785,-0.10000000149011612,-0.10000000149011612,0.4778576052372009,0.012837948426382686,0.0035323368967634366,0.016370285323146123,-2.4000000357627878,-2.3999155124236164,0.03928838679608814,0.25772489540223326,0.9302051663398743,-0.34697026014328003,False,False,False,-0.48210024611993135,False
pure,3,11,1,0.047379442754232705,183,-58.561218830706466,0.5187724764939956,94.9353631984012,0.5722842416653674,0.5677781395783074,1,0,1,0.00546448087431694,0.0,0.00546448087431694,25,-0.23702405393123627,-0.2399912029504776,0.452362984418869,-0.34313225746154785,-0.10000000149011612,-0.10000000149011612,0.47228951981539685,0.012837948426370469,0.0035323368967601168,0.016370285323130587,-2.4000000357627873,-2.399915512423615,0.039288386796050845,0.25788859701388345,0.9243270754814148,-0.3606615960597992,False,False,False,-0.4765321606981273,False
pure,3,11,1,0.047379442754232705,183,-58.561218830706466,0.5187724764939956,94.9353631984012,0.5722842416653674,0.5677781395783074,1,0,1,0.00546448087431694,0.0,0.00546448087431694,26,-0.2470240592956543,-0.24999085068702698,0.452362984418869,-0.34313225746154785,-0.10000000149011612,-0.10000000149011612,0.46689952092231185,0.012837948426362959,0.0035323368967615067,0.016370285323124466,-2.400000035762786,-2.3999155124236164,0.03928838679603614,0.2580522986255336,0.9182246923446655,-0.3742453157901764,False,False,False,-0.4711421618050423,False
pure,3,11,1,0.047379442754232705,183,-58.561218830706466,0.5187724764939956,94.9353631984012,0.5722842416653674,0.5677781395783074,1,0,1,0.00546448087431694,0.0,0.00546448087431694,27,-0.25702404975891113,-0.25999051332473755,0.452362984418869,-0.34313225746154785,-0.10000000149011612,-0.10000000149011612,0.46169499081682813,0.012837948426390198,0.003532336896762046,0.016370285323152243,-2.4000000357627873,-2.3999155124236156,0.039288386796102824,0.258216000237184,0.9119001626968384,-0.38771742582321167,False,False,False,-0.4659376316995586,False
pure,3,11,1,0.047379442754232705,183,-58.561218830706466,0.5187724764939956,94.9353631984012,0.5722842416653674,0.5677781395783074,1,0,1,0.00546448087431694,0.0,0.00546448087431694,28,-0.26702407002449036,-0.26999014616012573,0.452362984418869,-0.34313225746154785,-0.10000000149011612,-0.10000000149011612,0.4566832002828166,0.012837948426371816,0.0035323368967614625,0.01637028532313328,-2.400000035762787,-2.399915512423616,0.039288386796057305,0.25837970184883424,0.9053555727005005,-0.40107405185699463,False,False,False,-0.4609258411655471,False
pure,3,11,1,0.047379442754232705,183,-58.561218830706466,0.5187724764939956,94.9353631984012,0.5722842416653674,0.5677781395783074,1,0,1,0.00546448087431694,0.0,0.00546448087431694,29,-0.2770240604877472,-0.2799898087978363,0.452362984418869,-0.34313225746154785,-0.10000000149011612,-0.10000000149011612,0.4518713921968925,0.012837948426371142,0.0035323368967607894,0.01637028532313193,-2.4000000357627864,-2.3999155124236156,0.039288386796054064,0.2585434034604845,0.8985930681228638,-0.41431131958961487,False,False,False,-0.45611403307962295,False
pure,3,11,1,0.047379442754232705,183,-58.561218830706466,0.5187724764939956,94.9353631984012,0.5722842416653674,0.5677781395783074,1,0,1,0.00546448087431694,0.0,0.00546448087431694,30,-0.28702405095100403,-0.2899894416332245,0.452362984418869,-0.34313225746154785,-0.10000000149011612,-0.10000000149011612,0.44726691346806174,0.012837948426381343,0.003532336896762091,0.016370285323143434,-2.400000035762787,-2.3999155124236156,0.039288386796081674,0.25870710507213485,0.8916150331497192,-0.4274253249168396,False,False,False,-0.4515095543507922,False
pure,3,11,1,0.047379442754232705,183,-58.561218830706466,0.5187724764939956,94.9353631984012,0.5722842416653674,0.5677781395783074,1,0,1,0.00546448087431694,0.0,0.00546448087431694,31,-0.29702407121658325,-0.29998910427093506,0.452362984418869,-0.34313225746154785,-0.10000000149011612,-0.10000000149011612,0.44287696995556547,0.012837948426371816,0.0035323368967614625,0.01637028532313328,-2.4000000357627864,-2.399915512423616,0.0392883867960573,0.2588708066837851,0.8844238519668579,-0.440412312746048,False,False,False,-0.44711961083829593,False
pure,3,11,1,0.047379442754232705,183,-58.561218830706466,0.5187724764939956,94.9353631984012,0.5722842416653674,0.5677781395783074,1,0,1,0.00546448087431694,0.0,0.00546448087431694,32,-0.3070240616798401,-0.30998873710632324,0.452362984418869,-0.34313225746154785,-0.10000000149011612,-0.10000000149011612,0.4387084657653097,0.01283794842638067,0.0035323368967614182,0.016370285323142088,-2.400000035762787,-2.399915512423615,0.03928838679607844,0.2590345082954354,0.877021849155426,-0.4532683491706848,False,False,False,-0.44295110664804016,False
pure,3,11,1,0.047379442754232705,183,-58.561218830706466,0.5187724764939956,94.9353631984012,0.5722842416653674,0.5677781395783074,1,0,1,0.00546448087431694,0.0,0.00546448087431694,33,-0.3170240521430969,-0.3199883997440338,0.452362984418869,-0.34313225746154785,-0.10000000149011612,-0.10000000149011612,0.4347684031405021,0.012837948426372486,0.0035323368967621355,0.01637028532313462,-2.4000000357627864,-2.3999155124236164,0.03928838679606052,0.25919820990708564,0.8694115877151489,-0.46598997712135315,False,False,False,-0.43901104402323254,False
pure,3,11,1,0.047379442754232705,183,-58.561218830706466,0.5187724764939956,94.9353631984012,0.5722842416653674,0.5677781395783074,1,0,1,0.00546448087431694,0.0,0.00546448087431694,34,-0.32702407240867615,-0.329988032579422,0.452362984418869,-0.34313225746154785,-0.10000000149011612,-0.10000000149011612,0.43106333561556365,0.012837948426380674,0.0035323368967614182,0.01637028532314209,-2.400000035762787,-2.3999155124236156,0.039288386796078455,0.25936191151873594,0.8615955710411072,-0.4785733222961426,False,False,False,-0.4353059764982941,False
pure,3,11,1,0.047379442754232705,183,-58.561218830706466,0.5187724764939956,94.9353631984012,0.5722842416653674,0.5677781395783074,1,0,1,0.00546448087431694,0.0,0.00546448087431694,35,-0.337024062871933,-0.33998769521713257,0.452362984418869,-0.34313225746154785,-0.10000000149011612,-0.10000000149011612,0.4275998132731499,0.012837948426371815,0.0035323368967614625,0.016370285323133275,-2.4000000357627864,-2.399915512423616,0.0392883867960573,0.2595256131303862,0.8535765409469604,-0.49101489782333374,False,False,False,-0.43184245415588035,False
pure,3,11,1,0.047379442754232705,183,-58.561218830706466,0.5187724764939956,94.9353631984012,0.5722842416653674,0.5677781395783074,1,0,1,0.00546448087431694,0.0,0.00546448087431694,36,-0.3470240533351898,-0.34998732805252075,0.452362984418869,-0.34313225746154785,-0.10000000149011612,-0.10000000149011612,0.4243838346952004,0.01283794842638067,0.0035323368967614182,0.016370285323142088,-2.400000035762787,-2.399915512423615,0.03928838679607844,0.2596893147420365,0.8453571200370789,-0.503311038017273,False,False,False,-0.4286264755779309,False
pure,3,11,1,0.047379442754232705,183,-58.561218830706466,0.5187724764939956,94.9353631984012,0.5722842416653674,0.5677781395783074,1,0,1,0.00546448087431694,0.0,0.00546448087431694,37,-0.35702407360076904,-0.3599869906902313,0.452362984418869,-0.34313225746154785,-0.10000000149011612,-0.10000000149011612,0.4214212835802852,0.01283794842637249,0.003532336896762135,0.016370285323134625,-2.4000000357627864,-2.3999155124236164,0.03928838679606053,0.25985301635368674,0.8369401693344116,-0.515458345413208,False,False,False,-0.42566392446301565,False
pure,3,11,1,0.047379442754232705,183,-58.561218830706466,0.5187724764939956,94.9353631984012,0.5722842416653674,0.5677781395783074,1,0,1,0.00546448087431694,0.0,0.00546448087431694,38,-0.3670240640640259,-0.3699866235256195,0.452362984418869,-0.34313225746154785,-0.10000000149011612,-0.10000000149011612,0.41871735828529527,0.01283794842638067,0.0035323368967614182,0.016370285323142088,-2.400000035762787,-2.3999155124236156,0.03928838679607845,0.26001671796533704,0.8283283710479736,-0.5274533033370972,False,False,False,-0.42295999916802574,False
pure,3,11,1,0.047379442754232705,183,-58.561218830706466,0.5187724764939956,94.9353631984012,0.5722842416653674,0.5677781395783074,1,0,1,0.00546448087431694,0.0,0.00546448087431694,39,-0.3770240545272827,-0.3799862861633301,0.452362984418869,-0.34313225746154785,-0.10000000149011612,-0.10000000149011612,0.41627707368396843,0.012837948426371816,0.0035323368967614625,0.01637028532313328,-2.4000000357627864,-2.399915512423616,0.0392883867960573,0.2601804195769873,0.8195247650146484,-0.5392924547195435,False,False,False,-0.4205197145666989,False
pure,3,11,1,0.047379442754232705,183,-58.561218830706466,0.5187724764939956,94.9353631984012,0.5722842416653674,0.5677781395783074,1,0,1,0.00546448087431694,0.0,0.00546448087431694,40,-0.38702407479286194,-0.38998591899871826,0.452362984418869,-0.34313225746154785,-0.10000000149011612,-0.10000000149011612,0.4141048194575386,0.01283794842638067,0.0035323368967614182,0.016370285323142088,-2.400000035762787,-2.399915512423615,0.03928838679607844,0.2603441211886376,0.8105322122573853,-0.550972580909729,False,False,False,-0.41834746034026904,False
pure,3,11,1,0.047379442754232705,183,-58.561218830706466,0.5187724764939956,94.9353631984012,0.5722842416653674,0.5677781395783074,1,0,1,0.00546448087431694,0.0,0.00546448087431694,41,-0.3970240652561188,-0.39998558163642883,0.452362984418869,-0.34313225746154785,-0.10000000149011612,-0.10000000149011612,0.4122045286414442,0.012837948426372486,0.0035323368967621355,0.01637028532313462,-2.4000000357627864,-2.3999155124236164,0.03928838679606052,0.26050782280028784,0.8013538122177124,-0.5624903440475464,False,False,False,-0.41644716952417465,False
pure,3,11,1,0.047379442754232705,183,-58.561218830706466,0.5187724764939956,94.9353631984012,0.5722842416653674,0.5677781395783074,1,0,1,0.00546448087431694,0.0,0.00546448087431694,42,-0.4070240557193756,-0.409985214471817,0.452362984418869,-0.34313225746154785,-0.10000000149011612,-0.10000000149011612,0.4105795146403739,0.012837948426399725,0.003532336896762675,0.016370285323162398,-2.4000000357627886,-2.3999155124236156,0.039288386796127214,0.26067152441193836,0.791992723941803,-0.5738424062728882,False,False,False,-0.41482215552310436,False
pure,3,11,1,0.047379442754232705,183,-58.561218830706466,0.5187724764939956,94.9353631984012,0.5722842416653674,0.5677781395783074,1,0,1,0.00546448087431694,0.0,0.00546448087431694,43,-0.41702407598495483,-0.4199848771095276,0.452362984418869,-0.34313225746154785,-0.0908878892660141,-0.10000000149011612,0.40924142476814696,2.344554801626695,0.16283509623410022,2.507389897860795,-2.181309342384338,-2.4000766392545874,5.505016003042604,0.2836090910912825,0.7829844355583191,-0.5843126773834229,False,False,False,-0.4132953793992371,False
pure,3,11,1,0.047379442754232705,183,-58.561218830706466,0.5187724764939956,94.9353631984012,0.5722842416653674,0.5677781395783074,1,0,1,0.00546448087431694,0.0,0.00546448087431694,44,-0.4261128604412079,-0.4299851953983307,0.452362984418869,-0.34313225746154785,-0.07433105260133743,-0.10000000149011612,0.4081352308416419,4.272327489593912,0.2992224268780983,4.57154991647201,-1.7839452624321002,-2.4001396252505587,8.339773988133249,0.31835814937517104,0.7748024463653564,-0.5933464765548706,False,False,False,-0.41187322438002155,False
pure,3,11,1,0.047379442754232705,183,-58.561218830706466,0.5187724764939956,94.9353631984012,0.5722842416653674,0.5677781395783074,1,0,1,0.00546448087431694,0.0,0.00546448087431694,45,-0.43354594707489014,-0.4399857819080353,0.452362984418869,-0.34313225746154785,-0.059550195932388306,-0.10000000149011612,0.40718195083188985,3.8155045631016895,0.26732457383289204,4.082829136934581,-1.4292047023773193,-2.400124699503768,6.094749375967696,0.3437529384417031,0.7673872113227844,-0.6011184453964233,False,False,False,-0.41067359867143605,False
pure,3,11,1,0.047379442754232705,183,-58.561218830706466,0.5187724764939956,94.9353631984012,0.5722842416653674,0.5677781395783074,1,0,1,0.00546448087431694,0.0,0.00546448087431694,46,-0.43950098752975464,-0.4499862790107727,0.452362984418869,-0.34313225746154785,-0.046331942081451416,-0.10000000149011612,0.40632154801565146,3.4132679964711685,0.23917815639251805,3.6524461528636865,-1.1119666099548342,-2.4001115572536875,4.369494300303687,0.3619591646929685,0.7606798410415649,-0.6077790260314941,False,False,False,-0.40962790326851345,False
pure,3,11,1,0.047379442754232705,183,-58.561218830706466,0.5187724764939956,94.9353631984012,0.5722842416653674,0.5677781395783074,1,0,1,0.00546448087431694,0.0,0.00546448087431694,47,-0.4441341757774353,-0.45998674631118774,0.452362984418869,-0.34313225746154785,-0.03448840230703354,-0.10000000149011612,0.40550867360642023,3.059203293923751,0.21439492625044096,3.2735982201741916,-0.8277216553688049,-2.4000999889198975,3.0467380746744332,0.37465390667077864,0.7546236515045166,-0.6134575605392456,False,False,False,-0.40868207958152364,False
pure,3,11,1,0.047379442754232705,183,-58.561218830706466,0.5187724764939956,94.9353631984012,0.5722842416653674,0.5677781395783074,1,0,1,0.00546448087431694,0.0,0.00546448087431694,48,-0.44758301973342896,-0.469987154006958,0.452362984418869,-0.34313225746154785,-0.023854248225688934,-0.10000000149011612,0.40470942127503634,2.747566949517623,0.1925759865497783,2.9401429360674016,-0.5725019574165343,-2.400089806845184,2.0351871190930937,0.3831338530003332,0.7491650581359863,-0.6182653903961182,False,False,False,-0.40779359417952776,False
pure,3,11,1,0.047379442754232705,183,-58.561218830706466,0.5187724764939956,94.9353631984012,0.5722842416653674,0.5677781395783074,1,0,1,0.00546448087431694,0.0,0.00546448087431694,49,-0.4499684274196625,-0.4799875319004059,0.452362984418869,-0.34313225746154785,-0.014284633100032806,-0.10000000149011612,0.4038986334556382,2.473133086392645,0.1733577372280881,2.646490823620733,-0.34283119440078735,-2.4000808402848106,1.263939753556359,0.38840026864015137,0.7442538142204285,-0.6222985982894897,False,False,False,-0.4069290866309445,False
pure,3,11,1,0.047379442754232705,183,-58.561218830706466,0.5187724764939956,94.9353631984012,0.5722842416653674,0.5677781395783074,1,0,1,0.00546448087431694,0.0,0.00546448087431694,50,-0.4513969123363495,-0.48998787999153137,0.452362984418869,-0.34313225746154785,-0.005652658641338348,-0.10000000149011612,0.4030580491639112,2.231315400844455,0.1564207235570931,2.387736124401548,-0.13566380739212036,-2.4000729393907574,0.6781298885405355,0.3912258098424036,0.7398437261581421,-0.6256399750709534,False,False,False,-0.40606283829281076,False
pure,3,11,1,0.047379442754232705,183,-58.561218830706466,0.5187724764939956,94.9353631984012,0.5722842416653674,0.5677781395783074,1,0,1,0.00546448087431694,0.0,0.00546448087431694,51,-0.4519621729850769,-0.4999881684780121,0.452362984418869,-0.34313225746154785,0.0021519735455513,-0.10000000149011612,0.4021745966241884,2.0178641587014456,0.14146845070373754,2.1593326094051832,0.05164736509323123,-2.400065965311725,0.4437509806124194,0.393074772261622,0.7358916401863098,-0.6283618211746216,False,False,False,-0.40517529113750933,False
pure,3,11,1,0.047379442754232705,183,-58.561218830706466,0.5187724764939956,94.9353631984012,0.5722842416653674,0.5677781395783074,1,0,1,0.00546448087431694,0.0,0.00546448087431694,52,-0.45174697041511536,-0.5099884867668152,0.452362984418869,-0.34313225746154785,0.009226381778717041,-0.10000000149011612,0.4012390898545236,1.8294096203018226,0.12826554362298329,1.957675163924806,0.22143316268920898,-2.400059807948427,0.7129369340716754,0.396045342820254,0.7323583364486694,-0.6305264234542847,False,False,False,-0.4042518317331523,False
pure,3,11,1,0.047379442754232705,183,-58.561218830706466,0.5187724764939956,94.9353631984012,0.5722842416653674,0.5677781395783074,1,0,1,0.00546448087431694,0.0,0.00546448087431694,53,-0.4508243203163147,-0.5199887156486511,0.452362984418869,-0.34313225746154785,0.015655122697353363,-0.10000000149011612,0.4002455876469056,1.662805151916291,0.11658689551242328,1.7793920474287142,0.37572294473648066,-2.400054364491094,0.9045689356180385,0.3998143800519958,0.7292081713676453,-0.632188081741333,False,False,False,-0.4032821276485364,False
pure,3,11,1,0.047379442754232705,183,-58.561218830706466,0.5187724764939956,94.9353631984012,0.5722842416653674,0.5677781395783074,1,0,1,0.00546448087431694,0.0,0.00546448087431694,54,-0.44925880432128906,-0.5299889445304871,0.452362984418869,-0.34313225746154785,0.02151206135749817,-0.10000000149011612,0.3991902230010012,1.515310371543729,0.10624071326452166,1.6215510848082506,0.516289472579956,-2.4000495454033968,1.0373217680930968,0.4041365540857171,0.7264080047607422,-0.6333944797515869,False,False,False,-0.402258853398321,False
pure,3,11,1,0.047379442754232705,183,-58.561218830706466,0.5187724764939956,94.9353631984012,0.5722842416653674,0.5677781395783074,1,0,1,0.00546448087431694,0.0,0.00546448087431694,55,-0.44710761308670044,-0.5399891138076782,0.452362984418869,-0.34313225746154785,0.026861757040023804,-0.10000000149011612,0.39807096181064494,1.3845119898371763,0.09705985333807711,1.4815718431752534,0.6446821689605713,-2.4000452718360847,1.1255182346493031,0.40882621339675584,0.7239283323287964,-0.6341868042945862,False,False,False,-0.4011773101016844,False
pure,3,11,1,0.047379442754232705,183,-58.561218830706466,0.5187724764939956,94.9353631984012,0.5722842416653674,0.5677781395783074,1,0,1,0.00546448087431694,0.0,0.00546448087431694,56,-0.4444214403629303,-0.5499893426895142,0.452362984418869,-0.34313225746154785,0.03176061809062958,-0.10000000149011612,0.3968870442432421,1.268297295200396,0.08889773594760901,1.357195031148005,0.76225483417511,-2.4000414747606658,1.180123997724302,0.4137433967206071,0.7217416763305664,-0.6346017122268677,False,False,False,-0.4000347202343005,False
pure,3,11,1,0.047379442754232705,183,-58.561218830706466,0.5187724764939956,94.9353631984012,0.5722842416653674,0.5677781395783074,1,0,1,0.00546448087431694,0.0,0.00546448087431694,57,-0.4412453770637512,-0.5599895119667053,0.452362984418869,-0.34313225746154785,0.0362575501203537,-0.10000000149011612,0.39563874613806327,1.1647226073331447,0.08161919694667688,1.2463418042798216,0.8701812028884889,-2.4000380906713934,1.2094089010826077,0.418782600475118,0.7198233604431152,-0.6346712112426758,False,False,False,-0.3988298508928688,False
pure,3,11,1,0.047379442754232705,183,-58.561218830706466,0.5187724764939956,94.9353631984012,0.5722842416653674,0.5677781395783074,1,0,1,0.00546448087431694,0.0,0.00546448087431694,58,-0.4376196265220642,-0.5699896812438965,0.452362984418869,-0.34313225746154785,0.040395401418209076,-0.10000000149011612,0.3943271717165243,1.072219136980207,0.0751151252588153,1.1473342622390224,0.9694896340370179,-2.400035068311316,1.2197842735001818,0.4238650349480354,0.7181508541107178,-0.6344237327575684,False,False,False,-0.39756269474668615,False
pure,3,11,1,0.047379442754232705,183,-58.561218830706466,0.5187724764939956,94.9353631984012,0.5722842416653674,0.5677781395783074,1,0,1,0.00546448087431694,0.0,0.00546448087431694,59,-0.43358007073402405,-0.5799897909164429,0.452362984418869,-0.34313225746154785,0.04421105235815048,-0.10000000149011612,0.3929537077664801,0.9892419463413372,0.06927777535607012,1.0585197216974074,1.0610652565956116,-2.4000323572027766,1.2159191621194065,0.4289313647901996,0.7167035341262817,-0.6338841915130615,False,False,False,-0.39623382296854937,False
pure,3,11,1,0.047379442754232705,183,-58.561218830706466,0.5187724764939956,94.9353631984012,0.5722842416653674,0.5677781395783074,1,0,1,0.00546448087431694,0.0,0.00546448087431694,60,-0.4291589856147766,-0.589989960193634,0.452362984418869,-0.34313225746154785,0.047736965119838715,-0.10000000149011612,0.391520323995249,0.9146474823616682,0.06402747590254658,0.9786749582642147,1.1456871628761292,-2.4000299199825395,1.2015677369658069,0.43393789702755714,0.715462327003479,-0.6330751776695251,False,False,False,-0.39484461897958967,False
pure,3,11,1,0.047379442754232705,183,-58.561218830706466,0.5187724764939956,94.9353631984012,0.5722842416653674,0.5677781395783074,1,0,1,0.00546448087431694,0.0,0.00546448087431694,61,-0.42438527941703796,-0.5999900698661804,0.452362984418869,-0.34313225746154785,0.05100047588348389,-0.10000000149011612,0.39002937233879575,0.8471094546805683,0.05927145887787073,0.9063809135584391,1.2240114212036133,-2.400027713316802,1.1791247914541871,0.4388509169919496,0.7144100069999695,-0.6320167779922485,False,False,False,-0.39339700422122487,False
pure,3,11,1,0.047379442754232705,183,-58.561218830706466,0.5187724764939956,94.9353631984012,0.5722842416653674,0.5677781395783074,1,0,1,0.00546448087431694,0.0,0.00546448087431694,62,-0.41928523778915405,-0.6099901795387268,0.452362984418869,-0.34313225746154785,0.05402538925409317,-0.10000000149011612,0.3884830269187934,0.7857142043910361,0.05494591468369274,0.8406601190747288,1.296609342098236,-2.400025707353645,1.1506359853876231,0.4436452335977314,0.713530421257019,-0.6307268142700195,False,False,False,-0.39189284637274807,False
pure,3,11,1,0.047379442754232705,183,-58.561218830706466,0.5187724764939956,94.9353631984012,0.5722842416653674,0.5677781395783074,1,0,1,0.00546448087431694,0.0,0.00546448087431694,63,-0.41388270258903503,-0.6199902892112732,0.452362984418869,-0.34313225746154785,0.05683185160160065,-0.10000000149011612,0.3868841551931158,0.7295154640348737,0.05098461149671891,0.7805000755315926,1.3639644384384155,-2.4000238711757307,1.1173974348892126,0.4483010562431031,0.7128087282180786,-0.62922203540802,False,False,False,-0.39033478915109787,False
pure,3,11,1,0.047379442754232705,183,-58.561218830706466,0.5187724764939956,94.9353631984012,0.5722842416653674,0.5677781395783074,1,0,1,0.00546448087431694,0.0,0.00546448087431694,64,-0.4081995189189911,-0.6299903988838196,0.452362984418869,-0.34313225746154785,0.059437111020088196,-0.10000000149011612,0.3852350503157032,0.6775417461344009,0.04711323189140186,0.7246549780258027,1.4264906644821165,-2.400313604352353,1.079593507111574,0.45279936252273467,0.7122304439544678,-0.6275174617767334,False,False,False,-0.38872496343656904,False
pure,3,11,1,0.047379442754232705,183,-58.561218830706466,0.5187724764939956,94.9353631984012,0.5722842416653674,0.5677781395783074,1,0,1,0.00546448087431694,0.0,0.00546448087431694,65,-0.4022558033466339,-0.6399917006492615,0.452362984418869,-0.34313225746154785,0.06185634434223175,-0.10000000149011612,0.383538702978431,0.6299384742142237,0.04397540978506447,0.6739138839992881,1.4845522642135622,-2.4002915733986594,1.0407303937538057,0.4571357391633755,0.7117831707000732,-0.6256266832351685,False,False,False,-0.3870662499504674,False
pure,3,11,1,0.047379442754232705,183,-58.561218830706466,0.5187724764939956,94.9353631984012,0.5722842416653674,0.5677781395783074,1,0,1,0.00546448087431694,0.0,0.00546448087431694,66,-0.3960701525211334,-0.6499928832054138,0.452362984418869,-0.34313225746154785,0.06410038471221924,-0.10000000149011612,0.38179791311223465,0.5848847961155791,0.04079480492677624,0.6256796010423553,1.5384092330932615,-2.4002707224055264,0.9977107465320624,0.46129286727392577,0.7114546298980713,-0.6235625743865967,False,False,False,-0.3853613348533626,False
pure,3,11,1,0.047379442754232705,183,-58.561218830706466,0.5187724764939956,94.9353631984012,0.5722842416653674,0.5677781395783074,1,0,1,0.00546448087431694,0.0,0.00546448087431694,67,-0.389660120010376,-0.6599940657615662,0.452362984418869,-0.34313225746154785,0.06617888808250427,-0.10000000149011612,0.38001536712819595,0.5423143185455026,0.037788342816824055,0.5801026613623267,1.5882933139801028,-2.4002510206459147,0.9520557146360971,0.4652597660849095,0.7112329006195068,-0.6213372945785522,False,False,False,-0.38361282207840935,False
pure,3,11,1,0.047379442754232705,183,-58.561218830706466,0.5187724764939956,94.9353631984012,0.5722842416653674,0.5677781395783074,1,0,1,0.00546448087431694,0.0,0.00546448087431694,68,-0.38304224610328674,-0.6699950695037842,0.452362984418869,-0.34313225746154785,0.06809979677200317,-0.10000000149011612,0.3781940508062967,0.5017838813726965,0.03492509558067317,0.5367089769533696,1.6343951225280764,-2.400232263023833,0.9039414694806649,0.4690261888744123,0.7111072540283203,-0.6189621686935425,False,False,False,-0.38182362722112023,False
pure,3,11,1,0.047379442754232705,183,-58.561218830706466,0.5187724764939956,94.9353631984012,0.5722842416653674,0.5677781395783074,1,0,1,0.00546448087431694,0.0,0.00546448087431694,69,-0.3762322664260864,-0.6799960732460022,0.452362984418869,-0.34313225746154785,0.06986931711435318,-0.10000000149011612,0.3763364903260326,0.46284435683415787,0.032173558903228004,0.49501791573738585,1.676863610744476,-2.4002142416814465,0.8533502936987354,0.472581815098157,0.711066484451294,-0.6164482831954956,False,False,False,-0.37999621029983516,False
pure,3,11,1,0.047379442754232705,183,-58.561218830706466,0.5187724764939956,94.9353631984012,0.5722842416653674,0.5677781395783074,1,0,1,0.00546448087431694,0.0,0.00546448087431694,70,-0.369245320558548,-0.6899969577789307,0.452362984418869,-0.34313225746154785,0.07149234414100647,-0.10000000149011612,0.3744454983501141,0.42515636689200015,0.02950991407007567,0.45466628096207584,1.7158162593841555,-2.4001967995534637,0.8003198084000827,0.4759164809664907,0.7111003398895264,-0.6138062477111816,False,False,False,-0.378133321615905,False
pure,3,11,1,0.047379442754232705,183,-58.561218830706466,0.5187724764939956,94.9353631984012,0.5722842416653674,0.5677781395783074,1,0,1,0.00546448087431694,0.0,0.00546448087431694,71,-0.3620961010456085,-0.6999977827072144,0.452362984418869,-0.34313225746154785,0.0729723572731018,-0.10000000149011612,0.37252372795989463,0.3883535380524164,0.02690845846040661,0.41526199651282303,1.7513365745544434,-2.4001797670810046,0.7447228926088252,0.47901949301902746,0.7111988067626953,-0.611046314239502,False,False,False,-0.37623754920711466,False
pure,3,11,1,0.047379442754232705,183,-58.561218830706466,0.5187724764939956,94.9353631984012,0.5722842416653674,0.5677781395783074,1,0,1,0.00546448087431694,0.0,0.00546448087431694,72,-0.3547988533973694,-0.7099984884262085,0.452362984418869,-0.34313225746154785,0.07431254535913467,-0.10000000149011612,0.3705738420242112,0.35236037130843717,0.0243639091715397,0.37672428047997686,1.783501088619232,-2.4001631093228744,0.6869124618072973,0.4818816282765579,0.7113522291183472,-0.6081785559654236,False,False,False,-0.3743115043097775,False
pure,3,11,1,0.047379442754232705,183,-58.561218830706466,0.5187724764939956,94.9353631984012,0.5722842416653674,0.5677781395783074,1,0,1,0.00546448087431694,0.0,0.00546448087431694,73,-0.3473675847053528,-0.7199991941452026,0.452362984418869,-0.34313225746154785,0.0755147933959961,-0.10000000149011612,0.3685981413472725,0.3168394428168712,0.021852649999679227,0.33869209281655044,1.8123550415039065,-2.40014667011819,0.6266751266664335,0.48449277463766804,0.711550772190094,-0.605212926864624,False,False,False,-0.3723574280489517,False
pure,3,11,1,0.047379442754232705,183,-58.561218830706466,0.5187724764939956,94.9353631984012,0.5722842416653674,0.5677781395783074,1,0,1,0.00546448087431694,0.0,0.00546448087431694,74,-0.3398161232471466,-0.7299997806549072,0.452362984418869,-0.34313225746154785,0.07658106088638306,-0.10000000149011612,0.3665991523746237,0.2818096288642562,0.019376011482645897,0.3011856403469021,1.8379454612731936,-2.400130458202958,0.5644556836321316,0.48684467331946857,0.7117853164672852,-0.6021592617034912,False,False,False,-0.37037780194318143,False
pure,3,11,1,0.047379442754232705,183,-58.561218830706466,0.5187724764939956,94.9353631984012,0.5722842416653674,0.5677781395783074,1,0,1,0.00546448087431694,0.0,0.00546448087431694,75,-0.33215799927711487,-0.7400003671646118,0.452362984418869,-0.34313225746154785,0.07751233875751495,-0.10000000149011612,0.36457909576628633,0.24702022722397834,0.01691647691525236,0.2639367041392307,1.8602961301803587,-2.400114357551351,0.500132251904523,0.48892855770240407,0.7120466232299805,-0.5990273952484131,False,False,False,-0.3683747970316214,False
pure,3,11,1,0.047379442754232705,183,-58.561218830706466,0.5187724764939956,94.9353631984012,0.5722842416653674,0.5677781395783074,1,0,1,0.00546448087431694,0.0,0.00546448087431694,76,-0.32440677285194397,-0.7500008344650269,0.452362984418869,-0.34313225746154785,0.07831034064292908,-0.10000000149011612,0.3625398995232229,0.21265779489662898,0.01448716694857269,0.22714496184520166,1.8794481754302979,-2.400098454502571,0.4344499316128899,0.4907387657507911,0.7123258113861084,-0.5958267450332642,False,False,False,-0.3663503140461092,False
pure,3,11,1,0.047379442754232705,183,-58.561218830706466,0.5187724764939956,94.9353631984012,0.5722842416653674,0.5677781395783074,1,0,1,0.00546448087431694,0.0,0.00546448087431694,77,-0.3165757358074188,-0.7600012421607971,0.452362984418869,-0.34313225746154785,0.0789760947227478,-0.10000000149011612,0.3604835935588488,0.17854499439431368,0.012075751471004384,0.19062074586531808,1.8954262733459473,-2.4000826669842366,0.36740167514575406,0.4922696060638984,0.7126141786575317,-0.5925670862197876,False,False,False,-0.36430635473686546,False
pure,3,11,1,0.047379442754232705,183,-58.561218830706466,0.5187724764939956,94.9353631984012,0.5722842416653674,0.5677781395783074,1,0,1,0.00546448087431694,0.0,0.00546448087431694,78,-0.30867812037467957,-0.7700015902519226,0.452362984418869,-0.34313225746154785,0.07951153069734573,-0.10000000149011612,0.35841200313237875,0.14491476757731533,0.009698610862002466,0.1546133784393178,1.9082767367362976,-2.4000671028026197,0.2998147966501146,0.4935188343832739,0.7129034996032715,-0.5892578363418579,False,False,False,-0.3622447403397915,False
pure,3,11,1,0.047379442754232705,183,-58.561218830706466,0.5187724764939956,94.9353631984012,0.5722842416653674,0.5677781395783074,1,0,1,0.00546448087431694,0.0,0.00546448087431694,79,-0.300726979970932,-0.7800018787384033,0.452362984418869,-0.34313225746154785,0.07991857826709747,-0.10000000149011612,0.35632646957378156,0.11176720679567004,0.0073558774397874255,0.11912308423545746,1.9180458784103394,-2.4000517620004604,0.23202911694629222,0.4944856223705501,0.7131853699684143,-0.5859083533287048,False,False,False,-0.36016681889037855,False
pure,3,11,1,0.047379442754232705,183,-58.561218830706466,0.5187724764939956,94.9353631984012,0.5722842416653674,0.5677781395783074,1,0,1,0.00546448087431694,0.0,0.00546448087431694,80,-0.29273512959480286,-0.7900020480155945,0.452362984418869,-0.34313225746154785,0.0801997035741806,-0.10000000149011612,0.3542283658086618,0.0792411142638703,0.005057345997847228,0.08429846026171753,1.9247928857803347,-2.4000367088158896,0.16466054904042063,0.49517170799155186,0.7134521007537842,-0.582527756690979,False,False,False,-0.35807398566597304,False
pure,3,11,1,0.047379442754232705,183,-58.561218830706466,0.5187724764939956,94.9353631984012,0.5722842416653674,0.5677781395783074,1,0,1,0.00546448087431694,0.0,0.00546448087431694,81,-0.2847151458263397,-0.8000022172927856,0.452362984418869,-0.34313225746154785,0.08035782724618912,-0.10000000149011612,0.3521187611564008,0.0472342296965565,0.0025913320620453953,0.0498255617586019,1.9285878539085388,-2.400311019627539,0.0973153645855466,0.495577188677325,0.7136958241462708,-0.5791254043579102,False,False,False,-0.35596735066612634,False
pure,3,11,1,0.047379442754232705,183,-58.561218830706466,0.5187724764939956,94.9353631984012,0.5722842416653674,0.5677781395783074,1,0,1,0.00546448087431694,0.0,0.00546448087431694,82,-0.2766793668270111,-0.8100035190582275,0.452362984418869,-0.34313225746154785,0.08039762824773788,-0.10000000149011612,0.34999873878463084,0.017002425037239123,0.0007906587823815178,0.01779308381962064,1.9295430779457095,-2.4001119774602,0.03470458115257355,0.49572179109879405,0.7139102220535278,-0.5757094621658325,False,False,False,-0.3538480766306716,False
pure,3,11,1,0.047379442754232705,183,-58.561218830706466,0.5187724764939956,94.9353631984012,0.5722842416653674,0.5677781395783074,1,0,1,0.00546448087431694,0.0,0.00546448087431694,83,-0.26863959431648254,-0.8200039863586426,0.452362984418869,-0.34313225746154785,0.08032174408435822,-0.10000000149011612,0.3478689622402109,0.012924278362032752,0.0013243039111478297,0.014248582273180582,1.927721858024597,-2.39991494403884,0.02809263064449763,0.49583884372647946,0.7140885591506958,-0.5722883939743042,False,False,False,-0.35171687404512536,False
pure,3,11,1,0.047379442754232705,183,-58.561218830706466,0.5187724764939956,94.9353631984012,0.5722842416653674,0.5677781395783074,1,0,1,0.00546448087431694,0.0,0.00546448087431694,84,-0.26060742139816284,-0.8300036191940308,0.452362984418869,-0.34313225746154785,0.0801350399851799,-0.10000000149011612,0.3457300945949791,0.04161208663111816,0.003355737875295637,0.044967824506413796,1.9232409596443178,-2.3997260673376832,0.08808292107973349,0.49620585589764504,0.7142245769500732,-0.5688706040382385,False,False,False,-0.349574501199746,False
pure,3,11,1,0.047379442754232705,183,-58.561218830706466,0.5187724764939956,94.9353631984012,0.5722842416653674,0.5677781395783074,1,0,1,0.00546448087431694,0.0,0.00546448087431694,85,-0.2525939345359802,-0.8400024771690369,0.452362984418869,-0.34313225746154785,0.07984335720539093,-0.10000000149011612,0.3435819489309064,0.06912493971379732,0.005602906427516049,0.07472784614131338,1.9162405729293823,-2.3999680445091505,0.14590681046328943,0.49681380094124206,0.7143117189407349,-0.5654640197753906,False,False,False,-0.3474208896407357,False
pure,3,11,1,0.047379442754232705,183,-58.561218830706466,0.5187724764939956,94.9353631984012,0.5722842416653674,0.5677781395783074,1,0,1,0.00546448087431694,0.0,0.00546448087431694,86,-0.24460959434509277,-0.8500023484230042,0.452362984418869,-0.34313225746154785,0.07945352792739868,-0.10000000149011612,0.3414246838214141,0.09436282471956275,0.007204861110890544,0.1015676858304533,1.9068846702575684,-2.399956364331434,0.19723037617714195,0.4976355941753135,0.7143449783325195,-0.5620757341384888,False,False,False,-0.3452563383104545,False
pure,3,11,1,0.047379442754232705,183,-58.561218830706466,0.5187724764939956,94.9353631984012,0.5722842416653674,0.5677781395783074,1,0,1,0.00546448087431694,0.0,0.00546448087431694,87,-0.23666423559188843,-0.8600021600723267,0.452362984418869,-0.34313225746154785,0.07897166907787323,-0.10000000149011612,0.33925837297015177,0.11822436739711702,0.008889189342324131,0.12711355673944114,1.8953200578689577,-2.399945321129558,0.2454065832273703,0.49865812160542755,0.7143197655677795,-0.5587126016616821,False,False,False,-0.34308105189375865,False
pure,3,11,1,0.047379442754232705,183,-58.561218830706466,0.5187724764939956,94.9353631984012,0.5722842416653674,0.5677781395783074,1,0,1,0.00546448087431694,0.0,0.00546448087431694,88,-0.22876706719398499,-0.8700019717216492,0.452362984418869,-0.34313225746154785,0.07840454578399658,-0.10000000149011612,0.3370826538436886,0.14034755920530761,0.010450622273431466,0.15079818147873908,1.881709098815918,-2.399935082442286,0.28917409418059403,0.49986301366451336,0.7142316699028015,-0.5553809404373169,False,False,False,-0.3408948118024345,False
pure,3,11,1,0.047379442754232705,183,-58.561218830706466,0.5187724764939956,94.9353631984012,0.5722842416653674,0.5677781395783074,1,0,1,0.00546448087431694,0.0,0.00546448087431694,89,-0.22092661261558533,-0.8800016641616821,0.452362984418869,-0.34313225746154785,0.07775921374559402,-0.10000000149011612,0.3348971168451581,0.1606561249920446,0.011883727611212203,0.1725398526032568,1.8662211298942566,-2.3999256835700153,0.3283399182177847,0.5012310966570874,0.7140768766403198,-0.552086591720581,False,False,False,-0.3386973599844251,False
pure,3,11,1,0.047379442754232705,183,-58.561218830706466,0.5187724764939956,94.9353631984012,0.5722842416653674,0.5677781395783074,1,0,1,0.00546448087431694,0.0,0.00546448087431694,90,-0.21315069496631622,-0.8900013566017151,0.452362984418869,-0.34313225746154785,0.07704316079616547,-0.10000000149011612,0.3327012127131093,0.1790372335829989,0.013180599375102086,0.19221783295810096,1.8490358591079712,-2.3999171767313916,0.3626786118503774,0.5027422575397973,0.7138522863388062,-0.5488345623016357,False,False,False,-0.33648830721675044,False
pure,3,11,1,0.047379442754232705,183,-58.561218830706466,0.5187724764939956,94.9353631984012,0.5722842416653674,0.5677781395783074,1,0,1,0.00546448087431694,0.0,0.00546448087431694,91,-0.20544637739658356,-0.900001049041748,0.452362984418869,-0.34313225746154785,0.07626406848430634,-0.10000000149011612,0.3304943873155116,0.1954396471247468,0.014337650651507558,0.20977729777625434,1.830337643623352,-2.399909585639467,0.3921296084229914,0.5043761309082264,0.7135549783706665,-0.5456298589706421,False,False,False,-0.33426726253509514,False
pure,3,11,1,0.047379442754232705,183,-58.561218830706466,0.5187724764939956,94.9353631984012,0.5722842416653674,0.5677781395783074,1,0,1,0.00546448087431694,0.0,0.00546448087431694,92,-0.19781997799873352,-0.9100006222724915,0.452362984418869,-0.34313225746154785,0.07542933523654938,-0.10000000149011612,0.3282756791408665,0.2099354550627472,0.015359983165193176,0.22529543822794038,1.810304045677185,-2.3999028769309985,0.4169094714189309,0.5061132537058053,0.7131825089454651,-0.5424764156341553,False,False,False,-0.332033421337188,False
pure,3,11,1,0.047379442754232705,183,-58.561218830706466,0.5187724764939956,94.9353631984012,0.5722842416653674,0.5677781395783074,1,0,1,0.00546448087431694,0.0,0.00546448087431694,93,-0.19027704000473022,-0.9200002551078796,0.452362984418869,-0.34313225746154785,0.07454641908407211,-0.10000000149011612,0.32604442391064725,0.22250819600213823,0.016246511492500403,0.23875470749463862,1.7891140580177305,-2.3998970582243793,0.43708249662885035,0.5079344307750921,0.7127331495285034,-0.5393778681755066,False,False,False,-0.32978627535966,False
pure,3,11,1,0.047379442754232705,183,-58.561218830706466,0.5187724764939956,94.9353631984012,0.5722842416653674,0.5677781395783074,1,0,1,0.00546448087431694,0.0,0.00546448087431694,94,-0.18282240629196167,-0.929999828338623,0.452362984418869,-0.34313225746154785,0.07362271845340729,-0.10000000149011612,0.32379974895265484,0.23317221450373943,0.016998283750367518,0.2501704982541069,1.766945242881775,-2.399892122880894,0.4527965824645925,0.5098210832020279,0.7122055292129517,-0.53633713722229,False,False,False,-0.3275251045927086,False
pure,3,11,1,0.047379442754232705,183,-58.561218830706466,0.5187724764939956,94.9353631984012,0.5722842416653674,0.5677781395783074,1,0,1,0.00546448087431694,0.0,0.00546448087431694,95,-0.17546012997627258,-0.9399993419647217,0.452362984418869,-0.34313225746154785,0.07266523689031601,-0.10000000149011612,0.3215407598075447,0.2420286035906804,0.017622451965914273,0.2596510555565947,1.743965685367584,-2.399888024114363,0.46438149096810855,0.5117560060810616,0.7115986943244934,-0.5333566069602966,False,False,False,-0.3252491576281366,False
pure,3,11,1,0.047379442754232705,183,-58.561218830706466,0.5187724764939956,94.9353631984012,0.5722842416653674,0.5677781395783074,1,0,1,0.00546448087431694,0.0,0.00546448087431694,96,-0.16819360852241516,-0.9499989151954651,0.452362984418869,-0.34313225746154785,0.07168082892894745,-0.10000000149011612,0.319266611240594,0.24911496595911156,0.018121728352555346,0.2672366943116669,1.7203398942947385,-2.399884744522117,0.47205247362300684,0.5137228913878241,0.7109119892120361,-0.5304383635520935,False,False,False,-0.32295772602388106,False
pure,3,11,1,0.047379442754232705,183,-58.561218830706466,0.5187724764939956,94.9353631984012,0.5722842416653674,0.5677781395783074,1,0,1,0.00546448087431694,0.0,0.00546448087431694,97,-0.1610255241394043,-0.9599984288215637,0.452362984418869,-0.34313225746154785,0.07067570090293884,-0.10000000149011612,0.31697626173831916,0.25459802748952254,0.018507875823634036,0.2731059033131566,1.6962168216705322,-2.399882206942878,0.47627017886931233,0.5157073504664462,0.710145115852356,-0.527583658695221,False,False,False,-0.3206498907540033,False
pure,3,11,1,0.047379442754232705,183,-58.561218830706466,0.5187724764939956,94.9353631984012,0.5722842416653674,0.5677781395783074,1,0,1,0.00546448087431694,0.0,0.00546448087431694,98,-0.15395794808864594,-0.9699979424476624,0.452362984418869,-0.34313225746154785,0.06965607404708862,-0.10000000149011612,0.31466901418850657,0.2584731616432417,0.01878064860139288,0.2772538102446346,1.6717457771301267,-2.3998804135178116,0.47717272721020537,0.5176955701631554,0.7092982530593872,-0.5247936248779297,False,False,False,-0.3183250738410735,False
pure,3,11,1,0.047379442754232705,183,-58.561218830706466,0.5187724764939956,94.9353631984012,0.5722842416653674,0.5677781395783074,1,0,1,0.00546448087431694,0.0,0.00546448087431694,99,-0.14699234068393707,-0.979997456073761,0.452362984418869,-0.34313225746154785,0.06862734258174896,-0.10000000149011612,0.3123439144495303,0.26095344751885063,0.0189550432155263,0.27990849073437696,1.6470562219619749,-2.3998792656332038,0.4752948145704735,0.5196759652238657,0.708371639251709,-0.5220687985420227,False,False,False,-0.3159824226203734,False
pure,3,11,1,0.047379442754232705,183,-58.561218830706466,0.5187724764939956,94.9353631984012,0.5722842416653674,0.5677781395783074,1,0,1,0.00546448087431694,0.0,0.00546448087431694,100,-0.14012961089611053,-0.9899969100952148,0.452362984418869,-0.34313225746154785,0.06759472191333771,-0.10000000149011612,0.3100002126505303,0.262084517327651,0.019034351129012462,0.28111886845666345,1.622273325920105,-2.399878742170304,0.4708528562428161,0.5216378521248775,0.7073659896850586,-0.5194092988967896,False,False,False,-0.31362128176891085,False
pure,3,11,1,0.047379442754232705,183,-58.561218830706466,0.5187724764939956,94.9353631984012,0.5722842416653674,0.5677781395783074,1,0,1,0.00546448087431694,0.0,0.00546448087431694,101,-0.13337013125419617,-0.9999964237213135,0.452362984418869,-0.34313225746154785,0.06656299531459808,-0.10000000149011612,0.307637084996237,0.26197750223633093,0.01902640843496764,0.2810039106712986,1.597511887550354,-2.3998787916972466,0.46417324817853656,0.5235719073256213,0.7062821388244629,-0.5168148279190063,False,False,False,-0.3112409119810001,False
pure,3,11,1,0.047379442754232705,183,-58.561218830706466,0.5187724764939956,94.9353631984012,0.5722842416653674,0.5677781395783074,1,0,1,0.00546448087431694,0.0,0.00546448087431694,102,-0.1267138421535492,-1.009995937347412,0.452362984418869,-0.34313225746154785,0.06553614884614944,-0.10000000149011612,0.30525397494054246,0.260838048264698,0.018945711744626177,0.27978376000932415,1.5728675723075864,-2.399879319040361,0.455731129539973,0.5254707870320379,0.7051212787628174,-0.5142849087715149,False,False,False,-0.308840824436311,False
pure,3,11,1,0.047379442754232705,183,-58.561218830706466,0.5187724764939956,94.9353631984012,0.5722842416653674,0.5677781395783074,1,0,1,0.00546448087431694,0.0,0.00546448087431694,103,-0.12016022205352783,-1.0199954509735107,0.452362984418869,-0.34313225746154785,0.06451795250177383,-0.10000000149011612,0.30285003842877384,0.2587216435867817,0.01879622914230022,0.2775178727290819,1.5484308600425722,-2.399880298519536,0.44572127709577325,0.5273279590199369,0.703884482383728,-0.5118185877799988,False,False,False,-0.30642023587690825,False
pure,3,11,1,0.047379442754232705,183,-58.561218830706466,0.5187724764939956,94.9353631984012,0.5722842416653674,0.5677781395783074,1,0,1,0.00546448087431694,0.0,0.00546448087431694,104,-0.11370842903852463,-1.0299949645996094,0.452362984418869,-0.34313225746154785,0.0635116919875145,-0.10000000149011612,0.30042477729711364,0.2557531341618516,0.018586751526652467,0.27433988568850404,1.5242806077003477,-2.3998816723556406,0.4344455470989372,0.5291381487995158,0.7025730609893799,-0.5094150304794312,False,False,False,-0.30397869932446314,False
pure,3,11,1,0.047379442754232705,183,-58.561218830706466,0.5187724764939956,94.9353631984012,0.5722842416653674,0.5677781395783074,1,0,1,0.00546448087431694,0.0,0.00546448087431694,105,-0.10735725611448288,-1.039994478225708,0.452362984418869,-0.34313225746154785,0.06252015382051468,-0.10000000149011612,0.297977578811255,0.2520613141841301,0.0183263669321778,0.2703876811163079,1.500483691692352,-2.399883380942293,0.42219503467341324,0.5308972947773217,0.7011885643005371,-0.5070726871490479,False,False,False,-0.3015156422778039,False
pure,3,11,1,0.047379442754232705,183,-58.561218830706466,0.5187724764939956,94.9353631984012,0.5722842416653674,0.5677781395783074,1,0,1,0.00546448087431694,0.0,0.00546448087431694,106,-0.10110524296760559,-1.0499939918518066,0.452362984418869,-0.34313225746154785,0.061545927077531815,-0.10000000149011612,0.29550808194819705,0.2476970064296899,0.018018681291702362,0.26571568772139226,1.4771022498607638,-2.39988540075854,0.40911657565394854,0.5326019471758798,0.6997325420379639,-0.5047903060913086,False,False,False,-0.29903073880616443,False
pure,3,11,1,0.047379442754232705,183,-58.561218830706466,0.5187724764939956,94.9353631984012,0.5722842416653674,0.5677781395783074,1,0,1,0.00546448087431694,0.0,0.00546448087431694,107,-0.09495064616203308,-1.0599935054779053,0.452362984418869,-0.34313225746154785,0.06059082970023155,-0.10000000149011612,0.29301575313925754,0.24285941416983306,0.017677703123294336,0.2605371172931274,1.4541799128055573,-2.399887639612441,0.3955857829438289,0.5342502212714791,0.6982067823410034,-0.5025658011436462,False,False,False,-0.2965234765750171,False
pure,3,11,1,0.047379442754232705,183,-58.561218830706466,0.5187724764939956,94.9353631984012,0.5722842416653674,0.5677781395783074,1,0,1,0.00546448087431694,0.0,0.00546448087431694,108,-0.08889156579971313,-1.069993019104004,0.452362984418869,-0.34313225746154785,0.05965673178434372,-0.10000000149011612,0.2905004027810211,0.23753495951505618,0.017302531042941598,0.25483749055799776,1.4317615628242493,-2.3998901037878895,0.38161759788110994,0.5358402945959838,0.6966129541397095,-0.5003977417945862,False,False,False,-0.2939936867680664,False
pure,3,11,1,0.047379442754232705,183,-58.561218830706466,0.5187724764939956,94.9353631984012,0.5722842416653674,0.5677781395783074,1,0,1,0.00546448087431694,0.0,0.00546448087431694,109,-0.08292589336633682,-1.0799925327301025,0.452362984418869,-0.34313225746154785,0.05874493718147278,-0.10000000149011612,0.28796151260027597,0.23186992686183083,0.01690343001156256,0.2487733568733934,1.409878492355347,-2.399892725583977,0.3674748416286695,0.5373714397694366,0.6949526071548462,-0.49828413128852844,False,False,False,-0.29144086184093665,False
pure,3,11,1,0.047379442754232705,183,-58.561218830706466,0.5187724764939956,94.9353631984012,0.5722842416653674,0.5677781395783074,1,0,1,0.00546448087431694,0.0,0.00546448087431694,110,-0.07705140113830566,-1.0899920463562012,0.452362984418869,-0.34313225746154785,0.05785665288567543,-0.10000000149011612,0.2853989282470607,0.22588932672582201,0.016482192014305286,0.2423715187401273,1.3885596692562105,-2.3998954934257517,0.35321634714382466,0.5388431745492025,0.6932276487350464,-0.49622294306755066,False,False,False,-0.2888648557138108,False
pure,3,11,1,0.047379442754232705,183,-58.561218830706466,0.5187724764939956,94.9353631984012,0.5722842416653674,0.5677781395783074,1,0,1,0.00546448087431694,0.0,0.00546448087431694,111,-0.07126573473215103,-1.0999916791915894,0.452362984418869,-0.34313225746154785,0.05699248984456062,-0.10000000149011612,0.28281245478324024,0.219747246960075,0.016049642083336625,0.23579688904341162,1.3678197562694547,-2.3998983360008403,0.3390921351070221,0.5402560584454817,0.6914398670196533,-0.4942121207714081,False,False,False,-0.2862654723309669,False
pure,3,11,1,0.047379442754232705,183,-58.561218830706466,0.5187724764939956,94.9353631984012,0.5722842416653674,0.5677781395783074,1,0,1,0.00546448087431694,0.0,0.00546448087431694,112,-0.06556648761034012,-1.109991192817688,0.452362984418869,-0.34313225746154785,0.05615304410457611,-0.10000000149011612,0.28020181698261853,0.2134475858809767,0.015606090513938901,0.2290536763949156,1.3476730585098267,-2.39990125150509,0.3251106370512585,0.541610686099862,0.6895908713340759,-0.49224960803985596,False,False,False,-0.2836424344545519,False
pure,3,11,1,0.047379442754232705,183,-58.561218830706466,0.5187724764939956,94.9353631984012,0.5722842416653674,0.5677781395783074,1,0,1,0.00546448087431694,0.0,0.00546448087431694,113,-0.05995118245482445,-1.1199908256530762,0.452362984418869,-0.34313225746154785,0.055338747799396515,-0.10000000149011612,0.27756706123094554,0.20703273010956338,0.01515450386785877,0.22218723397742215,1.3281299471855164,-2.399904220321827,0.3113357266954454,0.5429079182944263,0.6876826286315918,-0.4903332591056824,False,False,False,-0.28099578399996755,False
pure,3,11,1,0.047379442754232705,183,-58.561218830706466,0.5187724764939956,94.9353631984012,0.5722842416653674,0.5677781395783074,1,0,1,0.00546448087431694,0.0,0.00546448087431694,114,-0.05441730469465256,-1.1299904584884644,0.452362984418869,-0.34313225746154785,0.054549772292375565,-0.10000000149011612,0.2749081301758476,0.20057014821402308,0.014699624676245334,0.2152697728902684,1.3091945350170135,-2.3999072112263753,0.2978630771921938,0.5441490144493938,0.6857169270515442,-0.488460898399353,False,False,False,-0.27832545512117823,False
pure,3,11,1,0.047379442754232705,183,-58.561218830706466,0.5187724764939956,94.9353631984012,0.5722842416653674,0.5677781395783074,1,0,1,0.00546448087431694,0.0,0.00546448087431694,115,-0.04896232858300209,-1.139989972114563,0.452362984418869,-0.34313225746154785,0.05378583073616028,-0.10000000149011612,0.27222481554671213,0.19417840963310828,0.014249796384294454,0.20842820601740275,1.2908599376678467,-2.3999101693443996,0.28485536100919107,0.5453359117869321,0.6836951971054077,-0.48663052916526794,False,False,False,-0.2756312250189392,False
pure,3,11,1,0.047379442754232705,183,-58.561218830706466,0.5187724764939956,94.9353631984012,0.5722842416653674,0.5677781395783074,1,0,1,0.00546448087431694,0.0,0.00546448087431694,116,-0.04358374699950218,-1.1499896049499512,0.452362984418869,-0.34313225746154785,0.05304697901010513,-0.10000000149011612,0.2695172572456182,0.18776900133286237,0.01379882392031538,0.20156782525317773,1.2731274962425232,-2.3999131356400296,0.2721698573216148,0.5464699528591055,0.6816193461418152,-0.48483994603157043,False,False,False,-0.272913223090011,False
pure,3,11,1,0.047379442754232705,183,-58.561218830706466,0.5187724764939956,94.9353631984012,0.5722842416653674,0.5677781395783074,1,0,1,0.00546448087431694,0.0,0.00546448087431694,117,-0.03827904909849167,-1.1599892377853394,0.452362984418869,-0.34313225746154785,0.05233290418982506,-0.10000000149011612,0.26678531847853476,0.1814373231104204,0.013353372083009931,0.19479069519343034,1.2559897005558014,-2.3999160659619196,0.25993038131988605,0.5475529961146051,0.6794908046722412,-0.48308709263801575,False,False,False,-0.2701712984587651,False
pure,3,11,1,0.047379442754232705,183,-58.561218830706466,0.5187724764939956,94.9353631984012,0.5722842416653674,0.5677781395783074,1,0,1,0.00546448087431694,0.0,0.00546448087431694,118,-0.03304575756192207,-1.169988989830017,0.452362984418869,-0.34313225746154785,0.05164337903261185,-0.10000000149011612,0.26402921213406977,0.17516133230759592,0.012911911720492693,0.18807324402808862,1.2394410967826843,-2.399918970511484,0.2480896957128229,0.5485867031800752,0.677311360836029,-0.48136991262435913,False,False,False,-0.267405650379247,False
pure,3,11,1,0.047379442754232705,183,-58.561218830706466,0.5187724764939956,94.9353631984012,0.5722842416653674,0.5677781395783074,1,0,1,0.00546448087431694,0.0,0.00546448087431694,119,-0.02788141928613186,-1.1799886226654053,0.452362984418869,-0.34313225746154785,0.0509774275124073,-0.10000000149011612,0.2612489548952844,0.16913475290104965,0.012488042595289866,0.18162279549633953,1.2234582602977753,-2.3999217596326203,0.23689963569986747,0.5495737849954913,0.6750825047492981,-0.4796863794326782,False,False,False,-0.26461627273574134,False
pure,3,11,1,0.047379442754232705,183,-58.561218830706466,0.5187724764939956,94.9353631984012,0.5722842416653674,0.5677781395783074,1,0,1,0.00546448087431694,0.0,0.00546448087431694,120,-0.0227836761623621,-1.1899882555007935,0.452362984418869,-0.34313225746154785,0.05033499002456665,-0.10000000149011612,0.25844456611123007,0.16312078518930886,0.012065174691458725,0.1751859598807676,1.2080397605895996,-2.399924542917021,0.2260119031438933,0.5505155012585908,0.672805666923523,-0.47803449630737305,False,False,False,-0.26180317459549823,False
pure,3,11,1,0.047379442754232705,183,-58.561218830706466,0.5187724764939956,94.9353631984012,0.5722842416653674,0.5677781395783074,1,0,1,0.00546448087431694,0.0,0.00546448087431694,121,-0.017750177532434464,-1.1999880075454712,0.452362984418869,-0.34313225746154785,0.04971526935696602,-0.10000000149011612,0.2556163341437852,0.15731016399857894,0.011656628193105518,0.16896679219168445,1.1931664645671844,-2.3999272320919713,0.2156722716536734,0.5514141357238145,0.6704825162887573,-0.4764123260974884,False,False,False,-0.25896662487438077,False
pure,3,11,1,0.047379442754232705,183,-58.561218830706466,0.5187724764939956,94.9353631984012,0.5722842416653674,0.5677781395783074,1,0,1,0.00546448087431694,0.0,0.00546448087431694,122,-0.012778650969266891,-1.2099876403808594,0.452362984418869,-0.34313225746154785,0.04911760613322258,-0.10000000149011612,0.25276421412875877,0.15166743130048913,0.011259965981174423,0.16292739728166356,1.178822547197342,-2.3999298435675644,0.2058121160882965,0.5522716862075158,0.668114185333252,-0.4748181104660034,False,False,False,-0.2561065614973568,False
pure,3,11,1,0.047379442754232705,183,-58.561218830706466,0.5187724764939956,94.9353631984012,0.5722842416653674,0.5677781395783074,1,0,1,0.00546448087431694,0.0,0.00546448087431694,123,-0.007866890169680119,-1.219987392425537,0.452362984418869,-0.34313225746154785,0.048541389405727386,-0.10000000149011612,0.24988844772337587,0.14618015556969957,0.010874295829513545,0.15705445139921312,1.164993345737457,-2.3999323830971524,0.19639648322219413,0.5530900048876083,0.6657021641731262,-0.47325000166893005,False,False,False,-0.2532232102519146,False
pure,3,11,1,0.047379442754232705,183,-58.561218830706466,0.5187724764939956,94.9353631984012,0.5722842416653674,0.5677781395783074,1,0,1,0.00546448087431694,0.0,0.00546448087431694,124,-0.0030127514619380236,-1.2299871444702148,0.452362984418869,-0.34313225746154785,0.04798590764403343,-0.10000000149011612,0.24698921585277103,0.14087444483774592,0.010501442613471813,0.15137588745121772,1.1516617834568024,-2.399934838597851,0.18744249236893246,0.5538710152724788,0.66324782371521,-0.47170618176460266,False,False,False,-0.250316735075865,False
pure,3,11,1,0.047379442754232705,183,-58.561218830706466,0.5187724764939956,94.9353631984012,0.5722842416653674,0.5677781395783074,1,0,1,0.00546448087431694,0.0,0.00546448087431694,125,0.0017858392093330622,-1.239986777305603,0.452362984418869,-0.34313225746154785,0.04745025560259819,-0.10000000149011612,0.2440665962158888,0.13580051533995602,0.010144939414753588,0.1459454547547096,1.1388061344623568,-2.3999371868294177,0.1789976772918899,0.5546168389278617,0.6607522964477539,-0.47018498182296753,False,False,False,-0.24738719489268954,False
pure,3,11,1,0.047379442754232705,183,-58.561218830706466,0.5187724764939956,94.9353631984012,0.5722842416653674,0.5677781395783074,1,0,1,0.00546448087431694,0.0,0.00546448087431694,126,0.006530864629894495,-1.2499865293502808,0.452362984418869,-0.34313225746154785,0.04693388566374779,-0.10000000149011612,0.24112090594463642,0.13086601371267376,0.009798306787589165,0.14066432050026292,1.126413255929947,-2.399939470533299,0.17092455580059548,0.5553290245770309,0.6582169532775879,-0.46868476271629333,False,False,False,-0.24443489319973286,False
pure,3,11,1,0.047379442754232705,183,-58.561218830706466,0.5187724764939956,94.9353631984012,0.5722842416653674,0.5677781395783074,1,0,1,0.00546448087431694,0.0,0.00546448087431694,127,0.011224253103137016,-1.2599862813949585,0.452362984418869,-0.34313225746154785,0.04643610492348671,-0.10000000149011612,0.23815227249502655,0.12610856733058365,0.009464154779363508,0.13557272210994717,1.1144665181636813,-2.39994167229542,0.16325719539157407,0.5560092628911625,0.6556428670883179,-0.4672039747238159,False,False,False,-0.24145994247734065,False
pure,3,11,1,0.047379442754232705,183,-58.561218830706466,0.5187724764939956,94.9353631984012,0.5722842416653674,0.5677781395783074,1,0,1,0.00546448087431694,0.0,0.00546448087431694,128,0.015867864713072777,-1.2699860334396362,0.452362984418869,-0.34313225746154785,0.04595594480633736,-0.10000000149011612,0.23516083966754883,0.12159958359025906,0.009147511522869956,0.130747095113129,1.1029426753520966,-2.399943759068199,0.15607088323705742,0.5566595582379835,0.6530311107635498,-0.4657410681247711,False,False,False,-0.23846246886812658,False
pure,3,11,1,0.047379442754232705,183,-58.561218830706466,0.5187724764939956,94.9353631984012,0.5722842416653674,0.5677781395783074,1,0,1,0.00546448087431694,0.0,0.00546448087431694,129,0.020463459193706512,-1.279985785484314,0.452362984418869,-0.34313225746154785,0.04549293965101242,-0.10000000149011612,0.23214691413083313,0.11720913974942818,0.00883926558579288,0.12604840533522105,1.091830551624298,-2.399945790980314,0.1491862779460084,0.5572811677294253,0.6503828763961792,-0.46429458260536194,False,False,False,-0.2354427671942973,False
pure,3,11,1,0.047379442754232705,183,-58.561218830706466,0.5187724764939956,94.9353631984012,0.5722842416653674,0.5677781395783074,1,0,1,0.00546448087431694,0.0,0.00546448087431694,130,0.025012752041220665,-1.2899856567382812,0.452362984418869,-0.34313225746154785,0.045046236366033554,-0.10000000149011612,0.22911058829017275,0.11303746137054985,0.008546416174483663,0.12158387754503351,1.0811096727848053,-2.3999477216470413,0.1427168449009397,0.5578758212498458,0.6476989984512329,-0.4628632068634033,False,False,False,-0.23240091466196172,False
pure,3,11,1,0.047379442754232705,183,-58.561218830706466,0.5187724764939956,94.9353631984012,0.5722842416653674,0.5677781395783074,1,0,1,0.00546448087431694,0.0,0.00546448087431694,131,0.02951737679541111,-1.299985408782959,0.452362984418869,-0.34313225746154785,0.04461510851979256,-0.10000000149011612,0.22605227948155177,0.10905193150495268,0.008266701798442404,0.11731863330339509,1.0707626044750211,-2.3999495661636123,0.13660839759605053,0.558445022906496,0.644980788230896,-0.4614454507827759,False,False,False,-0.22933731474902402,False
pure,3,11,1,0.047379442754232705,183,-58.561218830706466,0.5187724764939956,94.9353631984012,0.5722842416653674,0.5677781395783074,1,0,1,0.00546448087431694,0.0,0.00546448087431694,132,0.033978886902332306,-1.3099851608276367,0.452362984418869,-0.34313225746154785,0.04419909045100212,-0.10000000149011612,0.22297216836393843,0.1051851865545081,0.00799537499350276,0.11318056154801087,1.0607781708240511,-2.3999513557061274,0.13076666084611352,0.5589898839933548,0.6422291398048401,-0.46004003286361694,False,False,False,-0.2262521385032035,False
pure,3,11,1,0.047379442754232705,183,-58.561218830706466,0.5187724764939956,94.9353631984012,0.5722842416653674,0.5677781395783074,1,0,1,0.00546448087431694,0.0,0.00546448087431694,133,0.03839879482984543,-1.3199849128723145,0.452362984418869,-0.34313225746154785,0.04379713162779808,-0.10000000149011612,0.21987023461431943,0.10158853320010791,0.007743047342877811,0.10933158054298572,1.0511311590671537,-2.399953020249346,0.12536582250703474,0.5595122415871341,0.6394445896148682,-0.45864585041999817,False,False,False,-0.2231453483906456,False
pure,3,11,1,0.047379442754232705,183,-58.561218830706466,0.5187724764939956,94.9353631984012,0.5722842416653674,0.5677781395783074,1,0,1,0.00546448087431694,0.0,0.00546448087431694,134,0.042778510600328445,-1.3299847841262817,0.452362984418869,-0.34313225746154785,0.04340893402695656,-0.10000000149011612,0.2167470168696774,0.09806752164696615,0.007496100399052748,0.1055636220460189,1.0418144166469574,-2.399954649785287,0.12015845886461089,0.5600129018324033,0.6366284489631653,-0.4572615921497345,False,False,False,-0.22001747589577564,False
pure,3,11,1,0.047379442754232705,183,-58.561218830706466,0.5187724764939956,94.9353631984012,0.5722842416653674,0.5677781395783074,1,0,1,0.00546448087431694,0.0,0.00546448087431694,135,0.04711940139532089,-1.3399845361709595,0.452362984418869,-0.34313225746154785,0.04303375631570816,-0.10000000149011612,0.21360252730605883,0.09473678203990332,0.007262526038213355,0.10199930807811668,1.032810151576996,-2.399956191262734,0.11527485454816634,0.560493213726354,0.6337812542915344,-0.45588618516921997,False,False,False,-0.2168685209011821,False
pure,3,11,1,0.047379442754232705,183,-58.561218830706466,0.5187724764939956,94.9353631984012,0.5722842416653674,0.5677781395783074,1,0,1,0.00546448087431694,0.0,0.00546448087431694,136,0.05142277851700783,-1.3499844074249268,0.452362984418869,-0.34313225746154785,0.04267103970050812,-0.10000000149011612,0.21043726066527796,0.09154923076930437,0.007039052071254323,0.09858828284055869,1.024104952812195,-2.3999576664721394,0.11064944764009461,0.560954253091521,0.6309041380882263,-0.45451849699020386,False,False,False,-0.21369896831391286,False
pure,3,11,1,0.047379442754232705,183,-58.561218830706466,0.5187724764939956,94.9353631984012,0.5722842416653674,0.5677781395783074,1,0,1,0.00546448087431694,0.0,0.00546448087431694,137,0.05568988248705864,-1.359984278678894,0.452362984418869,-0.34313225746154785,0.042320046573877335,-0.10000000149011612,0.20725119282999466,0.08855116569760574,0.006828917010458158,0.09538008270806389,1.015681117773056,-2.399959053986696,0.1063288681640241,0.5613972900422045,0.6279975771903992,-0.4531574547290802,False,False,False,-0.2105087821702046,False
pure,3,11,1,0.047379442754232705,183,-58.561218830706466,0.5187724764939956,94.9353631984012,0.5722842416653674,0.5677781395783074,1,0,1,0.00546448087431694,0.0,0.00546448087431694,138,0.05992188677191734,-1.3699840307235718,0.452362984418869,-0.34313225746154785,0.0419803149998188,-0.10000000149011612,0.20404475525665397,0.08567138907321292,0.0066271318500518255,0.09229852092326475,1.0075275599956512,-2.399960386756964,0.10222113951231208,0.5618232114568391,0.6250624656677246,-0.45180216431617737,False,False,False,-0.20729838587987537,False
pure,3,11,1,0.047379442754232705,183,-58.561218830706466,0.5187724764939956,94.9353631984012,0.5722842416653674,0.5677781395783074,1,0,1,0.00546448087431694,0.0,0.00546448087431694,139,0.06411992013454437,-1.379983901977539,0.452362984418869,-0.34313225746154785,0.04165139049291611,-0.10000000149011612,0.2008181866032812,0.08290800451622522,0.006433539575724506,0.08934154409194973,0.9996333718299868,-2.399961665660593,0.09831785646249912,0.5622328691920995,0.6220995187759399,-0.45045164227485657,False,False,False,-0.20406801050135823,False
pure,3,11,1,0.047379442754232705,183,-58.561218830706466,0.5187724764939956,94.9353631984012,0.5722842416653674,0.5677781395783074,1,0,1,0.00546448087431694,0.0,0.00546448087431694,140,0.06828505545854568,-1.3899837732315063,0.452362984418869,-0.34313225746154785,0.0413326770067215,-0.10000000149011612,0.19757159633666763,0.08029767758847602,0.006250716686521746,0.08654839427499776,0.9919842481613158,-2.399962873728638,0.0946555193135524,0.5626272671892393,0.6191092729568481,-0.4491049349308014,False,False,False,-0.20081775589019546,False
pure,3,11,1,0.047379442754232705,183,-58.561218830706466,0.5187724764939956,94.9353631984012,0.5722842416653674,0.5677781395783074,1,0,1,0.00546448087431694,0.0,0.00546448087431694,141,0.07241832464933395,-1.399983525276184,0.452362984418869,-0.34313225746154785,0.041023559868335724,-0.10000000149011612,0.1943055503160416,0.0778453052298724,0.006079020063729909,0.08392432529360232,0.9845654368400573,-2.3999640086947807,0.09123322631068215,0.5630074056322004,0.6160927414894104,-0.4477611780166626,False,False,False,-0.19754817896491875,False
pure,3,11,1,0.047379442754232705,183,-58.561218830706466,0.5187724764939956,94.9353631984012,0.5722842416653674,0.5677781395783074,1,0,1,0.00546448087431694,0.0,0.00546448087431694,142,0.07652068138122559,-1.4099833965301514,0.452362984418869,-0.34313225746154785,0.04072382301092148,-0.10000000149011612,0.1910200330918747,0.0754478642426165,0.005911210423616168,0.08135907466623267,0.9773717522621155,-2.3999651182384993,0.08792731010248692,0.5633737694242941,0.6130502223968506,-0.44641953706741333,False,False,False,-0.19425925935861646,False
pure,3,11,1,0.047379442754232705,183,-58.561218830706466,0.5187724764939956,94.9353631984012,0.5722842416653674,0.5677781395783074,1,0,1,0.00546448087431694,0.0,0.00546448087431694,143,0.0805930644273758,-1.4199832677841187,0.452362984418869,-0.34313225746154785,0.0404328852891922,-0.10000000149011612,0.18771543796921403,0.07319976801527392,0.005753889910830289,0.0789536579261042,0.9703892469406129,-2.399966158664963,0.08484140882724567,0.5637272752944076,0.6099824905395508,-0.44507917761802673,False,False,False,-0.19095138255322605,False
pure,3,11,1,0.047379442754232705,183,-58.561218830706466,0.5187724764939956,94.9353631984012,0.5722842416653674,0.5677781395783074,1,0,1,0.00546448087431694,0.0,0.00546448087431694,144,0.08463635295629501,-1.429983139038086,0.452362984418869,-0.34313225746154785,0.04015028476715088,-0.10000000149011612,0.18439204524077552,0.07107028112611914,0.005604930086262792,0.07667521121238194,0.963606834411621,-2.3999671441986283,0.08193545666924473,0.5640686730305294,0.606890082359314,-0.4437394142150879,False,False,False,-0.1876248214653887,False
pure,3,11,1,0.047379442754232705,183,-58.561218830706466,0.5187724764939956,94.9353631984012,0.5722842416653674,0.5677781395783074,1,0,1,0.00546448087431694,0.0,0.00546448087431694,145,0.0886513814330101,-1.4399830102920532,0.452362984418869,-0.34313225746154785,0.03987571597099304,-0.10000000149011612,0.1810501282414994,0.06901897721478299,0.005461479928914846,0.07448045714369783,0.9570171833038326,-2.3999680935489502,0.07915972474155664,0.5643985052169526,0.6037735939025879,-0.44239944219589233,False,False,False,-0.184279844289144,False
pure,3,11,1,0.047379442754232705,183,-58.561218830706466,0.5187724764939956,94.9353631984012,0.5722842416653674,0.5677781395783074,1,0,1,0.00546448087431694,0.0,0.00546448087431694,146,0.09263895452022552,-1.4499828815460205,0.452362984418869,-0.34313225746154785,0.039608657360076904,-0.10000000149011612,0.17769003312764545,0.06710175908785629,0.005327455910286833,0.07242921499814312,0.9506077766418458,-2.399968980843921,0.07657318294676585,0.5647175601458975,0.6006336212158203,-0.44105857610702515,False,False,False,-0.1809167902517118,False
pure,3,11,1,0.047379442754232705,183,-58.561218830706466,0.5187724764939956,94.9353631984012,0.5722842416653674,0.5677781395783074,1,0,1,0.00546448087431694,0.0,0.00546448087431694,147,0.09659981727600098,-1.4599827527999878,0.452362984418869,-0.34313225746154785,0.039348915219306946,-0.10000000149011612,0.1743121313061924,0.06523391520530791,0.005196922987805646,0.07043083819311356,0.9443739652633673,-2.3999698452883265,0.07407766963111016,0.5650262171026937,0.597470760345459,-0.4397161602973938,False,False,False,-0.1775360269602747,False
pure,3,11,1,0.047379442754232705,183,-58.561218830706466,0.5187724764939956,94.9353631984012,0.5722842416653674,0.5677781395783074,1,0,1,0.00546448087431694,0.0,0.00546448087431694,148,0.10053470730781555,-1.469982624053955,0.452362984418869,-0.34313225746154785,0.039095912128686905,-0.10000000149011612,0.17091645731625302,0.06351467780436944,0.005076828584387525,0.06859150638875697,0.9383018910884856,-2.3999706409571537,0.07178018184741783,0.5653253011937246,0.5942851901054382,-0.43837153911590576,False,False,False,-0.17413758157787068,False
pure,3,11,1,0.047379442754232705,183,-58.561218830706466,0.5187724764939956,94.9353631984012,0.5722842416653674,0.5677781395783074,1,0,1,0.00546448087431694,0.0,0.00546448087431694,149,0.10444430261850357,-1.4799824953079224,0.452362984418869,-0.34313225746154785,0.03884945809841156,-0.10000000149011612,0.16750363601568116,0.06184393906003391,0.004960170124840628,0.06680410918487453,0.9323869943618773,-2.3999714141806407,0.06956675096877445,0.5656151626560945,0.5910777449607849,-0.4370241165161133,False,False,False,-0.17072207538607492,False
pure,3,11,1,0.047379442754232705,183,-58.561218830706466,0.5187724764939956,94.9353631984012,0.5722842416653674,0.5677781395783074,1,0,1,0.00546448087431694,0.0,0.00546448087431694,150,0.10832924395799637,-1.4899823665618896,0.452362984418869,-0.34313225746154785,0.038609251379966736,-0.10000000149011612,0.1640739072106814,0.06025059050608382,0.004848945686535764,0.06509953619261959,0.9266220331192021,-2.3999721515876886,0.06746685928362697,0.5658962745697762,0.5878488421440125,-0.43567320704460144,False,False,False,-0.16728974416777845,False
pure,3,11,1,0.047379442754232705,183,-58.561218830706466,0.5187724764939956,94.9353631984012,0.5722842416653674,0.5677781395783074,1,0,1,0.00546448087431694,0.0,0.00546448087431694,151,0.11219017207622528,-1.499982237815857,0.452362984418869,-0.34313225746154785,0.03837497532367706,-0.10000000149011612,0.1606276595687152,0.05873852870642013,0.004743439251488585,0.06348196795790871,0.9209994077682495,-2.3999728513749545,0.0654822755775102,0.5661691173846825,0.5845988988876343,-0.4343183636665344,False,False,False,-0.16384097189657698,False
pure,3,11,1,0.047379442754232705,183,-58.561218830706466,0.5187724764939956,94.9353631984012,0.5722842416653674,0.5677781395783074,1,0,1,0.00546448087431694,0.0,0.00546448087431694,152,0.11602766811847687,-1.5099821090698242,0.452362984418869,-0.34313225746154785,0.03814620152115822,-0.10000000149011612,0.15716526185042573,0.05733669290895172,0.004645687130071546,0.06198238003902327,0.9155088365077972,-2.3999735001492573,0.06364177501643542,0.5664342914472509,0.5813284516334534,-0.4329589009284973,False,False,False,-0.1603761215216608,False
pure,3,11,1,0.047379442754232705,183,-58.561218830706466,0.5187724764939956,94.9353631984012,0.5722842416653674,0.5677781395783074,1,0,1,0.00546448087431694,0.0,0.00546448087431694,153,0.1198422908782959,-1.5199819803237915,0.452362984418869,-0.34313225746154785,0.037922926247119904,-0.10000000149011612,0.15368709193232585,0.05593530005745521,0.004547983249939939,0.06048328330739515,0.9101502299308774,-2.399974148718563,0.061824568437206365,0.5666918938157393,0.5780377984046936,-0.43159446120262146,False,False,False,-0.15689557047250796,False
pure,3,11,1,0.047379442754232705,183,-58.561218830706466,0.5187724764939956,94.9353631984012,0.5722842416653674,0.5677781395783074,1,0,1,0.00546448087431694,0.0,0.00546448087431694,154,0.12363458424806595,-1.5299819707870483,0.452362984418869,-0.34313225746154785,0.03770469129085541,-0.10000000149011612,0.15019368577811887,0.05465185983828356,0.00445855108423113,0.059110410922514685,0.9049125909805298,-2.3999747426989946,0.060155566079353864,0.5669425420077365,0.5747276544570923,-0.43022432923316956,False,False,False,-0.15339984845433405,False
pure,3,11,1,0.047379442754232705,183,-58.561218830706466,0.5187724764939956,94.9353631984012,0.5722842416653674,0.5677781395783074,1,0,1,0.00546448087431694,0.0,0.00546448087431694,155,0.127405047416687,-1.5399818420410156,0.452362984418869,-0.34313225746154785,0.037491340190172195,-0.10000000149011612,0.14668535639995817,0.05340841733378849,0.004371951167015924,0.05778036850080441,0.8997921645641328,-2.3999753181683507,0.05854905033178963,0.567186496384119,0.571398138999939,-0.4288482069969177,False,False,False,-0.14988926669115307,False
pure,3,11,1,0.047379442754232705,183,-58.561218830706466,0.5187724764939956,94.9353631984012,0.5722842416653674,0.5677781395783074,1,0,1,0.00546448087431694,0.0,0.00546448087431694,156,0.13115417957305908,-1.549981713294983,0.452362984418869,-0.34313225746154785,0.03728257864713669,-0.10000000149011612,0.143162552132258,0.052240611258197886,0.004290663354719892,0.05653127461291778,0.8947818875312805,-2.399975858632915,0.057041441216246824,0.5674241690558534,0.5680496692657471,-0.427465558052063,False,False,False,-0.1463642692705484,False
pure,3,11,1,0.047379442754232705,183,-58.561218830706466,0.5187724764939956,94.9353631984012,0.5722842416653674,0.5677781395783074,1,0,1,0.00546448087431694,0.0,0.00546448087431694,157,0.13488243520259857,-1.5599815845489502,0.452362984418869,-0.34313225746154785,0.0370781272649765,-0.10000000149011612,0.13962594884078108,0.051144630095488273,0.004214432412145015,0.05535906250763329,0.889875054359436,-2.399976365856668,0.05562686867106422,0.5676559476753161,0.5646828413009644,-0.42607593536376953,False,False,False,-0.14282552848200403,False
pure,3,11,1,0.047379442754232705,183,-58.561218830706466,0.5187724764939956,94.9353631984012,0.5722842416653674,0.5677781395783074,1,0,1,0.00546448087431694,0.0,0.00546448087431694,158,0.1385902613401413,-1.569981575012207,0.452362984418869,-0.34313225746154785,0.0368780717253685,-0.10000000149011612,0.13607595205059417,0.05002607969384393,0.004136622799280846,0.05416270249312477,0.885073721408844,-2.39997688352554,0.05420456761626459,0.5678818000403839,0.5612978935241699,-0.42467886209487915,False,False,False,-0.13927345007410416,False
pure,3,11,1,0.047379442754232705,183,-58.561218830706466,0.5187724764939956,94.9353631984012,0.5722842416653674,0.5677781395783074,1,0,1,0.00546448087431694,0.0,0.00546448087431694,159,0.1422780603170395,-1.5799814462661743,0.452362984418869,-0.34313225746154785,0.03668183833360672,-0.10000000149011612,0.13251333190916761,0.04905545733665101,0.004069187431218446,0.053124644767869454,0.8803641200065613,-2.3999773327328175,0.05295262212726573,0.5681024359659141,0.5578954219818115,-0.4232739210128784,False,False,False,-0.13570879771231398,False
pure,3,11,1,0.047379442754232705,183,-58.561218830706466,0.5187724764939956,94.9353631984012,0.5722842416653674,0.5677781395783074,1,0,1,0.00546448087431694,0.0,0.00546448087431694,160,0.14594624936580658,-1.5899813175201416,0.452362984418869,-0.34313225746154785,0.03648947924375534,-0.10000000149011612,0.1289390163940451,0.04784811994265709,0.0037779217097195675,0.05162604165237666,0.8757475018501281,-2.3996850101265803,0.050968693604253074,0.5683148055225985,0.5544761419296265,-0.4218607246875763,False,False,False,-0.1321324995976946,False
pure,3,11,1,0.047379442754232705,183,-58.561218830706466,0.5187724764939956,94.9353631984012,0.5722842416653674,0.5677781395783074,1,0,1,0.00546448087431694,0.0,0.00546448087431694,161,0.1495952010154724,-1.5999799966812134,0.452362984418869,-0.34313225746154785,0.03630024567246437,-0.10000000149011612,0.12535334533453857,0.04728224292665426,0.003948415794476836,0.0512306587211311,0.871205896139145,-2.399688735785335,0.050667537726587546,0.568525920263126,0.5510399341583252,-0.4204389154911041,False,False,False,-0.12854488684237872,False
pure,3,11,1,0.047379442754232705,183,-58.561218830706466,0.5187724764939956,94.9353631984012,0.5722842416653674,0.5677781395783074,1,0,1,0.00546448087431694,0.0,0.00546448087431694,162,0.15322521328926086,-1.6099786758422852,0.452362984418869,-0.34313225746154785,0.03611459583044052,-0.10000000149011612,0.12175696739578216,0.0463739833854034,0.003886989700009114,0.05026097308541251,0.8667502999305725,-2.399694715644945,0.04952225265115198,0.5687322629825058,0.547586977481842,-0.41900813579559326,False,False,False,-0.1249466128053662,False
pure,3,11,1,0.047379442754232705,183,-58.561218830706466,0.5187724764939956,94.9353631984012,0.5722842416653674,0.5677781395783074,1,0,1,0.00546448087431694,0.0,0.00546448087431694,163,0.15683667361736298,-1.6199774742126465,0.452362984418869,-0.34313225746154785,0.03593231365084648,-0.10000000149011612,0.11815089050354252,0.045519284103804535,0.0038274888661038522,0.04934677296990839,0.8623755276203156,-2.399700342870952,0.04843954299024165,0.5689340944116318,0.54411780834198,-0.41756802797317505,False,False,False,-0.12133868250669727,False
pure,3,11,1,0.047379442754232705,183,-58.561218830706466,0.5187724764939956,94.9353631984012,0.5722842416653674,0.5677781395783074,1,0,1,0.00546448087431694,0.0,0.00546448087431694,164,0.160429909825325,-1.6299761533737183,0.452362984418869,-0.34313225746154785,0.03575319051742554,-0.10000000149011612,0.11453607927611162,0.04471822170209203,0.0037717624192116603,0.048489984121303696,0.8580765724182129,-2.3997056169589004,0.04742277786598559,0.5691316893194067,0.5406328439712524,-0.41611817479133606,False,False,False,-0.11772205832948972,False
pure,3,11,1,0.047379442754232705,183,-58.561218830706466,0.5187724764939956,94.9353631984012,0.5722842416653674,0.5677781395783074,1,0,1,0.00546448087431694,0.0,0.00546448087431694,165,0.16400523483753204,-1.6399749517440796,0.452362984418869,-0.34313225746154785,0.03557718172669411,-0.10000000149011612,0.11091356003364325,0.04392862045320453,0.003717029566031738,0.04764565001923627,0.8538523614406587,-2.3997108155881475,0.04642835236026639,0.5693251407875745,0.5371323227882385,-0.4146583080291748,False,False,False,-0.11409776525279283,False
pure,3,11,1,0.047379442754232705,183,-58.561218830706466,0.5187724764939956,94.9353631984012,0.5722842416653674,0.5677781395783074,1,0,1,0.00546448087431694,0.0,0.00546448087431694,166,0.16756294667720795,-1.649973750114441,0.452362984418869,-0.34313225746154785,0.03540400043129921,-0.10000000149011612,0.10728449518984844,0.04321261151659663,0.003667192220553731,0.046879803737150366,0.8496960103511809,-2.399715529695432,0.045517801724548716,0.56951479829476,0.5336165428161621,-0.413188099861145,False,False,False,-0.11046696278459121,False
pure,3,11,1,0.047379442754232705,183,-58.561218830706466,0.5187724764939956,94.9353631984012,0.5722842416653674,0.5677781395783074,1,0,1,0.00546448087431694,0.0,0.00546448087431694,167,0.1711033433675766,-1.6599725484848022,0.452362984418869,-0.34313225746154785,0.035233672708272934,-0.10000000149011612,0.10365015714384761,0.04248997471171532,0.0036172494874523497,0.04610722419916767,0.8456081449985505,-2.3997202874397177,0.04461025567677924,0.56970067436008,0.5300858020782471,-0.41170716285705566,False,False,False,-0.10683092310048785,False
pure,3,11,1,0.047379442754232705,183,-58.561218830706466,0.5187724764939956,94.9353631984012,0.5722842416653674,0.5677781395783074,1,0,1,0.00546448087431694,0.0,0.00546448087431694,168,0.17462670803070068,-1.6699714660644531,0.452362984418869,-0.34313225746154785,0.03506594896316528,-0.10000000149011612,0.10001211746686227,0.04183127614504452,0.0035714821848331097,0.04540275832987763,0.8415827751159669,-2.3997246242231753,0.04377505520870731,0.5698830704234495,0.5265404582023621,-0.41021522879600525,False,False,False,-0.10319121464246041,False
pure,3,11,1,0.047379442754232705,183,-58.561218830706466,0.5187724764939956,94.9353631984012,0.5722842416653674,0.5677781395783074,1,0,1,0.00546448087431694,0.0,0.00546448087431694,169,0.1781333088874817,-1.6799702644348145,0.452362984418869,-0.34313225746154785,0.0349007174372673,-0.10000000149011612,0.09637213550389706,0.0412014076717963,0.0035279042214047536,0.044729311893201056,0.8376172184944153,-2.399728771193145,0.042977021754223216,0.5700621413474255,0.522980809211731,-0.4087120592594147,False,False,False,-0.09954959586144387,False
pure,3,11,1,0.047379442754232705,183,-58.561218830706466,0.5187724764939956,94.9353631984012,0.5722842416653674,0.5677781395783074,1,0,1,0.00546448087431694,0.0,0.00546448087431694,170,0.18162338435649872,-1.6899691820144653,0.452362984418869,-0.34313225746154785,0.03473807871341705,-0.10000000149011612,0.0927322327901283,0.040545541765426865,0.0034827360133737424,0.044028277778800605,0.8337138891220094,-2.399733089326744,0.04216101816449577,0.5702378122564442,0.519407331943512,-0.4071972370147705,False,False,False,-0.09590808873964936,False
pure,3,11,1,0.047379442754232705,183,-58.561218830706466,0.5187724764939956,94.9353631984012,0.5722842416653674,0.5677781395783074,1,0,1,0.00546448087431694,0.0,0.00546448087431694,171,0.18509718775749207,-1.6999679803848267,0.452362984418869,-0.34313225746154785,0.03457765281200409,-0.10000000149011612,0.08909472164134734,0.03998710993721004,0.0034438633097309507,0.043430973246940986,0.8298636674880983,-2.399736765967377,0.041448215106070364,0.5704105131527195,0.5158202648162842,-0.4056705832481384,False,False,False,-0.09226900156955474,False
pure,3,11,1,0.047379442754232705,183,-58.561218830706466,0.5187724764939956,94.9353631984012,0.5722842416653674,0.5677781395783074,1,0,1,0.00546448087431694,0.0,0.00546448087431694,172,0.18855495750904083,-1.7099668979644775,0.452362984418869,-0.34313225746154785,0.0344194732606411,-0.10000000149011612,0.08546206048952064,0.03942031190185976,0.003404883960324028,0.042825195862183786,0.8260673582553865,-2.3997404976900008,0.04073467084389734,0.5705802409479024,0.5122196674346924,-0.40413177013397217,False,False,False,-0.08863479278312644,False
pure,3,11,1,0.047379442754232705,183,-58.561218830706466,0.5187724764939956,94.9353631984012,0.5722842416653674,0.5677781395783074,1,0,1,0.00546448087431694,0.0,0.00546448087431694,173,0.19199690222740173,-1.7199658155441284,0.452362984418869,-0.34313225746154785,0.03426339104771614,-0.10000000149011612,0.08183764443411554,0.03889160996143468,0.003368369789368283,0.042259979750802965,0.8223213851451875,-2.399743978593019,0.040064627693724514,0.5707471768966262,0.5086061954498291,-0.4025805592536926,False,False,False,-0.0850088559152099,False
pure,3,11,1,0.047379442754232705,183,-58.561218830706466,0.5187724764939956,94.9353631984012,0.5722842416653674,0.5677781395783074,1,0,1,0.00546448087431694,0.0,0.00546448087431694,174,0.19542324542999268,-1.7299647331237793,0.452362984418869,-0.34313225746154785,0.034109264612197876,-0.10000000149011612,0.07822500098413324,0.03839933182311656,0.003334427499562715,0.04173375932267928,0.818622350692749,-2.399747219686586,0.039436334403392684,0.5709114949566404,0.5049799680709839,-0.4010166525840759,False,False,False,-0.08139471668666695,False
pure,3,11,1,0.047379442754232705,183,-58.561218830706466,0.5187724764939956,94.9353631984012,0.5722842416653674,0.5677781395783074,1,0,1,0.00546448087431694,0.0,0.00546448087431694,175,0.19883416593074799,-1.7399637699127197,0.452362984418869,-0.34313225746154785,0.033957213163375854,-0.10000000149011612,0.07462855814251158,0.03787635169827296,0.003298622209000388,0.04117497390727335,0.8149731159210205,-2.3997506629179344,0.03878407919602646,0.5710730952866239,0.5013412833213806,-0.39943987131118774,False,False,False,-0.07779680421802256,False
pure,3,11,1,0.047379442754232705,183,-58.561218830706466,0.5187724764939956,94.9353631984012,0.5722842416653674,0.5677781395783074,1,0,1,0.00546448087431694,0.0,0.00546448087431694,176,0.20222988724708557,-1.7499626874923706,0.452362984418869,-0.34313225746154785,0.03380705788731575,-0.10000000149011612,0.07105354572766533,0.037399046325738025,0.0032656784942806717,0.0406647248200187,0.8113693892955779,-2.399753805432809,0.038181265771521214,0.5712321838940052,0.49769049882888794,-0.3978499174118042,False,False,False,-0.07422034631603469,False
pure,3,11,1,0.047379442754232705,183,-58.561218830706466,0.5187724764939956,94.9353631984012,0.5722842416653674,0.5677781395783074,1,0,1,0.00546448087431694,0.0,0.00546448087431694,177,0.20561058819293976,-1.7599616050720215,0.452362984418869,-0.34313225746154785,0.033658597618341446,-0.10000000149011612,0.06750624563603842,0.03697356705797286,0.0032363586130241782,0.04020992567099704,0.8078063428401947,-2.399756606731527,0.03763395495021501,0.5713889920396311,0.49402785301208496,-0.3962465822696686,False,False,False,-0.07067162264197313,False
pure,3,11,1,0.047379442754232705,183,-58.561218830706466,0.5187724764939956,94.9353631984012,0.5722842416653674,0.5677781395783074,1,0,1,0.00546448087431694,0.0,0.00546448087431694,178,0.20897644758224487,-1.769960641860962,0.452362984418869,-0.34313225746154785,0.033511996269226074,-0.10000000149011612,0.06399426390677523,0.036505979824769906,0.003204496185117881,0.039710476009887787,0.8042879104614258,-2.3997596852634686,0.037051338989237625,0.571543372618753,0.49035367369651794,-0.394629567861557,False,False,False,-0.06715824079960417,False
pure,3,11,1,0.047379442754232705,183,-58.561218830706466,0.5187724764939956,94.9353631984012,0.5722842416653674,0.5677781395783074,1,0,1,0.00546448087431694,0.0,0.00546448087431694,179,0.21232765913009644,-1.7799596786499023,0.452362984418869,-0.34313225746154785,0.03336699306964874,-0.10000000149011612,0.06052695055165936,0.03610513016147425,0.003176832449607802,0.03928196261108205,0.8008078336715697,-2.399762324404157,0.03653691389255362,0.5716956097599719,0.4866682291030884,-0.39299869537353516,False,False,False,-0.06368954767146756,False
pure,3,11,1,0.047379442754232705,183,-58.561218830706466,0.5187724764939956,94.9353631984012,0.5722842416653674,0.5677781395783074,1,0,1,0.00546448087431694,0.0,0.00546448087431694,180,0.2156643569469452,-1.7899587154388428,0.452362984418869,-0.34313225746154785,0.033223509788513184,-0.10000000149011612,0.05711579553750965,0.03572459256246225,0.00315081328003443,0.03887540584249668,0.7973642349243165,-2.399764829812925,0.036046723311284765,0.5718458044404356,0.482971727848053,-0.3913538157939911,False,False,False,-0.06027703300086472,False
pure,3,11,1,0.047379442754232705,183,-58.561218830706466,0.5187724764939956,94.9353631984012,0.5722842416653674,0.5677781395783074,1,0,1,0.00546448087431694,0.0,0.00546448087431694,181,0.21898670494556427,-1.7999576330184937,0.452362984418869,-0.34313225746154785,0.03308165445923805,-0.10000000149011612,0.05377498210266834,0.03531619251882991,0.0031230452108091744,0.038439237729639086,0.7939597070217133,-2.3997675186643095,0.03553421632159261,0.571993863675109,0.47926464676856995,-0.38969457149505615,False,False,False,-0.056934880473172716,False
pure,3,11,1,0.047379442754232705,183,-58.561218830706466,0.5187724764939956,94.9353631984012,0.5722842416653674,0.5677781395783074,1,0,1,0.00546448087431694,0.0,0.00546448087431694,182,0.2222948670387268,-1.809956669807434,0.452362984418869,-0.34313225746154785,0.03294126316905022,-0.10000000149011612,0.050522173269287846,0.034949688980920136,0.0030979046184802417,0.03804759359940038,0.7905903160572048,-2.3997699316746917,0.035065144012151696,0.5721399684418262,0.47554707527160645,-0.3880208730697632,False,False,False,-0.05368075132240464,False
pure,3,11,1,0.047379442754232705,183,-58.561218830706466,0.5187724764939956,94.9353631984012,0.5722842416653674,0.5677781395783074,1,0,1,0.00546448087431694,0.0,0.00546448087431694,183,0.22558899223804474,-1.8199557065963745,0.452362984418869,-0.34313225746154785,0.03280223160982132,-0.10000000149011612,0.047379442754232705,0.03461010037070171,0.003074728954809841,0.03768482932551155,0.7872535586357124,-2.3997721674807826,0.03462557364987404,0.5722842416653674,0.4718194007873535,-0.3863324820995331,False,False,False,-0.05053671837135536,True
