#{"t_start": 1789930927.238614, "env_id": null}
r,l,t,is_success,final_distance,tau_sum_total,episode_energy,episode_mean_tau_sum
-133.708258,200,1.276694,0.0,0.4296386633108572,3341.057618856663,20.471151858418686,16.705288094283315
-116.742102,200,1.396262,0.0,0.4270404675429837,3246.7422982473513,19.55391776380606,16.233711491236757
-154.257853,200,1.520771,0.0,0.5764108187479029,3530.4401854375615,20.422913209174137,17.652200927187806
-150.107745,200,1.66888,0.0,0.5880288987520448,3315.563575612509,18.84875064844603,16.577817878062543
-79.227347,200,1.804396,0.0,0.2724509790846617,3491.8096587475297,20.320428121910194,17.45904829373765
-93.983568,200,1.940428,0.0,0.26656494713098083,3601.894205280245,20.28380509577597,18.009471026401226
-168.070324,200,2.068951,0.0,0.6389728797077256,3388.614031073532,18.83273091385562,16.94307015536766
-222.8253,200,2.209147,0.0,0.9222716327251809,3420.576698478946,19.707370039090407,17.10288349239473
-224.656333,200,2.364958,0.0,0.952846302301833,3667.6746368120903,20.613579642541364,18.33837318406045
-108.184273,200,2.489595,0.0,0.31229470231041434,3521.987673253338,20.16473148455808,17.60993836626669
-100.547956,200,2.971549,0.0,0.37226377749365014,3504.4915675391653,20.671587741346475,17.522457837695825
-121.985703,200,3.096056,0.0,0.3719146947774504,3630.8379603764224,20.101360257911658,18.15418980188211
-136.077732,200,3.202295,0.0,0.3755088391329376,3101.8546473631254,18.98487898717283,15.509273236815627
-163.235768,200,3.314836,0.0,0.6437840898827688,3464.65659291364,19.65646412437252,17.3232829645682
-190.215619,200,3.42989,0.0,0.7150336857124687,3413.061895919815,20.329997175302093,17.065309479599076
-145.388998,200,3.548419,0.0,0.5938512856511335,3520.467955990072,19.96156715250614,17.60233977995036
-78.410007,200,3.662961,0.0,0.20676729637724067,3219.777735574086,18.85133230446322,16.09888867787043
-204.198161,200,3.771461,0.0,0.8386565692210675,3427.7940592458904,19.280275136688246,17.138970296229452
-204.985873,200,3.882928,0.0,0.8558003611391002,3479.972278197959,20.041443144730817,17.399861390989795
-74.717084,200,3.99351,0.0,0.18177123367094647,3393.0266801843204,19.951688513621516,16.9651334009216
-197.485143,200,4.395506,0.0,0.7345959271156075,3265.18591952105,19.917913148077865,16.32592959760525
-148.914151,200,4.519016,0.0,0.5645632878756089,3678.975299520871,21.163948741487363,18.394876497604354
-189.848554,200,4.626039,0.0,0.7895915622950339,3225.88722672049,19.153522938670605,16.12943613360245
-180.658555,200,4.741213,0.0,0.8929372261813957,3345.7444623651213,20.229346490053686,16.728722311825607
-138.292762,200,4.87879,0.0,0.6792482377506326,3287.644009139737,19.47239802057731,16.438220045698685
-192.238214,200,5.001147,0.0,0.8095829284987272,3214.8733432872637,19.011635209481796,16.07436671643632
-117.791648,200,5.127794,0.0,0.5696214914946583,3345.696361567254,19.02174253066454,16.72848180783627
-229.14855,200,5.241317,0.0,1.0399945898669818,3353.5132201130614,20.03251606382785,16.767566100565308
-81.762281,200,5.350865,0.0,0.25903605749016084,3366.3593502773533,19.546800525199362,16.831796751386765
-167.491847,200,5.455414,0.0,0.7089863217922769,3123.9845331059523,18.880258781256327,15.619922665529762
-89.220349,200,5.838464,0.0,0.35475991962654957,3277.8235564970273,19.615073376161774,16.389117782485137
-179.126316,200,5.959973,0.0,0.8658463827699958,3380.301857432314,19.575696027876035,16.90150928716157
-176.028767,200,6.089188,0.0,0.9846492958043176,3345.8028611050127,19.125200103992253,16.729014305525062
-157.443625,200,6.226218,0.0,0.5949806325432115,3685.8268785870728,20.440768595105936,18.429134392935364
-139.987383,200,6.352741,0.0,0.4919673988258501,3124.579376084071,18.647259782632112,15.622896880420356
-116.029338,200,6.480269,0.0,0.5501379914085729,3525.254736494603,20.909411882388707,17.626273682473016
-169.563354,200,6.606792,0.0,0.6908754545510584,3204.9073492719353,18.186579564196116,16.024536746359676
-204.621889,200,6.735221,0.0,0.8326176120758125,3396.0117730234756,19.704865233768395,16.98005886511738
-124.956418,200,6.885747,0.0,0.45593628795470603,3110.043472262844,17.78336645267924,15.55021736131422
-236.694628,200,7.007277,0.0,0.9846097726955996,3433.6196897618406,19.365177760075056,17.168098448809204
-75.883509,200,7.399355,0.0,0.17232091352495973,3498.090837873202,20.68281940289199,17.49045418936601
-157.387275,200,7.552388,0.0,0.6062800121420757,3456.7476200967094,19.837636058866302,17.283738100483546
-172.342432,200,7.671911,0.0,0.6746344363093223,3412.7218853010854,20.150243379212935,17.063609426505426
-168.173699,200,7.780427,0.0,0.7187986133009386,3260.6134505829577,18.875564763958074,16.30306725291479
-93.537394,200,7.892964,0.0,0.2821748778311539,3367.8124913784673,19.944576750836948,16.839062456892336
-78.447929,200,8.016473,0.0,0.32071611274640555,3296.7271162444063,19.38002265637604,16.483635581222032
-119.342575,200,8.147109,0.0,0.3490501980342802,3293.0649611517724,19.171497921301654,16.46532480575886
-174.626637,200,8.275533,0.0,0.7113561032440068,3311.182463341835,19.06726911580485,16.555912316709176
-144.040422,200,8.409089,0.0,0.6944292945228661,3282.933778267847,19.61416449023826,16.414668891339236
-139.426784,200,8.530007,0.0,0.5127994440141096,3235.090822663636,19.527145151164,16.17545411331818
-119.645039,200,8.649411,0.0,0.39320891407752095,3159.146709396791,18.908537380125335,15.795733546983953
-127.432133,200,9.095913,0.0,0.450707291339548,3248.6252622105517,19.463731149845227,16.24312631105276
-165.414445,200,9.223081,0.0,0.6457076213805947,3190.6680380502344,18.93939766088924,15.953340190251172
-216.073188,200,9.333727,0.0,0.8971108126578242,3617.5493888653746,20.520673281858507,18.087746944326874
-158.734173,200,9.452882,0.0,0.6609346332111258,3320.2377099774353,18.85561664402879,16.601188549887176
-204.225439,200,9.576106,0.0,0.8847889521005525,3072.316487898305,18.219035915695162,15.361582439491524
-138.106708,200,9.688188,0.0,0.5352030133893937,3097.25018227769,19.048298513155366,15.48625091138845
-163.048086,200,9.798723,0.0,0.6299275289070352,3455.4978204050103,20.565225761966477,17.27748910202505
-220.557529,200,9.911046,0.0,0.94736892387542,3368.270865884458,19.483610529566924,16.84135432942229
-183.571673,200,10.018569,0.0,0.8269306496244268,3362.3313677632063,19.89945778730426,16.81165683881603
-145.89687,200,10.122082,0.0,0.5136975438090463,3292.552488312384,19.749546775763875,16.46276244156192
-167.077408,200,10.505126,0.0,0.5745814946848109,3283.3910905775087,18.715801154864838,16.416955452887542
-133.181247,200,10.633149,0.0,0.38534480462298226,3406.2659996715424,19.511994366744513,17.031329998357712
-194.762953,200,10.744258,0.0,0.8188708334878897,3437.310095633279,19.775006835365662,17.186550478166396
-108.418877,200,10.860518,0.0,0.37890437569137503,3414.7482920107773,19.551025464565495,17.073741460053885
-106.869158,200,10.993054,0.0,0.41739026015120867,3381.603989437133,19.74360205162397,16.908019947185664
-116.494024,200,11.126577,0.0,0.3868292085349244,3332.559280328052,19.68502164992257,16.66279640164026
-112.651234,200,11.241268,0.0,0.45294079266290777,3122.7408574945844,18.53085492159444,15.613704287472922
-176.679899,200,11.350657,0.0,0.7046732376641491,3199.188219705066,18.53663422807419,15.995941098525329
-66.766245,200,11.455157,0.0,0.13420561061074163,3466.219629953362,19.94145545912057,17.33109814976681
-178.00372,200,11.562698,0.0,0.8297463528065745,3171.041616369915,18.39502994919893,15.855208081849575
-211.848964,200,11.977701,0.0,0.8888307462268346,3540.1914769738355,19.952551575156757,17.700957384869177
-146.776893,200,12.106164,0.0,0.464877493451337,3377.675337746736,19.806619776598453,16.888376688733683
-95.988487,200,12.218683,0.0,0.22581103312694376,3439.0433321458418,20.15847801981945,17.19521666072921
-125.498499,200,12.328669,0.0,0.3861728191467537,3247.52324770842,19.456238453268853,16.2376162385421
-74.09828,200,12.44083,0.0,0.16190222235045695,3180.4097189466775,18.96602568897692,15.902048594733387
-144.850131,200,12.553338,0.0,0.6190168872928361,3299.9314180024726,19.287209695442964,16.499657090012363
-160.014384,200,12.664835,0.0,0.6584338611598743,3257.96038123153,19.734600025801097,16.28980190615765
-182.267403,200,12.776362,0.0,0.7295934152508355,3464.999268084702,20.363058614566544,17.32499634042351
-184.778518,200,12.891294,0.0,0.6560150462380574,3627.2583713672207,20.296414508388004,18.136291856836102
-86.626581,200,12.999814,0.0,0.2740423913254584,3535.0026604681416,20.675074501738816,17.67501330234071
-111.517296,200,13.378878,0.0,0.30218171616272504,3346.559964179395,19.007955576069854,16.732799820896975
-125.951029,200,13.510394,0.0,0.4390103517276014,3443.3402153626666,20.3032061046772,17.216701076813333
-56.765206,178,13.615129,1.0,0.04530420169164704,2737.1801429088396,16.774287123464884,15.377416533195728
-218.013068,200,13.730165,0.0,0.8339708800553037,3196.732608516861,19.334551654287626,15.983663042584306
-140.64747,200,13.847692,0.0,0.5340066271639035,3293.417609555266,18.732699431444694,16.46708804777633
-213.943765,200,13.967216,0.0,0.8884354509184909,3357.165342260475,19.339799888391532,16.785826711302374
-153.040543,200,14.087291,0.0,0.5920489107358645,3486.9734583472386,20.016768996092946,17.434867291736193
-135.720693,200,14.200637,0.0,0.4697642515582448,3251.1371284495012,18.980689961890988,16.255685642247506
-164.772716,200,14.314144,0.0,0.7335273449408058,3241.501161623468,19.224941295867563,16.20750580811734
-104.699636,200,14.421664,0.0,0.42077135100011936,3037.9089917017027,18.191443085666023,15.189544958508513
-103.490158,200,14.528647,0.0,0.43352261848580315,3278.177332653178,18.837124198650976,16.39088666326589
-65.870765,200,14.983688,0.0,0.08636395002877663,3350.729310845995,19.964003028822447,16.753646554229974
-121.468768,200,15.108639,0.0,0.41647132851700064,3248.493647518132,19.640727954618153,16.24246823759066
-118.861624,200,15.22016,0.0,0.4391095816157614,3352.1581385965364,18.991294727208945,16.76079069298268
-144.441019,200,15.33413,0.0,0.5328883399942524,3381.302827463577,19.381504837592598,16.906514137317885
-190.95751,200,15.449651,0.0,0.6234217972853504,3405.789884007499,20.441067574459478,17.028949420037495
-132.87105,200,15.567177,0.0,0.47625296951586565,3319.6324511037446,18.70094532130788,16.598162255518723
-154.903922,200,15.676686,0.0,0.5660480643977767,3313.8886484617956,19.306060669017683,16.569443242308978
-79.058509,200,15.783598,0.0,0.17659355420996184,3377.312162141061,19.833947941358264,16.886560810705305
-205.612791,200,15.893124,0.0,0.8473599312439001,3388.453383721102,20.17163425904625,16.94226691860551
-98.644009,200,15.998645,0.0,0.2810386214453504,3267.8505778224303,18.809282824207436,16.339252889112153
-142.10605,200,16.406351,0.0,0.5023065155071895,3233.507677058827,19.224526929730516,16.167538385294137
-143.422611,200,16.549691,0.0,0.5176075657274722,3153.6734533529248,19.012441695763524,15.768367266764624
-146.858874,200,16.661818,0.0,0.663012326629269,3312.06413764221,18.990800709613836,16.56032068821105
-102.703338,200,16.772341,0.0,0.31481507800188774,3392.668153202073,20.127116254817377,16.963340766010365
-155.789486,200,16.881837,0.0,0.4664774020314055,3588.160797161203,20.60320201283732,17.940803985806014
-143.173592,200,17.010073,0.0,0.5510110577193067,3502.1174941564873,20.1511286360451,17.510587470782436
-169.053889,200,17.125628,0.0,0.6351404657722939,3448.508742121509,19.818257665797923,17.242543710607546
-115.998641,200,17.236958,0.0,0.4507460646089955,3403.2668040719072,19.854301103700333,17.016334020359537
-206.629377,200,17.344479,0.0,0.8331271608022516,3390.215794384929,18.946199435088293,16.951078971924645
-170.740682,200,17.448992,0.0,0.5365603252211976,3234.411696262639,18.84403027319565,16.172058481313194
-188.326019,200,17.830096,0.0,0.7279631386280365,3522.158393415635,20.51108623401687,17.610791967078175
-185.831488,200,17.96274,0.0,0.6631948135718729,3265.120904775594,19.587706227867667,16.32560452387797
-117.505747,200,18.08626,0.0,0.3368732214424907,3488.215176923571,19.90373368336941,17.441075884617856
-156.773354,200,18.197234,0.0,0.6336812627256735,3106.4826592782797,18.986168619663058,15.532413296391399
-179.41356,200,18.30975,0.0,0.7127517876417617,3093.768550527249,18.318629946824483,15.468842752636244
-166.553399,200,18.429797,0.0,0.6412678968048968,3373.4932078153124,19.140035127317994,16.86746603907656
-201.542943,200,18.540326,0.0,0.8245079175232128,3271.131107910145,20.316831782522573,16.355655539550725
-194.757181,200,18.66228,0.0,0.7321983724550367,3251.809597110026,19.62831968220865,16.25904798555013
-193.767568,200,18.77846,0.0,0.7905001610550205,3220.524440707382,19.22563488062835,16.10262220353691
-69.209195,200,18.887798,0.0,0.1356805740494692,3452.935641046151,20.112296363383827,17.264678205230755
-98.061031,200,19.275195,0.0,0.27170101329224816,3234.687376798234,19.78099230737782,16.17343688399117
-221.566046,200,19.387706,0.0,0.9283631771142864,3658.44886981064,21.30591139427797,18.292244349053203
-161.932672,200,19.513215,0.0,0.5206696755611835,3491.0083775670205,19.54733755085551,17.4550418878351
-168.270474,200,19.624656,0.0,0.6771609656791232,3334.5247731491513,19.562734030969548,16.672623865745756
-109.691675,200,19.740187,0.0,0.3735432423432574,3431.0525593438783,19.959565663320053,17.15526279671939
-180.368142,200,19.854705,0.0,0.6840224359600764,3490.868047054116,19.557194395840657,17.45434023527058
-157.56493,200,19.969225,0.0,0.48863162024771684,3209.2664918802607,18.725429834523705,16.046332459401302
-214.534435,200,20.090755,0.0,0.9281713697051216,3458.4841367163367,20.166162719857994,17.292420683581682
-148.130109,200,20.212283,0.0,0.5062948993010677,3472.2841093444963,19.075372268728174,17.36142054672248
-164.893727,200,20.32782,0.0,0.6128279013870059,3088.3977689627964,18.92536480845548,15.441988844813983
-166.925596,200,20.441849,0.0,0.639367414105267,3127.342089029472,19.323731914458047,15.63671044514736
-79.731685,200,20.897873,0.0,0.3184900962068861,3349.2215640645372,19.297085127370348,16.746107820322685
-152.822723,200,21.141059,0.0,0.5073221569304804,3318.2937082038725,19.591154155115625,16.591468541019363
-199.660016,200,21.370487,0.0,0.7826577429665745,3425.8919120986657,19.377144009626683,17.129459560493327
-109.189805,200,21.526008,0.0,0.3740678277459028,3407.9965435799645,19.879980412375243,17.03998271789982
-174.700028,200,21.684322,0.0,0.6784800767774349,3413.6875062256354,20.318990699111083,17.068437531128176
-134.54173,200,21.807836,0.0,0.3972299772328075,3043.736626865048,18.391453523559285,15.21868313432524
-85.537052,200,21.944102,0.0,0.24797164270184333,3226.932617823797,18.693159044004904,16.134663089118984
-92.681064,200,22.074616,0.0,0.1011953838293311,3223.3530146204293,18.247463236154516,16.116765073102147
-105.027419,200,22.186144,0.0,0.27347536906603515,3403.821569405654,19.50306235845229,17.01910784702827
-196.712635,200,22.311376,0.0,0.8090519661823948,3194.495036384554,18.88297323923731,15.972475181922771
-97.857999,200,22.799062,0.0,0.17796506186371555,3298.778674245746,19.301104971782983,16.49389337122873
-72.670861,200,22.947102,0.0,0.14501473732349313,3522.097583054873,19.661398654283104,17.610487915274366
-36.715666,101,23.015721,1.0,0.04952954595083454,1602.069466680039,9.74060015189542,15.86207392752514
-180.590167,200,23.129231,0.0,0.7354849565293217,3217.3823431020437,19.55195336084954,16.08691171551022
-101.300354,195,23.241259,1.0,0.04853631644659979,3377.634735794175,18.636516763024705,17.321203773303463
-215.197944,200,23.370373,0.0,0.9200095335812541,3041.1112869586627,18.087178955465625,15.205556434793314
-110.764976,200,23.507244,0.0,0.27012949969784233,3446.320701002686,19.946256707565436,17.231603505013428
-140.344342,200,23.640363,0.0,0.29645094125458876,3316.476862432705,18.92187819815555,16.582384312163523
-127.79981,200,23.776886,0.0,0.542678779441762,3389.9674984918443,19.847665273581274,16.94983749245922
-175.438797,200,23.902401,0.0,0.7485303382991493,3415.3791802214037,19.275066095629494,17.07689590110702
-91.591385,200,24.031274,0.0,0.21471658056878506,3243.836130511677,18.613588683179202,16.219180652558386
-92.88009,200,24.54233,0.0,0.3392852253857385,3367.4515444339945,19.49023569813102,16.837257722169973
-172.146925,200,24.688358,0.0,0.5670915176763176,3329.0693012964366,18.739678300070683,16.645346506482184
-86.583292,200,24.811877,0.0,0.15428743811324466,3375.4697393135316,19.616134328869453,16.87734869656766
-186.298267,200,24.932916,0.0,0.7537938679394045,3361.56690241625,19.98987182350002,16.80783451208125
-77.592242,200,25.055434,0.0,0.06617778309818118,3366.68788979257,19.10160511302661,16.83343944896285
-78.350879,200,25.183953,0.0,0.24406376154025922,3301.475527680689,18.923714973878198,16.507377638403444
-116.117284,200,25.295515,0.0,0.31578481275753945,3333.275167574868,20.042317264408048,16.66637583787434
-147.196174,200,25.415994,0.0,0.46079242802080744,3383.152924451958,19.101769232316435,16.91576462225979
-84.00793,200,25.545392,0.0,0.1583272922595496,3375.915096453828,19.56544417494323,16.87957548226914
-184.4653,200,25.67361,0.0,0.702167917800372,3398.3129438948786,19.879356426281703,16.991564719474393
-141.428553,200,26.160963,0.0,0.4993295768989471,3480.7574775038815,20.539941638434186,17.403787387519408
-114.728723,200,26.296477,0.0,0.391172014059634,3259.759117735783,19.150421480192136,16.298795588678914
-96.114216,200,26.432003,0.0,0.35177805786139915,3088.2007748404967,18.52728253546614,15.441003874202483
-159.661056,200,26.544976,0.0,0.578480415630442,3238.426414191725,18.806164480465686,16.192132070958625
-146.928948,200,26.677458,0.0,0.49790682185911794,3402.158787870662,20.022761413695864,17.01079393935331
-68.447983,200,26.794976,0.0,0.31345343396121933,3140.033329284626,17.891942824427773,15.70016664642313
-109.570501,200,26.922352,0.0,0.3417581804682165,3122.21016647915,17.893158330357082,15.61105083239575
-117.823319,200,27.046349,0.0,0.4246607863890652,3346.8098442651376,19.281027848356935,16.734049221325687
-170.509061,200,27.169863,0.0,0.6046153226730797,3359.307322542862,19.82591144688257,16.79653661271431
-197.112014,200,27.295381,0.0,0.6764628465560432,3334.670020037498,18.962924011956748,16.67335010018749
-91.583318,200,27.752631,0.0,0.2578873510893572,3238.7744612449083,18.42562393312983,16.19387230622454
-110.466177,200,27.900103,0.0,0.3523206129730097,3415.1639533007583,19.246988834822226,17.07581976650379
-142.353309,200,28.016466,0.0,0.4568342663186666,3176.6862521851344,19.12945145881044,15.883431260925672
-119.993189,200,28.137764,0.0,0.25552282455288583,3169.671835182332,18.77563750410459,15.84835917591166
-200.93199,200,28.260279,0.0,0.739491936094785,3159.1854640254114,18.399978790425795,15.795927320127056
-115.427507,200,28.379833,0.0,0.3034921310786183,3464.6945648703622,20.108022618129166,17.32347282435181
-118.346906,200,28.512305,0.0,0.3745260914828475,3182.2070478815103,18.584774287328013,15.911035239407552
-120.895594,200,28.643769,0.0,0.3330790641350517,3338.0005755093257,19.30513063590772,16.69000287754663
-153.275373,200,28.787238,0.0,0.579952460088806,3456.3840891320588,19.624048709888992,17.281920445660294
-102.188773,200,28.919822,0.0,0.36617358016564067,3365.710271165951,19.43469452808369,16.828551355829756
-133.295034,200,29.413838,0.0,0.46381419446120953,3363.554389420788,20.021990780846828,16.81777194710394
-168.052628,200,29.555894,0.0,0.6282742157275907,3385.2009910773804,19.230227316107964,16.9260049553869
-100.075462,200,29.681994,0.0,0.29388209556600353,3545.0863857106765,20.642595279580267,17.725431928553384
-190.336643,200,29.820605,0.0,0.7396343388744677,3289.2452853471045,19.47302168096487,16.44622642673552
-158.274521,200,29.955,0.0,0.570773321651626,3531.4975616751335,20.936872906274793,17.657487808375667
-145.616276,200,30.076512,0.0,0.5495032712247941,3413.607406263469,19.60930666690508,17.068037031317346
-93.589553,200,30.222358,0.0,0.59468949425531,3246.074224839261,19.76236660972053,16.230371124196306
-138.409442,200,30.364763,0.0,0.4092257170218948,3449.3146885050123,19.877986619339985,17.24657344252506
-96.863344,200,30.510288,0.0,0.27239201400047647,3646.4662322154013,20.60671531589906,18.232331161077006
-107.870311,200,30.646448,0.0,0.13247273566861156,3320.927917508201,18.806561937999778,16.604639587541005
-80.182379,200,30.770973,0.0,0.26253041258172977,3274.335370430511,18.464369515661986,16.371676852152554
-86.752129,200,31.257403,0.0,0.5710193578911745,2748.0373422774837,16.624711620216146,13.740186711387418
-176.911115,200,31.388925,0.0,0.6964380512577275,3549.6243962187714,20.544009613145487,17.748121981093856
-192.008097,200,31.529278,0.0,0.6749116573263004,3378.9711602852763,19.423588435502644,16.89485580142638
-78.362697,200,31.662287,0.0,0.22964637507904337,3305.3634852112036,19.29613690652695,16.526817426056017
-180.181694,200,31.798798,0.0,0.6682682813298669,3270.59689484867,19.306325662789142,16.35298447424335
-124.718061,200,31.919896,0.0,0.48197768650335654,3278.9891336512737,19.74145117411881,16.39494566825637
-193.263302,200,32.050889,0.0,0.6950581841278105,3189.62684943838,18.392888960354774,15.948134247191899
-123.853688,200,32.190714,0.0,0.4452712656048487,3357.1315642375125,18.491621804160193,16.785657821187563
-81.129454,200,32.328263,0.0,0.30895438342068454,3207.718559841088,18.851322478055188,16.03859279920544
-132.030046,200,32.443324,0.0,0.4630949565111018,3492.6861841846558,21.158449249563258,17.46343092092328
-184.281228,200,32.952909,0.0,0.7205676129817029,3326.4122194942424,19.82074359538507,16.63206109747121
-194.885685,200,33.102462,0.0,0.7261022932711144,3370.603717409934,19.311563995965574,16.853018587049668
-176.644856,200,33.231392,0.0,0.7053038899177623,3423.0894295878106,19.664801912308565,17.115447147939054
-84.676763,200,33.353431,0.0,0.07533185775084858,3307.3252300222234,19.255614975764008,16.53662615011112
-178.357292,200,33.539763,0.0,0.6221008776165764,3315.867977716172,19.83202356599048,16.57933988858086
-91.965835,200,33.691277,0.0,0.3328758448343477,3254.61961387776,19.157065331352232,16.2730980693888
-130.112829,200,33.845303,0.0,0.4217523654727952,3420.5457257767025,19.168552676895,17.10272862888351
-72.563727,200,33.985953,0.0,0.31978133735969266,3234.939050774457,19.034899345468354,16.174695253872287
-113.566195,200,34.112326,0.0,0.4065829357701339,2891.064491242575,17.637071863576903,14.455322456212876
-164.099222,200,34.246813,0.0,0.60465317498338,2994.2216750515613,17.37176237520421,14.971108375257806
-191.958688,200,34.706647,0.0,0.7767546262592907,3517.9181462483607,20.566918937763926,17.589590731241803
-89.094138,200,34.873586,0.0,0.21078981206023106,3197.3458808732116,18.415114638229003,15.986729404366057
-164.304407,200,35.019977,0.0,0.49510898724712227,3076.043060386133,18.42863732523875,15.380215301930667
-86.220251,200,35.152652,0.0,0.3565306798113394,3171.382112911494,18.68519612703634,15.85691056455747
-126.740508,200,35.291946,0.0,0.42631157366357186,3415.678689175455,20.340787508251093,17.078393445877275
-106.551856,200,35.421461,0.0,0.5475196134176612,3119.9680628810484,18.620090981222763,15.599840314405242
-123.703737,200,35.539495,0.0,0.31756970302715803,3541.569835472338,19.90183225379195,17.70784917736169
-77.369694,200,35.665012,0.0,0.22547116003176731,3109.4971988388006,18.251051994951617,15.547485994194004
-68.245591,200,35.785144,0.0,0.22406082781512732,3308.1521504892366,19.282902744826988,16.540760752446182
-145.537645,200,35.905371,0.0,0.4029663992222892,3394.3684045077634,19.747013134739994,16.971842022538816
-95.523247,200,36.333076,0.0,0.24487493684341946,3329.833628699189,19.37447654635123,16.649168143495945
-120.790254,200,36.487101,0.0,0.34987033296704395,3268.7083349799072,18.994586398042888,16.343541674899537
-105.542687,200,36.648146,0.0,0.43424111759225265,3373.021024002709,20.532443176595738,16.865105120013546
-90.548208,200,36.790177,0.0,0.4922462263981642,3230.532746238311,18.704976545181278,16.152663731191556
-85.46253,200,36.914624,0.0,0.13916440553329845,3098.049801697298,18.438353064851405,15.49024900848649
-190.812011,200,37.052662,0.0,0.6307421029194811,3206.7376126930667,17.99994363690304,16.033688063465334
-114.123258,200,37.172185,0.0,0.392138402168183,3283.527587614618,18.689589245227324,16.41763793807309
-77.959444,200,37.283623,0.0,0.21380032857770878,3428.8393562460965,20.026962290473385,17.144196781230484
-162.01578,200,37.397531,0.0,0.46279415272049756,3130.216543540432,18.814187228280094,15.651082717702161
-152.482538,200,37.51705,0.0,0.5679366107942037,3525.376432699369,20.53528419771632,17.626882163496845
-167.525738,200,37.629605,0.0,0.6687200348699383,3389.02466559634,19.90389214795695,16.9451233279817
-162.706445,200,38.065909,0.0,0.6059081360702829,3561.5082251145873,20.066195121978513,17.807541125572936
-118.092438,200,38.197429,0.0,0.41713958428375897,3335.081272780652,19.655608846620527,16.67540636390326
-144.797631,200,38.326631,0.0,0.4144792079856027,3409.749571707108,19.433999582329097,17.04874785853554
-66.310497,200,38.457679,0.0,0.16462383719114107,3285.916660377392,19.336155616880216,16.42958330188696
-119.126533,200,38.595189,0.0,0.2698605738401436,3317.937449191897,19.4046311323086,16.589687245959485
-205.918206,200,38.711703,0.0,0.7970890294472206,3454.505251671013,19.845368508636845,17.272526258355064
-105.689358,200,38.8273,0.0,0.35365007096272083,3301.5304554143117,19.352869915132423,16.507652277071557
-145.083418,200,38.941313,0.0,0.544903436290436,3492.018104532267,21.095833513816014,17.460090522661336
-76.64345,200,39.053835,0.0,0.45923263983003937,3566.3356111564663,20.38264427456406,17.83167805578233
-118.500257,200,39.171962,0.0,0.4679521032810295,3353.2960474693828,19.583492549574938,16.766480237346915
-200.648222,200,39.635059,0.0,0.8285386750340367,3321.731232999831,19.87115763308737,16.608656164999154
-76.859471,200,39.792054,0.0,0.3522598852463236,3131.3893442885615,18.334030020670333,15.656946721442807
-105.271115,200,39.938291,0.0,0.28794627555044916,3293.610745942298,19.344045707792695,16.46805372971149
-83.425027,200,40.072321,0.0,0.23504137406428482,2898.8906069447394,17.054168489539563,14.494453034723698
-195.645387,200,40.19489,0.0,0.8083076797646428,3308.9878755013488,18.8695982955692,16.544939377506743
-48.424434,129,40.268372,1.0,0.04800950899598884,2117.9637085046515,12.14393661866778,16.418323321741486
-92.936257,200,40.385909,0.0,0.32859050545278734,3405.5523156325194,19.747820216298877,17.027761578162597
-98.774912,200,40.500432,0.0,0.07383429522590303,3077.774770865656,17.559862935549873,15.388873854328281
-132.880601,200,40.614956,0.0,0.3479836229519839,3391.912020131111,19.566672475283358,16.959560100655555
-124.570942,200,40.735485,0.0,0.4387413927858532,3363.0663076698474,20.933097301793115,16.815331538349238
-120.868459,200,41.179415,0.0,0.43261287831004097,3588.2036820981502,20.65932840652538,17.941018410490752
-140.759143,200,41.325932,0.0,0.4800732503766668,3313.735722944785,18.959955160808974,16.568678614723925
-128.433942,200,41.475964,0.0,0.3478513627023617,3176.532998339528,18.266844706753297,15.882664991697641
-83.149146,170,41.590091,1.0,0.04437921854853067,3022.605064877919,16.958232542898394,17.780029793399525
-138.667328,200,41.732616,0.0,0.455599961632313,3178.118256837078,18.257394376178453,15.89059128418539
-121.098509,200,41.861076,0.0,0.36278253483360007,2920.9684057285554,17.607001513578737,14.604842028642777
-108.034494,200,41.993146,0.0,0.446010069318524,3053.626632576965,18.13562723058406,15.268133162884826
-140.319124,200,42.13668,0.0,0.5424472667112196,3275.8082058711457,18.99503102403986,16.37904102935573
-76.232252,200,42.273772,0.0,0.23017718840036666,3142.891621038413,18.499276010556656,15.714458105192065
-197.389248,200,42.400666,0.0,0.823973924632583,3090.55404949134,18.261390880899793,15.4527702474567
-170.606398,200,42.531215,0.0,0.5919613881478346,2959.817794024406,17.304689146524286,14.79908897012203
-82.483882,200,43.063287,0.0,0.2680940163437003,3104.739144129886,19.056914657895067,15.52369572064943
-125.549286,200,43.222805,0.0,0.45369270438199283,3125.886867819299,18.32139312418543,15.629434339096495
-208.425723,200,43.348858,0.0,0.8525341508211568,3344.7672093658657,18.969188430980417,16.72383604682933
-116.611998,200,43.508005,0.0,0.45395312046632463,3212.584123000648,19.13392938543122,16.06292061500324
-145.887628,200,43.695085,0.0,0.5441747799548986,3327.7044787370023,19.324461482534623,16.63852239368501
-28.688689,77,43.758598,1.0,0.048586030186565494,1140.7414965475389,6.791011278210768,14.814824630487518
-68.923109,200,43.88811,0.0,0.1811267277877678,3419.429620030063,19.854345184225554,17.097148100150314
-126.715061,200,44.060319,0.0,0.4839809409850716,3146.607999659112,18.33067193374476,15.73303999829556
-107.257388,200,44.206655,0.0,0.5023413684349307,3052.076446778002,18.75038465837607,15.26038223389001
-156.354575,200,44.349168,0.0,0.5948006651943692,3278.838628987198,19.029690238453167,16.39419314493599
-208.773676,200,44.484688,0.0,0.8375648432510941,3739.630727915656,21.773781201145088,18.69815363957828
-124.781114,200,45.166516,0.0,0.4480159907564758,3063.3703710484765,18.20356319023443,15.316851855242383
-100.955532,200,45.314028,0.0,0.29175673138895997,3211.4338792218186,18.961159099025075,16.057169396109092
-156.323611,200,45.463409,0.0,0.6092868418223095,3307.9442033808064,20.523917851469925,16.539721016904032
-167.649211,200,45.619941,0.0,0.5846857413395653,3347.8764986791366,19.370087172971793,16.739382493395684
-115.673092,200,45.750979,0.0,0.4895036573457605,2719.4217867717994,16.923971804014634,13.597108933858998
-175.138194,200,45.880496,0.0,0.7112724642878011,3126.626386816065,18.183443220037525,15.633131934080325
-133.21151,200,46.016016,0.0,0.518503187054423,2924.4345856676227,17.400320960642592,14.622172928338113
-176.08531,200,46.176757,0.0,0.5527888418036123,3372.727215429049,19.83459325735818,16.863636077145244
-62.179375,182,46.327978,1.0,0.049263603110947206,3167.8167649395095,18.08480463910834,17.405586620546757
-159.167255,200,46.477894,0.0,0.6341244299249114,3337.494214124914,19.16629164068866,16.687471070624568
-75.480694,200,46.982771,0.0,0.08274285693799778,3301.7276416999593,18.940967124361233,16.508638208499796
-183.321393,200,47.131288,0.0,0.6570449479828728,3421.306252463394,19.855909552793538,17.10653126231697
-174.820885,200,47.252529,0.0,0.558669631729615,2841.3390476213144,17.456569515748843,14.206695238106573
-95.158756,200,47.386648,0.0,0.3087959436129932,3290.7660072543385,19.505257702759852,16.453830036271693
-71.92486,200,47.50917,0.0,0.05873488003019148,3352.416284616228,19.985726265925635,16.762081423081142
-77.420419,200,47.648224,0.0,0.09216027336797765,3361.88286860244,19.68073506637975,16.8094143430122
-188.726441,200,47.797136,0.0,0.7774434160593828,3097.847559811886,18.98885735759119,15.489237799059431
-107.759058,200,47.948175,0.0,0.29709781297137533,3031.8134603380813,17.997082235798533,15.159067301690406
-191.706258,200,48.064687,0.0,0.777468225488635,3282.0164266072456,18.8292536648776,16.410082133036227
-122.361839,200,48.177223,0.0,0.5497582540907093,2525.445996652869,15.680928110553884,12.627229983264344
-107.020238,200,48.613794,0.0,0.5362822371796663,2783.9882875128715,16.899796469608397,13.919941437564358
-171.254656,200,48.764834,0.0,0.4835789865759182,3145.453581565899,18.311506492308578,15.727267907829496
-102.712311,200,48.894437,0.0,0.6529112117286175,2457.2881575127935,15.53736291662532,12.286440787563969
-106.516329,200,49.026954,0.0,0.7433588232953059,2811.9035321122806,18.137604960222514,14.059517660561403
-127.623728,200,49.148,0.0,0.3527778337839728,3212.2176734363716,18.9001352185145,16.061088367181856
-97.055595,200,49.274255,0.0,0.3596418550861742,3166.0858644395207,18.481335804124065,15.830429322197604
-106.154819,200,49.397769,0.0,0.29142853791174567,3408.1516209821943,19.721044130418203,17.04075810491097
-126.06155,200,49.523295,0.0,0.4067203281631054,3426.8236821698265,19.336778323344916,17.134118410849133
-97.803436,200,49.659854,0.0,0.38594484189591816,3025.1919632740664,18.328414508529814,15.125959816370333
-133.994489,200,49.795375,0.0,0.43421790389796755,3116.107907480175,19.029090170580062,15.580539537400876
-143.299383,200,49.932895,0.0,0.5432085768160471,3227.198108409145,18.527345771749623,16.135990542045725
-105.674371,200,50.449393,0.0,0.552316648269783,2960.503850821937,18.1317103161099,14.802519254109685
-184.325827,200,50.614921,0.0,0.7514742064323812,3329.850631110479,19.503098268813314,16.649253155552394
-106.570469,200,50.760879,0.0,0.6066818293603831,3186.223792059574,18.502009679464688,15.93111896029787
-83.399654,200,50.932268,0.0,0.2284964885687495,3284.1381488399984,19.867887959815654,16.42069074419999
-126.34337,200,51.065675,0.0,0.4274824583224812,3453.802053061247,20.113539632264192,17.269010265306235
-119.234146,200,51.188516,0.0,0.9704502744531254,1979.0500392157574,13.382399211543921,9.895250196078786
-129.268373,200,51.328749,0.0,0.5437404476533021,2746.2272716692714,16.900902417247828,13.731136358346356
-131.962484,200,51.457796,0.0,0.5774386569343569,2257.478068765241,15.093565064706633,11.287390343826205
-90.244454,200,51.572315,0.0,0.29469643108213134,3038.76133648666,18.066962003240235,15.193806682433301
-182.0737,200,51.705836,0.0,0.6783589462696835,2648.866606147125,16.39441057175662,13.244333030735625
-144.378763,200,52.191218,0.0,0.542211549467577,2005.257907486182,13.156939922689752,10.026289537430909
-114.270308,200,52.328728,0.0,0.6321342566340399,2521.357043450502,16.4317623165246,12.60678521725251
-109.542432,200,52.467093,0.0,0.484382078496452,3266.608611395869,18.858032712765407,16.333043056979346
-142.399435,200,52.587619,0.0,0.5139265748559677,2735.69466563236,17.593166118001317,13.678473328161799
-111.689701,200,52.70314,0.0,0.5441642917428049,2379.8911661014104,14.96740203946183,11.899455830507051
-144.082302,200,52.823008,0.0,0.5264921325982576,3441.4102771026523,20.676348163400068,17.20705138551326
-129.417098,200,52.939127,0.0,0.4655410893592682,3213.8353039449275,18.67399339492888,16.06917651972464
-95.185828,200,53.048202,0.0,0.525892685746775,2765.004703253968,17.02021052963754,13.82502351626984
-107.89137,200,53.161715,0.0,0.30972941585457253,3348.284529379455,20.111508022997626,16.741422646897274
-168.238307,200,53.288721,0.0,0.6284686804915527,3058.6334919668975,18.69891875905367,15.293167459834487
-108.921438,200,53.779054,0.0,0.4436502224400058,2797.579865231901,17.568358512088672,13.987899326159503
-124.020245,200,53.929563,0.0,0.7029634980446322,2672.9155445941565,16.780848342167417,13.364577722970783
-117.983775,200,54.050295,0.0,0.691994732946584,2040.5704857297144,13.811789068979566,10.202852428648573
-184.708423,200,54.159611,0.0,0.7267336633891692,3403.76272164003,19.062495273183195,17.01881360820015
-115.518233,200,54.274127,0.0,0.5258465669836905,3105.9120522588905,19.175359847444945,15.529560261294453
-107.116596,200,54.386649,0.0,0.5333973081768612,2214.7198310109793,14.387436164157519,11.073599155054897
-120.579825,200,54.497184,0.0,0.6352017692921659,2173.595632318482,14.126660974571777,10.86797816159241
-177.485506,200,54.613711,0.0,0.6811391345237109,3378.3408079906976,19.276470692647663,16.89170403995349
-152.293891,200,54.741628,0.0,0.6380871082252819,2697.1606548858613,17.694462999926504,13.485803274429307
-122.519469,200,54.85767,0.0,0.6150530208849596,2926.0824932131422,17.135350170003484,14.630412466065712
-119.712671,200,55.343434,0.0,0.5124864156790911,2477.733372362155,15.850006706604788,12.388666861810774
-95.183254,200,55.478464,0.0,0.5624855984772686,2929.3130062689725,18.064764627715196,14.646565031344862
-132.66667,200,55.625783,0.0,0.6168268074313507,2200.74695654568,14.647586009512226,11.003734782728399
-122.553424,200,55.738909,0.0,0.595524979974612,3083.7347283323866,18.705782810590673,15.418673641661933
-138.805044,200,55.864623,0.0,0.6845807437196505,2589.578119308227,16.207987814497297,12.947890596541136
-131.610596,200,55.97914,0.0,0.4318222020498543,3149.8790145751113,19.315505086377954,15.749395072875556
-102.809003,200,56.091661,0.0,0.5407601061331607,2154.5995315661185,13.921523102078035,10.772997657830592
-102.950739,200,56.202183,0.0,0.8788757216669595,2293.9781720599103,14.876895658336835,11.469890860299552
-138.087855,200,56.312705,0.0,0.552329244125629,3063.7449022418195,18.389128073154524,15.318724511209098
-120.2081,200,56.426238,0.0,0.6043894529059731,2232.103236931507,14.568648773121435,11.160516184657535
-71.264754,200,56.533785,0.0,0.19964618423265554,2926.4865436002574,16.985399431789343,14.632432718001287
-161.729527,200,57.00205,0.0,0.6582055675753955,3027.307625827323,18.805720160772026,15.136538129136616
-165.602331,200,57.13659,0.0,0.6426984321642266,2905.891309006192,17.51876892641597,14.52945654503096
-100.327554,200,57.260455,0.0,0.33826844090326924,3313.0775039493064,19.238886021573396,16.565387519746533
-148.608913,200,57.376986,0.0,0.5739713193393865,1686.8827182406426,12.099713780488786,8.434413591203214
-115.767967,200,57.499515,0.0,0.9548288882319722,1855.4942942566622,12.919836056012524,9.277471471283311
-197.68451,200,57.614038,0.0,0.7155191341148368,2967.733626706676,18.113294901182798,14.838668133533382
-112.276008,200,57.723221,0.0,0.8777330280503893,2898.7285829584407,17.3235829459306,14.493642914792204
-191.505183,200,57.842694,0.0,0.7369081007896352,2843.221492703501,17.37570320945477,14.216107463517506
-117.26534,200,57.961606,0.0,0.5722521118534448,1620.0641244125327,11.182164429374582,8.100320622062663
-122.101968,200,58.07037,0.0,0.6713548393193771,2809.295553454203,17.317254782378686,14.046477767271014
-130.62779,200,58.518437,0.0,0.42545348091549934,2971.217436232806,18.436035901438622,14.85608718116403
-134.165572,200,58.654042,0.0,0.6915983121368535,2202.2107078266667,14.68480940143564,11.011053539133334
-208.427568,200,58.773654,0.0,0.861688654443501,3340.461654698137,18.996513080904414,16.702308273490686
-132.205478,200,58.884175,0.0,0.7757218219490881,2535.7933804794334,15.967607973265597,12.678966902397168
-110.264468,200,59.006697,0.0,0.6754629842545975,3366.695549530173,19.806350595565856,16.833477747650864
-159.059414,200,59.118216,0.0,0.6146203934828497,3393.632377873161,20.026446769279712,16.968161889365806
-127.737385,200,59.228729,0.0,0.8024196098746794,2334.4755718018655,14.841393293678722,11.672377859009327
-153.514316,200,59.344177,0.0,0.6526699991596123,2889.33206497422,17.443236121579197,14.4466603248711
-158.126276,200,59.45821,0.0,0.6184975809996532,2644.3299717641034,16.552451945920385,13.221649858820518
-146.440551,200,59.567734,0.0,0.6040632068072569,1821.839541516063,13.017015848318067,9.109197707580314
-174.740415,200,60.005608,0.0,0.687782767279479,3197.3915737719603,19.360261387210507,15.986957868859802
-141.05221,200,60.154448,0.0,0.5604092386087972,1736.8953593961498,12.285985448538364,8.68447679698075
-159.360059,200,60.293253,0.0,0.5765809110259354,2313.8620837255703,14.835671753526396,11.569310418627852
-130.014521,200,60.419046,0.0,0.7984732037870176,1885.3010207520686,12.682381203604654,9.426505103760343
-98.698632,200,60.536578,0.0,0.829801594045194,2909.846382801649,17.362061192261606,14.549231914008244
-178.510133,200,60.64573,0.0,0.689675880916226,2911.3902211742347,17.25200078347867,14.556951105871173
-127.256458,200,60.751777,0.0,0.40781334884589354,3330.484183507408,18.876345144074374,16.65242091753704
-172.455462,200,60.876295,0.0,0.6529485531616414,3079.971001686793,18.2704466920255,15.399855008433965
-122.540003,200,60.989812,0.0,0.7792865606376603,1620.9889940224737,12.220232274137828,8.104944970112369
-100.168692,200,61.096328,0.0,0.40359127396429306,2408.424945842125,15.060471722923008,12.042124729210625
-162.506365,200,61.533763,0.0,0.5988371479546202,2434.112507797267,15.432479268234559,12.170562538986335
-125.090501,200,61.677795,0.0,0.6645908491184614,1941.7742872974538,13.02615467609888,9.70887143648727
-169.928299,200,61.808019,0.0,0.6616705294734186,2631.4244979612404,16.608637600194527,13.157122489806202
-117.670976,200,61.919534,0.0,0.8251500866710028,1698.1375881015883,12.162356352765936,8.490687940507941
-111.59633,200,62.037061,0.0,0.6762193836938836,1874.4876909860916,12.350022948568721,9.372438454930458
-194.81152,200,62.166088,0.0,0.80831315218091,3215.670980975504,19.0133724894895,16.078354904877518
-119.922694,200,62.279617,0.0,0.9322993933718561,1191.797958212184,8.756418805198242,5.958989791060921
-97.876852,200,62.397132,0.0,0.7538241859884365,2276.751320355063,15.000029469157159,11.383756601775314
-167.252698,200,62.523473,0.0,0.6822216667937347,2435.7335314872516,15.508415239800703,12.178667657436257
-128.719308,200,62.634814,0.0,0.9572366683636268,1821.711129873844,12.349106632511859,9.108555649369219
-113.866249,200,63.053731,0.0,0.626232302270594,2240.7199757763196,14.402869098596714,11.203599878881597
-126.962633,200,63.199246,0.0,0.9826782867247817,1529.5376522860859,11.166041991291417,7.647688261430429
-108.768772,200,63.333736,0.0,0.4611662770612434,3106.926231665747,18.08510946162132,15.534631158328734
-124.559489,200,63.452785,0.0,0.6823845828807713,1683.7446529213207,12.527540319418101,8.418723264606603
-183.069536,200,63.566298,0.0,0.7648390897011438,3017.3443377124468,18.09774873817593,15.086721688562234
-119.321096,200,63.683817,0.0,1.0146679861109882,1772.34186331659,11.998832272335818,8.86170931658295
-163.037614,200,63.800266,0.0,0.7031049881653363,2055.988445145758,13.908531464047533,10.279942225728789
-126.123744,200,63.915816,0.0,0.6445751542587659,1596.0970860410996,11.125678588091631,7.980485430205498
-126.708595,200,64.033592,0.0,0.9790027206407704,1596.5129929719903,11.497277457791322,7.982564964859952
-119.447704,200,64.147119,0.0,0.7245400034190582,1814.0773924962457,12.407880138019705,9.070386962481228
-128.592055,200,64.257432,0.0,1.152438168167293,2029.2354388015676,13.325552262203415,10.146177194007839
-135.014675,200,64.730057,0.0,1.2139501568669364,1611.014161173548,10.867970657969188,8.05507080586774
-148.825335,200,64.887523,0.0,0.5442274956079391,2394.4546426945635,15.064932292328226,11.972273213472818
-191.949748,200,65.042317,0.0,0.8014603933067388,3290.4742566919685,19.546268458699647,16.452371283459843
-117.034101,200,65.179279,0.0,0.9601951890721486,1110.7461766361607,8.580394493138838,5.553730883180804
-148.657755,200,65.315781,0.0,0.7658965047812588,2351.519022309372,15.532696884937314,11.757595111546859
-100.570771,200,65.433298,0.0,0.41011395785457955,2643.166938791366,16.32238260512221,13.21583469395683
-125.472806,200,65.561764,0.0,0.7226425703281256,1524.128835239094,10.86279297771998,7.62064417619547
-149.103964,200,65.701313,0.0,0.7008578417538806,2893.321368537744,17.87110207549507,14.466606842688721
-136.916297,200,65.817834,0.0,0.7556003107897183,1465.8791100432036,10.546406548359228,7.3293955502160175
-157.984991,200,65.943847,0.0,0.6381332513431729,1720.1266237493094,12.212168710907628,8.600633118746547
-126.549319,200,66.417809,0.0,0.7096445413861205,1767.6811681797267,11.683172677527454,8.838405840898634
-142.831796,200,66.574857,0.0,0.5999527119528603,3109.8825702278177,18.99065293814459,15.549412851139088
-191.807983,200,66.719376,0.0,0.7954215433008535,3215.8819222577663,18.71579711105707,16.07940961128883
-116.979485,200,66.834906,0.0,0.7693216696299275,2288.770319898668,14.795027009923581,11.443851599493339
-121.769422,200,66.952963,0.0,0.8842789027362856,1844.9900018733222,12.840670459182522,9.22495000936661
-142.117619,200,67.072321,0.0,0.6456371338398736,1155.3338081386366,8.960495684303755,5.776669040693183
-131.108056,200,67.214814,0.0,0.7410925063896756,1426.0107409904078,10.970174550662392,7.130053704952039
-133.444968,200,67.330729,0.0,1.0212843286975009,1573.530912329369,10.988790252255788,7.8676545616468445
-186.827942,200,67.445206,0.0,0.7752988644299419,3096.838148781886,18.335518464816705,15.48419074390943
-127.189767,200,67.574886,0.0,0.5408633574461252,2993.479051166914,18.094898587308734,14.96739525583457
-155.629236,200,68.030502,0.0,0.7301734204214676,1931.3985714058726,13.731101561540283,9.656992857029364
-138.799828,200,68.169536,0.0,0.6258904605491608,2847.0187821754866,17.59373673829458,14.235093910877433
-190.830436,200,68.284622,0.0,0.784864811033962,3277.55625440557,18.699515407761762,16.38778127202785
-171.073665,200,68.395142,0.0,0.6564764312530437,3134.8070008485543,18.43974031561196,15.674035004242771
-134.283739,200,68.508665,0.0,0.6629033978859256,1427.4576785539437,10.350308353226517,7.137288392769718
-109.636512,200,68.631184,0.0,0.8857592399387305,2781.424729554354,17.44362718370308,13.90712364777177
-180.821486,200,68.740582,0.0,0.7428915650531953,2371.9947141264934,15.637761483246786,11.859973570632468
-140.751794,200,68.857618,0.0,0.6832746747961794,1433.9954954473549,10.591312238854805,7.169977477236774
-135.852996,200,68.97434,0.0,0.8556488946722393,1587.4421399398473,11.385067269253563,7.937210699699237
-142.540128,200,69.106885,0.0,0.6645491849215059,2026.9064781837046,13.56573618940266,10.134532390918523
-127.399896,200,69.557285,0.0,0.8816677011764755,1559.2607720578915,11.989074149759254,7.796303860289457
-134.711042,200,69.705503,0.0,0.573042579718662,3273.3792170389506,19.032707852396648,16.366896085194753
-139.189188,200,69.826027,0.0,0.7022334357768538,2279.4260993754497,14.64842769705276,11.397130496877248
-95.881304,200,69.935551,0.0,0.5834022041950299,2978.45713142731,18.132722752445225,14.892285657136549
-130.655252,200,70.049072,0.0,0.9207177657235903,1274.2804771648828,9.729743871643391,6.371402385824414
-174.841484,200,70.180142,0.0,0.7462975569597611,3361.562604301591,19.67097257866407,16.807813021507954
-122.281366,200,70.303732,0.0,0.6569733152197894,2483.5858248686864,15.421933438112731,12.417929124343432
-102.248209,200,70.413254,0.0,0.48149986014252866,2751.7111349740094,16.76561556855583,13.758555674870047
-189.175164,200,70.530896,0.0,0.7532309405632351,3137.9521801774945,18.18640063614579,15.689760900887473
-9.314664,31,70.552898,1.0,0.04996502815965073,263.13895801958336,1.80198600212018,8.488353484502689
-119.478274,200,70.686905,0.0,0.8530869442046126,1776.665677310987,12.408987413594994,8.883328386554934
-152.447736,200,70.803429,0.0,0.6273842768892921,1905.4798735876373,12.779395992402945,9.527399367938186
-132.317393,200,71.282923,0.0,0.7395103530456739,2118.0479633108284,13.905683017967252,10.590239816554142
-123.811067,200,71.422441,0.0,0.8311840550753016,2319.839644207591,15.125446140493095,11.599198221037955
-151.645881,200,71.556481,0.0,0.516398291122022,3194.3361832669675,18.83240555794175,15.971680916334838
-164.638629,200,71.684846,0.0,0.6266094797606769,3219.3456495057767,18.366901715107115,16.096728247528883
-135.345071,200,71.796625,0.0,0.6844712923312977,1681.8963711735619,11.837026687076287,8.40948185586781
-125.582308,200,71.928558,0.0,0.9080725122844557,1954.533901820895,13.680273802240553,9.772669509104475
-115.187874,200,72.065512,0.0,0.641554328013506,2253.8931245608555,14.307255145583504,11.269465622804278
-147.660954,200,72.196054,0.0,0.6857654136946953,2448.477755522723,15.8578605473879,12.242388777613614
-166.913486,200,72.337581,0.0,0.7535469114433541,2046.345517287173,13.679506982405869,10.231727586435865
-101.369674,200,72.490309,0.0,0.2931221281690641,2690.755376922493,16.627285583333578,13.453776884612465
-92.678876,200,72.959505,0.0,0.3651818498492686,2887.7026960764356,17.865466285896783,14.438513480382177
-152.244525,200,73.097015,0.0,0.7786329732741826,2620.9806696331734,16.756949455054226,13.104903348165868
-11.735583,38,73.11902,1.0,0.03773930894598384,313.2108071400898,2.3702982507439185,8.24238966158131
-146.120729,200,73.230535,0.0,0.6845143404628278,1544.7008867658421,11.17348510332839,7.723504433829211
-145.395353,200,73.341062,0.0,0.5909964343647196,2269.1312347194175,14.559743493987392,11.345656173597087
-112.424852,200,73.474088,0.0,0.2103306498019643,2744.419372144587,15.898404159766418,13.722096860722935
-130.017812,200,73.589838,0.0,0.5310349843716474,1912.3630441149771,12.727729839356318,9.561815220574886
-131.093393,200,73.723369,0.0,0.9204321239738847,1109.6858970756289,9.223362308817842,5.548429485378144
-126.495374,200,73.86041,0.0,0.70481614807402,1810.6384864679515,12.810094729399696,9.053192432339758
-128.203006,200,74.002114,0.0,0.48239387373431486,3031.185200557519,17.483791261886992,15.155926002787593
-134.16657,200,74.119572,0.0,0.6462425708820303,1944.3655139114098,13.099195078317772,9.72182756955705
-189.345814,200,74.575766,0.0,0.7844771890890254,2830.3341532589584,17.114521563683898,14.151670766294792
-14.688921,43,74.607766,1.0,0.04561661295772165,322.59688315711253,2.203613767215021,7.502253096677036
-130.614342,200,74.736279,0.0,1.0739136323083227,1124.0765818142163,8.87048642672077,5.620382909071082
-164.710421,200,74.848764,0.0,0.6430700291070947,2782.617712988026,16.757141692130094,13.91308856494013
-94.965429,200,74.958463,0.0,0.3431182505374067,2920.8957410293992,17.81173299888465,14.604478705146995
-121.214913,200,75.081897,0.0,0.7787397092309166,2266.431837661359,14.71868299486885,11.332159188306797
-160.227056,200,75.213446,0.0,0.5418461797552377,2020.4938861209191,13.242450374698906,10.102469430604595
-182.445772,200,75.354972,0.0,0.7288691091179587,3074.0559904691268,17.982695446401088,15.370279952345633
-105.821727,200,75.499047,0.0,0.4131009125692003,3187.5741701012325,18.426086493057817,15.937870850506163
-119.508828,200,75.617589,0.0,0.3671806379274583,2868.891894160505,17.554717436854318,14.344459470802526
-197.109511,200,75.731115,0.0,0.8375906291051313,3222.736055428138,18.779002093878404,16.11368027714069
-131.509042,200,76.207268,0.0,0.683346011213182,2068.92308478388,13.723771414248255,10.3446154239194
-118.294996,200,76.36925,0.0,0.5093459701874854,2508.1144865686265,15.1354671319328,12.540572432843133
-108.329368,200,76.502836,0.0,0.8971731640364365,1202.8939512375493,8.998397729260972,6.014469756187747
-169.125371,200,76.654341,0.0,0.697733664850849,2798.7075230449686,16.95664994202649,13.993537615224843
-126.935081,200,76.785382,0.0,0.7124929447031628,1068.495433207741,8.588684534540311,5.342477166038704
-183.667499,200,76.925931,0.0,0.6861358652633053,2568.1660681343456,15.785277391243932,12.840830340671728
-156.049353,200,77.065482,0.0,0.6409605826490088,2916.009879837733,17.747552135062364,14.580049399188665
-131.272676,200,77.175998,0.0,1.106971258508155,1089.236608200901,8.824422661445299,5.446183041004505
-113.360506,200,77.28755,0.0,0.6246925270208085,2593.252035310747,16.091471161426934,12.966260176553735
-130.082681,200,77.415058,0.0,0.6880625428854202,1643.39140695412,11.621993622816609,8.2169570347706
-110.339571,200,77.942521,0.0,0.8635860090501729,2441.9956356730963,16.033620044713317,12.209978178365482
-130.592102,200,78.076549,0.0,0.6378931085193185,2227.934812273393,14.18361105325818,11.139674061366966
-128.043905,200,78.234742,0.0,1.1305957295369198,843.3687789464461,7.155393639015824,4.21684389473223
-96.297588,200,78.397777,0.0,0.1117334573077077,2765.4951251882317,16.30688868989339,13.827475625941158
-180.564697,200,78.536044,0.0,0.6649143201021945,2398.704131122058,14.401951899750939,11.99352065561029
-142.924972,200,78.678405,0.0,0.5828277310092281,2643.674163913253,16.776966954933737,13.218370819566264
-88.604564,200,78.795135,0.0,0.5159303736840761,2048.6763127692075,12.870414665997899,10.243381563846038
-136.483226,200,78.905639,0.0,0.7395197690631963,921.4846393094078,7.587645517712452,4.607423196547039
-123.887342,200,79.022159,0.0,0.9953087757659006,1289.4712940181466,9.499926298913431,6.4473564700907335
-162.675354,200,79.148671,0.0,0.5861042433388001,3081.4224089273134,17.963956191523273,15.407112044636568
-207.135039,200,79.655642,0.0,0.8084922893336104,3284.439927345412,19.261142127071153,16.422199636727058
-122.667974,200,79.821677,0.0,0.4432880373057711,3234.6279530335287,18.716745792549467,16.173139765167644
-183.076295,200,79.976577,0.0,0.7230889177732942,2894.1010109427857,17.0175386842627,14.470505054713929
-14.74407,45,80.017577,1.0,0.04404885381043519,274.173510245166,2.1042333528424138,6.092744672114801
-146.450435,200,80.201699,0.0,0.6342596687084018,1575.9429492737693,10.714493455926368,7.879714746368847
-157.899813,200,80.325213,0.0,0.6243254376550935,2541.7653301162522,15.30646192875814,12.708826650581262
-132.573418,200,80.436737,0.0,0.6869765658026378,2573.757172751015,16.196184434091613,12.868785863755074
-109.608565,200,80.560603,0.0,0.6536418695098316,1960.5716603842193,12.717116301681523,9.802858301921097
-178.759162,200,80.685707,0.0,0.6470960021355033,2895.027878607223,17.359715995596208,14.475139393036116
-181.533652,200,80.809439,0.0,0.6754646138296478,2570.8744394757646,15.613270358424012,12.854372197378822
-122.588215,200,80.937274,0.0,0.8778521543774371,1085.4994928126603,8.492927433398558,5.427497464063301
-98.923995,200,81.478996,0.0,0.2797856918116006,2499.9584138491186,14.667526868891224,12.499792069245593
-139.985681,200,81.634506,0.0,0.5181131804531444,2282.9785531308526,14.089721290195723,11.414892765654264
-99.479167,200,81.773328,0.0,0.49550585968131405,2135.4514095461145,13.78862835687391,10.677257047730572
-156.209582,200,81.885847,0.0,0.6635886292817965,2143.5037627521647,13.572952675273845,10.717518813760824
-162.842596,200,82.005449,0.0,0.7662762437535408,2385.5416333858093,15.700845922040529,11.927708166929046
-13.639153,40,82.02745,1.0,0.04992169960998697,301.4924041338031,2.3551782621701767,7.537310103345078
-108.791716,200,82.139981,0.0,0.7533476983466265,2748.2557913266087,16.914448393825893,13.741278956633044
-134.756165,200,82.259521,0.0,1.2332096375299062,1177.1204704662587,8.750628710957566,5.8856023523312935
-142.808558,200,82.372546,0.0,0.838874802094774,1633.3967259892856,11.953921070217579,8.166983629946428
-105.438916,200,82.485076,0.0,0.7216126783864255,1902.6265047202392,12.365976725977243,9.513132523601195
-136.618766,200,82.625602,0.0,0.6694447833357938,1888.3020277341,12.360797003066722,9.4415101386705
-177.497655,200,83.300487,0.0,0.6668318427473946,2935.709178490551,17.76895018252966,14.678545892452755
-94.543854,200,83.448723,0.0,0.44541522784519433,2212.667862574598,13.874815848540585,11.06333931287299
-143.66502,200,83.59476,0.0,0.777140047732134,1559.962163466798,11.32595703764233,7.799810817333991
-119.730214,200,83.755291,0.0,1.0569649659886067,1492.032150007927,10.65633203218227,7.460160750039635
-127.289392,200,83.916929,0.0,1.148246886017555,1667.3219163125693,11.857984815895245,8.336609581562847
-142.119653,200,84.050467,0.0,0.6277781867194225,1265.9071494202287,8.900388735729386,6.3295357471011435
-88.009678,195,84.187157,1.0,0.04217296431880744,2624.5069741532784,15.84612932889221,13.459010123862965
-132.470509,200,84.325142,0.0,0.7307466268351352,2120.8355558762023,13.646493373861171,10.604177779381011
-159.42918,200,84.491188,0.0,0.5877569895194091,1529.7913494529341,10.108276850803907,7.648956747264671
-81.361049,200,84.65071,0.0,0.18623237323395017,2765.7554091332254,16.201706004766965,13.828777045666127
-116.932174,200,84.802282,0.0,0.9382112522592102,1149.8525623430123,8.184005893698307,5.749262811715061
-118.979085,200,85.335885,0.0,1.0367146638017244,1624.0265867476164,11.247469914730207,8.120132933738082
-146.413504,200,85.474232,0.0,0.7399475244690081,1903.3253707025826,12.90202145056665,9.516626853512912
-186.616477,200,85.590728,0.0,0.7028841290947357,2329.4062841418754,14.879055518962659,11.647031420709377
-133.49131,200,85.727151,0.0,0.9156411141320484,1161.662299622721,8.572736129386092,5.808311498113605
-119.524766,200,85.847672,0.0,1.0949836195378622,612.5498449516081,5.475074999436218,3.0627492247580403
-113.879374,200,85.971452,0.0,0.7444119570348368,853.4807177734226,7.106776227346595,4.267403588867113
-153.314365,200,86.144982,0.0,0.6942091672669133,2111.7267605575357,13.563257830478783,10.558633802787678
-122.893604,200,86.340075,0.0,0.9075127202802507,764.1979816299162,6.35743029693873,3.820989908149581
-114.650329,200,86.537113,0.0,0.9857595887543713,743.2907334699802,6.64811760389995,3.716453667349901
-131.503401,200,86.715332,0.0,0.8498092698860868,1257.8253274646765,9.712603703843984,6.289126637323383
-183.456809,200,87.255541,0.0,0.650678346149192,2551.1670516100135,15.724274376522681,12.755835258050068
-114.710166,200,87.414608,0.0,0.7833955545444535,896.1587795840856,7.474827697339465,4.480793897920428
-202.890517,200,87.565646,0.0,0.8052253560756002,3030.474183621531,17.672739999415878,15.152370918107657
-115.375499,200,87.722196,0.0,0.6598605211249707,2048.732720615749,12.779465918642789,10.243663603078744
-186.850733,200,87.866337,0.0,0.734811289400608,2439.849616166791,14.94268740801785,12.199248080833954
-123.043926,200,88.006606,0.0,0.8009403837320148,1515.1686964398632,10.690037975733176,7.575843482199316
-131.728593,200,88.128339,0.0,1.0549446027541542,1365.3958471563933,10.217076097495989,6.826979235781966
-115.227346,200,88.259867,0.0,0.2800865481883559,2652.3564577411626,16.1498192669848,13.261782288705813
-147.984381,200,88.373025,0.0,0.6734055864345826,1391.7373394038316,9.876806093158685,6.958686697019158
-178.125422,200,88.509546,0.0,0.6929537971205921,2208.003560603426,14.115122921463477,11.04001780301713
-174.140272,200,89.037267,0.0,0.7837931265643295,2281.48344307245,14.928509796101835,11.40741721536225
-131.357163,200,89.185302,0.0,0.4940484397859423,1025.0950560747233,7.824334915356366,5.1254752803736165
-125.999365,200,89.313874,0.0,0.81926393968064,1987.2862034929356,13.192803067831411,9.936431017464677
-76.3362,200,89.462932,0.0,0.7066484826069286,2702.0691975068894,16.166670468525307,13.510345987534446
-118.896549,200,89.602988,0.0,1.0961610093263092,1152.400590402637,8.968121247123495,5.762002952013185
-137.646839,200,89.776863,0.0,0.6640354611654763,864.0648487051994,6.99694727045096,4.320324243525997
-153.367113,200,89.927974,0.0,0.7271260361470913,2706.754285169491,16.462522740998534,13.533771425847455
-131.231166,200,90.108017,0.0,0.6332763924000591,1186.4513953407077,8.584903936189196,5.932256976703538
-139.416332,200,90.302086,0.0,0.525354884379086,1290.1687211023602,9.074376986532931,6.4508436055118015
-136.951462,200,90.444518,0.0,0.6576688217970733,878.128851857459,6.933008370738825,4.390644259287296
-75.861052,200,91.025652,0.0,0.3784501561661945,2966.374315743711,17.45166749672877,14.831871578718555
-106.580863,200,91.180346,0.0,0.5017473609208095,1601.9600637540686,10.902512452160368,8.009800318770344
-157.341202,200,91.316875,0.0,0.5502965272530037,2686.481367214647,15.98529536427637,13.432406836073234
-180.038808,200,91.482762,0.0,0.6729081337451662,2163.745119391369,14.198279671538524,10.818725596956845
-200.561827,200,91.650284,0.0,0.8562982127089201,2658.9666980452985,16.051974865970003,13.294833490226493
-133.441663,200,91.771312,0.0,0.651890952707363,865.5185648446675,7.326509601605501,4.327592824223338
-108.617292,200,91.909835,0.0,0.9539375733735385,669.4325522039702,6.234963779987516,3.347162761019851
-115.214757,200,92.042961,0.0,0.8303804370696243,2011.358020540268,12.849859895918799,10.05679010270134
-128.647687,200,92.170011,0.0,1.0791517004459206,1265.3616442348423,8.957932463728016,6.326808221174211
-160.555753,200,92.316943,0.0,0.5879907065933481,3207.329136786485,19.136874952239125,16.036645683932424
-70.983395,200,92.491756,0.0,0.297675933241856,2891.5400590111803,17.447364041925976,14.457700295055902
-129.387936,200,93.153958,0.0,0.8768983445575411,1267.974654363118,9.555835475536158,6.3398732718155895
-136.848215,200,93.295995,0.0,0.40107730082043763,2824.787761887161,16.272614620947152,14.123938809435806
-129.238188,200,93.44552,0.0,0.9225050140475972,1395.6198636747226,10.237012744275784,6.978099318373613
-129.609366,200,93.572553,0.0,0.5543606780082597,1563.1249686112371,10.540135860438737,7.815624843056185
-122.789985,200,93.689092,0.0,1.1072790873722131,1614.1650666097978,11.161958657316974,8.070825333048989
-168.394795,200,93.831612,0.0,0.6726672197221285,1242.064628885388,9.265348114691822,6.21032314442694
-97.539805,200,93.976493,0.0,0.7014383103774683,982.1032807672285,7.425466057795307,4.910516403836143
-124.324858,200,94.110013,0.0,0.6863868939982621,1411.5614181766068,9.999904305607968,7.057807090883034
-105.69482,200,94.279477,0.0,0.6071143601889372,2103.471881192808,13.325638858545005,10.517359405964038
-148.666265,200,94.449215,0.0,0.6898226003514061,2521.849618755295,14.926290734141528,12.609248093776475
-107.735589,200,94.951642,0.0,0.9270897072959451,2228.7534460416296,14.14802392285556,11.143767230208148
-98.665884,200,95.103653,0.0,0.17322977180197396,2162.7462901562535,12.966966614920617,10.813731450781267
-129.659039,200,95.234169,0.0,0.6379606076387037,1091.5430908275264,8.34212630144924,5.457715454137632
-181.919727,200,95.351689,0.0,0.6110150577397524,2262.9127528002346,13.03256545693711,11.314563764001173
-126.935173,200,95.468128,0.0,0.7024028825263525,758.7055834334353,6.532836942946915,3.7935279171671765
-188.662821,200,95.592678,0.0,0.7860935605759191,2493.2919364280547,16.256309207431833,12.466459682140274
-122.361339,200,95.7312,0.0,0.6442671499235441,569.6532567935769,5.0092228457681625,2.8482662839678845
-123.937985,200,95.869245,0.0,0.6790198461987206,672.5411446969485,6.1094105471484275,3.362705723484743
-126.87974,200,96.031637,0.0,0.7573224000358746,2335.0186570916344,14.829582695383696,11.675093285458171
-105.367474,200,96.152159,0.0,0.8871143290620473,1876.1178052400355,12.594803988889435,9.380589026200177
-123.292248,200,96.593556,0.0,0.8065197202655506,1294.0448781583573,9.741161665894117,6.4702243907917865
-125.516522,200,96.743069,0.0,0.3905983265622426,1822.5955173822829,12.0093770833928,9.112977586911414
-110.346019,200,96.858587,0.0,0.6539537858732877,879.3743975667924,7.197343309401734,4.396871987833962
-178.615535,200,96.974901,0.0,0.6032128380213696,2851.349748563305,16.65696225286327,14.256748742816526
-104.592298,200,97.113418,0.0,0.4110509574731644,2595.5548915913164,15.219473459210532,12.977774457956581
-92.020106,200,97.253606,0.0,0.7447132009693976,724.2108544989585,5.996135763056767,3.6210542724947925
-182.485565,200,97.383831,0.0,0.7142503420936893,2688.8928890065563,16.23905212932525,13.444464445032782
-165.089062,200,97.5211,0.0,0.6763788912818699,2654.944780926095,16.502811520043238,13.274723904630475
-158.469561,200,97.682141,0.0,0.7987298429302893,2167.541757504673,13.8419660705084,10.837708787523365
-135.433616,200,97.801656,0.0,0.6500881310630519,698.2276396552425,6.428604111452779,3.491138198276212
-137.77893,200,98.337243,0.0,0.6584640509303794,659.2380104347938,5.898319536301656,3.296190052173969
-88.591844,200,98.489276,0.0,0.9547181176685641,2393.345524174416,13.98770498289065,11.96672762087208
-75.728084,200,98.607792,0.0,0.06386047366803621,2065.4334131673004,12.688826263678825,10.327167065836502
-120.892733,200,98.738803,0.0,0.9213266205657503,1828.3107213047715,12.117584434056681,9.141553606523857
-144.173773,200,98.878842,0.0,0.5980616969781533,1511.3867294984059,10.161756364776597,7.55693364749203
-135.40499,200,99.018132,0.0,0.7401075059269909,1393.4628145508107,10.412704153644812,6.9673140727540535
-123.431591,200,99.159655,0.0,1.0071775881747234,1973.867458561442,13.049283145222688,9.86933729280721
-125.281711,200,99.296388,0.0,0.7855209133773065,1010.2773539457337,7.818725594934533,5.051386769728668
-91.806227,200,99.417931,0.0,0.32311895895830917,2405.7766730978865,14.756816466692861,12.028883365489433
-181.092365,200,99.552377,0.0,0.7018661883847009,1993.795276834461,13.095642190985844,9.968976384172304
-119.797743,200,99.677317,0.0,0.5919376346617355,665.5163506952689,5.8980870551952025,3.3275817534763443
-90.917842,200,100.215516,0.0,0.7255497687803489,702.6012506840627,5.703707359056632,3.5130062534203135
-158.329538,200,100.35869,0.0,0.8147449161958411,2126.709473758012,13.506817554048741,10.63354736879006
-145.314826,200,100.508712,0.0,0.7923014916931078,1548.40784266095,10.684056678553771,7.742039213304751
-96.312458,200,100.659934,0.0,0.8574284375221523,637.8324024491275,5.721238622618373,3.1891620122456374
-120.514299,200,100.789961,0.0,0.8885466663534931,1105.8199338172237,7.932099377909997,5.5290996690861185
-149.263415,200,100.902477,0.0,0.8368317787071459,2612.576879721697,16.329068603792123,13.062884398608485
-119.637058,200,101.014024,0.0,0.9175488498774572,823.9586495455767,6.613816310285931,4.119793247727883
-133.928786,200,101.127525,0.0,0.559431830336569,1980.6481955195943,13.338402745355253,9.90324097759797
-186.251659,200,101.24905,0.0,0.8304297735380296,2256.317629231449,14.087883607241498,11.281588146157244
-107.816515,200,101.359583,0.0,0.5860976042117123,699.5128573841617,6.155553322003768,3.4975642869208086
-157.722815,200,101.837221,0.0,0.5531173070314089,2032.839890472572,12.793846147504517,10.16419945236286
-181.529176,200,101.977041,0.0,0.7510963563184253,2195.698813158935,14.009059733341518,10.978494065794676
-77.051295,200,102.113121,0.0,0.12682244648477875,2510.6525802779524,14.812621811059728,12.553262901389763
-139.21463,200,102.263656,0.0,0.7571429433720154,2629.46643114168,16.947175375174247,13.1473321557084
-134.515109,200,102.403185,0.0,0.661615047165218,1102.3941380734593,8.220482553601494,5.5119706903672965
-81.817175,200,102.512706,0.0,0.42764536871621256,3068.7841205392574,18.144622911451314,15.343920602696286
-138.069068,200,102.626221,0.0,0.47982598729682857,1267.150457868686,8.863161607753776,6.33575228934343
-133.669849,200,102.73475,0.0,0.8105948113083357,2318.41437693801,15.126639847502743,11.59207188469005
-108.310449,200,102.851365,0.0,0.4830193404562503,651.4485947349184,5.25370164256852,3.257242973674592
-129.449123,200,102.982453,0.0,0.6810130237858553,1157.7874028444692,8.451159205888224,5.788937014222346
-93.826676,200,103.43462,0.0,0.6358126803077367,1151.1385876382662,8.131503234845892,5.7556929381913315
-136.531477,200,103.571644,0.0,0.8959490729589391,1715.5022422306065,11.446678522270819,8.577511211153032
-95.336938,200,103.68913,0.0,0.18633421469904063,1964.0221480902283,12.329186520773211,9.820110740451142
-137.721759,200,103.827649,0.0,0.6359121675067014,1064.6786714155803,8.091907338276734,5.323393357077902
-133.945367,200,103.98332,0.0,0.5507682243307352,1970.471406098697,12.470160080664433,9.852357030493485
-160.668742,200,104.115613,0.0,0.7906782234696439,2490.7519982473823,15.81939337377004,12.453759991236911
-121.239589,200,104.243667,0.0,0.3483416549670394,2077.5435826087432,13.241236095004083,10.387717913043716
-124.801253,200,104.35685,0.0,0.9122806636433644,1226.854208931409,9.098522892601963,6.134271044657044
-84.351568,200,104.483705,0.0,0.5407889992193302,746.7301046677815,6.159768755569214,3.7336505233389072
-134.982653,200,104.595231,0.0,0.5636349817525096,1453.1482250269366,9.233909077691283,7.265741125134683
-144.813594,200,105.058859,0.0,0.5546050786817496,1489.047653189524,10.16689739243723,7.44523826594762
-84.699445,200,105.215889,0.0,0.5968538049062903,2764.0267654804297,15.891127888511352,13.820133827402149
-108.125625,200,105.356414,0.0,0.30794310024983657,1795.3798900061063,11.572205066182427,8.976899450030531
-109.074402,200,105.513542,0.0,0.4966955625544756,1540.4893681113317,10.256864403095948,7.702446840556658
-110.688765,200,105.647625,0.0,0.9395067304863294,2546.992471602319,16.14709855736056,12.734962358011593
-122.40731,200,105.768145,0.0,0.44673214228128605,932.1485154514749,7.072509640594944,4.660742577257374
-128.245919,200,105.914168,0.0,1.1097617870203875,973.0320001924856,7.458657150543414,4.865160000962428
-126.987252,200,106.043694,0.0,0.5978298486408967,762.4407103778693,6.319159757554758,3.8122035518893465
-140.438853,200,106.19538,0.0,0.5093586894981083,944.594382167853,7.182603507320076,4.722971910839266
-114.840695,200,106.330902,0.0,0.6619607394449134,881.8038604433309,6.939429994280723,4.409019302216654
-112.339461,200,106.461641,0.0,0.8424351018975583,997.9439340011481,7.622447542739819,4.989719670005741
-129.680668,200,106.915949,0.0,0.713837775240499,1311.9731794428467,10.080095129169797,6.559865897214234
-150.256782,200,107.091847,0.0,0.6163759784850193,1231.6453911526962,8.869120017967472,6.158226955763481
-120.472086,200,107.231363,0.0,0.7326870552149441,898.5370548040961,6.754244384046365,4.492685274020481
-132.239379,200,107.361892,0.0,0.8981705337852417,1256.9269847106116,9.025140197574101,6.284634923553058
-83.986089,200,107.484923,0.0,0.550068416702781,699.7460808041308,5.635890396159882,3.498730404020654
-122.185599,200,107.603443,0.0,0.4644038792701185,1263.3508167059647,8.959138620587922,6.3167540835298235
-126.816726,200,107.722939,0.0,0.623237074905628,954.5934838184344,7.187086661996671,4.772967419092172
-155.313327,200,107.841449,0.0,0.6065570781474808,1275.0303171186963,9.271394824176868,6.375151585593482
-110.137045,200,107.964501,0.0,0.45130863711520186,681.3460577536189,5.666049738115293,3.4067302887680944
-115.544546,200,108.078529,0.0,0.27558617736775254,2332.2229549953004,14.512302405513593,11.661114774976502
-89.867889,200,108.56696,0.0,0.6385149450636186,760.8163839457569,5.940848810732462,3.8040819197287847
-117.576059,200,108.712057,0.0,0.45614977655510147,686.0425079865273,5.62568808569406,3.4302125399326364
-120.694456,200,108.831587,0.0,0.45921164260864183,1789.632571041396,11.540043015564013,8.94816285520698
-126.932768,200,108.945735,0.0,0.6215385314115534,884.2863900353997,6.866225014052037,4.4214319501769985
-148.676238,200,109.071609,0.0,0.6230960364334237,2163.8702025546404,14.4191258460375,10.819351012773202
-121.758823,200,109.206662,0.0,1.0169818374887523,1731.9015819796286,11.600035487621053,8.659507909898144
-128.662631,200,109.360187,0.0,0.43831374128520734,741.153494479364,5.660869016064286,3.70576747239682
-85.422147,200,109.498221,0.0,0.48052393766143287,1940.9175549137785,12.639569416704763,9.704587774568893
-100.96947,200,109.648618,0.0,0.3272583445639001,2375.9458250565453,14.11877596092666,11.879729125282728
-118.880983,200,109.815667,0.0,0.9256873335972042,1252.1409040485548,9.063336247197563,6.260704520242774
-95.021038,200,110.351717,0.0,0.43723480212484006,633.2714680203043,5.1718822605438435,3.1663573401015213
-170.872484,200,110.487754,0.0,0.7845790397882593,2758.6753042572914,17.213524230271844,13.793376521286456
-122.711174,200,110.599853,0.0,0.952986704401544,2412.047724433491,14.969701785302226,12.060238622167455
-136.247178,200,110.713377,0.0,1.1134479858422928,1975.0128588259738,13.161551036124285,9.875064294129869
-96.371176,200,110.8339,0.0,0.7605606537764029,2092.718938046943,13.92339765273064,10.463594690234716
-119.156871,200,110.964296,0.0,0.3146432682788158,2389.876090041903,15.229115493691587,11.949380450209514
-114.530346,200,111.09095,0.0,0.36860465219381977,1975.4270632709324,12.119430111386858,9.877135316354662
-139.533051,200,111.208151,0.0,0.654215177573328,1372.914878995474,9.80601464499046,6.86457439497737
-159.323481,200,111.320237,0.0,0.6836949446279187,2141.77975456663,13.847192025633932,10.70889877283315
-151.439734,200,111.444753,0.0,0.7001340957763387,2188.8274255248925,13.679683270392484,10.944137127624463
-65.949238,200,111.909194,0.0,0.5200490416259989,2474.848508452133,15.541584085787708,12.374242542260665
-185.646458,200,112.048712,0.0,0.7979752793344566,2053.346252745512,13.007562517149083,10.26673126372756
-169.081097,200,112.174233,0.0,0.6614332502249823,2798.9440539795382,16.445204520682683,13.994720269897691
-77.602574,200,112.29479,0.0,0.44472880372936724,759.9671576124807,5.904505200416557,3.7998357880624036
-92.860937,200,112.421318,0.0,0.13767467464017394,2026.1589077399724,12.316589607208515,10.130794538699861
-65.591715,200,112.540668,0.0,0.31241487616127556,2159.4451921228497,13.725948256852247,10.797225960614249
-198.189958,200,112.657134,0.0,0.8786588137897753,2180.1590900602323,14.428137058120027,10.900795450301162
-135.015728,200,112.785193,0.0,1.1143066199379836,1474.8294574600372,10.540821347073258,7.374147287300186
-121.550628,200,112.958709,0.0,0.7004541258243758,1065.727682785713,7.68294306830911,5.328638413928564
-120.770674,200,113.109769,0.0,0.7300258082715937,1135.703682723907,8.339196597671165,5.678518413619535
-97.075988,200,113.683221,0.0,0.2898998270842096,1289.7454393802502,8.845029748428164,6.448727196901251
-86.169906,200,113.845741,0.0,0.4702418920524243,935.093055356077,6.839056035491946,4.675465276780385
-179.679657,200,113.991779,0.0,0.7074414780442186,1850.899636856867,12.016911450971008,9.254498184284335
-112.139041,200,114.13432,0.0,0.8191198585437445,2901.726336101231,17.732706548368053,14.508631680506156
-134.130568,200,114.27065,0.0,0.6840381966027087,1335.0590019442866,9.769896196105437,6.675295009721433
-141.488129,200,114.383679,0.0,0.4780802944180941,881.3412576036745,6.5739984346057225,4.4067062880183725
-106.602327,200,114.499202,0.0,0.4028100984915812,1311.608939011521,8.874872774934838,6.558044695057605
-168.695429,200,114.621786,0.0,0.7287662038931998,2069.2654815947517,13.182839990655603,10.346327407973758
-126.373441,200,114.759305,0.0,0.8903890740592448,849.1200324959151,6.6087177694994175,4.245600162479575
-113.5037,200,114.891883,0.0,0.9179248466494997,726.9357378160603,6.453081751768361,3.6346786890803013
-116.148872,200,115.017409,0.0,0.30358384419123946,2110.363937126756,12.811019858829354,10.55181968563378
-119.713364,200,115.519295,0.0,0.3647036973784093,853.1098917335808,6.2459230378560635,4.265549458667904
-69.564494,200,115.661658,0.0,0.20032235536049026,1749.7816404284333,11.342078834687275,8.748908202142166
-163.622692,200,115.78503,0.0,0.6629734543744579,2703.0039540024145,15.72880919031579,13.515019770012072
-116.979168,200,115.911798,0.0,0.8131009996654598,917.8261687676144,7.62163299792343,4.589130843838072
-72.999877,200,116.026314,0.0,0.3983351190695796,1156.3112272261972,7.7099814999041945,5.781556136130986
-142.202173,200,116.150847,0.0,1.0982036212349413,1374.9776341359493,10.068947010233066,6.874888170679746
-170.271878,200,116.298883,0.0,0.6153047065175142,1773.750412393846,11.743025975045471,8.86875206196923
-130.400931,200,116.45141,0.0,0.5638065932158528,897.3090831898926,6.708131366216701,4.486545415949463
-93.285383,200,116.578503,0.0,0.38545433417000413,1701.65566413846,11.29568223883915,8.5082783206923
-79.368324,200,116.715764,0.0,0.21218242168560938,2092.633016564744,13.106004760123458,10.463165082823721
-164.891229,200,117.189358,0.0,0.5964001930007498,1633.1210409686041,11.294997223299648,8.16560520484302
-153.337852,200,117.334579,0.0,0.47649713412651884,2584.5786054497808,15.681126258265499,12.922893027248904
-193.743443,200,117.465263,0.0,0.7166166796330673,2627.5457328180214,15.511528872298188,13.137728664090107
-115.77904,200,117.581297,0.0,0.30292507374979677,2195.875280650604,13.2736087512633,10.97937640325302
-127.463161,200,117.720343,0.0,0.7157605505671641,2508.461081422807,15.806078972929392,12.542305407114036
-176.787785,200,117.850861,0.0,0.5540281318147348,2280.740221545459,13.781070624175271,11.403701107727295
-116.938792,200,117.995331,0.0,0.8561478863027262,652.8580346758832,5.599076129400881,3.264290173379416
-188.901678,200,118.137702,0.0,0.8502013571178044,2262.293380537386,13.818595351961514,11.311466902686929
-143.804414,200,118.281872,0.0,0.5941258365591277,1082.8628017703277,7.699135398610041,5.414314008851639
-147.907606,200,118.408406,0.0,1.0994408388065608,1949.0571371091382,12.532966333056066,9.74528568554569
-134.189847,200,118.877863,0.0,0.429233685747036,945.9618824656976,7.020962327849422,4.729809412328488
-127.010739,200,119.026376,0.0,1.0401659668933496,932.0931096987478,7.364277242235576,4.660465548493739
-73.23922,200,119.147421,0.0,0.5197691981307272,1365.4514228167088,9.229863696220654,6.827257114083544
-175.792707,200,119.268943,0.0,0.7285424642489748,2248.1641330676307,14.44470712220734,11.240820665338154
-132.942608,200,119.391725,0.0,0.9172051448723942,2474.0757247986576,15.162517426871396,12.370378623993288
-123.159893,200,119.547555,0.0,0.5605646396777575,572.9325992600047,5.229993846025674,2.864662996300024
-137.611071,200,119.71787,0.0,0.8883124843398494,2068.1825118636502,13.621350176762949,10.340912559318252
-102.387034,200,119.857119,0.0,0.2664333973621045,710.4315074433067,5.775398959677257,3.5521575372165337
-105.998921,200,119.970642,0.0,0.8796229248629944,638.1535021159248,5.910293875675675,3.190767510579624
-94.149561,200,120.093334,0.0,0.37631948373098895,724.7509325323584,5.746364422977826,3.623754662661792
-131.373612,200,120.605184,0.0,0.8166383377894076,2703.2484442186296,16.230691475787438,13.516242221093147
-157.791337,200,120.746705,0.0,0.6995906242928243,2864.319467756864,16.726350543036464,14.32159733878432
-107.440702,200,120.883739,0.0,0.9558891337455283,1817.6583336789158,12.194998279072673,9.088291668394579
-113.861243,200,121.036251,0.0,0.932074909273365,1020.1421984829955,7.479148277585578,5.100710992414977
-118.482613,200,121.184099,0.0,0.7370619099457969,2949.593616715302,18.004257689119576,14.74796808357651
-58.894895,200,121.33818,0.0,0.4710569801372513,1853.8077108191421,11.278510066469003,9.26903855409571
-125.253108,200,121.46873,0.0,0.7209218275373077,1381.4372672481265,9.818026229995894,6.907186336240633
-134.371006,200,121.588407,0.0,0.7554748611312989,2016.6182791196525,13.000411617161495,10.083091395598263
-73.102238,200,121.712922,0.0,0.28614881231522843,871.7481357158692,6.304911193862539,4.3587406785793466
-100.043543,200,121.850441,0.0,0.3162839654785897,2118.6156441478697,12.948438968966801,10.593078220739349
-119.426692,200,121.973526,0.0,1.0134022484711787,662.4017323499838,5.759384292327887,3.3120086617499194
-138.299135,200,122.453284,0.0,0.7690173179974722,1819.9552491375555,11.795920640959352,9.099776245687778
-119.432735,200,122.601089,0.0,0.8241776013762583,805.426543689133,7.1507339906219345,4.027132718445666
-157.891139,200,122.75071,0.0,0.5265729212596336,2331.5195501633643,14.580057653695984,11.657597750816821
-85.91936,200,122.919423,0.0,0.15169004115560614,1431.0628720498519,9.337421578865811,7.1553143602492595
-99.036626,200,123.071983,0.0,0.7071707513533971,2197.9534521422147,13.981250673930841,10.989767260711073
-119.729675,200,123.19602,0.0,0.7172807907917486,1337.2181717875205,9.85592945234921,6.686090858937603
-95.781688,200,123.328534,0.0,0.343727931159682,1395.1392490253302,9.528540502063128,6.975696245126651
-132.816945,200,123.474596,0.0,0.5140594301746,934.1965430982314,7.043060365404142,4.6709827154911565
-106.786728,200,123.59444,0.0,0.26320396304654864,1369.0822638566192,9.173653239811365,6.845411319283096
-81.684743,200,123.709925,0.0,0.1881942256456283,1281.2380614381482,8.47495537815686,6.406190307190741
-187.449607,200,124.162069,0.0,0.730761156736155,2617.500326274901,16.055156928684152,13.087501631374504
-130.557838,200,124.319106,0.0,0.8185346855940887,2110.0133297184348,13.25926506950571,10.550066648592173
-76.051439,200,124.452626,0.0,0.21416942261340147,2286.6530253579026,14.06205666688491,11.433265126789513
-76.519878,200,124.584384,0.0,0.5159643115608372,1289.7133550533986,8.655114234037947,6.448566775266993
-135.915709,200,124.716894,0.0,0.3149595764761497,743.7014094348449,5.7157490479714665,3.7185070471742243
-69.455429,200,124.837166,0.0,0.5121720873428991,979.4955011979965,6.939351493577764,4.897477505989983
-107.891525,200,124.974383,0.0,0.7538831517821873,2582.052119673403,15.681702564170573,12.910260598367016
-103.191716,200,125.095984,0.0,0.23181756170744475,2155.4201249830608,12.555228466988844,10.777100624915304
-121.38079,200,125.219042,0.0,0.668682410828166,2032.8435856510728,12.772235190884718,10.164217928255363
-120.440745,200,125.355571,0.0,0.525315844589391,1253.7661694864862,8.439594111493696,6.268830847432431
-110.98551,200,125.821863,0.0,0.39973324433885343,1472.3491725789913,9.932199193296054,7.361745862894956
-80.27516,200,125.965377,0.0,0.610711039943467,1033.017184624231,7.093904003794587,5.165085923121155
-107.751756,200,126.088414,0.0,0.8543789497749863,1053.0337969943369,7.854811244148945,5.265168984971684
-94.758396,200,126.222076,0.0,0.2632045703709553,1762.7676441384301,11.279969062970414,8.813838220692151
-126.591,200,126.355599,0.0,0.8351410668767906,2460.3579236984733,15.203631103747911,12.301789618492366
-113.801167,200,126.475126,0.0,0.9149368164417699,987.7850386510959,7.374697400562273,4.938925193255479
-177.577708,200,126.59518,0.0,0.7733462739708119,1571.703172368378,10.723832961888169,7.858515861841891
-113.636825,200,126.715734,0.0,0.9855097147973141,568.2287281557199,5.117379669908887,2.8411436407785993
-133.531072,200,126.838858,0.0,0.3549023896664676,1928.671185173706,11.776113471907427,9.64335592586853
-93.597833,200,126.967659,0.0,0.19646473656615368,1995.4601966085063,12.145580807246102,9.977300983042532
-118.107881,200,127.433952,0.0,1.0088518422874773,596.9884524709141,5.343267714681062,2.9849422623545707
-188.870177,200,127.590876,0.0,0.8650112803923551,2067.5320715489584,13.767064985008702,10.337660357744792
-123.675321,200,127.731391,0.0,0.6466406248759912,1001.8012509729641,7.57138066168223,5.00900625486482
-92.96727,200,127.850635,0.0,0.44212590823147163,3335.5653919651154,19.532511922741506,16.677826959825577
-64.653883,200,127.981159,0.0,0.5824334212927056,482.9304804952311,3.920612420443472,2.4146524024761558
-104.089889,200,128.093936,0.0,0.86657009644618,2429.036673487385,14.914060710631489,12.145183367436925
-99.199617,200,128.20549,0.0,0.7217099096381419,467.4063495160766,4.506579805819227,2.337031747580383
-176.38946,200,128.332543,0.0,0.6753549445833902,2109.2069803149566,13.270040098697944,10.546034901574783
-21.979042,72,128.373556,1.0,0.04623908818132626,212.53528529357808,1.907286757801081,2.951878962410807
-94.732217,200,128.509283,0.0,0.7533441437224517,596.4898832708855,5.442432636862053,2.9824494163544273
-97.018698,200,128.649776,0.0,0.22842751814700954,1910.6066841118663,11.273527348153477,9.553033420559332
-115.898253,200,129.105158,0.0,0.9286061590751894,1026.5607333910698,7.765284800576357,5.132803666955349
-86.38598,200,129.25067,0.0,0.398295169878182,1469.0243625076128,9.919300317440168,7.345121812538064
-82.88341,200,129.392723,0.0,0.3028527089364874,754.3267605416045,5.612093512046704,3.7716338027080223
-159.346962,200,129.53962,0.0,0.5883055787037476,2498.551550348549,15.51379280586388,12.492757751742745
-111.235413,200,129.669461,0.0,0.2871287636833491,525.4417792182273,4.046771215700881,2.627208896091137
-141.254184,200,129.811849,0.0,0.43751921180529485,1102.1800753932878,7.654962078132371,5.510900376966439
-124.26147,200,129.955369,0.0,0.4317600166293826,677.8233665681441,5.712332661850765,3.389116832840721
-126.968476,200,130.082901,0.0,0.6248967585949569,769.6639916566021,6.26981691012988,3.8483199582830103
-126.61164,200,130.199145,0.0,0.2872062272296053,420.42121608663,3.7907537376568086,2.10210608043315
-119.212837,200,130.323888,0.0,0.2774492079119998,492.8390480797136,3.9298423373453386,2.4641952403985683
-155.844575,200,130.457382,0.0,0.5093509125079274,1426.3120650443188,10.09676849415448,7.131560325221594
-116.97694,200,130.985302,0.0,0.48938390199501575,660.732655070322,5.5428067467604745,3.30366327535161
-160.701041,200,131.161819,0.0,0.5809894586797025,1281.0308902258455,9.546387993011809,6.405154451129228
-127.961406,200,131.27828,0.0,0.533862326152712,1397.9640332322172,9.668245363187761,6.989820166161086
-85.137296,200,131.397812,0.0,0.3160536719975703,989.9652116492796,6.728567128912616,4.949826058246398
-119.18882,200,131.51433,0.0,0.5185966296167486,692.2533222818432,5.965457712661725,3.4612666114092163
-111.978171,200,131.628856,0.0,0.799296637358801,940.965399717949,6.900300143825569,4.704826998589745
-147.003497,200,131.751379,0.0,0.5499038909985553,2857.1257901262175,17.314562981095648,14.285628950631088
-107.850526,200,131.893036,0.0,0.7434593844391357,946.7804587197942,7.432656145091606,4.7339022935989705
-102.094516,200,132.043128,0.0,0.3669589288684634,1769.3545586767368,10.885281342314697,8.846772793383684
-113.627182,200,132.1852,0.0,0.4619207345499077,761.966369339265,5.75649108296398,3.809831846696325
-152.508971,200,132.67726,0.0,0.8171042900863326,2031.5504507775404,13.228771700640678,10.157752253887702
-94.299788,200,132.812426,0.0,0.7194725874702735,2486.3016848476414,15.508884987333275,12.431508424238206
-113.66711,200,132.924979,0.0,0.26861365338860993,419.4078945895554,3.4992192532771154,2.097039472947777
-90.026945,200,133.043495,0.0,0.23478202651297936,577.5736573378268,4.6133160650245255,2.8878682866891343
-111.500401,200,133.173022,0.0,0.32915205025581884,939.0786442628562,6.6492496522690345,4.695393221314281
-153.435158,200,133.285056,0.0,0.5481731546466575,774.1718741791444,5.855781185120273,3.870859370895722
-116.080684,200,133.398582,0.0,0.35791523835082123,2156.1038123469793,13.489332945497019,10.780519061734896
-78.392042,200,133.531695,0.0,0.46306319116988803,962.9174989236021,6.665371860586847,4.814587494618011
-63.55438,200,133.680227,0.0,0.17658542820629525,1532.6646007951638,9.63706446271094,7.663323003975819
-114.972174,200,133.830269,0.0,0.5793782854377798,793.5668419033185,6.240893515500356,3.9678342095165924
-88.646749,200,134.393658,0.0,0.7221552241261295,2170.140214178228,13.965574385481416,10.850701070891139
-105.575583,200,134.539181,0.0,0.3423117130681271,1569.1564074247124,10.155773328818949,7.845782037123562
-201.914877,200,134.652697,0.0,0.8892576548015573,2726.1992538602935,16.5905027003037,13.630996269301468
-61.500092,200,134.777215,0.0,0.42298275532417695,698.9320141469568,5.080115819892602,3.494660070734784
-77.21835,200,134.905258,0.0,0.4438055955400532,781.9146565919518,5.673656867340572,3.909573282959759
-132.3753,200,135.029318,0.0,0.4966785727924662,1753.0161705875114,11.299834069063609,8.765080852937556
-161.315755,200,135.149541,0.0,0.6137214023909087,2604.7805960878322,15.43754442347844,13.02390298043916
-152.847891,200,135.276083,0.0,0.4761831314055054,1094.6745179063416,7.69040003716753,5.473372589531708
-129.003694,200,135.420123,0.0,0.3368226874055961,1326.606267556345,8.825306625020888,6.633031337781725
-101.688655,200,135.55165,0.0,0.4719557360969313,610.735447982209,4.792848733832156,3.0536772399110452
-80.807145,200,136.015241,1.0,0.04537657480207089,1878.0988319761184,11.48770965566033,9.390494159880593
-105.99584,200,136.154766,0.0,0.9860226794902098,2048.2343470619007,13.034081897191781,10.241171735309504
-97.553437,200,136.274918,0.0,0.506477611045064,845.0726512422611,6.477783988995048,4.225363256211306
-186.966853,200,136.391958,0.0,0.8842465218903642,2707.709487060824,16.07842942885283,13.53854743530412
-47.930929,153,136.501213,1.0,0.04193980084191012,1896.042729842685,12.02216367045788,12.392436142762648
-139.312417,200,136.643353,0.0,0.6328839978377931,1966.2126890921895,12.931649619927745,9.831063445460948
-157.086981,200,136.784582,0.0,0.5865416379350399,2031.7114812225293,12.957111939017052,10.158557406112646
-130.355986,200,136.916623,0.0,0.5227715027246946,1122.6476838416233,7.975188593897838,5.613238419208117
-138.370091,200,137.059141,0.0,1.0542019677187457,1676.6924654708996,11.11272429449879,8.383462327354499
-126.917227,200,137.211345,0.0,0.5853441591469957,2357.3039737701833,14.858131106595147,11.786519868850917
-129.272627,200,137.336862,0.0,0.7896179057642726,914.5687209321907,6.813358801103031,4.572843604660953
-182.81551,200,137.839237,0.0,0.7138762491153986,2444.379797950603,15.435022073807648,12.221898989753015
-70.400861,200,137.980313,0.0,0.6402546990503226,2862.099977323089,16.451587029353817,14.310499886615446
-69.939564,200,138.10535,0.0,0.151005308279988,1501.2644515456143,9.656822552492992,7.506322257728072
-151.233439,200,138.238867,0.0,0.6439843151280848,2981.7550869719294,16.839533112661385,14.908775434859647
-109.34794,200,138.366386,0.0,0.43440349394349104,657.6610379982006,5.67097147356298,3.288305189991003
-120.902191,200,138.506451,0.0,0.4404490056593265,537.7251084379694,4.375908531666618,2.6886255421898473
-144.356693,200,138.650969,0.0,0.5623157404176097,2666.427485552749,16.157535673579645,13.332137427763746
-12.717603,40,138.685976,1.0,0.047360784902002996,273.8565572566157,2.2381725311641114,6.846413931415393
-194.620192,200,138.839278,0.0,0.8941227544243134,2709.726638656068,16.80413411751367,13.548633193280342
-16.059407,56,138.87429,1.0,0.04574959707875695,230.8042996271547,2.0226809254657288,4.121505350484905
-146.990136,200,138.997557,0.0,0.5684290950951206,1124.916250487874,8.002543879561868,5.624581252439371
-91.594975,200,139.467634,0.0,0.6030669487380593,412.9146159615322,3.719729789038534,2.064573079807661
-185.500302,200,139.624667,0.0,0.7275011621034231,2293.673622963794,14.174958110385841,11.46836811481897
-134.886497,200,139.749288,0.0,0.3610898781417138,1298.7193925991307,8.683007337092015,6.493596962995654
-97.282014,200,139.892513,0.0,0.7218276871941368,509.1180800534569,4.874299763075312,2.5455904002672844
-138.110015,200,140.024041,0.0,1.0055267534178673,850.4291560147751,6.561919880960719,4.252145780073875
-100.430264,200,140.154622,0.0,0.25188799333983486,998.4514317352674,6.345703198863881,4.992257158676337
-133.288688,200,140.276167,0.0,0.26378002017324553,526.2841204861904,4.553565707587138,2.631420602430952
-145.151856,200,140.413788,0.0,0.43904394329481566,2293.4529951033346,14.014568870126629,11.467264975516674
-116.724666,200,140.534317,0.0,0.6372128028012923,3171.68109216517,18.93007479087652,15.85840546082585
-104.631627,200,140.660836,0.0,0.9289745767581268,2049.557068818701,13.085775873995663,10.247785344093504
-110.588961,200,140.783909,0.0,0.28116172389651495,882.1682042517091,6.426674053977238,4.410841021258546
-115.751305,200,141.297099,0.0,0.750033078291487,486.2229636384342,4.639099552075592,2.431114818192171
-97.310889,200,141.444616,0.0,0.2889767675451609,1941.8217820559128,11.915666878048723,9.709108910279564
-92.775104,200,141.57414,0.0,0.3522732368622132,871.8725099673198,6.241504127171589,4.359362549836599
-131.611483,200,141.728184,0.0,0.9293573041387508,1943.3269345106953,12.221128584671304,9.716634672553477
-74.385025,200,141.869706,0.0,0.515865235989498,1803.5291011228428,11.982575889836772,9.017645505614214
-98.870529,200,141.99772,0.0,0.8233133939913742,496.66212172826795,4.535718504067175,2.48331060864134
-57.417601,181,142.103237,1.0,0.037807398674743926,2214.3224059073027,13.502749075591979,12.233825447001673
-97.614911,200,142.220752,0.0,0.7660920935940558,1995.9437629607487,13.118294743775094,9.979718814803743
-169.858504,200,142.337271,0.0,0.5945038636113743,1913.4815083798815,12.342154237946795,9.567407541899406
-111.63974,200,142.451305,0.0,0.4495334908252557,979.7500891945609,7.0062146253316016,4.898750445972805
-172.771983,200,142.944183,0.0,0.6184345728602135,2612.2320147343635,15.478718965928081,13.061160073671818
-145.502965,200,143.104226,0.0,0.7112417440419845,2361.5605106294456,14.274553298937054,11.807802553147228
-17.35186,58,143.146226,1.0,0.0488844254357432,280.9261352850882,2.6015977609782968,4.8435540566394515
-20.020897,56,143.18423,1.0,0.0493147439838634,345.96290484399697,2.959960089717364,6.177909015071374
-115.574588,200,143.332018,0.0,0.8430372546326316,2327.154250635565,14.399123221883215,11.635771253177825
-105.226249,200,143.485296,0.0,0.7906394410765345,2016.9579147578527,12.86434313519144,10.084789573789264
-67.868276,200,143.612968,0.0,0.3931335872003217,691.4415102191687,5.039295294371395,3.457207551095843
-112.837553,200,143.724473,0.0,0.9562440123874774,550.8107580136334,5.062309886955347,2.754053790068167
-79.808863,200,143.852985,0.0,0.32546773724818423,1845.3783638494326,11.589125247066582,9.226891819247163
-166.874206,200,143.979193,0.0,0.5824828278580102,1667.4105200916324,11.165956145429588,8.337052600458161
-165.327978,200,144.095233,0.0,0.7632490653334172,2517.833081018513,15.738973970087567,12.589165405092565
-80.267538,200,144.207769,0.0,0.3642595638509687,527.1113330978532,4.246576023375336,2.6355566654892657
-149.632554,200,144.657356,0.0,0.5677250993126104,1232.379850831827,8.953979545871098,6.1618992541591355
-16.392663,54,144.695869,1.0,0.04434948174266639,265.59439764544425,2.396107630111373,4.91841477121193
-85.798291,200,144.831406,0.0,0.4731902975487223,2166.4005847198973,13.619453135745525,10.832002923599486
-150.800427,200,144.965935,0.0,0.5274896900164399,1649.4839789002908,10.536755222702613,8.247419894501455
-139.903589,200,145.085102,0.0,0.5880383747702339,1094.7391183975615,7.972914224716407,5.473695591987807
-120.440231,200,145.207108,0.0,0.8897128898853044,648.6035434253613,5.378335545907975,3.2430177171268064
-106.433903,200,145.332619,0.0,0.872925991779177,469.09010926591213,4.523248668773384,2.3454505463295607
-147.615047,200,145.444854,0.0,0.8693940424307357,1038.6708101654744,7.8498665633969225,5.193354050827372
-167.236936,200,145.565374,0.0,0.5680627692262714,1913.6607435046114,12.194547507880914,9.568303717523058
-106.853157,200,145.700787,0.0,0.3244309449325034,1317.7602174739877,8.814102763258251,6.588801087369939
-96.357615,200,145.830658,0.0,0.45904968388356393,921.0306371655037,6.695320788067147,4.605153185827518
-83.960943,200,146.32778,0.0,0.5496445421095719,567.3815368159471,4.691143666992864,2.8369076840797356
-135.170849,200,146.475048,0.0,0.44290842187126067,475.0002983829888,3.672979424031943,2.375001491914944
-193.094767,200,146.616493,0.0,0.8067815768975334,3217.867708347912,18.53543982650657,16.08933854173956
-159.219751,200,146.745008,0.0,0.6594720332549694,1312.6346003403444,8.648522996588943,6.563173001701722
-150.763909,200,146.866412,0.0,0.43073660358098786,2457.7815135069022,14.741820177033953,12.288907567534512
-135.44663,200,146.992461,0.0,0.8504111822481123,1389.543334685371,9.475508422216878,6.947716673426855
-136.434964,200,147.116986,0.0,0.3951724649451731,470.1857747037583,3.8478902621641726,2.350928873518791
-101.790102,200,147.242505,0.0,0.34415248936725923,1101.1483683919116,7.577205478719864,5.5057418419595585
-115.999898,200,147.369908,0.0,0.7266343996910098,528.9970776494879,4.179902410062272,2.6449853882474397
-181.17639,200,147.492943,0.0,0.5806449418975632,2477.976312073345,14.702315656469802,12.389881560366724
-126.358756,200,147.994248,0.0,0.8318076416069825,881.9077235706025,6.7397570620896605,4.409538617853013
-112.105366,200,148.138703,0.0,0.47773530766084515,2088.881606529091,12.456414474349119,10.444408032645455
-146.719795,200,148.279842,0.0,0.6392742151893568,706.8491819184051,5.729594667867,3.534245909592025
-76.288806,200,148.392354,0.0,0.4789111188279087,666.0701472582773,4.748386917022156,3.3303507362913867
-92.66579,200,148.525383,0.0,0.3790913146937329,415.2523872575363,4.019893044384503,2.0762619362876817
-117.284331,200,148.647453,0.0,0.47598210840227007,606.7271360629039,5.019586729544747,3.0336356803145197
-162.013354,200,148.768349,0.0,0.6929876084398617,2807.0069878528334,17.105639076110645,14.035034939264166
-126.668966,200,148.886869,0.0,0.8418708106602084,1174.2163483466134,8.095838835339654,5.871081741733067
-127.938327,200,149.015889,0.0,0.5341039825823052,1201.8454511163354,8.092287299080594,6.009227255581677
-80.085263,200,149.135399,0.0,0.42164143919729075,950.8149705184712,6.7197647721325104,4.754074852592356
-131.987965,200,149.633126,0.0,0.45234275691637105,1901.7482608979633,12.059074344677212,9.508741304489817
-151.541209,200,149.790212,0.0,0.5695248947380978,841.9511778783144,6.410079734475429,4.209755889391572
-71.394209,200,149.925057,0.0,0.4779533975589679,328.8192402213187,3.0617365427131036,1.6440962011065934
-101.33755,200,150.061548,0.0,0.518919350457006,483.4395760784084,4.466616780122197,2.4171978803920418
-67.62075,200,150.18807,0.0,0.4632267765405715,842.7333174804669,5.855805977015095,4.213666587402335
-10.234391,34,150.209146,1.0,0.04950221972144964,95.41642609108895,0.8484359462942103,2.806365473267322
-121.950384,200,150.348449,0.0,0.40547153406400144,931.5264613588222,6.526676830645043,4.6576323067941106
-105.970783,200,150.476089,0.0,0.37043181824192123,388.22189892907767,3.5696272746552817,1.9411094946453884
-121.940373,200,150.5995,0.0,0.740627556347999,665.3976438040397,5.512864586914672,3.3269882190201985
-83.11713,200,150.719016,0.0,0.4701945070864281,430.1160262260586,3.9024759172537635,2.150580131130293
-116.949051,200,150.835541,0.0,0.9129680631173858,924.5790668474457,7.358931705496456,4.622895334237229
-139.305036,200,151.299121,0.0,0.5689307935824952,699.1105265031402,5.556633866868002,3.495552632515701
-120.685862,200,151.449798,0.0,0.33195078775901604,292.0997593060943,2.7260187475792264,1.4604987965304717
-69.613761,200,151.569315,0.0,0.36870745303755575,1352.9853941402803,8.528253607096708,6.764926970701401
-129.723678,200,151.692833,0.0,0.4736368499948623,639.0692360457876,5.084136318047947,3.1953461802289382
-76.849993,200,151.804749,0.0,0.5216602961786547,448.364827166672,3.826719887220613,2.24182413583336
-101.830657,200,151.915289,0.0,0.4944954512067131,955.3618996228092,6.902612994806496,4.776809498114046
-156.011616,200,152.034797,0.0,0.7719512904252092,2374.5323281170245,14.876723237550923,11.872661640585122
-66.853268,200,152.163202,0.0,0.5230957290949222,597.5398668435847,4.658851055384041,2.9876993342179237
-131.954434,200,152.287725,0.0,0.9977987134445453,538.7418157496517,4.8654665131604045,2.6937090787482583
-103.41882,200,152.407759,0.0,0.33467845625411147,392.0275098320836,3.7422373828902997,1.9601375491604178
-14.348166,54,152.442752,1.0,0.0480487958618114,405.9984463972577,2.908105147314642,7.518489748097364
-81.023819,200,152.954056,0.0,0.5761912457414964,550.872428078529,4.252075660762057,2.754362140392645
-66.706876,200,153.105093,0.0,0.5278603712929175,1134.004026866718,7.701681604937493,5.6700201343335905
-120.523982,200,153.218359,0.0,0.41925461906975586,340.63528264176443,3.2658556284297084,1.703176413208822
-123.253488,200,153.333907,0.0,0.8424552417848745,548.4946354025669,4.525467073555413,2.7424731770128346
-164.442363,200,153.455457,0.0,0.7363516777073585,1975.5885722593728,12.595225750007174,9.877942861296864
-140.201525,200,153.568986,0.0,0.49344530357859195,2036.0155952622388,12.508020667121462,10.180077976311194
-98.297936,200,153.685515,0.0,0.8050587371928286,526.2339925090774,4.918044508575339,2.6311699625453873
-126.519325,200,153.805588,0.0,0.9204218411716785,545.354897752679,4.408671015549756,2.726774488763395
-102.899107,200,153.921118,0.0,0.6645462384779657,473.9174153467497,4.502492215074469,2.3695870767337484
-79.465444,200,154.035652,0.0,0.4876260873739922,1425.780297698297,9.697526092315336,7.128901488491485
-118.848657,200,154.503262,0.0,0.9199039129443944,401.00837152339295,3.330697780475313,2.005041857616965
-138.093629,200,154.654779,0.0,0.5273314339651511,608.5808582239558,4.988983278473845,3.042904291119779
-74.690376,200,154.776303,0.0,0.261907247855801,2080.875454921583,12.140644866464758,10.404377274607914
-151.902628,200,154.890839,0.0,0.5377762807865114,729.9427117877219,5.294301648344962,3.6497135589386094
-134.118809,200,155.013839,0.0,0.8354782166269772,1261.650270369979,8.657796402788431,6.308251351849894
-96.544974,200,155.131618,0.0,0.8311426754539442,2117.3883590190476,13.595390901322078,10.586941795095237
-113.044463,200,155.247308,0.0,0.5191677058219445,540.7910624084351,4.591101464849907,2.7039553120421753
-122.666544,200,155.373814,0.0,0.8572516756629892,737.9455874804166,5.8759434050437775,3.689727937402083
-112.944435,200,155.488335,0.0,1.003133584372203,413.43997455947533,3.8499764008504243,2.0671998727973766
-65.183307,200,155.599062,0.0,0.5639684414583397,537.3878665602626,4.351683987802597,2.6869393328013134
-136.756875,200,155.719584,0.0,0.42362430562451153,583.1668490853438,4.3965961436105125,2.9158342454267188
-130.393893,200,156.161441,0.0,0.7377558533228225,956.2368314177887,6.851229326771466,4.781184157088943
-119.66186,200,156.292958,0.0,0.40497710394688285,1166.3097671616824,7.620335187674846,5.831548835808412
-119.436644,200,156.414988,0.0,0.9117511318490348,542.5863830834702,5.024985817893601,2.712931915417351
-105.159993,200,156.535498,0.0,0.7731779739852886,518.0102915060093,4.98540200045038,2.590051457530046
-137.816663,200,156.65802,0.0,0.3746977916521284,1510.1548548166304,9.709154686340723,7.550774274083152
-123.951161,200,156.775552,0.0,0.7117658330046951,871.6295761237571,6.67619171084319,4.358147880618786
-98.499199,200,156.885084,0.0,0.8071304930112961,466.174204820811,4.35480861004916,2.330871024104055
-163.10574,200,157.000043,0.0,0.6403772184853606,822.4352119672807,6.121529007030082,4.112176059836403
-115.083138,200,157.121562,0.0,1.0166008742409236,475.2956056481411,4.226494670074377,2.3764780282407054
-107.906315,200,157.262117,0.0,0.844895370774243,395.15964337855337,3.713864939709098,1.9757982168927668
-111.675514,200,157.740463,0.0,0.7688363220684344,516.6244349894934,4.678509944717399,2.5831221749474667
-113.497099,200,157.89068,0.0,0.6160494737879556,754.2364964588392,5.738389116963897,3.7711824822941957
-175.974233,200,158.011719,0.0,0.707868334778322,3207.750317225498,18.43552027303771,16.03875158612749
-133.893021,200,158.152966,0.0,0.9514411860078813,1152.5640981633037,7.953789773572843,5.762820490816519
-148.976509,200,158.294102,0.0,0.8457105080679942,1999.8778021579242,12.647562509218346,9.99938901078962
-120.74184,200,158.40513,0.0,0.5386145216803808,1232.8665081102488,8.05347427710327,6.164332540551244
-129.203083,200,158.520667,0.0,0.540655304191587,523.4135906016467,4.150885460490218,2.6170679530082332
-164.408456,200,158.633201,0.0,0.6474602986686772,1796.1714787344176,10.428245367123608,8.980857393672089
-125.244247,200,158.756301,0.0,0.9990474232866249,606.1306974969729,5.244870626911658,3.030653487484864
-166.621791,200,158.894536,0.0,0.5918097574339756,1301.3716830068802,8.58936724741361,6.506858415034401
-106.287548,200,159.417221,0.0,0.6957410558716766,429.20802655133235,4.034669916994948,2.146040132756662
-86.206303,200,159.569283,0.0,0.5504839406474846,991.7949567474229,7.032229183856244,4.958974783737115
-79.499526,200,159.685524,0.0,0.4791988634273262,809.4283285564485,5.735123087839961,4.047141642782242
-73.049583,200,159.79929,0.0,0.4897757060820227,422.1903162452669,3.6795603640988004,2.1109515812263346
-114.988889,200,159.915467,0.0,0.40204451085851955,505.77794269701366,4.545812614635758,2.5288897134850683
-100.904998,200,160.025989,0.0,0.47269208834087834,544.3847992872224,4.273116444912974,2.721923996436112
-122.11153,200,160.143502,0.0,0.8837550590115598,1024.6856927189417,7.368881988921934,5.123428463594709
-111.990657,200,160.25402,0.0,0.6220590365291953,418.1416605193336,3.6742465522077965,2.090708302596668
-118.658927,200,160.3716,0.0,0.5070903745084925,2264.9612402803145,14.128908815466925,11.324806201401573
-14.799796,47,160.403136,1.0,0.04467958225002942,197.1821097892581,1.6923734110284503,4.195364038069322
-158.446179,200,160.531664,0.0,0.648924351455115,1590.6304529077956,10.209296240401207,7.9531522645389785
-130.842035,200,161.037699,0.0,0.5474448445967147,477.95230750946934,4.039750969878417,2.3897615375473467
-122.140632,200,161.188226,0.0,0.37518610861553364,400.77508663172455,3.494866842931988,2.0038754331586226
-157.014521,200,161.303269,0.0,0.6015461183517083,1427.0524890557776,9.314071343343644,7.135262445278888
-118.353386,200,161.422998,0.0,0.6058050785299317,844.4100791966198,6.2592986371257995,4.222050395983099
-148.039178,200,161.547496,0.0,0.4872981909628277,348.18183479012237,3.061020224860427,1.7409091739506117
-126.733416,200,161.661012,0.0,0.6446059972847469,2454.1831066036407,14.95544946980929,12.270915533018204
-110.928769,200,161.770529,0.0,0.5820442209646096,785.6169826408034,5.73424213527576,3.928084913204017
-133.568121,200,161.896645,0.0,0.7951175057775736,2133.8085385356558,13.053982316159681,10.669042692678278
-76.952443,200,162.021196,0.0,0.6859657872710059,320.03920107514756,2.9364653642051994,1.6001960053757378
-91.703556,200,162.152969,0.0,0.5734465356829181,380.78085405854057,3.580997407956048,1.903904270292703
-101.061239,200,162.618677,0.0,0.46174036472853125,333.87358346100143,3.224741773295931,1.669367917305007
-106.439048,200,162.767209,0.0,0.830440546590711,676.4998716007615,4.887579860759291,3.382499358003807
-72.507114,200,162.89329,0.0,0.5967469317794474,387.574470879801,3.4272353483664464,1.937872354399005
-120.341034,200,163.005317,0.0,0.48223559638924696,503.27253902503577,4.124041425036841,2.5163626951251787
-116.248682,200,163.126441,0.0,0.9721384588838601,432.2467578396189,3.9079655545287126,2.1612337891980946
-120.206334,200,163.241955,0.0,0.8791068006083315,926.2647762187789,6.370131550143324,4.631323881093895
-68.056765,200,163.351473,0.0,0.2357962357640258,2842.9658442798604,16.617309428170756,14.214829221399302
-115.091872,200,163.465035,0.0,0.4632116674258267,515.4146071166632,4.1873435163949955,2.5770730355833162
-123.474894,200,163.589918,0.0,0.4195348410580394,392.3163735559677,3.644205290916675,1.9615818677798385
-157.064834,200,163.71195,0.0,0.5817635015326561,532.9155524047866,4.273621528693157,2.664577762023933
-106.050436,200,163.842537,0.0,0.7184676757463402,1394.908915446758,9.159292450397388,6.97454457723379
-132.911529,200,164.316655,0.0,0.5179110564662881,651.688107096844,4.83926101574427,3.25844053548422
-153.798959,200,164.445803,0.0,0.5608399331579937,408.16853578547614,3.342584816172695,2.0408426789273806
-89.368169,200,164.554325,0.0,0.6845103806662155,401.0438807783682,3.3949550281606498,2.005219403891841
-88.610337,200,164.662895,0.0,0.7182782629165186,347.89548870890115,3.07141565890208,1.7394774435445057
-96.867111,200,164.783413,0.0,0.41047995133190485,386.6583123662412,3.4763636130427416,1.933291561831206
-138.632579,200,164.899935,0.0,0.4318698837064526,396.1108313349385,3.415118695791512,1.9805541566746925
-102.275431,200,165.021231,0.0,0.645841779830254,464.5941053637218,4.424397187360196,2.322970526818609
-86.442173,200,165.145761,0.0,0.5207454914648606,467.58318851652444,3.554286726057056,2.3379159425826224
-107.700108,200,165.291258,0.0,0.7126696806608042,751.1768951125239,5.542746745220015,3.7558844755626195
-147.132879,200,165.479132,0.0,0.5081999619440672,745.1311122601555,5.128814582732865,3.7256555613007776
-112.580936,200,166.032308,0.0,0.5376258334677365,1201.9846823487385,7.692678805473737,6.009923411743692
-71.770756,200,166.163812,0.0,0.6407020579183458,364.81825667299603,3.3172645962054665,1.82409128336498
-114.351798,200,166.291225,0.0,0.4970380978883229,447.76776302460087,3.689170864091021,2.2388388151230045
-119.942725,200,166.431802,0.0,0.4613373991413218,411.8799712209201,3.4569163357118495,2.0593998561046005
-164.473191,200,166.594949,0.0,0.6043272873650551,858.8937810975028,6.166899235468203,4.2944689054875145
-135.552485,200,166.748177,0.0,0.416810072488705,1225.5932501303266,8.302253896648644,6.1279662506516335
-120.97961,200,166.891709,0.0,0.6590490460942514,1330.2520672892374,8.873670444066539,6.651260336446187
-103.998302,200,167.065321,0.0,0.7102052790685094,663.8896028699525,5.069530039351462,3.319448014349762
-142.226107,200,167.241295,0.0,0.4889683819508448,599.2576672069099,4.516781927507396,2.9962883360345494
-93.222986,200,167.36539,0.0,0.6230438084003589,659.0329228255158,4.843702760459572,3.295164614127579
-90.895469,200,167.820118,0.0,0.7480748258718181,397.5991877259464,3.515910824588949,1.9879959386297321
-153.025844,200,167.979639,0.0,0.6777750704202983,2111.781475685798,12.819462895697477,10.558907378428989
-134.346409,200,168.097167,0.0,0.6680398038887221,1112.0096390348074,7.5980186874089295,5.560048195174037
-126.687394,200,168.224425,0.0,0.6280505378854411,775.1726357159598,5.575749498111196,3.8758631785797992
-120.561023,200,168.341944,0.0,0.4076272200455294,385.2366278379496,3.7404214373691924,1.926183139189748
-121.908639,200,168.459467,0.0,0.4415039857541321,345.7255598782375,3.3248869174905336,1.7286277993911876
-87.413119,200,168.575983,0.0,0.45839903826075773,263.80468583316417,2.5695718134051098,1.319023429165821
-121.690885,200,168.719343,0.0,0.7495750997062055,468.58271047041944,3.9987018191349777,2.342913552352097
-101.061354,200,168.858064,0.0,0.816507464817388,1723.3959222305639,10.97100000563548,8.61697961115282
-75.79238,200,168.974272,0.0,0.5916549969456398,446.22251624263896,3.5626524066201526,2.231112581213195
-74.69078,200,169.471094,0.0,0.6066506249264496,272.408130828854,2.602303564771632,1.36204065414427
-86.885852,200,169.636069,0.0,0.7124090865181875,412.7408242831586,3.675797594452855,2.063704121415793
-114.943936,200,169.807714,0.0,0.43975034342815916,373.81911900781967,3.30798644389371,1.8690955950390984
-93.227773,200,169.954233,0.0,0.6269473793183837,386.5869798994848,3.3160235870282357,1.932934899497424
-136.703871,200,170.109275,0.0,0.3546020088305724,325.90942668528913,2.9252428646139186,1.6295471334264457
-94.897378,200,170.245285,0.0,0.6178218330874096,970.9729179060022,6.790250270651786,4.854864589530011
-82.762526,200,170.379816,0.0,0.632337101037309,469.3213112411671,3.7984419945131944,2.3466065562058356
-78.219647,200,170.498014,0.0,0.6118584433247821,316.9894961539901,2.629701569398251,1.5849474807699506
-118.15388,200,170.61206,0.0,0.5685718223969374,860.1744857403583,5.937662850939216,4.300872428701791
-116.45176,200,170.722622,0.0,0.39637496729741106,396.1486450505328,3.718461365261741,1.980743225252664
-87.884137,200,170.835149,0.0,0.7526602576899832,369.19242902885725,3.234645065884894,1.8459621451442862
-88.70126,200,171.394152,0.0,0.7961693900244621,343.7219925062835,3.25762101431419,1.7186099625314177
-96.847456,200,171.561806,0.0,0.7742157167969149,326.69195192604724,3.1592685664179654,1.6334597596302363
-94.433032,200,171.715337,0.0,0.5942947005635387,425.8306199478317,3.5175242041976174,2.1291530997391583
-119.704548,200,171.864399,0.0,0.3457748972502833,435.74479382060935,3.3624222588473334,2.178723969103047
-99.510065,200,171.995921,0.0,0.4432150563585031,383.5610784008939,3.237546881143613,1.9178053920044695
-136.297401,200,172.121948,0.0,0.39082840326627444,692.7187882475602,5.00584364305048,3.463593941237801
-92.151891,200,172.233504,0.0,0.32035542759132407,275.1764899473568,2.6943379874083053,1.375882449736784
-158.55027,200,172.350044,0.0,0.658576220470713,2074.8286656550417,13.146667083127678,10.374143328275208
-113.660143,200,172.468521,0.0,0.477629831679072,2164.8421689433053,13.033847838844801,10.824210844716527
-102.043079,200,172.58104,0.0,0.5177832394875932,793.146508607802,5.604679725103655,3.9657325430390102
-84.100426,200,173.054287,0.0,0.5820535475351472,1288.9155672372444,8.305260867324748,6.444577836186222
-93.854901,200,173.203813,0.0,0.4064934692079043,2725.2594466713244,16.26087888249719,13.626297233356622
-115.127026,200,173.37775,0.0,0.47013370329887305,402.7777135897148,3.479378922918702,2.013888567948574
-106.241176,200,173.549985,0.0,0.4411225558796572,385.2602820341716,3.218305452156498,1.926301410170858
-122.737196,200,173.693696,0.0,0.5403026349146538,458.4222847951888,3.7457893601343266,2.292111423975944
-80.805862,200,173.833639,0.0,0.7229964323128948,409.5260072553451,3.5064841158605264,2.0476300362767255
-97.393562,200,173.984168,0.0,0.4358523802470555,3099.9027875230877,17.963297647038353,15.499513937615438
-121.943748,200,174.116203,0.0,0.5149230157310647,974.9247333139471,6.796896964075336,4.874623666569735
-98.968973,200,174.248726,0.0,0.6378413237922635,397.1351117287359,3.2836445055888888,1.9856755586436796
-83.200024,200,174.381833,0.0,0.5951222160366891,412.11901743131534,3.5552197405094366,2.060595087156577
-89.005379,200,174.877407,0.0,0.7622763128553901,434.2152396021056,3.770729086869839,2.171076198010528
-112.674831,200,175.033449,0.0,0.712667916024357,669.6698878509125,5.070939509662209,3.3483494392545623
-8.53115,32,175.057469,1.0,0.03625126562225708,121.10177220919007,0.9925305058317135,3.78443038153719
-11.545167,39,175.085455,1.0,0.04846655258440078,170.20463601008663,1.6166383179896555,4.364221436156067
-89.961132,200,175.210517,0.0,0.445957565021183,423.75555743890516,3.6601521382284283,2.1187777871945257
-87.566907,200,175.333043,0.0,0.6866270899106829,1018.4935072022005,7.242133924382742,5.092467536011003
-119.60195,200,175.45756,0.0,0.625149596095632,801.4851197049583,5.6118872450394,4.007425598524791
-143.168941,200,175.580094,0.0,0.48460424429525534,827.4750767837037,5.964519052900886,4.137375383918519
-10.381595,36,175.609228,1.0,0.04645517910778684,170.93127124121116,1.645964841104718,4.748090867811421
-91.388773,200,175.77758,0.0,0.6808137892581505,1028.894722965336,6.490952180690928,5.144473614826681
-97.948041,200,175.937296,0.0,0.36109113271073334,324.46081452723394,3.101114007105402,1.6223040726361697
-109.632807,200,176.07443,0.0,0.4233256071164548,398.6988152303973,3.5817167734206574,1.9934940761519866
-90.187412,200,176.20949,0.0,0.7182852593819726,726.684579404421,5.47773898653472,3.633422897022105
-176.289954,200,176.70559,0.0,0.7424706258978977,2112.3318748396287,13.18004380294898,10.561659374198143
-131.644665,200,176.843318,0.0,0.6531004562507003,336.23504514213676,2.809130275131962,1.6811752257106838
-109.733533,200,176.959838,0.0,0.3897359127237894,329.91412286900896,3.219768171434939,1.6495706143450448
-74.971782,200,177.075119,0.0,0.6619515300943084,305.7217007499485,2.9526146736738377,1.5286085037497426
-154.177773,200,177.199259,0.0,0.6008258131076368,966.957090097889,6.636134136347047,4.834785450489445
-123.713966,200,177.316926,0.0,0.5606116094569769,375.7741209716465,3.1374566661892622,1.8788706048582324
-143.879187,200,177.459456,0.0,0.46539149580234274,604.2115524055164,4.772252318832575,3.021057762027582
-98.056753,200,177.606748,0.0,0.8431962021118788,536.8260132623526,4.397185282767037,2.684130066311763
-89.991376,200,177.749389,0.0,0.6956537316500425,845.9781084695322,5.8956381639311966,4.229890542347661
-114.019754,200,177.898981,0.0,0.43211284199773986,258.18014930180374,2.3546685328921257,1.2909007465090188
-105.405953,200,178.394391,0.0,0.6546180012523359,1418.2675988646788,9.351287941342253,7.091337994323394
-102.438927,200,178.536426,0.0,0.7896116565969451,639.3660094588071,4.878045406375064,3.196830047294035
-118.655136,200,178.660929,0.0,0.5173558565597698,384.6584700566127,3.381196610889173,1.9232923502830637
-117.98594,200,178.777256,0.0,0.5453079114230409,390.5372463526943,3.305538814648123,1.9526862317634714
-160.862519,200,178.901787,0.0,0.7151261476319376,2332.2800565038647,14.23789060052103,11.661400282519324
-122.962084,200,179.033166,0.0,0.45812600290061334,446.84433611933673,3.7518230457956525,2.2342216805966837
-162.740833,200,179.157693,0.0,0.5881635243764589,691.7568488232381,4.930414271342767,3.4587842441161905
-85.318017,200,179.27756,0.0,0.7146553780050395,442.618813256439,3.4151666783018952,2.213094066282195
-106.583055,200,179.404082,0.0,0.6200491513201171,720.136630504217,5.232299896590703,3.600683152521085
-90.304057,200,179.550918,0.0,0.7219022864803233,421.42208293094194,3.7622510762651595,2.1071104146547097
-166.973293,200,180.055515,0.0,0.6242426529198327,1018.1898925540029,6.667398065311813,5.0909494627700145
-109.098217,200,180.205039,0.0,0.3750045749368687,331.7533905186328,3.0001313056054166,1.6587669525931639
-131.997827,200,180.356778,0.0,0.5931980953034709,453.1711145283215,3.475328034024465,2.265855572641607
-111.775921,200,180.492074,0.0,0.7204902704606454,791.2211319028036,5.423117428372519,3.9561056595140176
-110.655015,200,180.626168,0.0,0.4573608833905572,441.6696265539349,3.574868745329436,2.2083481327696743
-147.661378,200,180.756686,0.0,0.7035639586957286,724.1591608796009,4.926827844111553,3.6207958043980044
-102.499692,200,180.879206,0.0,0.6998328628231015,527.95381071375,4.301582696968746,2.63976905356875
-142.905721,200,181.022408,0.0,0.5776799587620464,490.800305630399,3.9032636343919154,2.454001528151995
-168.243716,200,181.16829,0.0,0.6155593589781098,694.802567709508,5.121248737152846,3.47401283854754
-116.929252,200,181.305814,0.0,0.477704909806642,1013.4981935486351,6.607851796944557,5.067490967743176
-137.375983,200,181.422848,0.0,0.5136656210114209,483.61084104880985,4.504615730406082,2.418054205244049
-79.055925,200,181.889947,0.0,0.6006595613406144,351.58822688176195,3.1322210149848373,1.7579411344088098
-114.722969,200,182.014957,0.0,0.33049453798830203,412.63446212739944,3.3997082030842134,2.0631723106369972
-121.246972,200,182.141177,0.0,0.597378473896687,391.09008555121073,3.2185305780451956,1.9554504277560536
-109.683786,200,182.292699,0.0,0.553722335806059,493.0125979481154,4.196205987369465,2.465062989740577
-128.615068,200,182.439754,0.0,0.5453124369271419,286.6091733621153,2.6634926833922408,1.4330458668105766
-125.065975,200,182.585529,0.0,0.5620006393218256,373.2152841468981,3.5686189729503046,1.8660764207344906
-95.298799,200,182.73789,0.0,0.7499437690271313,337.6593403772535,2.9174016185214513,1.6882967018862676
-140.603431,200,182.877614,0.0,0.4673433944653572,554.3627612683698,4.007619081864814,2.771813806341849
-96.949316,200,183.016247,0.0,0.6968326861562537,603.2446704671563,4.662523576480769,3.0162233523357815
-115.939825,200,183.143766,0.0,0.4809172862720633,488.3957793114964,3.7818519839940277,2.4419788965574822
-137.404854,200,183.659765,0.0,0.6806869609592228,456.62754660607214,3.7850460308883824,2.283137733030361
-148.945007,200,183.823607,0.0,0.6442557023109048,610.6542347609629,4.111323870012056,3.0532711738048146
-154.467779,200,183.960105,0.0,0.6275981675164405,1414.9246266584942,9.106162675276599,7.074623133292471
-139.565821,200,184.086495,0.0,0.6443532867720217,348.41270066652686,2.8236380934517955,1.7420635033326344
-100.454582,200,184.209522,0.0,0.5316826986092417,349.3656404491746,3.3702437243845473,1.746828202245873
-114.220763,200,184.336045,0.0,0.6960410281067064,384.20003338359953,3.18853007381258,1.9210001669179977
-106.104013,200,184.477561,0.0,0.808675721184296,348.7202158245358,3.3540537698543766,1.743601079122679
-111.197445,200,184.596771,0.0,0.49097816426650764,374.00609605858835,3.553194871987165,1.8700304802929417
-118.181359,200,184.732119,0.0,0.5409164789339759,508.02946982364233,3.8326652777149035,2.540147349118212
-104.968774,200,184.859148,0.0,0.8586814091139614,441.82911761718856,3.4316478974373155,2.209145588085943
-125.387056,200,185.348145,0.0,0.5891308890251769,1212.9375973627475,7.818590936890121,6.0646879868137376
-115.163817,200,185.493428,0.0,0.38956340280845514,336.17471312890774,2.8543720821007863,1.6808735656445386
-119.318972,200,185.627063,0.0,0.5540513535014715,391.14126584272583,3.6215934446654505,1.9557063292136292
-103.599722,200,185.770574,0.0,0.8040207236570781,563.8225849986839,4.355061953946477,2.8191129249934193
-109.622969,200,185.906097,0.0,0.4335839803942855,726.9248558053436,5.3950511343154375,3.634624279026718
-63.279262,200,186.02299,0.0,0.3369347283963992,2463.4322121023765,14.8115268219364,12.317161060511882
-130.175775,200,186.146518,0.0,0.6610669280855481,453.01609409445103,3.5594266350402655,2.265080470472255
-90.446505,200,186.26802,0.0,0.71690879965574,332.87111552911966,3.1902182900267846,1.6643555776455983
-124.43284,200,186.38057,0.0,0.3824843303478687,363.27771728174645,3.5234207988382313,1.8163885864087321
-85.421864,200,186.499369,0.0,0.36924790224234055,300.3878025414755,2.673078740498563,1.5019390127073775
-66.859802,200,186.975495,0.0,0.5777172056175564,970.8382301435136,6.699149927353796,4.8541911507175675
-143.155268,200,187.130976,0.0,0.5926636135523938,373.26536272950835,3.3826828024895765,1.8663268136475417
-128.570123,200,187.262708,0.0,0.38064406990559285,315.3189728863981,3.030034129712816,1.5765948644319905
-103.181643,200,187.384289,0.0,0.3148865459380245,434.32069433131534,3.5696809714993782,2.1716034716565766
-120.078086,200,187.51671,0.0,0.6854494100802722,472.2524226951881,3.6379920411869766,2.3612621134759406
-112.891662,200,187.641232,0.0,0.6080335904749209,377.19160368802534,3.0668378474131712,1.8859580184401268
-124.88518,200,187.755752,0.0,0.47604990354616694,324.47095580213556,3.0949778448888585,1.6223547790106778
-96.354889,200,187.873276,0.0,0.8386579472061033,344.07212139315396,3.28991603588668,1.7203606069657698
-130.245115,200,187.994801,0.0,0.5663484910754815,421.85975050704536,3.1701945011346635,2.109298752535227
-96.352452,200,188.111284,0.0,0.6849615162805747,383.7953802389668,3.6879746376426867,1.918976901194834
-84.226622,200,188.701664,0.0,0.6147407683916318,353.2158272933717,3.3797193328243678,1.7660791364668587
-176.104336,200,188.849697,0.0,0.6725480341936404,1234.7863533989482,8.16002478939428,6.173931766994741
-161.840548,200,188.97822,0.0,0.6369085705563643,486.88729688586193,3.8495556225433654,2.43443648442931
-147.975061,200,189.092737,0.0,0.6963870876704101,980.8205031195204,6.522883152024723,4.904102515597602
-93.51234,200,189.229784,0.0,0.5609240830474359,267.6707284397686,2.511763835603081,1.338353642198843
-114.788504,200,189.411822,0.0,0.9007612255277945,386.76091255527245,3.266088400860021,1.9338045627763623
-109.244053,200,189.550842,0.0,0.5435256352130485,376.6537537140998,3.4226302738705128,1.8832687685704992
-170.802323,200,189.800561,0.0,0.6947601404605283,639.3051827035332,4.515497765337122,3.1965259135176662
-143.521593,200,189.999615,0.0,0.5161198298382875,374.28749475908216,3.3562928432198986,1.871437473795411
-103.265161,200,190.15465,0.0,0.7663890364699898,342.8172821614892,3.2688813171658095,1.7140864108074458
-102.742991,200,190.277174,0.0,0.8002352742690573,312.21455776067353,2.970264141110125,1.5610727888033678
-127.723831,200,190.755757,0.0,0.603787220727879,267.24272070245206,2.590471671803149,1.3362136035122603
-96.300293,200,190.894269,0.0,0.31023401276881996,731.7644339015777,5.280846283392007,3.6588221695078884
-109.103704,200,191.012329,0.0,0.2949114808122229,483.1007814823116,3.6341538457138176,2.415503907411558
-76.790991,200,191.140337,0.0,0.37027070909033327,386.22285422389524,2.9139813190481423,1.9311142711194762
-149.982471,200,191.268853,0.0,0.6219098544667797,332.13431853429705,3.1344580278495884,1.6606715926714852
-110.71495,200,191.401383,0.0,0.9145823455989978,371.41189958555344,3.5659949397763406,1.8570594979277673
-82.641545,200,191.53741,0.0,0.7378948565933611,457.20112538867767,3.978183512901931,2.286005626943388
-113.587766,200,191.672266,0.0,0.9785759198320613,367.12445395308043,3.5902231996459895,1.835622269765402
-74.269511,200,191.79778,0.0,0.6847415516897831,378.0793835693702,3.1833434498466726,1.890396917846851
-61.683198,200,191.92098,0.0,0.4322422075824969,1992.0447100683502,12.046668682673154,9.960223550341752
-107.986661,200,192.443111,0.0,0.5993092120931267,421.53716830245077,3.7445005203141304,2.1076858415122537
-70.719694,200,192.600644,0.0,0.5710618983730973,320.039021994201,2.7857242896367307,1.600195109971005
-120.602331,200,192.750478,0.0,0.9729667473919243,337.17855505254084,3.254115076393653,1.6858927752627042
-111.601271,200,192.895539,0.0,0.9711256751544417,306.15464754814553,2.914013055906891,1.5307732377407277
-115.90737,200,193.032627,0.0,0.9812174736708696,319.745596454037,3.0276040459941114,1.598727982270185
-128.163872,200,193.166118,0.0,0.8912130635942801,504.8274271995155,4.402519704407723,2.5241371359975777
-126.391075,200,193.297631,0.0,0.7779591556452115,357.48792209163827,2.75515239528912,1.7874396104581913
-107.472134,200,193.424671,0.0,0.7782574688101002,373.0651579695881,3.2368811633547527,1.8653257898479405
-130.486336,200,193.540188,0.0,0.3738571172219569,655.2684485211486,4.584869411434067,3.2763422426057427
-87.64618,200,193.654715,0.0,0.5092215550567314,615.9166683346638,4.6616224519489915,3.079583341673319
-146.823132,200,194.105385,0.0,0.7732215567133807,1002.2801288929948,6.45364213799732,5.011400644464974
-126.003138,200,194.264175,0.0,0.6744746798026459,1001.8348013286335,6.770024893003167,5.009174006643168
-97.656795,200,194.395262,0.0,0.5085943445440179,696.5587948731702,5.017255211560748,3.482793974365851
-111.088229,200,194.522552,0.0,0.6072479089208812,242.9048385309511,2.3131720560785576,1.2145241926547556
-142.777187,200,194.662074,0.0,0.7255613855887572,496.24325215417565,3.9299673969737206,2.481216260770878
-127.312503,200,194.787601,0.0,0.6559746230729095,850.2838852458136,5.650897339801057,4.251419426229068
-82.326718,200,194.903119,0.0,0.28000287352461006,280.51640376366475,2.710800868032302,1.4025820188183238
-67.689918,200,195.025162,0.0,0.48811039915919613,249.49371741815284,2.3257768857187546,1.2474685870907642
-127.446858,200,195.148169,0.0,0.5697000088933166,2157.153465543449,12.914002566177563,10.785767327717245
-118.095723,200,195.283692,0.0,0.7154248720621521,346.66118204844093,3.0807591889363413,1.7333059102422046
-155.231771,200,195.78654,0.0,0.7266228242222177,710.7800733769726,5.134202149658852,3.553900366884863
-155.039568,200,195.939589,0.0,0.7059735648496577,637.2856396033817,4.522490402513935,3.1864281980169085
-13.693753,52,195.979569,1.0,0.0496992147207881,188.8999468410357,1.7659526551403815,3.632691285404533
-117.274788,200,196.133614,0.0,0.9281973055704341,246.39855154503203,2.362880561131659,1.2319927577251601
-83.504931,200,196.28722,0.0,0.44026580100822993,607.9927265292232,4.5112737058567,3.039963632646116
-125.072764,200,196.402741,0.0,0.8562365759716407,381.516588697065,3.344106646781588,1.907582943485325
-105.362599,200,196.532948,0.0,0.712665700373851,242.49536689260287,2.324071088556302,1.2124768344630144
-156.664027,200,196.652684,0.0,0.6020625418659756,253.16885617300164,2.4271216757072174,1.265844280865008
-125.33758,200,196.776483,0.0,0.7964706610515783,338.4918178286564,2.713167480708332,1.692459089143282
-67.513925,200,196.898669,0.0,0.5153239777749526,393.6932394529467,3.340815068601083,1.9684661972647337
-77.292974,200,197.015702,0.0,0.38263063189359825,511.2618693464092,3.7760188833751966,2.556309346732046
-124.631376,200,197.656408,0.0,0.23023501105880906,383.2748266109984,3.212634988933099,1.916374133054992
-97.887315,200,197.824281,0.0,0.7424592900905974,281.97270509978256,2.696110849494054,1.4098635254989127
-192.166666,200,197.942808,0.0,0.6425765601333493,2485.160809759563,15.090112951257039,12.425804048797815
-164.365248,200,198.067873,0.0,0.6684220604134874,548.3822240949886,4.240364692811542,2.741911120474943
-100.208445,200,198.187953,0.0,0.4577601049354366,351.6475733454907,3.3990090389687535,1.7582378667274534
-91.032407,200,198.328287,0.0,0.7914808308541945,303.01718907911396,2.9028700511555394,1.5150859453955698
-73.760152,200,198.473356,0.0,0.5730570094255595,1056.8239375698636,6.672336684533057,5.2841196878493175
-10.831325,36,198.498357,1.0,0.03755543562239462,104.28871874846286,0.9808668458154347,2.8969088541239683
-142.99262,200,198.626236,0.0,0.7787335006030489,1099.5494217962375,6.783933348391894,5.497747108981188
-141.335355,200,198.746497,0.0,0.4348840450986759,366.74507051437695,3.3830376119178767,1.8337253525718848
-123.118705,200,198.876444,0.0,0.8612672835725431,982.1408993189154,6.54885619892121,4.910704496594577
-98.157485,200,199.46196,0.0,0.7027137723905342,329.2632619850591,3.1504432509574745,1.6463163099252955
-130.657859,200,199.624829,0.0,0.7988183861600424,386.3564419471506,3.2419958112327674,1.9317822097357529
-141.470483,200,199.75943,0.0,0.3559991847024594,425.12780331184774,3.0798835830612177,2.125639016559239
-171.148039,200,199.901963,0.0,0.7051416898686143,880.2201067581253,6.1227274092057495,4.401100533790626
-79.293964,200,200.061766,0.0,0.35715366561621315,358.10149604398737,3.271725923462703,1.7905074802199368
-156.093185,200,200.210147,0.0,0.6856535734781289,2433.5913165683023,14.433831463659407,12.167956582841512
-160.302315,200,200.333181,0.0,0.7165470769278892,1413.3740847569766,8.650790139061453,7.0668704237848825
-125.496044,200,200.464704,0.0,0.8893539657457846,477.8001719431837,3.9497687522686644,2.3890008597159187
-113.395584,200,200.612779,0.0,0.34779238606179946,489.8944268031333,3.7376436151307257,2.449472134015666
-92.369889,200,200.776825,0.0,0.5242503419594385,750.5081859137151,5.098371775808581,3.7525409295685757
-95.104353,200,200.942861,0.0,0.7055147605522551,338.793913046876,3.102244397925151,1.69396956523438
-106.629501,200,201.503561,0.0,0.5158202225116482,363.6829790550232,3.5135427178349783,1.818414895275116
-139.848496,200,201.644597,0.0,0.743340389422187,655.6382748679691,4.866656936443297,3.278191374339846
-123.673899,200,201.760113,0.0,0.6772975818226905,1126.246249221194,7.150073624275577,5.63123124610597
-98.59714,200,201.901298,0.0,0.31647083775601415,304.34071337386564,2.5903729853036106,1.5217035668693282
-116.01025,200,202.039344,0.0,0.8193754373498116,374.9405292652431,2.9241972159935146,1.8747026463262153
-13.340746,43,202.067342,1.0,0.04868879800222354,198.4368503026325,1.6961067949646325,4.614810472154244
-146.106259,200,202.194853,0.0,0.5537119211181024,283.5176818135368,2.3965142100431,1.417588409067684
-107.441522,200,202.311373,0.0,0.3126152489061847,297.39449680785685,2.5117193949477583,1.4869724840392842
-132.066899,200,202.442424,0.0,0.711831042656797,394.00032582607747,3.322461974335845,1.9700016291303875
-90.212101,200,202.569939,0.0,0.7336662695900765,266.08438186844313,2.5647201721867923,1.3304219093422156
-10.721761,36,202.590939,1.0,0.049540449475397944,104.79024756118099,0.9883648739557579,2.9108402100328052
-106.341808,200,202.730985,0.0,0.7616962389391607,434.2235681181956,3.4214904474995302,2.171117840590978
-112.683495,200,203.271642,0.0,0.8990891176422565,387.8165545330089,3.3738775483760297,1.9390827726650446
-78.084162,200,203.40917,0.0,0.603701498297372,560.2269241103056,4.156616214242682,2.801134620551528
-114.385013,200,203.56627,0.0,0.9446533328268478,353.0113067367751,3.1088890320996865,1.7650565336838755
-131.312088,200,203.727376,0.0,0.3627174840727856,451.1285847104138,3.737308314577279,2.255642923552069
-122.440171,200,203.896889,0.0,0.8221708415803186,816.4397460131241,5.531417054412346,4.08219873006562
-97.774857,200,204.047934,0.0,0.3923969213037371,699.9562438846611,4.7370756291617395,3.499781219423306
-114.600116,200,204.201997,0.0,0.5956062132163495,302.13308145763347,2.725754810512076,1.5106654072881673
-133.300452,200,204.329029,0.0,0.343550506385754,301.3996197814203,2.455320297087155,1.5069980989071015
-86.59134,200,204.447553,0.0,0.6527312115554003,211.45511165372108,1.9826383285394176,1.0572755582686053
-115.272349,200,204.570079,0.0,0.8502898209202112,363.3161364198787,2.728625667734362,1.8165806820993935
-132.658852,200,205.098581,0.0,0.6750999850762779,430.1500941446776,3.6108119022066147,2.150750470723388
-84.451614,200,205.268934,0.0,0.49513002485820506,790.8763954253455,5.493523911505224,3.9543819771267277
-116.394551,200,205.434575,0.0,0.26990920233959914,307.38237591546203,2.7413618820059655,1.5369118795773102
-107.83333,200,205.612107,0.0,0.3434200302081741,1613.6530398873902,10.146610909187645,8.06826519943695
-91.175525,200,205.767138,0.0,0.30456850145557,284.0357042885541,2.463260318164234,1.4201785214427705
-139.565305,200,205.924419,0.0,0.6140778133646457,500.3255621048478,3.7444170601554028,2.501627810524239
-138.305051,200,206.065319,0.0,0.43322872006843405,774.8330052925761,5.10314750145232,3.8741650264628804
-147.142957,200,206.214761,0.0,0.6299381530840144,585.7772365377658,4.1183364325860925,2.9288861826888293
-115.054352,200,206.350802,0.0,0.528789011611862,278.2100390378556,2.6460577937611496,1.391050195189278
-94.370562,200,206.486116,0.0,0.33104050664170814,391.48044241648677,3.1131094581890433,1.957402212082434
-102.272297,200,207.022782,0.0,0.6057194399540055,324.7453232295243,3.1607234362035688,1.6237266161476214
-86.47701,200,207.203304,0.0,0.4283385282984502,806.4246045493927,5.568462363998277,4.032123022746964
-82.544288,200,207.332714,0.0,0.4554888853746586,268.3544533459598,2.49733117529707,1.341772266729799
-113.900363,200,207.44923,0.0,0.7694719065670687,465.1277244699668,4.0790754258971065,2.325638622349834
-91.333044,200,207.573767,0.0,0.29849142733414585,320.458157836133,2.7153648707560745,1.602290789180665
-82.0029,200,207.706764,0.0,0.44255692748708136,311.07485240980424,2.8304634261479418,1.5553742620490212
-105.340205,200,207.830263,0.0,0.793220648006053,351.59821108197855,3.319417987520272,1.7579910554098928
-65.179629,200,207.971353,0.0,0.37498296652307256,1394.7872163382667,8.79205564644471,6.973936081691334
-103.365433,200,208.094638,0.0,0.7390857098090213,596.1012365485678,4.421185493350865,2.980506182742839
-132.590309,200,208.216055,0.0,0.35824468903644047,1038.0652516668583,6.780711321293157,5.1903262583342915
-103.894195,200,208.744873,0.0,0.8814301528389659,330.9325724624439,2.989091045396404,1.6546628623122195
-73.21626,200,208.892385,0.0,0.4932391396806222,678.2103193195949,4.704193224004546,3.391051596597974
-112.165702,200,209.004913,0.0,0.9179886600243011,282.79984144027407,2.6760292613200267,1.4139992072013703
-187.875707,200,209.117447,0.0,0.7954027449001765,738.5246584604886,4.998724833601356,3.692623292302443
-115.588769,200,209.237484,0.0,0.41260142303319775,894.4043810605539,5.958829954180234,4.472021905302769
-112.776808,200,209.360005,0.0,0.6895583662656837,378.7084210066133,3.297781600317948,1.8935421050330665
-110.080979,200,209.500124,0.0,0.51081891898984,268.63549410254114,2.5642891341218057,1.3431774705127058
-121.609502,200,209.619648,0.0,0.8932447580962417,422.63130138217264,3.356604309287894,2.113156506910863
-174.245265,200,209.729892,0.0,0.7055444473757788,759.0629266055289,4.975862108402069,3.7953146330276444
-139.586772,200,209.84704,0.0,0.8584276546421616,1712.3819840015992,10.397308796767902,8.561909920007997
-96.464265,200,209.971567,0.0,0.26878036454224047,255.65612726521886,2.1494518625674393,1.2782806363260943
-14.272451,48,210.340713,1.0,0.04716517937395172,195.0566528091546,1.9024007111933068,4.0636802668573875
-109.715944,200,210.498228,0.0,0.7053252483884442,393.4609078513866,3.28597488984565,1.967304539256933
-127.218181,200,210.62208,0.0,0.39676357376331367,368.8094725886381,2.842823272577286,1.8440473629431904
-115.051734,200,210.733894,0.0,0.5735365934494107,285.0350923141657,2.521939412788166,1.4251754615708285
-61.828285,200,210.853653,0.0,0.5863105594299582,291.2030313017989,2.3537543591995003,1.4560151565089945
-86.13692,200,210.984171,0.0,0.643513892240191,268.48774704698576,2.569879806930611,1.3424387352349287
-122.751047,200,211.126876,0.0,0.36281833628555293,1065.0630140464662,6.755545028582891,5.325315070232331
-114.599457,200,211.247389,0.0,0.5459745867846382,361.7073564341774,3.3630153841356316,1.808536782170887
-135.759751,200,211.372849,0.0,0.7707512650735717,759.4897642747145,5.601983819278655,3.7974488213735724
-114.540942,200,211.505968,0.0,0.2803130809136438,528.4013651211258,4.027542928888884,2.6420068256056286
-142.048274,200,211.648018,0.0,0.6120485169272336,367.7440310114144,3.347187402345394,1.838720155057072
-117.999336,200,212.173731,0.0,0.8815139690622413,819.3768675186008,5.526450817933928,4.0968843375930035
-141.366348,200,212.301256,0.0,0.5587593435905251,281.6530142019521,2.3990908925983017,1.4082650710097604
-103.254227,200,212.425321,0.0,0.7434258148733955,338.9805659306966,3.1118362350903297,1.6949028296534832
-127.358542,200,212.538828,0.0,0.9440597040484504,1101.53984190964,7.228761738352759,5.5076992095482
-120.060884,200,212.658368,0.0,0.30451609614873915,356.8299230593724,3.132220254580693,1.784149615296862
-119.889075,200,212.782782,0.0,0.3946496332936694,497.5651028012517,3.759767084605482,2.487825514006259
-113.861344,200,212.928405,0.0,0.3959897435504609,661.7629752995464,4.447349703170133,3.308814876497732
-144.319933,200,213.062236,0.0,0.5163948665977769,318.91593668174716,2.6171513506625304,1.5945796834087358
-132.214567,200,213.200763,0.0,0.3949634673505524,411.06119910053593,3.2876049568415544,2.0553059955026796
-90.416925,200,213.353803,0.0,0.34222545326484743,286.5709477957278,2.5652386518038837,1.432854738978639
-124.748644,200,213.835894,0.0,0.36758034944398177,259.90304202130125,2.0562212501805206,1.2995152101065062
-102.666128,200,213.995414,0.0,0.7292659825050005,302.25942992893334,2.878783346441387,1.5112971496446668
-120.530107,200,214.12577,0.0,0.685041604086883,253.52480713234152,2.361097921971238,1.2676240356617077
-98.91313,200,214.255356,0.0,0.3336919922824713,172.65514721208973,1.6042640213616597,0.8632757360604486
-141.510869,200,214.394874,0.0,0.41156392216690624,493.87605153274154,3.3742258178179516,2.469380257663708
-119.556957,200,214.515398,0.0,0.3418267499218958,280.53863703038775,2.0320954655086214,1.4026931851519386
-94.794088,200,214.650399,0.0,0.6544291387097163,997.5055563264227,6.627619964282663,4.987527781632114
-65.090947,200,214.82193,0.0,0.5713855208181425,270.43212236608935,2.3143920957115287,1.3521606118304468
-108.555832,200,214.995342,0.0,0.8807760232635876,710.322868888179,4.98001117919995,3.5516143444408947
-87.850918,200,215.142158,0.0,0.37037444280905935,252.7453095065495,2.057110021092674,1.2637265475327475
-120.923515,200,215.650955,0.0,0.31497687901635246,351.7330363844342,3.057715619980688,1.7586651819221708
-140.464541,200,215.814052,0.0,0.8129718591312989,884.5570617770622,6.265244797833575,4.422785308885311
-116.196138,200,215.931078,0.0,0.8149013096166372,414.47539661235874,3.2263892090233006,2.0723769830617935
-132.377787,200,216.060004,0.0,0.4948600749842923,1184.1182653184708,7.343658614861998,5.920591326592354
-134.050285,200,216.20756,0.0,0.3404904312060888,218.50091568985923,1.8471184576095896,1.0925045784492962
-115.450736,200,216.366602,0.0,0.9308944075266109,1417.8066839413734,9.180013653936607,7.089033419706867
-66.501793,200,216.552737,0.0,0.4148562428007432,205.66102787359384,1.9469381974816242,1.0283051393679692
-113.496697,200,216.677256,0.0,0.7430344584918047,319.3908079536839,2.7018128518013675,1.5969540397684197
-80.674646,200,216.788772,0.0,0.5402056999930261,1000.0812303773328,6.552252735093303,5.000406151886664
-105.044488,200,216.91619,0.0,0.2684015125711228,223.3775574279625,1.9108215065168919,1.1168877871398124
-96.55363,200,217.37377,0.0,0.28588114062819764,151.0973520606408,1.4259590370464987,0.7554867603032039
-133.644847,200,217.534181,0.0,0.7049774055642615,605.1497498526236,4.080365223523455,3.025748749263118
-165.192495,200,217.664789,0.0,0.7802590495754255,923.9290734312513,5.660704645204111,4.619645367156256
-103.56531,200,217.782923,0.0,0.7221330097598885,323.4009241355431,3.121778207812182,1.6170046206777156
-103.107604,200,217.922018,0.0,0.25584396295989326,269.02280913852064,2.433797739131084,1.3451140456926032
-152.9259,200,218.054045,0.0,0.501918712979158,1245.1619154952475,7.682122490746175,6.225809577476237
-122.561938,200,218.177569,0.0,0.6395657214466847,356.1625739928772,3.0218734003696253,1.780812869964386
-109.305355,200,218.290088,0.0,0.3687349733449478,296.8868090725553,2.6132034652635503,1.4844340453627765
-78.218036,200,218.403652,0.0,0.5222188505109432,292.36279765462825,2.459052188327206,1.4618139882731414
-118.820518,200,218.51607,0.0,0.3158613016693681,306.71455927550693,2.40800575911137,1.5335727963775347
-106.852009,200,218.941634,0.0,0.6238529841872761,379.6236968825529,3.4629223693299216,1.8981184844127645
-77.801275,200,219.094905,0.0,0.704698745154968,230.76500097680764,1.8629047050645056,1.1538250048840382
-148.314327,200,219.223433,0.0,0.6401376507748786,351.9080795617428,2.897023732353503,1.759540397808714
-145.121997,200,219.378481,0.0,0.590016793425472,313.0299637909598,2.621680979979832,1.565149818954799
-115.588306,200,219.514874,0.0,0.4475772976571867,266.412342133547,2.5465359264974086,1.3320617106677348
-123.987498,200,219.645077,0.0,0.395879006864328,373.3088766741921,3.005051192764319,1.8665443833709605
-139.102969,200,219.777694,0.0,0.6709273254931323,892.327075411391,5.986622295421782,4.461635377056955
-72.709121,200,219.906369,0.0,0.3714339830738149,181.19054465541018,1.7492918865046843,0.9059527232770509
-109.978882,200,220.032271,0.0,0.8187944141712402,459.8782148061692,3.6085418305791848,2.299391074030846
-77.794376,200,220.150793,0.0,0.6391006701045184,559.8355607634174,3.5655236043795506,2.7991778038170874
-179.646038,200,220.275303,0.0,0.9177956867595434,1401.49161584728,8.84400421139169,7.007458079236399
-111.081381,200,220.769606,0.0,0.7533126459618045,470.2778540853935,3.7466397550136614,2.3513892704269677
-115.226678,200,220.913148,0.0,0.2882250580209501,248.64441759919828,2.3918220885954935,1.2432220879959914
-159.644445,200,221.058203,0.0,0.7642735440547709,583.7097853495051,4.32969032672775,2.9185489267475253
-81.352022,200,221.199718,0.0,0.4789765391424514,215.83191712946876,1.602600778010508,1.0791595856473437
-104.915569,200,221.31425,0.0,0.36673354740637487,527.7442180986517,3.4902136711971425,2.6387210904932585
-126.539604,200,221.433287,0.0,0.5771958074856884,392.84392640118944,3.241711330508885,1.964219632005947
-125.150128,200,221.551629,0.0,0.2934084619071675,306.29706200535725,2.6204631254871664,1.5314853100267862
-67.314446,200,221.668993,0.0,0.6126364808229071,192.61462508313227,1.7989209968043003,0.9630731254156614
-149.081246,200,221.783505,0.0,0.6144052865139767,393.14254683616645,3.329403377117326,1.9657127341808323
-121.575626,200,221.896026,0.0,0.6057718960715306,355.66388074760346,3.202602421007262,1.7783194037380172
-133.151564,200,222.405553,0.0,0.9067923901333726,1468.1154644613737,9.227600545065638,7.340577322306868
-146.48923,200,222.57061,0.0,0.5664064606275369,361.4826470815359,3.038641402893334,1.8074132354076795
-118.342248,200,222.724222,0.0,0.33784509844380695,228.1944084464091,2.0060899425042558,1.1409720422320455
-147.012852,200,222.845245,0.0,0.7028378432536451,895.6727509265704,5.639307504769163,4.478363754632852
-176.429601,200,222.960789,0.0,0.7592220422111595,976.4059976133389,5.981177875113408,4.882029988066694
-69.029368,200,223.077325,0.0,0.5407208221638726,255.36990894080466,2.378027237533886,1.2768495447040233
-80.621364,200,223.18481,0.0,0.5884376811225788,682.1941940218427,4.286941311785505,3.4109709701092132
-161.371866,200,223.297386,0.0,0.6667590439736885,617.7378751556281,4.2981760073134305,3.0886893757781406
-95.914867,200,223.419891,0.0,0.6851930743425416,273.67418659714616,2.6147270753742444,1.3683709329857308
-114.83225,200,223.530947,0.0,0.44691716635490253,336.50649654651806,2.342093675830178,1.6825324827325903
-139.943331,200,223.988175,0.0,0.5326640021849969,282.2646306154096,2.5944170926255774,1.411323153077048
-74.42246,200,224.145204,0.0,0.48833941121468355,248.13057302116405,2.398195478512529,1.2406528651058202
-75.956876,200,224.270793,0.0,0.5634035514421417,167.08351647103402,1.2375832819496626,0.83541758235517
-85.543835,200,224.39904,0.0,0.4335618017941443,220.15965295616274,1.9527986495168645,1.1007982647808137
-117.426107,200,224.525811,0.0,0.5581146869703146,375.5615956103682,3.1453041892875984,1.877807978051841
-104.411486,200,224.648432,0.0,0.8227825333694206,311.83452649484656,2.977209855658116,1.5591726324742328
-88.23901,200,224.766886,0.0,0.3991094378763578,418.28385593366204,2.7684067478342502,2.09141927966831
-99.394784,200,224.887397,0.0,0.4260772317574099,322.2178869811518,2.3684071159327638,1.6110894349057592
-149.165558,200,225.000925,0.0,0.38141939964933863,2163.6567956123063,12.759353186952207,10.818283978061531
-83.013904,200,225.112965,0.0,0.6082600841818132,172.98981379769293,1.487477942147495,0.8649490689884647
-69.789082,200,225.536108,0.0,0.5704857798635912,231.22599220858461,2.1287139722845465,1.156129961042923
-109.836429,200,225.679626,0.0,0.43436551887524205,365.2468958860704,2.5003861208237352,1.8262344794303518
-98.684368,200,225.816959,0.0,0.9488391163228428,1742.202452994654,10.905031879837699,8.71101226497327
-103.331252,200,225.926472,0.0,0.708798083848444,437.13241364057967,3.5909218757933266,2.185662068202898
-141.067144,200,226.03751,0.0,0.5233015045581983,246.48506734681152,2.185275020862015,1.2324253367340576
-109.469312,200,226.151973,0.0,0.6105913361195775,368.4563597721867,3.108264881521139,1.8422817988609337
-111.237757,200,226.261523,0.0,0.6498706227880885,248.18884079746033,2.2881104466271176,1.2409442039873015
-95.377491,200,226.376074,0.0,0.556948287128898,602.0396045260798,4.039036752489234,3.010198022630399
-102.075246,200,226.487735,0.0,0.4584656585111423,190.93596437931785,1.6009733134684685,0.9546798218965893
-143.067906,200,226.608282,0.0,0.6516185980411348,393.5217377759398,3.3632671414670745,1.967608688879699
-107.247803,200,226.735914,0.0,0.8229172406362588,330.5235464939959,2.991509974376725,1.6526177324699796
-170.367435,200,227.265843,0.0,0.8659164206685447,1245.5581739431373,7.484271157351993,6.227790869715687
-89.416617,200,227.415776,0.0,0.5032220881323723,264.2033526380529,2.5058756776136506,1.3210167631902643
-149.278133,200,227.53282,0.0,0.6553676499531339,481.9009325947405,3.5117473916799082,2.4095046629737022
-100.29378,200,227.658339,0.0,0.5683860683641937,298.4535374347347,2.5317889718238717,1.4922676871736735
-89.844364,200,227.785962,0.0,0.3701905351565966,252.8887237336417,2.4579366352722136,1.2644436186682086
-115.691253,200,227.912224,0.0,1.003765769662379,360.0993654899079,3.298680434689501,1.8004968274495394
-99.502684,200,228.029235,0.0,0.5339837243774178,291.245581738553,2.1094032426519513,1.4562279086927652
-116.2864,200,228.145754,0.0,0.30985069940981985,250.1310566561965,2.3580451051381135,1.2506552832809825
-75.391348,200,228.253314,0.0,0.6483738484374278,248.49737981921888,2.3628927451271107,1.2424868990960944
-125.541337,200,228.36403,0.0,0.6566126712433654,349.8061847096585,3.218398506323844,1.7490309235482926
-113.665632,200,228.882781,0.0,0.9614620749198599,329.1666709600211,2.908201674114647,1.6458333548001056
-118.457595,200,229.030633,0.0,0.9700061026342597,840.6859864102449,5.651626044116424,4.2034299320512245
-106.989111,200,229.168133,0.0,0.6715492525962785,320.6322422670875,3.0425966741477857,1.6031612113354377
-138.129798,200,229.314301,0.0,0.39333003175071174,258.5063074008709,2.476767030915992,1.2925315370043546
-151.824081,200,229.452847,0.0,0.7952715846625085,1088.3918609424738,6.756041215312686,5.441959304712369
-108.846191,200,229.585368,0.0,0.938853648250389,320.3193158500041,3.0423102872628314,1.6015965792500204
-126.143681,200,229.712534,0.0,0.32593249644613864,298.80637008565117,2.868468623974718,1.494031850428256
-106.006517,200,229.838829,0.0,0.7687928269780555,443.8771628028829,3.748897518697812,2.2193858140144145
-115.853132,200,229.977734,0.0,0.37404023293441985,220.39733297291178,2.101812444999663,1.1019866648645589
-143.800566,200,230.128953,0.0,0.6281129558979212,443.95834610275125,3.4817888070825704,2.2197917305137564
-101.864597,200,230.637478,0.0,0.8557437141118326,257.19628801037373,2.442968511774312,1.2859814400518688
-99.771888,200,230.782998,0.0,0.8218584825818855,201.64915284089355,1.6738011682066587,1.0082457642044678
-85.991166,200,230.929524,0.0,0.5174314069220286,295.3912337898909,2.78049450168511,1.4769561689494546
-132.028924,200,231.095555,0.0,0.6681548595304218,857.5148850658727,5.11717743260578,4.287574425329364
-124.109465,200,231.237037,0.0,0.5456591241250376,992.7474907925146,5.979075480485503,4.9637374539625725
-85.896256,200,231.36559,0.0,0.7660512583799597,214.83648246667366,1.997877862532139,1.0741824123333683
-110.731395,200,231.503787,0.0,0.6188954788110131,318.92983083828193,2.937623359835572,1.5946491541914096
-139.48339,200,231.669626,0.0,0.4459855643992133,827.455524823415,5.359939319810476,4.137277624117075
-113.862213,200,231.795158,0.0,0.7561894473799947,345.1467530415696,3.1804560403633975,1.725733765207848
-102.394851,200,231.952161,0.0,0.43528169621100465,181.39175753277706,1.6953895874338367,0.9069587876638853
-110.48953,200,232.423251,0.0,0.7370880510032565,402.6086974924611,3.4515588634382737,2.0130434874623053
-87.43734,200,232.56828,0.0,0.5855533289077539,356.5948640959454,3.4639669761033205,1.782974320479727
-171.995492,200,232.688785,0.0,0.7543505297291734,755.1628304618424,4.729671853756738,3.775814152309212
-74.501189,200,232.813464,0.0,0.666608006142841,278.3968810645452,2.6656041345341692,1.391984405322726
-91.335483,200,232.97149,0.0,0.6602582492779365,1072.5968427114299,6.638240327056473,5.36298421355715
-77.811638,200,233.11501,0.0,0.5628118006697217,177.92325180310434,1.6473932438754872,0.8896162590155217
-132.804344,200,233.240029,0.0,0.3850519793874306,283.7633522351029,2.690563172572766,1.4188167611755145
-102.357961,200,233.357543,0.0,0.45225319291041244,216.848879250044,2.038766677046073,1.08424439625022
-111.829977,200,233.487069,0.0,0.9614310785935625,445.5944604585225,3.910683731177398,2.2279723022926126
-9.617056,33,233.507068,1.0,0.036387605995581766,133.68224140445056,0.905441842008201,4.0509770122560775
-79.861172,200,233.640819,0.0,0.6703031255964985,300.53352286236014,2.909562741377731,1.5026676143118007
-83.340472,200,234.080851,0.0,0.6072929020806697,226.03911869574557,1.9847999173610347,1.1301955934787278
-75.043228,200,234.232393,0.0,0.6935723115514644,235.40497639204415,2.2970573033413557,1.1770248819602207
-139.872497,200,234.368088,0.0,0.5476832588090761,294.5703456677701,2.66478937044152,1.4728517283388505
-103.028252,200,234.511594,0.0,0.4642274200421835,153.52569648072316,1.2644624920954475,0.7676284824036158
-108.638779,200,234.638968,0.0,0.8924065425732487,352.6738999399731,3.1208670130060425,1.7633694996998657
-110.09317,200,234.796499,0.0,0.46415834035204895,230.96241282938342,1.8724578335263187,1.154812064146917
-124.236167,200,234.932022,0.0,0.6742025589185939,483.25743958113526,3.672585962797181,2.4162871979056764
-125.982412,200,235.070085,0.0,0.33882803136241924,166.94245828448481,1.6070604924628444,0.8347122914224241
-94.40509,200,235.226671,0.0,0.4374380585439609,252.06872151652274,2.3599426275425066,1.2603436075826138
-84.608475,200,235.344697,0.0,0.4897028511030324,262.6140076389715,2.543803128700626,1.3130700381948575
-126.403859,200,235.460243,0.0,0.36905318202098025,236.74540929556642,2.0850777625957546,1.183727046477832
-144.54995,200,235.918419,0.0,0.4945557814945225,331.9093925598128,3.0501365955331656,1.6595469627990638
-71.963283,200,236.092958,0.0,0.530434935874344,289.30710466570054,2.78285207832887,1.4465355233285027
-109.111617,200,236.250608,0.0,0.4009320201946846,220.94631974801922,2.0663545322215424,1.104731598740096
-127.08763,200,236.414133,0.0,0.6684949875789963,376.3203435825822,2.9611535233755557,1.881601717912911
-135.113595,200,236.565192,0.0,0.4900421571900528,700.795755823765,4.259179640554456,3.503978779118825
-109.604286,200,236.672714,0.0,0.7066827820210181,411.98528619854613,3.019192485219527,2.0599264309927308
-112.031676,200,236.788252,0.0,0.5030883584392873,500.3216390633988,3.466476459829127,2.5016081953169937
-152.114467,200,236.898769,0.0,0.6537963703014369,601.7681362479369,3.9831441213034258,3.0088406812396844
-139.722121,200,237.046811,0.0,0.7415686181042239,946.0045919124233,5.7579285074295825,4.730022959562117
-118.080844,200,237.203335,0.0,0.9976471119564375,397.3097066267975,3.4754725472183794,1.9865485331339874
-109.546281,200,237.688773,0.0,0.9447807468392677,298.49298749117526,2.840903581751304,1.4924649374558763
-87.134278,200,237.840809,0.0,0.48538275927640334,303.761476877969,2.9032159521473333,1.518807384389845
-110.475206,200,237.992599,0.0,0.3364900128712424,209.19713654606014,1.818622108682164,1.0459856827303007
-102.532292,200,238.16734,0.0,0.5860100356569463,325.71774226352915,3.144302693090468,1.6285887113176458
-88.560602,200,238.298359,0.0,0.5940562433748956,291.5059234024062,2.837898308735603,1.457529617012031
-119.493901,200,238.421228,0.0,0.5706604765187219,479.66568646344416,3.1377245694368865,2.398328432317221
-113.650746,200,238.539255,0.0,0.7830965747515156,1183.0195183332585,7.376110652829715,5.915097591666292
-133.149971,200,238.657781,0.0,0.4780111343264934,300.8279535485432,2.3633553558482054,1.504139767742716
-126.783771,200,238.776018,0.0,0.6410682767252306,358.74514003320706,2.8929853191723223,1.7937257001660354
-103.052087,200,238.891322,0.0,0.858276555335815,394.86759182887175,2.957726046531646,1.9743379591443588
-81.154204,200,239.375057,0.0,0.5980577122547187,176.25387340791445,1.6566505799309466,0.8812693670395723
-100.24139,200,239.538103,0.0,0.3840315585522211,293.44591385357404,2.795850987194966,1.4672295692678703
-88.428509,200,239.677154,0.0,0.6358101283634524,339.53740539995556,3.2665402556500776,1.6976870269997777
-82.641309,200,239.80068,0.0,0.6517777716601202,196.21692495838218,1.8708616681121555,0.9810846247919109
-95.336122,200,239.93772,0.0,0.6175517993275403,342.4074065350932,2.9351448963101867,1.712037032675466
-132.070397,200,240.057931,0.0,0.49314996954645307,246.06627313848796,1.7929294345767939,1.2303313656924397
-104.575959,200,240.175446,0.0,0.8791281554446752,345.6521437060497,2.9349583274054423,1.7282607185302483
-160.444147,200,240.303965,0.0,0.5599095634645405,375.79042560604233,2.496912882009332,1.8789521280302117
-120.369087,200,240.424016,0.0,0.6179464162120879,405.5995728053376,3.181642314286368,2.027997864026688
-86.455678,200,240.584274,0.0,0.7265663010922845,407.9140426286917,3.5745088531157325,2.0395702131434583
-102.627051,200,241.091185,0.0,0.4649446010295231,259.9191715596711,2.1447947292573546,1.2995958577983555
-106.705676,200,241.234193,0.0,0.4981282592562731,205.96140964947904,1.9829371964397324,1.029807048247395
-84.010102,200,241.35623,0.0,0.7110785559823644,252.86642311193705,1.9795342111860363,1.2643321155596852
-171.22295,200,241.478361,0.0,0.5853965247513008,1457.6791088063633,8.578712304022439,7.288395544031816
-123.051779,200,241.605699,0.0,0.5309051017351416,200.86935588743725,1.9019674584504918,1.0043467794371863
-89.641974,200,241.765742,0.0,0.567154704458676,298.4110388869639,2.0083425429346855,1.4920551944348197
-104.93292,200,241.886265,0.0,0.7941389467308211,1933.4154328652876,11.592652611369628,9.667077164326438
-86.602274,200,242.004789,0.0,0.6565354603852556,221.350959197643,2.093643539644881,1.106754795988215
-141.983268,200,242.128324,0.0,0.5584130398866806,287.7190725553919,2.0926908262430084,1.4385953627769594
-105.896101,200,242.253651,0.0,0.4193002324357895,229.42510049697339,2.0123813335980945,1.147125502484867
-98.299269,200,242.392175,0.0,0.6794002563828909,411.9074406934518,3.4242423539510725,2.059537203467259
-95.289474,200,242.91684,0.0,0.6159580522949519,413.62895175696127,3.69925862891127,2.0681447587848063
-82.819208,200,243.057268,0.0,0.6618756506727305,261.77339339391824,2.5328847250856574,1.3088669669695912
-109.701306,200,243.181721,0.0,0.6323434356515172,469.1116343748069,3.6909497216088925,2.3455581718740346
-79.826602,200,243.31425,0.0,0.735513750561202,204.86221008639,1.9755563207539677,1.0243110504319501
-99.096849,200,243.434776,0.0,0.7158878768888156,326.4775434912293,2.420785789967071,1.6323877174561465
-78.550742,200,243.550813,0.0,0.6833616348507883,212.78400701439324,2.018396035264731,1.0639200350719662
-157.186402,200,243.670336,0.0,0.7718145988188906,920.7401690528819,5.783428812829151,4.6037008452644095
-106.159222,200,243.838217,0.0,0.5532232885784113,115.85051822215398,0.9432650013828503,0.5792525911107699
-131.140269,200,243.983733,0.0,0.44732177763069486,365.7618318171457,2.979287744774644,1.8288091590857285
-100.16245,200,244.109251,0.0,0.7113668264859581,192.2079154182427,1.73785766659936,0.9610395770912135
-96.343468,200,244.596025,0.0,0.40181713204672115,255.2016393707703,2.424719257610392,1.2760081968538515
-104.862778,200,244.745068,0.0,0.44791974951707686,193.2217623050838,1.6607700936388319,0.9661088115254189
-97.351316,200,244.865589,0.0,0.7435224774135979,350.77718378824954,2.389321840746752,1.7538859189412477
-121.10512,200,244.988106,0.0,0.45377483282076386,328.94295527334185,3.1615932589199534,1.6447147763667092
-102.791333,200,245.121926,0.0,0.794839599154926,415.73895298409786,3.461805368337056,2.078694764920489
-139.727583,200,245.242471,0.0,0.501452794079957,731.1382147560861,4.5413416627008205,3.6556910737804302
-75.281709,200,245.367693,0.0,0.5397755128319225,150.24269932770707,1.3965471494561792,0.7512134966385353
-93.792307,200,245.487216,0.0,0.4673019972826058,253.52992809434204,2.4306928299398214,1.2676496404717101
-93.974223,200,245.620785,0.0,0.6454755242709089,399.4370774024096,3.0928467961443404,1.9971853870120482
-117.442125,200,245.75181,0.0,0.5415863063929179,363.427222847967,2.9359480396113034,1.817136114239835
-95.388915,200,246.193898,0.0,0.7638154900285928,418.9105540526593,3.164133782420136,2.0945527702632964
-119.569154,200,246.337918,0.0,0.7864379087444225,1103.9705959925939,7.087187498290345,5.51985297996297
-89.199329,200,246.44748,0.0,0.777726715693402,285.53168280556145,2.6101378039826,1.4276584140278072
-11.53377,35,246.4675,1.0,0.04669848188183153,227.09606855103615,1.4294255148373631,6.488459101458176
-99.602065,200,246.576742,0.0,0.8470505881345977,458.5755993139107,3.5284575526462434,2.2928779965695534
-150.824789,200,246.692262,0.0,0.606853864242718,609.9174964584757,4.247706447500676,3.0495874822923787
-93.153495,200,246.823801,0.0,0.5117493674133532,299.65400585292304,2.50248093552111,1.4982700292646152
-160.73263,200,246.967852,0.0,0.6205295424234623,573.7466523595224,3.621849310296983,2.868733261797612
-109.789258,200,247.097373,0.0,0.7721743480315871,783.1028531907979,5.250812787682317,3.9155142659539894
-92.067826,200,247.242945,0.0,0.4557856885263042,264.3374722422804,2.293299356804183,1.321687361211402
-114.248929,200,247.366541,0.0,0.48906447096391065,237.08985255967715,1.818220417522752,1.1854492627983857
-125.543058,200,247.816062,0.0,0.4294864905682613,226.23797700356678,1.8104089819549238,1.131189885017834
-119.879682,200,247.973098,0.0,0.6004741030395936,691.3460325470452,4.190409871797428,3.456730162735226
-9.604661,37,247.996099,1.0,0.04786316571748841,149.7657338233963,1.4375683715725789,4.047722535767467
-76.316384,200,248.118628,0.0,0.4299007773601523,223.45927251238524,1.9691342855385225,1.117296362561926
-94.68416,200,248.234218,0.0,0.8138468125383114,1428.4805766842471,8.741836193400186,7.142402883421235
-87.484499,200,248.372252,0.0,0.38448534243491156,244.05784180356605,2.3001716600413316,1.2202892090178303
-94.139885,200,248.520386,0.0,0.6383866146528905,99.70071446166772,0.9372224687602868,0.4985035723083386
-123.278156,200,248.667439,0.0,0.3478453945780137,205.12998772131763,1.9662132166186779,1.0256499386065883
-88.075022,200,248.819374,0.0,0.5750284545683318,203.33659059718906,1.9040913890298445,1.0166829529859454
-91.399855,200,248.944186,0.0,0.4462820640844585,190.00193240556754,1.8308362792116997,0.9500096620278378
-87.441034,200,249.07072,0.0,0.5268516667598047,201.25291805545845,1.8821074634130137,1.0062645902772922
-138.608794,200,249.539303,0.0,0.3483346923257989,199.8019597717899,1.6475631470081074,0.9990097988589496
-85.699029,200,249.708693,0.0,0.762427959339071,236.93752681906133,2.2449417473172066,1.1846876340953068
-106.92339,200,249.847749,0.0,0.6449070976401327,884.0063589389865,5.867054644888675,4.420031794694933
-127.005007,200,250.006927,0.0,0.5187931100073049,326.90948376899433,2.6633912048535167,1.6345474188449716
-122.862759,200,250.150974,0.0,0.4151995842702176,319.37613751762115,2.7120055980475537,1.5968806875881056
-130.211452,200,250.288507,0.0,0.5237619596318832,359.68787353283653,2.8680389397191126,1.7984393676641828
-111.905804,200,250.426445,0.0,0.5514430019561676,236.24029245268008,1.6436490355734477,1.1812014622634004
-76.142794,200,250.546485,0.0,0.7060733107815849,203.0315831023938,1.915011352578084,1.015157915511969
-88.434993,200,250.686016,0.0,0.5610412935225366,202.88202765112916,1.6295095815768021,1.0144101382556459
-83.592986,200,250.814261,0.0,0.6678277368617586,303.6822465685278,2.94522304361764,1.518411232842639
-95.656072,200,250.951235,0.0,0.7890101777241063,546.5867377426435,4.022437454746099,2.7329336887132176
